record_id,first_name,last_name,email,title,company,job_level,job_persona,phone,account_id,industry,employee_count,zi_industry,zi_employee_count,created_date,lead_source,lead_status,is_current_mql,mql_date,email_opt_out,email_bounced,no_longer_with_company,is_converted,converted_contact_id,free_email_known,actual_free_email,mkto_lead_score,mql_cycle_count,is_disqualified,dq_reason,dq_date,entity_type,lineage_type,lead_origin_id,mkto_contact_score_c,has_lead_origin,scoring_person_id,account_name,domain,named_account,is_icp_qualified,account_do_not_contact,account_intent_score,country,annual_revenue,flag_duplicate_email,flag_shared_email,flag_broken_conversion_link,flag_orphan_contact,flag_opted_out,flag_email_bounced,flag_no_longer_with_company,flag_non_prospect,flag_do_not_contact,flag_free_email_leakage,flag_missing_account,flag_missing_title,flag_missing_phone,flag_missing_industry,hard_blocker,hard_blocker_reasons,dq_flag_count,dq_flags,engagement_count,automation_events,last_engagement_date,first_engagement_date,days_since_last_engagement,sent_events,automation_share,automation_inflated_flag,meaningful_count,meaningful_30d,meaningful_90d,eng_event,eng_webinar,eng_content_syndication,eng_telemarketing,eng_email,eng_advertisement,raw_engagement_signal,icp_flag,named_account_flag,employee_fit,segment,segment_multiplier,account_fit_raw,account_fit_signal,job_level_score,job_persona_score,profile_fit_signal,engagement_score,account_fit_score,profile_fit_score,final_score,engagement_weight,account_fit_weight,profile_fit_weight,confidence,score_explanation,tier,tier_sort,bdr_action,is_suppressed,action_tag
L00014,Robert,Sanchez,sales@enterprisetech.com,VP of Something,Vertex Networks Group,VP,Technical Buyer,+1-555-8388,ACC0064,Energy,100.0,,,2024-01-01,Advertisement,MQL,True,,False,False,False,False,,False,False,36.0,0.0,False,,,Lead,Orphan Lead,,,,L00014,Vertex Networks,vertexnetworks.com,True,True,False,57.0,United States,12.6,True,True,False,False,False,False,False,False,False,False,False,False,False,False,False,,2,"duplicate_email, shared_email",60.0,38.0,2026-05-27 00:00:00,2023-04-25 00:00:00,1.0,41.0,0.6333333333333333,False,19.0,5.0,8.0,1804.537554123175,2442.8999210856146,1381.912879967776,0.0,0.0150286183269643,1.877428665600532e-06,5629.365385672322,True,True,0.65,L1,0.9,90.45,81.405,0.85,0.85,0.85,100.0,81.4,85.0,95.7,0.75,0.15,0.1,Medium,5 meaningful engagements in last 30d; ICP industry (Energy); named account; segment L1,Call Now,0,Priority outreach — call or email within 24h,False,Call / Email
C00260,Brian,Lopez,sales@enterprisetech.com,C-Level of Something,,C-Level,,+1-555-5573,ACC0062,Financial Services,5000.0,,,2022-10-11,,,False,,False,False,False,False,,False,False,,,,,,Contact,Converted Contact,L00066,65.8,True,C00260,Warden Dynamics,wardendynamics.com,True,True,False,73.1,United States,1209.5,True,True,False,False,False,False,False,False,False,False,False,False,False,False,False,,2,"duplicate_email, shared_email",110.0,76.0,2026-05-27 00:00:00,2023-04-25 00:00:00,1.0,82.0,0.6909090909090909,False,28.0,6.0,6.0,16.194291562122388,2442.8999210856146,1381.912879967776,0.0,0.0300572366539286,3.754857331201064e-06,3841.0371536070247,True,True,1.0,C1,1.0,97.31,97.31,1.0,0.0,0.5,100.0,97.3,50.0,91.8,0.6,0.25,0.15,Medium,6 meaningful engagements in last 30d; ICP industry (Financial Services); named account; segment C1,Call Now,0,Priority outreach — call or email within 24h,False,Call / Email
L00085,David,Wilson,dwilson@junctiongroup.com,Individual Contributor of Something,Junction Group LLC,Individual Contributor,CISO,,ACC0034,Financial Services,500.0,,,2022-07-27,Advertisement,MQL,True,2023-11-23,False,False,False,True,C00257,False,False,87.0,3.0,False,,,Lead,Converted Lead - linked,,,,C00257,Junction Group,junctiongroup.com,False,True,False,67.8,United States,114.5,True,False,False,False,False,False,False,False,False,False,False,False,True,False,False,,2,"duplicate_email, missing_phone",3.0,0.0,2026-05-14 00:00:00,2023-12-22 00:00:00,14.0,0.0,0.0,False,3.0,1.0,1.0,2170.903856160567,0.0,0.0,0.0,0.0,0.0,2170.903856160567,True,False,1.0,L1,0.9,71.78,64.602,0.3,1.0,0.65,100.0,64.6,65.0,91.2,0.75,0.15,0.1,Medium,last engaged 14d ago; ICP industry (Financial Services); segment L1,Call Now,0,Do not action — record converted to contact C00257 (work the contact record instead),True,Converted
L00371,Betty,Johnson,leads@databroker.io,,Obsidian Group & Co,VP,Financial Buyer,+1-555-6185,ACC0184,Software,75.0,,,2022-01-14,Content Syndication,Disqualified,False,,False,False,False,True,C00241,False,False,53.0,0.0,True,No Longer With Company,2022-12-30,Lead,Converted Lead - linked,,,,C00241,Obsidian Group,obsidiangroup.com,False,True,False,46.9,United States,4.4,True,True,False,False,False,False,False,False,False,False,False,True,False,False,False,,3,"duplicate_email, shared_email, missing_title",5.0,0.0,2026-05-06 00:00:00,2023-04-29 00:00:00,22.0,0.0,0.0,False,5.0,1.0,1.0,1804.537554123175,29.83880012220052,2.057951587446e-09,0.0,0.0,0.0,1834.3763542474333,True,False,0.25,L1,0.9,58.44,52.596,0.85,0.7,0.7749999999999999,100.0,52.6,77.5,90.6,0.75,0.15,0.1,Medium,last engaged 22d ago; ICP industry (Software); segment L1,Call Now,0,Do not action — record converted to contact C00241 (work the contact record instead),True,Converted
L00056,Mary,Young,myoung@bastionsolutions.com,Individual Contributor of Something,,Individual Contributor,Technical Buyer,,ACC0108,Healthcare,1500.0,,,2024-01-01,Cold Call,Disqualified,False,,False,False,False,True,C00110,False,False,76.0,0.0,False,,,Lead,Converted Lead - linked,,,,C00110,Bastion Solutions,bastionsolutions.com,False,True,False,11.1,United States,369.1,True,False,False,False,False,False,False,False,False,False,False,False,True,False,False,,2,"duplicate_email, missing_phone",3.0,0.0,2026-05-27 00:00:00,2023-12-02 00:00:00,1.0,1.0,0.0,False,2.0,2.0,2.0,977.1599684342456,307.7861033362291,0.0,0.0,0.0,0.0,1284.9460717704746,True,False,1.0,L1,0.9,66.11,59.499,0.3,0.85,0.575,100.0,59.5,57.5,89.7,0.75,0.15,0.1,Medium,2 meaningful engagements in last 30d; ICP industry (Healthcare); segment L1,Call Now,0,Do not action — record converted to contact C00110 (work the contact record instead),True,Converted
L00504,Kevin,Perez,leads@databroker.io,Individual Contributor of Something,Tectonic Labs,Individual Contributor,Technical Buyer,+1-555-3937,ACC0065,Software,2000.0,,,2024-01-01,Event,MQL,True,2023-07-16,False,False,False,True,C00255,False,False,64.0,4.0,False,,,Lead,Converted Lead - linked,,,,C00255,Tectonic Labs,tectoniclabs.com,False,True,False,10.5,United Kingdom,492.5,True,True,False,False,False,False,False,False,False,False,False,False,False,False,False,,2,"duplicate_email, shared_email",6.0,0.0,2026-05-25 00:00:00,2024-05-04 00:00:00,3.0,2.0,0.0,False,4.0,2.0,2.0,933.0329915368072,33.49292070425917,235.10958125672173,0.0,0.0,0.0,1201.6354934977885,True,False,1.0,L1,0.9,66.05,59.445,0.3,0.85,0.575,99.63367710104528,59.4,57.5,89.4,0.75,0.15,0.1,Medium,2 meaningful engagements in last 30d; ICP industry (Software); segment L1,Call Now,0,Do not action — record converted to contact C00255 (work the contact record instead),True,Converted
L00324,Jason,Campbell,hello@sdrlists.com,,Radiant Dynamics & Co,Individual Contributor,,+1-555-1781,ACC0015,Software,5000.0,,,2023-10-14,Partner Referral,MQL,True,2023-03-10,False,False,False,True,C00174,False,False,1.0,2.0,False,,,Lead,Converted Lead - linked,,,,C00174,Radiant Dynamics,radiantdynamics.com,True,True,False,12.7,United States,1293.3,True,False,False,False,False,False,False,False,False,False,False,True,False,False,False,,2,"duplicate_email, missing_title",32.0,20.0,2026-05-28 00:00:00,2023-03-16 00:00:00,0.0,22.0,0.625,False,10.0,2.0,4.0,3000.0,15.864304616332728,0.0,0.0,0.0,0.0,3015.864304616333,True,True,1.0,L1,0.9,91.27,82.143,0.3,0.0,0.15,100.0,82.1,15.0,88.8,0.75,0.15,0.1,Medium,2 meaningful engagements in last 30d; ICP industry (Software); named account; segment L1,Call Now,0,Do not action — record converted to contact C00174 (work the contact record instead),True,Converted
L00567,Michael,Johnson,hello@sdrlists.com,Individual Contributor of Something,Umbra Systems Ltd,Individual Contributor,,+1-555-6353,ACC0069,Financial Services,25000.0,,,2024-01-01,Partner Referral,Working,False,,False,False,False,False,,False,False,25.0,0.0,False,,,Lead,Orphan Lead,,,,L00567,Umbra Systems,umbrasystems.com,True,True,False,10.0,United States,15899.0,True,False,False,False,False,False,False,False,False,False,False,False,False,False,False,,1,duplicate_email,16.0,10.0,2026-05-28 00:00:00,2023-03-16 00:00:00,0.0,11.0,0.625,False,5.0,1.0,2.0,2000.0,9.518582769799636,0.0,0.0,0.0,0.0,2009.5185827698,True,True,0.65,L1,0.9,85.75,77.175,0.3,0.0,0.15,100.0,77.2,15.0,88.1,0.75,0.15,0.1,High,no engagement history; ICP industry (Financial Services); named account; segment L1,Call Now,0,Priority outreach — call or email within 24h,False,Call / Email
C00031,Sharon,Garcia,dhernandez@unknown.com,VP of Something,,VP,Technical Buyer,+1-555-6909,ACC0172,Energy,50000.0,,,2023-01-10,,,True,2022-12-29,True,False,False,False,,False,False,,,,,,Contact,Converted Contact,L00382,17.3,True,C00031,Vortex Corp,vortexcorp.com,False,True,False,3.0,United States,22738.5,True,False,False,False,True,False,False,False,False,False,False,False,False,False,False,,1,duplicate_email,8.0,0.0,2026-04-27 00:00:00,2023-03-16 00:00:00,31.0,1.0,0.0,False,7.0,0.0,3.0,1465.7399526513689,445.4493590701697,0.0009837114779965,0.0,0.0,0.0,1911.190295433017,True,False,0.65,C1,1.0,60.05,60.05,0.85,0.85,0.85,100.0,60.0,85.0,87.8,0.6,0.25,0.15,High,last engaged 31d ago; ICP industry (Energy); segment C1,Call Now,0,"Do not email — call or engage at event only (opted out, non-email signal present) | Note: opted out — no email",False,Call only
C00173,Jason,Garcia,jgarcia@nimbuspartners.com,VP of Something,,VP,CISO,+1-555-6156,ACC0073,Energy,3500.0,,,2023-06-19,,,False,,False,False,False,False,,False,False,,,,,,Contact,Orphan Contact,,58.2,False,C00173,Nimbus Ventures,nimbusventures.com,True,True,False,97.9,United States,767.7,True,False,False,True,False,False,False,False,False,False,False,False,False,False,False,,2,"duplicate_email, orphan_contact",6.0,0.0,2026-05-10 00:00:00,2023-11-21 00:00:00,18.0,0.0,0.0,False,6.0,3.0,5.0,1319.507910772894,615.5722066724582,158.74010519681997,0.0,0.0,3.00204918822176e-08,2093.820222672193,True,True,1.0,C2,0.55,99.79,54.88450000000001,0.85,1.0,0.925,100.0,54.9,92.5,87.6,0.6,0.25,0.15,Medium,3 meaningful engagements in last 30d; ICP industry (Energy); named account; segment C2,Call Now,0,Priority outreach — call or email within 24h,False,Call / Email
L00077,Anthony,Wright,awright@gravitasdynamics.com,,Gravitas Dynamics,Manager,,,ACC0010,Software,15000.0,,,2022-05-08,Paid Search,Working,False,,False,False,False,True,C00129,False,False,1.0,0.0,False,,,Lead,Converted Lead - linked,,,,C00129,Gravitas Dynamics,gravitasdynamics.com,False,True,False,99.2,United States,3759.4,True,False,False,False,False,False,False,False,False,False,False,True,True,False,False,,3,"duplicate_email, missing_title, missing_phone",5.0,0.0,2026-05-07 00:00:00,2023-12-05 00:00:00,21.0,1.0,0.0,False,4.0,2.0,2.0,1175.5479062836089,4.148570439500454e-07,246.2288826689833,0.0,0.0,0.0,1421.776789367449,True,False,0.65,L1,0.9,69.67,62.703,0.5,0.0,0.25,100.0,62.7,25.0,86.9,0.75,0.15,0.1,Medium,2 meaningful engagements in last 30d; ICP industry (Software); segment L1,Call Now,0,Do not action — record converted to contact C00129 (work the contact record instead),True,Converted
L00223,Edward,Williams,ewilliams@novasolutions.com,VP of Something,Nova Solutions Ltd,VP,Financial Buyer,+1-555-9313,ACC0016,Retail,3500.0,,,2023-12-27,Partner Referral,Open,False,,False,False,False,True,C00332,False,False,21.0,0.0,True,Duplicate,2022-02-18,Lead,Converted Lead - linked,,,,C00332,Nova Solutions,novasolutions.com,False,False,False,89.7,Germany,890.6,True,False,False,False,False,False,False,False,False,False,False,False,False,False,False,,1,duplicate_email,6.0,0.0,2026-05-28 00:00:00,2023-05-10 00:00:00,0.0,1.0,0.0,False,5.0,1.0,1.0,2000.0,7.006811537048876e-05,5.3523161330670125e-05,0.0,0.0,0.0,2000.0001235912764,False,False,1.0,L1,0.9,23.97,21.573,0.85,0.7,0.7749999999999999,100.0,21.6,77.5,86.0,0.75,0.15,0.1,High,no engagement history; segment L1,Call Now,0,Do not action — record converted to contact C00332 (work the contact record instead),True,Converted
L00104,Charles,Roberts,sales@cloudvendor.io,Individual Contributor of Something,Beacon Systems,Individual Contributor,,+1-555-2808,ACC0005,Energy,10000.0,,,2024-01-01,Cold Call,Open,False,,False,False,False,False,,False,False,98.0,0.0,False,,,Lead,Orphan Lead,,,,L00104,Beacon Systems,beaconsystems.com,False,True,False,12.6,United States,2195.1,True,True,False,False,False,False,False,False,False,False,False,False,False,False,False,,2,"duplicate_email, shared_email",10.0,1.0,2026-05-28 00:00:00,2023-04-09 00:00:00,0.0,2.0,0.1,False,8.0,2.0,3.0,723.6346187201889,1000.0,219.36499593892523,6.486107135535218e-07,0.0,0.0088334304042991,1943.008448738129,True,False,1.0,L1,0.9,66.26,59.63400000000001,0.3,0.0,0.15,100.0,59.6,15.0,85.4,0.75,0.15,0.1,Medium,2 meaningful engagements in last 30d; ICP industry (Energy); segment L1,Call Now,0,Priority outreach — call or email within 24h,False,Call / Email
L00066,Brian,Lopez,sales@enterprisetech.com,Individual Contributor of Something,Orbit Corp LLC,Individual Contributor,Influencer,+1-555-7769,ACC0079,Retail,1000.0,,,2024-01-01,Event,Nurturing,False,,False,False,False,True,C00260,False,False,33.0,0.0,False,,,Lead,Converted Lead - linked,,,,C00260,Orbit Corp,orbitcorp.com,False,False,False,60.9,United States,184.1,True,True,False,False,False,False,False,False,False,False,False,False,False,False,False,,2,"duplicate_email, shared_email",110.0,76.0,2026-05-27 00:00:00,2023-04-25 00:00:00,1.0,82.0,0.6909090909090909,False,28.0,6.0,6.0,16.194291562122388,2442.8999210856146,1381.912879967776,0.0,0.0300572366539286,3.754857331201064e-06,3841.0371536070247,False,False,1.0,L1,0.9,21.09,18.981,0.3,0.5,0.4,100.0,19.0,40.0,81.8,0.75,0.15,0.1,Medium,6 meaningful engagements in last 30d; segment L1,Call Now,0,Do not action — record converted to contact C00260 (work the contact record instead),True,Converted
L00490,Timothy,Campbell,tcampbell@junctioncorp.com,Director of Something,Junction Corp Inc.,Director,,+1-555-2592,ACC0090,Retail,7500.0,,,2024-01-01,Web,MQL,True,2023-07-31,False,False,False,True,C00143,False,False,0.0,3.0,False,,,Lead,Converted Lead - linked,,,,C00143,Junction Corp,junctioncorp.com,False,False,False,68.5,United States,3126.8,True,False,False,False,False,False,False,False,False,False,False,False,False,False,False,,1,duplicate_email,2.0,0.0,2026-05-23 00:00:00,2026-05-15 00:00:00,5.0,0.0,0.0,False,2.0,2.0,2.0,1781.797436280678,0.0,0.0,0.0,0.0,0.0,1781.797436280678,False,False,1.0,L1,0.9,21.85,19.665000000000003,0.7,0.0,0.35,100.0,19.7,35.0,81.5,0.75,0.15,0.1,High,2 meaningful engagements in last 30d; segment L1,Call Now,0,Do not action — record converted to contact C00143 (work the contact record instead),True,Converted
L00431,Margaret,Young,sales@megacorp.com,Individual Contributor of Something,,Individual Contributor,Technical Buyer,,,,,,50.0,2024-01-01,Web,Working,False,,False,False,False,False,,False,False,7.0,0.0,False,,,Lead,Orphan Lead,,,,L00431,,,,,,,,,True,True,False,False,False,False,False,False,False,False,True,False,True,True,False,,5,"duplicate_email, shared_email, missing_account, missing_phone, missing_industry",14.0,9.0,2026-05-09 00:00:00,2023-03-16 00:00:00,19.0,10.0,0.6428571428571429,False,4.0,1.0,1.0,1934.055462659368,0.0,0.0,0.0,9.38714332800264e-07,0.0,1934.0554635980825,False,False,0.25,L2,0.55,3.75,2.0625,0.3,0.85,0.575,100.0,2.1,57.5,81.1,0.75,0.15,0.1,Low,last engaged 19d ago; segment L2,Call Now,0,Priority outreach — call or email within 24h,False,Call / Email
L00157,Christopher,Lee,clee@radianttechnologies.com,Individual Contributor of Something,,Individual Contributor,,,ACC0153,Professional Services,50.0,,,2024-01-01,Advertisement,Open,False,,True,False,False,True,C00011,False,False,41.0,0.0,False,,,Lead,Converted Lead - linked,,,,C00011,Radiant Technologies,radianttechnologies.com,True,False,False,24.5,United States,4.8,True,False,False,False,True,False,False,False,False,False,False,False,True,False,False,,2,"duplicate_email, missing_phone",5.0,0.0,2026-05-24 00:00:00,2024-01-13 00:00:00,4.0,1.0,0.0,False,4.0,1.0,1.0,1823.4449771164327,2.0454963336340373,0.0,0.0,0.0,0.0,1825.490473450068,False,True,0.25,L1,0.9,31.2,28.08,0.3,0.0,0.15,100.0,28.1,15.0,80.7,0.75,0.15,0.1,Medium,last engaged 4d ago; named account; segment L1,Call Now,0,Do not action — record converted to contact C00011 (work the contact record instead),True,Converted
C00011,Christopher,Lee,clee@radianttechnologies.com,Unknown Title,,,,,ACC0118,Software,1000.0,,,2022-08-20,,,True,2023-08-29,True,False,False,False,,False,False,,,,,,Contact,Converted Contact,L00157,49.6,True,C00011,Paragon Networks,paragonnetworks.com,False,True,False,13.8,United Kingdom,278.7,True,False,False,False,True,False,False,False,False,False,False,False,True,False,False,,2,"duplicate_email, missing_phone",5.0,0.0,2026-05-24 00:00:00,2024-01-13 00:00:00,4.0,1.0,0.0,False,4.0,1.0,1.0,1823.4449771164327,2.0454963336340373,0.0,0.0,0.0,0.0,1825.490473450068,True,False,1.0,C1,1.0,66.38,66.38,0.5,0.0,0.25,100.0,66.4,25.0,80.4,0.6,0.25,0.15,Medium,last engaged 4d ago; ICP industry (Software); segment C1,Call Now,0,"Do not email — call or engage at event only (opted out, non-email signal present) | Note: opted out — no email",False,Call only
C00143,Timothy,Campbell,tcampbell@junctioncorp.com,Manager of Something,,Manager,,+1-555-8146,ACC0185,Energy,1000.0,,,2022-03-21,,,False,,False,False,False,False,,False,False,,,,,,Contact,Converted Contact,L00490,0.0,True,C00143,Nexus Networks,nexusnetworks.com,False,True,False,15.3,United States,230.5,True,False,False,False,False,False,False,False,False,False,False,False,False,False,False,,1,duplicate_email,2.0,0.0,2026-05-23 00:00:00,2026-05-15 00:00:00,5.0,0.0,0.0,False,2.0,2.0,2.0,1781.797436280678,0.0,0.0,0.0,0.0,0.0,1781.797436280678,True,False,1.0,C1,1.0,66.53,66.53,0.5,0.0,0.25,100.0,66.5,25.0,80.4,0.6,0.25,0.15,High,2 meaningful engagements in last 30d; ICP industry (Energy); segment C1,Call Now,0,Priority outreach — call or email within 24h,False,Call / Email
C00218,David,Scott,sales@enterprisetech.com,VP of Something,,VP,,+1-555-1694,ACC0015,Software,5000.0,,,2022-07-22,,,False,,False,False,False,False,,False,False,,,,,,Contact,Orphan Contact,,2.4,False,C00218,Radiant Dynamics,radiantdynamics.com,True,True,False,12.7,United States,1293.3,True,True,False,True,False,False,False,False,False,False,False,False,False,False,False,,3,"duplicate_email, shared_email, orphan_contact",55.0,38.0,2026-05-27 00:00:00,2023-04-25 00:00:00,1.0,41.0,0.6909090909090909,False,14.0,3.0,3.0,16.194291562122388,1954.319936868492,1105.5303039742207,0.0,0.0150286183269643,1.877428665600532e-06,3076.0595629005907,True,True,1.0,C2,0.55,91.27,50.1985,0.85,0.0,0.425,100.0,50.2,42.5,78.9,0.6,0.25,0.15,Medium,3 meaningful engagements in last 30d; ICP industry (Software); named account; segment C2,Call Now,0,Priority outreach — call or email within 24h,False,Call / Email
C00008,Linda,Adams,sales@enterprisetech.com,Director of Something,,Director,Influencer,+1-555-6255,ACC0036,Financial Services,5000.0,,,2023-11-26,,,True,2023-10-09,False,True,False,False,,False,False,,,,,,Contact,Orphan Contact,,31.1,False,C00008,Emblem Technologies,emblemtechnologies.com,False,True,False,56.7,Germany,1878.8,True,True,False,True,False,True,False,False,False,False,False,False,False,False,False,,3,"duplicate_email, shared_email, orphan_contact",55.0,38.0,2026-05-27 00:00:00,2023-04-25 00:00:00,1.0,41.0,0.6909090909090909,False,14.0,3.0,3.0,16.194291562122388,1954.319936868492,1105.5303039742207,0.0,0.0150286183269643,1.877428665600532e-06,3076.0595629005907,True,False,1.0,C2,0.55,70.67,38.8685,0.7,0.5,0.6,100.0,38.9,60.0,78.7,0.6,0.25,0.15,Medium,3 meaningful engagements in last 30d; ICP industry (Financial Services); segment C2,Call Now,0,Email undeliverable — use phone or LinkedIn only | Note: email bounced — use phone/LinkedIn,False,Phone / LinkedIn
L00062,Michael,Walker,mwalker@fusionsystems.com,Individual Contributor of Something,Fusion Systems,Individual Contributor,,+1-555-9023,ACC0150,Retail,75.0,,,2024-01-01,Partner Referral,MQL,True,2023-06-24,True,False,False,True,C00112,False,False,40.0,4.0,False,,,Lead,Converted Lead - linked,,,,C00112,Fusion Systems,fusionsystems.com,False,False,False,33.9,United States,5.8,True,False,False,False,True,False,False,False,False,False,False,False,False,False,False,,1,duplicate_email,4.0,1.0,2026-05-13 00:00:00,2023-05-16 00:00:00,15.0,1.0,0.25,False,3.0,2.0,2.0,707.1067811865474,561.2310241546866,0.0,0.0,0.0,0.0,1268.337805341234,False,False,0.25,L1,0.9,7.14,6.426,0.3,0.0,0.15,100.0,6.4,15.0,77.5,0.75,0.15,0.1,High,2 meaningful engagements in last 30d; segment L1,Call Now,0,Do not action — record converted to contact C00112 (work the contact record instead),True,Converted
C00377,Margaret,Williams,mwilliams@dynexgroup.com,Manager of Something,,Manager,Financial Buyer,+1-555-5241,ACC0095,Healthcare,50.0,,,2024-01-01,,,True,2023-01-17,False,False,False,False,,False,False,,,,,,Contact,Orphan Contact,,6.3,False,C00377,Dynex Group,dynexgroup.com,False,True,False,75.4,United States,4.4,False,False,False,True,False,False,False,False,False,False,False,False,False,False,False,,1,orphan_contact,9.0,4.0,2026-05-25 00:00:00,2023-05-29 00:00:00,3.0,6.0,0.4444444444444444,False,3.0,1.0,1.0,1866.0659830736147,1.2103503888193307e-05,0.0,0.0,0.0,0.0,1866.0659951771183,True,False,0.25,C2,0.55,61.29,33.709500000000006,0.5,0.7,0.6,100.0,33.7,60.0,77.4,0.6,0.25,0.15,High,last engaged 3d ago; ICP industry (Healthcare); segment C2,Call Now,0,Priority outreach — call or email within 24h,False,Call / Email
C00022,Andrew,Jackson,ajackson@paragonnetworks.com,Individual Contributor of Something,,Individual Contributor,Financial Buyer,,ACC0080,Financial Services,25000.0,,,2024-01-01,,,False,,False,False,False,False,,False,False,,,,,,Contact,Orphan Contact,,53.5,False,C00022,Paragon Networks,paragonnetworks.com,False,True,False,58.1,Germany,13337.7,False,False,False,True,False,False,False,False,False,False,False,False,True,False,False,,2,"orphan_contact, missing_phone",3.0,0.0,2026-05-25 00:00:00,2025-07-14 00:00:00,3.0,1.0,0.0,False,2.0,1.0,1.0,1866.0659830736147,0.0,0.0,0.0,0.0,0.0,1866.0659830736147,True,False,0.65,C2,0.55,65.56,36.05800000000001,0.3,0.7,0.5,100.0,36.1,50.0,76.5,0.6,0.25,0.15,Medium,last engaged 3d ago; ICP industry (Financial Services); segment C2,Call Now,0,Priority outreach — call or email within 24h,False,Call / Email
C00019,Jessica,Campbell,info@b2bleads.net,Individual Contributor of Something,,Individual Contributor,Technical Buyer,+1-555-1005,ACC0139,Manufacturing,7500.0,,,2022-07-02,,,True,2023-07-31,False,False,False,False,,False,False,,,,,,Contact,Orphan Contact,,39.6,False,C00019,Nova Networks,novanetworks.com,True,False,False,89.6,United Kingdom,3707.6,True,True,False,True,False,False,False,False,False,False,False,False,False,False,False,,3,"duplicate_email, shared_email, orphan_contact",7.0,0.0,2026-05-28 00:00:00,2023-04-24 00:00:00,0.0,1.0,0.0,False,6.0,2.0,2.0,1000.0,4.339152985214545,527.8031643091578,0.0,0.0,0.0,1532.1423172943723,False,True,1.0,C2,0.55,48.96,26.928000000000004,0.3,0.85,0.575,100.0,26.9,57.5,75.4,0.6,0.25,0.15,Medium,2 meaningful engagements in last 30d; named account; segment C2,Call Now,0,Priority outreach — call or email within 24h,False,Call / Email
C00332,Edward,Williams,ewilliams@novasolutions.com,Manager of Something,,Manager,Technical Buyer,+1-555-1570,ACC0120,Manufacturing,2000.0,,,2023-03-02,,,False,,False,False,False,False,,False,False,,,,,,Contact,Converted Contact,L00223,12.3,True,C00332,Glacier Labs,glacierlabs.com,False,False,False,55.3,United States,572.5,True,False,False,False,False,False,False,False,False,False,False,False,False,False,False,,1,duplicate_email,6.0,0.0,2026-05-28 00:00:00,2023-05-10 00:00:00,0.0,1.0,0.0,False,5.0,1.0,1.0,2000.0,7.006811537048876e-05,5.3523161330670125e-05,0.0,0.0,0.0,2000.0001235912764,False,False,1.0,C1,1.0,20.53,20.53,0.5,0.85,0.675,100.0,20.5,67.5,75.2,0.6,0.25,0.15,High,no engagement history; segment C1,Call Now,0,Priority outreach — call or email within 24h,False,Call / Email
C00134,Karen,Nguyen,ballen@paragonnetworks.com,VP of Something,,VP,CISO,+1-555-1894,,,,,,2024-01-01,,,False,,False,False,False,False,,False,False,,,,,,Contact,Orphan Contact,,70.6,False,C00134,,,,,,,,,True,False,False,True,False,False,False,False,False,False,True,False,False,True,False,,4,"duplicate_email, orphan_contact, missing_account, missing_industry",16.0,10.0,2026-05-28 00:00:00,2023-02-25 00:00:00,0.0,10.0,0.625,False,6.0,2.0,4.0,3000.0,0.0,0.0,0.0,6.337964243820724e-07,0.0,3000.0000006337964,False,False,0.25,C3,0.45,3.75,1.6875,0.85,1.0,0.925,100.0,1.7,92.5,74.3,0.6,0.25,0.15,Low,2 meaningful engagements in last 30d; segment C3,Call Now,0,Priority outreach — call or email within 24h,False,Call / Email
L00129,Linda,Sanchez,lsanchez@quantumcorp.com,Director of Something,,Director,,+1-555-7591,ACC0067,Financial Services,1000.0,,,2024-01-01,Event,Open,False,,False,False,False,True,C00259,False,False,9.0,0.0,False,,,Lead,Converted Lead - linked,,,,C00259,Quantum Corp,quantumcorp.com,False,True,False,86.6,United States,227.3,True,False,False,False,False,False,False,False,False,False,False,False,False,False,False,,1,duplicate_email,6.0,0.0,2026-05-27 00:00:00,2023-02-22 00:00:00,1.0,1.0,0.0,False,5.0,1.0,1.0,1.0453742447396518e-06,977.159968434246,0.0,2.2394386421090886e-10,0.0,0.0,977.159969479844,True,False,1.0,L1,0.9,73.66,66.294,0.7,0.0,0.35,81.02127592105884,66.3,35.0,74.2,0.75,0.15,0.1,High,last engaged 1d ago; ICP industry (Financial Services); segment L1,Call Now,0,Do not action — record converted to contact C00259 (work the contact record instead),True,Converted
C00395,Sarah,Taylor,hello@sdrlists.com,C-Level of Something,,C-Level,Financial Buyer,+1-555-8554,ACC0059,Professional Services,50.0,,,2023-03-24,,,False,,False,True,False,False,,False,False,,,,,,Contact,Orphan Contact,,75.3,False,C00395,Nexus Technologies,nexustechnologies.com,False,False,False,37.9,Australia,1.8,True,False,False,True,False,True,False,False,False,False,False,False,False,False,False,,2,"duplicate_email, orphan_contact",16.0,10.0,2026-05-28 00:00:00,2023-03-16 00:00:00,0.0,11.0,0.625,False,5.0,1.0,2.0,2000.0,9.518582769799636,0.0,0.0,0.0,0.0,2009.5185827698,False,False,0.25,C2,0.55,7.54,4.147,1.0,0.7,0.85,100.0,4.1,85.0,73.8,0.6,0.25,0.15,Medium,no engagement history; segment C2,Call Now,0,Email undeliverable — use phone or LinkedIn only | Note: email bounced — use phone/LinkedIn,False,Phone / LinkedIn
L00274,Angela,Anderson,aanderson@quantumgroup.com,Individual Contributor of Something,Quantum Group Inc.,Individual Contributor,,+1-555-9128,ACC0044,Energy,1000.0,,,2024-01-01,Web,Open,False,,True,True,False,False,,False,False,68.0,0.0,False,,,Lead,Orphan Lead,,,,L00274,Quantum Group,quantumgroup.com,True,True,False,40.8,United Kingdom,265.8,False,False,False,False,True,True,False,False,False,False,False,False,False,False,False,,0,,1.0,0.0,2026-05-26 00:00:00,2026-05-26 00:00:00,2.0,0.0,0.0,False,1.0,1.0,1.0,954.8416039104164,0.0,0.0,0.0,0.0,0.0,954.8416039104164,True,True,1.0,L1,0.9,94.08,84.672,0.3,0.0,0.15,79.17074733680849,84.7,15.0,73.6,0.75,0.15,0.1,High,last engaged 2d ago; ICP industry (Energy); named account; segment L1,Call Now,0,"Do not email — call or engage at event only (opted out, non-email signal present) | Note: opted out — no email; email bounced — use phone/LinkedIn",False,Call only
L00053,Laura,Wilson,lwilson@orbitsolutions.com,Individual Contributor of Something,Orbit Solutions Inc.,Individual Contributor,,,ACC0157,Education,7500.0,,,2023-12-08,Partner Referral,MQL,True,2023-02-15,False,False,False,True,C00286,False,False,69.0,2.0,False,,,Lead,Converted Lead - linked,,,,C00286,Orbit Solutions,orbitsolutions.com,False,False,False,77.7,United States,2135.0,True,False,False,False,False,False,False,False,False,False,False,False,True,False,False,,2,"duplicate_email, missing_phone",7.0,0.0,2026-05-26 00:00:00,2023-03-08 00:00:00,2.0,5.0,0.0,False,2.0,2.0,2.0,629.9605249474365,477.4208019552083,0.0,0.0,0.0,0.0,1107.3813269026448,False,False,1.0,L1,0.9,22.77,20.493,0.3,0.0,0.15,91.81858737476468,20.5,15.0,73.4,0.75,0.15,0.1,Medium,2 meaningful engagements in last 30d; segment L1,Call Now,0,Do not action — record converted to contact C00286 (work the contact record instead),True,Converted
C00222,Rebecca,Clark,sales@cloudvendor.io,C-Level of Something,,C-Level,Financial Buyer,,,,,,,2022-07-18,,,True,2023-04-19,False,True,False,False,,False,False,,,,,,Contact,Orphan Contact,,33.4,False,C00222,,,,,,,,,True,True,False,True,False,True,False,False,False,False,True,False,True,True,False,,6,"duplicate_email, shared_email, orphan_contact, missing_account, missing_phone, missing_industry",10.0,1.0,2026-05-28 00:00:00,2023-04-09 00:00:00,0.0,2.0,0.1,False,8.0,2.0,3.0,723.6346187201889,1000.0,219.36499593892523,6.486107135535218e-07,0.0,0.0088334304042991,1943.008448738129,False,False,0.25,C3,0.45,3.75,1.6875,1.0,0.7,0.85,100.0,1.7,85.0,73.2,0.6,0.25,0.15,Low,2 meaningful engagements in last 30d; segment C3,Call Now,0,Email undeliverable — use phone or LinkedIn only | Note: email bounced — use phone/LinkedIn,False,Phone / LinkedIn
C00262,Emily,Allen,sales@enterprisetech.com,,,Manager,Technical Buyer,+1-555-6777,ACC0159,Education,75.0,,,2024-01-01,,,False,,False,False,False,False,,True,True,,,,,,Contact,Orphan Contact,,22.4,False,C00262,Bastion Networks,bastionnetworks.com,False,False,False,49.1,United States,3.2,True,True,False,True,False,False,False,False,False,False,False,True,False,False,False,,4,"duplicate_email, shared_email, orphan_contact, missing_title",55.0,38.0,2026-05-27 00:00:00,2023-04-25 00:00:00,1.0,41.0,0.6909090909090909,False,14.0,3.0,3.0,16.194291562122388,1954.319936868492,1105.5303039742207,0.0,0.0150286183269643,1.877428665600532e-06,3076.0595629005907,False,False,0.25,C2,0.55,8.66,4.763000000000001,0.5,0.85,0.675,100.0,4.8,67.5,71.3,0.6,0.25,0.15,Low,3 meaningful engagements in last 30d; segment C2,Call Now,0,Priority outreach — call or email within 24h,False,Call / Email
C00255,Kevin,Perez,leads@databroker.io,Individual Contributor of Something,,Individual Contributor,Technical Buyer,+1-555-6467,ACC0140,Software,25000.0,,,2024-01-01,,,False,,False,False,False,False,,False,False,,,,,,Contact,Converted Contact,L00504,47.6,True,C00255,Vertex Systems,vertexsystems.com,False,True,False,10.0,United States,13363.2,True,True,False,False,False,False,False,False,False,False,False,False,False,False,False,,2,"duplicate_email, shared_email",6.0,0.0,2026-05-25 00:00:00,2024-05-04 00:00:00,3.0,2.0,0.0,False,4.0,2.0,2.0,933.0329915368072,33.49292070425917,235.10958125672173,0.0,0.0,0.0,1201.6354934977885,True,False,0.65,C1,1.0,60.75,60.75,0.3,0.85,0.575,78.42845145219736,60.8,57.5,70.9,0.6,0.25,0.15,Medium,2 meaningful engagements in last 30d; ICP industry (Software); segment C1,Call Now,0,Priority outreach — call or email within 24h,False,Call / Email
L00461,Nancy,Wright,nwright@heliossystems.com,VP of Something,Helios Systems,VP,Technical Buyer,+1-555-4379,ACC0085,Energy,100.0,,,2024-01-01,Cold Call,Disqualified,False,,False,False,False,True,,False,False,87.0,0.0,False,,,Lead,Converted Lead - broken link,,,,L00461,Helios Systems,heliossystems.com,True,True,False,19.7,United States,12.9,True,False,True,False,False,False,False,False,False,False,False,False,False,False,False,,2,"duplicate_email, broken_conversion_link",3.0,0.0,2026-05-19 00:00:00,2023-02-07 00:00:00,9.0,0.0,0.0,False,3.0,1.0,1.0,812.2523963562353,1.0948143026638884e-06,0.0,0.0,7.917611249432645e-11,0.0,812.2523974511287,True,True,0.65,L1,0.9,86.72,78.048,0.85,0.85,0.85,67.34795495814355,78.0,85.0,70.7,0.75,0.15,0.1,Medium,last engaged 9d ago; ICP industry (Energy); named account; segment L1,Call Now,0,Priority outreach — call or email within 24h | Note: broken conversion link (DQ-1),False,Call / Email
L00256,John,Roberts,jroberts@prismtechnologies.com,VP of Something,Prism Technologies,VP,Technical Buyer,+1-555-9149,ACC0199,Retail,200.0,,,2023-08-05,Content Syndication,Disqualified,False,,True,False,False,False,,False,False,0.0,0.0,False,,,Lead,Orphan Lead,,,,L00256,Prism Technologies,prismtechnologies.com,False,False,False,99.3,United States,27.0,False,False,False,False,True,False,False,False,False,False,False,False,False,False,False,,0,,1.0,0.0,2026-05-26 00:00:00,2026-05-26 00:00:00,2.0,0.0,0.0,False,1.0,1.0,1.0,954.8416039104164,0.0,0.0,0.0,0.0,0.0,954.8416039104164,False,False,0.65,L1,0.9,19.68,17.712,0.85,0.85,0.85,79.17074733680849,17.7,85.0,70.5,0.75,0.15,0.1,High,last engaged 2d ago; segment L1,Call Now,0,"Do not email — call or engage at event only (opted out, non-email signal present) | Note: opted out — no email",False,Call only
L00114,Charles,Torres,ctorres@quantumnetworks.com,Individual Contributor of Something,Quantum Networks,Individual Contributor,Financial Buyer,+1-555-3592,ACC0001,Government,2000.0,,,2024-01-01,Web,Open,False,,True,False,False,False,,False,False,93.0,0.0,False,,,Lead,Orphan Lead,,,,L00114,Quantum Networks,quantumnetworks.com,False,False,False,73.9,United States,675.7,False,False,False,False,True,False,False,False,False,False,False,False,False,False,False,,0,,3.0,1.0,2026-05-28 00:00:00,2023-09-02 00:00:00,0.0,2.0,0.3333333333333333,False,1.0,1.0,1.0,1000.0,0.0,0.0,0.0,0.0,0.0,1000.0,False,False,1.0,L1,0.9,22.39,20.151,0.3,0.7,0.5,82.91505838515633,20.2,50.0,70.2,0.75,0.15,0.1,High,no engagement history; segment L1,Call Now,0,"Do not email — call or engage at event only (opted out, non-email signal present) | Note: opted out — no email",False,Call only
L00367,Cynthia,Gonzalez,admin@tradeshow.events,Director of Something,Quantum,Director,Financial Buyer,+1-555-5593,ACC0180,Financial Services,15000.0,,,2024-01-01,Content Syndication,Working,False,,False,False,False,False,,False,False,16.0,0.0,True,No Longer With Company,2022-09-15,Lead,Orphan Lead,,,,L00367,Quantum Networks,quantumnetworks.com,False,True,False,18.7,United States,5603.0,True,False,False,False,False,False,False,False,False,False,False,False,False,False,False,,1,duplicate_email,8.0,1.0,2026-05-05 00:00:00,2023-03-03 00:00:00,23.0,2.0,0.125,False,6.0,1.0,1.0,0.6442909720570776,881.6609297127065,0.0,2.7570723732613276e-10,0.0,4.765456039443509e-08,882.3052207326939,True,False,0.65,L1,0.9,61.62,55.458,0.7,0.7,0.7,73.15638889057956,55.5,70.0,70.2,0.75,0.15,0.1,High,last engaged 23d ago; ICP industry (Financial Services); segment L1,Call Now,0,Priority outreach — call or email within 24h,False,Call / Email
L00221,Paul,Lopez,paul.lopez@protonmail.com,Individual Contributor of Something,Zenith Dynamics Ltd,Individual Contributor,Financial Buyer,+1-555-9960,ACC0038,Government,200.0,,,2024-01-01,Web,Open,False,,False,False,False,True,C00111,True,True,82.0,0.0,True,Bad Data,2023-09-15,Lead,Converted Lead - linked,,,,C00111,Zenith Dynamics,zenithdynamics.com,False,False,False,98.3,United Kingdom,34.9,True,False,False,False,False,False,False,False,False,False,False,False,False,False,False,,1,duplicate_email,1.0,0.0,2026-05-28 00:00:00,2026-05-28 00:00:00,0.0,0.0,0.0,False,1.0,1.0,1.0,1000.0,0.0,0.0,0.0,0.0,0.0,1000.0,False,False,0.65,L1,0.9,19.58,17.622,0.3,0.7,0.5,82.91505838515633,17.6,50.0,69.8,0.75,0.15,0.1,High,no engagement history; segment L1,Call Now,0,Do not action — record converted to contact C00111 (work the contact record instead),True,Converted
C00286,Laura,Wilson,lwilson@orbitsolutions.com,Individual Contributor of Something,,Individual Contributor,Technical Buyer,+1-555-1307,ACC0181,Software,15000.0,,,2024-01-01,,,False,,False,False,False,False,,False,False,,,,,,Contact,Converted Contact,L00053,0.0,True,C00286,Gravitas Ventures,gravitasventures.com,False,True,False,98.9,United States,6142.5,True,False,False,False,False,False,False,False,False,False,False,False,False,False,False,,1,duplicate_email,7.0,0.0,2026-05-26 00:00:00,2023-03-08 00:00:00,2.0,5.0,0.0,False,2.0,2.0,2.0,629.9605249474365,477.4208019552083,0.0,0.0,0.0,0.0,1107.3813269026448,True,False,0.65,C1,1.0,69.64,69.64,0.3,0.85,0.575,72.27666218750372,69.6,57.5,69.4,0.6,0.25,0.15,High,2 meaningful engagements in last 30d; ICP industry (Software); segment C1,Call Now,0,Priority outreach — call or email within 24h | Promoted from Follow Up — linked lead L00053 scored Call Now,False,Call / Email
C00112,Michael,Walker,mwalker@fusionsystems.com,Individual Contributor of Something,,Individual Contributor,,+1-555-3061,ACC0108,Healthcare,1500.0,,,2022-08-10,,,False,,False,False,False,False,,False,False,,,,,,Contact,Converted Contact,L00062,87.8,True,C00112,Bastion Solutions,bastionsolutions.com,False,True,False,11.1,United States,369.1,True,False,False,False,False,False,False,False,False,False,False,False,False,False,False,,1,duplicate_email,4.0,1.0,2026-05-13 00:00:00,2023-05-16 00:00:00,15.0,1.0,0.25,False,3.0,2.0,2.0,707.1067811865474,561.2310241546866,0.0,0.0,0.0,0.0,1268.337805341234,True,False,1.0,C1,1.0,66.11,66.11,0.3,0.0,0.15,82.78198382908751,66.1,15.0,68.4,0.6,0.25,0.15,High,2 meaningful engagements in last 30d; ICP industry (Healthcare); segment C1,Call Now,0,Priority outreach — call or email within 24h | Promoted from Follow Up — linked lead L00062 scored Call Now,False,Call / Email
L00240,Lisa,Carter,lcarter@unknown.com,Individual Contributor of Something,,Individual Contributor,Technical Buyer,+1-555-3232,,,,Energy,50000.0,2024-01-01,Advertisement,Nurturing,False,,True,True,False,True,C00344,False,False,18.0,0.0,False,,,Lead,Converted Lead - linked,,,,C00344,,,,,,,,,True,False,False,False,True,True,False,False,False,False,True,False,False,True,False,,3,"duplicate_email, missing_account, missing_industry",5.0,0.0,2026-05-22 00:00:00,2023-09-12 00:00:00,6.0,1.0,0.0,False,4.0,1.0,2.0,488.5799842171229,435.2752816480621,0.0,0.0,2.5976184254462127,0.2518301383671054,926.7047144289984,True,False,0.65,L2,0.55,59.75,32.862500000000004,0.3,0.85,0.575,76.83777550268002,32.9,57.5,68.3,0.75,0.15,0.1,Medium,last engaged 6d ago; ICP industry (nan); segment L2,Call Now,0,Do not action — record converted to contact C00344 (work the contact record instead),True,Converted
L00219,Edward,Nelson,enelson@fusionlabs.com,Individual Contributor of Something,Fusion Labs,Individual Contributor,Financial Buyer,+1-555-9691,ACC0020,Manufacturing,75.0,,,2024-01-01,Partner Referral,Nurturing,False,,False,False,False,False,,False,False,85.0,0.0,False,,,Lead,Orphan Lead,,,,L00219,Fusion Labs,fusionlabs.com,False,False,False,27.3,United States,2.7,False,False,False,False,False,False,False,False,False,False,False,False,False,False,False,,0,,1.0,0.0,2026-05-28 00:00:00,2026-05-28 00:00:00,0.0,0.0,0.0,False,1.0,1.0,1.0,1000.0,0.0,0.0,0.0,0.0,0.0,1000.0,False,False,0.25,L1,0.9,6.48,5.832000000000001,0.3,0.7,0.5,82.91505838515633,5.8,50.0,68.1,0.75,0.15,0.1,High,no engagement history; segment L1,Call Now,0,Priority outreach — call or email within 24h,False,Call / Email
L00413,Jacob,Jones,jjones@zenithlabs.com,Individual Contributor of Something,Zenith Labs,Individual Contributor,,+1-555-3627,ACC0096,Energy,150.0,,,2024-01-01,Webinar,Working,False,,False,False,False,True,C00298,False,False,0.0,0.0,False,,,Lead,Converted Lead - linked,,,,C00298,Zenith Labs,zenithlabs.com,False,True,False,88.1,United States,22.8,True,False,False,False,False,False,False,False,False,False,False,False,False,False,False,,1,duplicate_email,3.0,0.0,2026-05-06 00:00:00,2024-05-18 00:00:00,22.0,0.0,0.0,False,3.0,1.0,1.0,0.0,902.2687770615876,0.0,0.0,0.0,0.0,902.2687770615876,True,False,0.65,L1,0.9,68.56,61.704,0.3,0.0,0.15,74.81166832916513,61.7,15.0,66.9,0.75,0.15,0.1,High,last engaged 22d ago; ICP industry (Energy); segment L1,Call Now,0,Do not action — record converted to contact C00298 (work the contact record instead),True,Converted
C00259,Linda,Sanchez,lsanchez@quantumcorp.com,Unknown Title,,,CISO,+1-555-8487,ACC0136,Financial Services,3500.0,,,2022-12-08,,,False,,False,False,False,False,,False,False,,,,,,Contact,Converted Contact,L00129,76.0,True,C00259,Fusion Systems,fusionsystems.com,False,True,False,20.7,United States,906.7,True,False,False,False,False,False,False,False,False,False,False,False,False,False,False,,1,duplicate_email,6.0,0.0,2026-05-27 00:00:00,2023-02-22 00:00:00,1.0,1.0,0.0,False,5.0,1.0,1.0,1.0453742447396518e-06,977.159968434246,0.0,2.2394386421090886e-10,0.0,0.0,977.159969479844,True,False,1.0,C1,1.0,67.07,67.07,0.5,1.0,0.75,63.77736313721966,67.1,75.0,66.3,0.6,0.25,0.15,High,last engaged 1d ago; ICP industry (Financial Services); segment C1,Call Now,0,Priority outreach — call or email within 24h | Promoted from Follow Up — linked lead L00129 scored Call Now,False,Call / Email
L00039,Paul,Flores,paul.flores@protonmail.com,Individual Contributor of Something,,Individual Contributor,CISO,+1-555-2303,,,,,,2022-04-05,Web,Disqualified,False,,False,False,False,False,,False,True,84.0,0.0,True,Bad Data,2023-11-03,Lead,Orphan Lead,,,,L00039,,,,,,,,,False,False,False,False,False,False,False,False,False,True,True,False,False,True,False,,3,"free_email_leakage, missing_account, missing_industry",1.0,0.0,2026-05-26 00:00:00,2026-05-26 00:00:00,2.0,0.0,0.0,False,1.0,1.0,1.0,954.8416039104164,0.0,0.0,0.0,0.0,0.0,954.8416039104164,False,False,0.25,L3,0.45,3.75,1.6875,0.3,1.0,0.65,79.17074733680849,1.7,65.0,66.1,0.75,0.15,0.1,Medium,last engaged 2d ago; segment L3,Call Now,0,Priority outreach — call or email within 24h,False,Call / Email
L00474,Gary,Allen,sflores@vortextechnologies.com,Manager of Something,Junction Solutions,Manager,CISO,+1-555-5915,ACC0048,Government,1500.0,,,2024-01-01,Partner Referral,Disqualified,False,,False,False,False,False,,False,True,11.0,0.0,False,,,Lead,Orphan Lead,,,,L00474,Junction Solutions,junctionsolutions.com,False,False,False,68.3,Canada,289.4,True,False,False,False,False,False,False,False,False,True,False,False,False,False,False,,2,"duplicate_email, free_email_leakage",3.0,0.0,2026-05-23 00:00:00,2023-04-16 00:00:00,5.0,0.0,0.0,False,3.0,1.0,1.0,0.0,890.8987181403393,0.0,7.620067647226317e-10,0.0,0.0,890.8987181411013,False,False,1.0,L1,0.9,21.83,19.647,0.5,1.0,0.75,73.86891922993034,19.6,75.0,65.8,0.75,0.15,0.1,Medium,last engaged 5d ago; segment L1,Call Now,0,Priority outreach — call or email within 24h,False,Call / Email
C00344,Lisa,Carter,lcarter@unknown.com,Manager of Something,,Manager,,+1-555-2880,ACC0194,Government,10000.0,,,2023-05-21,,,True,2022-11-14,False,False,False,False,,True,True,,,,,,Contact,Converted Contact,L00240,95.2,True,C00344,Vertex Ventures,vertexventures.com,False,False,False,21.2,Canada,4442.8,True,False,False,False,False,False,False,False,False,False,False,False,False,False,False,,1,duplicate_email,5.0,0.0,2026-05-22 00:00:00,2023-09-12 00:00:00,6.0,1.0,0.0,False,4.0,1.0,2.0,488.5799842171229,435.2752816480621,0.0,0.0,2.5976184254462127,0.2518301383671054,926.7047144289984,False,False,1.0,C1,1.0,17.12,17.12,0.5,0.0,0.25,60.484245097118446,17.1,25.0,44.3,0.6,0.25,0.15,High,last engaged 6d ago; segment C1,Call Now,0,Priority outreach — call or email within 24h | Promoted from Follow Up — linked lead L00240 scored Call Now,False,Call / Email
C00111,Paul,Lopez,paul.lopez@protonmail.com,Individual Contributor of Something,,Individual Contributor,,+1-555-9010,ACC0103,Government,100.0,,,2023-05-11,,,False,,False,False,False,False,,False,False,,,,,,Contact,Converted Contact,L00221,72.5,True,C00111,Nova Solutions,novasolutions.com,False,False,False,4.5,United States,12.7,True,False,False,False,False,False,False,False,False,False,False,False,False,False,False,,1,duplicate_email,1.0,0.0,2026-05-28 00:00:00,2026-05-28 00:00:00,0.0,0.0,0.0,False,1.0,1.0,1.0,1000.0,0.0,0.0,0.0,0.0,0.0,1000.0,False,False,0.65,C1,1.0,10.2,10.2,0.3,0.0,0.15,65.26808826518881,10.2,15.0,44.0,0.6,0.25,0.15,High,no engagement history; segment C1,Call Now,0,Priority outreach — call or email within 24h | Promoted from Follow Up — linked lead L00221 scored Call Now,False,Call / Email
L00161,Sandra,Campbell,sandra.campbell@gmail.com,Individual Contributor of Something,,Individual Contributor,,+1-555-8277,ACC0012,Healthcare,750.0,,,2024-01-01,Content Syndication,MQL,True,2023-05-17,True,True,False,True,,True,True,44.0,2.0,False,,,Lead,Converted Lead - broken link,,,,L00161,Atlas Partners,atlaspartners.com,False,True,False,1.7,Germany,214.2,True,False,True,False,True,True,False,False,False,False,False,False,False,False,False,,2,"duplicate_email, broken_conversion_link",17.0,14.0,2026-05-28 00:00:00,2023-11-28 00:00:00,0.0,14.0,0.8235294117647058,True,3.0,1.0,1.0,2000.0,0.0,0.0,0.0,0.0001070463226613,0.0,2000.0001070463225,True,False,1.0,L1,0.9,65.17,58.653000000000006,0.3,0.0,0.15,100.0,58.7,15.0,85.3,0.75,0.15,0.1,Medium,no engagement history; ICP industry (Healthcare); engagement discounted (automation-heavy); segment L1,Follow Up,1,"Do not email — schedule call or event outreach (opted out, non-email signal present) | Note: opted out — no email; email bounced — use phone/LinkedIn; broken conversion link (DQ-1); engagement may be automation-inflated",False,Follow Up
C00258,Laura,Moore,lmoore@unknown.com,Individual Contributor of Something,,Individual Contributor,,+1-555-6554,ACC0044,Energy,1000.0,,,2024-01-01,,,False,,False,False,False,False,,False,False,,,,,,Contact,Converted Contact,L00291,38.3,True,C00258,Quantum Group,quantumgroup.com,True,True,False,40.8,United Kingdom,265.8,True,False,False,False,False,False,False,False,False,False,False,False,False,False,False,,1,duplicate_email,15.0,11.0,2026-05-08 00:00:00,2023-04-22 00:00:00,20.0,12.0,0.7333333333333333,True,3.0,2.0,2.0,1096.824979694626,314.9802624737183,0.0,0.0,0.0,0.0,1411.8052421683442,True,True,1.0,C1,1.0,94.08,94.08,0.3,0.0,0.15,92.14582915909972,94.1,15.0,81.1,0.6,0.25,0.15,High,2 meaningful engagements in last 30d; ICP industry (Energy); named account; engagement discounted (automation-heavy); segment C1,Follow Up,1,Schedule follow-up within 5 business days | Note: engagement may be automation-inflated,False,Follow Up
L00291,Laura,Moore,lmoore@unknown.com,Unknown Title,,,,+1-555-9800,,,,Professional Services,200.0,2024-01-01,Cold Call,Open,False,,True,False,False,True,C00258,False,False,19.0,0.0,True,Duplicate,2023-09-30,Lead,Converted Lead - linked,,,,C00258,,,,,,,,,True,False,False,False,True,False,False,False,False,False,True,False,False,True,False,,3,"duplicate_email, missing_account, missing_industry",15.0,11.0,2026-05-08 00:00:00,2023-04-22 00:00:00,20.0,12.0,0.7333333333333333,True,3.0,2.0,2.0,1096.824979694626,314.9802624737183,0.0,0.0,0.0,0.0,1411.8052421683442,False,False,0.65,L2,0.55,9.75,5.362500000000001,0.5,0.0,0.25,100.0,5.4,25.0,78.3,0.75,0.15,0.1,Medium,2 meaningful engagements in last 30d; engagement discounted (automation-heavy); segment L2,Follow Up,1,Do not action — record converted to contact C00258 (work the contact record instead),True,Converted
L00393,Carol,Green,cgreen@mantlesystems.com,Manager of Something,Mantle Systems,Manager,,+1-555-1181,ACC0098,Telecommunications,2000.0,,,2024-01-01,Event,Working,False,,True,False,False,True,C00355,False,False,73.0,0.0,False,,,Lead,Converted Lead - linked,,,,C00355,Mantle Systems,mantlesystems.com,False,True,False,20.2,United States,617.5,True,False,False,False,True,False,False,False,False,False,False,False,False,False,False,,1,duplicate_email,9.0,7.0,2026-05-28 00:00:00,2023-03-18 00:00:00,0.0,7.0,0.7777777777777778,True,2.0,1.0,1.0,0.0,1000.0,0.0,0.0,0.0,0.0,1000.0,True,False,1.0,L1,0.9,67.02,60.318,0.5,0.0,0.25,82.91505838515633,60.3,25.0,73.7,0.75,0.15,0.1,High,no engagement history; ICP industry (Telecommunications); engagement discounted (automation-heavy); segment L1,Follow Up,1,Do not action — record converted to contact C00355 (work the contact record instead),True,Converted
L00453,Kenneth,Davis,kdavis@harborventures.com,Director of Something,Harbor Ventures Ltd,Director,Technical Buyer,+1-555-3013,ACC0019,Healthcare,50.0,,,2024-01-01,Cold Call,Working,False,,True,False,False,False,,False,False,83.0,0.0,False,,,Lead,Orphan Lead,,,,L00453,Harbor Ventures,harborventures.com,True,True,False,62.2,United States,2.6,False,False,False,False,True,False,False,False,False,False,False,False,False,False,False,,0,,16.0,14.0,2026-05-21 00:00:00,2023-05-21 00:00:00,7.0,14.0,0.875,True,2.0,1.0,1.0,850.6671609508555,0.0,4.9908341026692495e-08,0.0,0.0,0.0,850.6671610007638,True,True,0.25,L1,0.9,84.97,76.473,0.7,0.85,0.7749999999999999,70.53311732071352,76.5,77.5,72.1,0.75,0.15,0.1,High,last engaged 7d ago; ICP industry (Healthcare); named account; engagement discounted (automation-heavy); segment L1,Follow Up,1,"Do not email — schedule call or event outreach (opted out, non-email signal present) | Note: opted out — no email; engagement may be automation-inflated",False,Follow Up
C00226,Rebecca,Johnson,leads@databroker.io,Manager of Something,,Manager,Technical Buyer,+1-555-8817,ACC0164,Financial Services,25000.0,,,2022-08-25,,,False,,True,False,False,False,,False,False,,,,,,Contact,Converted Contact,L00205,14.0,True,C00226,Dynex Systems,dynexsystems.com,False,True,False,12.6,United Kingdom,16956.7,True,True,False,False,True,False,False,False,False,False,False,False,False,False,False,,2,"duplicate_email, shared_email",11.0,9.0,2026-05-26 00:00:00,2023-03-12 00:00:00,2.0,9.0,0.8181818181818182,True,2.0,2.0,2.0,659.753955386447,477.4208019552083,0.0,0.0,0.0,0.0,1137.174757341655,True,False,0.65,C1,1.0,61.01,61.01,0.5,0.85,0.675,74.2212224351198,61.0,67.5,69.9,0.6,0.25,0.15,Medium,2 meaningful engagements in last 30d; ICP industry (Financial Services); engagement discounted (automation-heavy); segment C1,Follow Up,1,"Do not email — schedule call or event outreach (opted out, non-email signal present) | Note: opted out — no email; engagement may be automation-inflated",False,Follow Up
C00269,Edward,King,info@b2bleads.net,Director of Something,,Director,,,ACC0001,Government,2000.0,,,2022-02-23,,,False,,False,False,False,False,,False,False,,,,,,Contact,Orphan Contact,,47.7,False,C00269,Quantum Networks,quantumnetworks.com,False,False,False,73.9,United States,675.7,True,True,False,True,False,False,False,False,False,False,False,False,True,False,False,,4,"duplicate_email, shared_email, orphan_contact, missing_phone",7.0,0.0,2026-05-28 00:00:00,2023-04-24 00:00:00,0.0,1.0,0.0,False,6.0,2.0,2.0,1000.0,4.339152985214545,527.8031643091578,0.0,0.0,0.0,1532.1423172943723,False,False,1.0,C2,0.55,22.39,12.3145,0.7,0.0,0.35,100.0,12.3,35.0,68.3,0.6,0.25,0.15,Low,2 meaningful engagements in last 30d; segment C2,Follow Up,1,Schedule follow-up within 5 business days,False,Follow Up
C00253,Dorothy,White,dwhite@zenithgroup.com,Manager of Something,,Manager,,+1-555-6384,ACC0113,Professional Services,5000.0,,,2023-04-05,,,False,,False,True,False,False,,False,False,,,,,,Contact,Converted Contact,L00445,59.2,True,C00253,Aether Group,aethergroup.com,True,False,False,90.2,United States,1511.3,True,False,False,False,False,True,False,False,False,False,False,False,False,False,False,,1,duplicate_email,5.0,0.0,2026-05-05 00:00:00,2024-06-02 00:00:00,23.0,0.0,0.0,False,5.0,1.0,2.0,1175.5479062836089,2.655085081280292e-05,151.57165665103983,0.0,9.987775066572456e-05,0.0,1327.11968936325,False,True,1.0,C1,1.0,49.02,49.02,0.5,0.0,0.25,86.61856502383054,49.0,25.0,68.0,0.6,0.25,0.15,High,last engaged 23d ago; named account; segment C1,Follow Up,1,Email undeliverable — use phone or LinkedIn only | Note: email bounced — use phone/LinkedIn,False,Phone / LinkedIn
C00087,Dorothy,Clark,dclark@vertexdynamics.com,Individual Contributor of Something,,Individual Contributor,,+1-555-3029,ACC0014,Financial Services,500.0,,,2024-01-01,,,False,,False,False,False,False,,False,False,,,,,,Contact,Converted Contact,L00230,63.1,True,C00087,Krypton Ventures,kryptonventures.com,False,True,False,58.5,United States,127.1,True,False,False,False,False,False,False,False,False,False,False,False,False,False,False,,1,duplicate_email,7.0,0.0,2026-05-06 00:00:00,2024-01-27 00:00:00,22.0,2.0,0.0,False,5.0,1.0,1.0,2.912163640362762e-05,1203.025036082117,0.0,0.0,0.0,0.0,1203.025065203753,True,False,1.0,C1,1.0,70.85,70.85,0.3,0.0,0.15,78.51914614095307,70.8,15.0,67.1,0.6,0.25,0.15,High,last engaged 22d ago; ICP industry (Financial Services); segment C1,Follow Up,1,Schedule follow-up within 5 business days,False,Follow Up
C00295,Sharon,Garcia,info@b2bleads.net,Individual Contributor of Something,,Individual Contributor,Influencer,+1-555-3733,,,,,,2023-11-17,,,True,2023-10-22,True,False,False,False,,False,False,,,,,,Contact,Orphan Contact,,85.8,False,C00295,,,,,,,,,True,True,False,True,True,False,False,False,False,False,True,False,False,True,False,,5,"duplicate_email, shared_email, orphan_contact, missing_account, missing_industry",7.0,0.0,2026-05-28 00:00:00,2023-04-24 00:00:00,0.0,1.0,0.0,False,6.0,2.0,2.0,1000.0,4.339152985214545,527.8031643091578,0.0,0.0,0.0,1532.1423172943723,False,False,0.25,C3,0.45,3.75,1.6875,0.3,0.5,0.4,100.0,1.7,40.0,66.4,0.6,0.25,0.15,Low,2 meaningful engagements in last 30d; segment C3,Follow Up,1,"Do not email — schedule call or event outreach (opted out, non-email signal present) | Note: opted out — no email",False,Follow Up
L00110,Margaret,Walker,mwalker@harborsolutions.com,VP of Something,Harbor Solutions & Co,VP,Influencer,+1-555-8913,ACC0076,Education,5000.0,,,2024-01-01,Cold Call,Open,False,,False,False,False,True,C00151,False,False,27.0,0.0,False,,,Lead,Converted Lead - linked,,,,C00151,Harbor Solutions,harborsolutions.com,False,False,False,88.8,United Kingdom,1390.5,True,False,False,False,False,False,False,False,False,False,False,False,False,False,False,,1,duplicate_email,14.0,12.0,2026-05-28 00:00:00,2023-02-18 00:00:00,0.0,12.0,0.8571428571428571,True,2.0,1.0,2.0,707.1067811865474,0.0,178.1797436280679,0.0,0.0,0.0,885.2865248146154,False,False,1.0,L1,0.9,23.880000000000003,21.492000000000004,0.85,0.5,0.675,73.40358389259598,21.5,67.5,65.0,0.75,0.15,0.1,High,no engagement history; engagement discounted (automation-heavy); segment L1,Follow Up,1,Do not action — record converted to contact C00151 (work the contact record instead),True,Converted
C00186,Betty,Smith,bsmith@gravitasventures.com,Director of Something,,Director,Technical Buyer,+1-555-9731,ACC0008,Financial Services,1000.0,,,2024-01-01,,,False,,False,False,False,False,,False,False,,,,,,Contact,Converted Contact,L00076,16.3,True,C00186,Aether Networks,aethernetworks.com,False,True,False,17.3,United States,301.0,True,False,False,False,False,False,False,False,False,False,False,False,False,False,False,,1,duplicate_email,6.0,0.0,2026-05-25 00:00:00,2023-11-02 00:00:00,3.0,1.0,0.0,False,5.0,2.0,2.0,0.0,933.0329915368076,0.0,0.0,0.0286999000557521,6.435033306329404e-08,933.0616915012135,True,False,1.0,C1,1.0,66.73,66.73,0.7,0.85,0.7749999999999999,60.899152837767566,66.7,77.5,64.8,0.6,0.25,0.15,High,2 meaningful engagements in last 30d; ICP industry (Financial Services); segment C1,Follow Up,1,Schedule follow-up within 5 business days,False,Follow Up
C00306,Thomas,Lee,tlee@nexustechnologies.com,Individual Contributor of Something,,Individual Contributor,,,ACC0104,Professional Services,100.0,,,2024-01-01,,,False,,False,False,False,False,,False,False,,,,,,Contact,Converted Contact,L00073,32.3,True,C00306,Cascade Partners,cascadepartners.com,False,False,False,48.1,United States,10.3,True,False,False,False,False,False,False,False,False,False,False,False,True,False,False,,2,"duplicate_email, missing_phone",7.0,0.0,2026-05-28 00:00:00,2023-04-28 00:00:00,0.0,1.0,0.0,False,6.0,1.0,1.0,0.0,1500.0,3.901474635379869e-07,1.0054739541139719e-09,0.0,0.0,1500.000000391153,False,False,0.65,C1,1.0,14.56,14.56,0.3,0.0,0.15,97.902132423313,14.6,15.0,64.6,0.6,0.25,0.15,Medium,no engagement history; segment C1,Follow Up,1,Schedule follow-up within 5 business days,False,Follow Up
L00548,Barbara,Carter,bcarter@unknown.com,,,VP,Technical Buyer,+1-555-2734,,,,,,2024-01-01,Web,Working,False,,True,False,False,False,,False,False,56.0,0.0,True,Duplicate,2023-03-03,Lead,Orphan Lead,,,,L00548,,,,,,,,,False,False,False,False,True,False,False,False,False,False,True,True,False,True,False,,3,"missing_account, missing_title, missing_industry",2.0,0.0,2026-05-23 00:00:00,2024-06-20 00:00:00,5.0,0.0,0.0,False,2.0,1.0,1.0,0.0,890.8987181403393,0.0,0.0,0.0,0.0,890.8987181403393,False,False,0.25,L3,0.45,3.75,1.6875,0.85,0.85,0.85,73.86891922986716,1.7,85.0,64.2,0.75,0.15,0.1,Medium,last engaged 5d ago; segment L3,Follow Up,1,"Do not email — schedule call or event outreach (opted out, non-email signal present) | Note: opted out — no email",False,Follow Up
L00486,Cynthia,Thompson,admin@tradeshow.events,Individual Contributor of Something,Paragon Systems Inc.,Individual Contributor,CISO,+1-555-3930,ACC0028,Professional Services,300.0,,,2024-01-01,Web,MQL,True,2023-01-17,False,False,False,False,,False,False,78.0,2.0,False,,,Lead,Orphan Lead,,,,L00486,Paragon Systems,paragonsystems.com,False,False,False,23.1,Canada,35.0,True,False,False,False,False,False,False,False,False,False,False,False,False,False,False,,1,duplicate_email,8.0,1.0,2026-05-05 00:00:00,2023-03-03 00:00:00,23.0,2.0,0.125,False,6.0,1.0,1.0,0.6442909720570776,881.6609297127065,0.0,2.7570723732613276e-10,0.0,4.765456039443509e-08,882.3052207326939,False,False,0.65,L1,0.9,12.06,10.854,0.3,1.0,0.65,73.15638889057956,10.9,65.0,63.0,0.75,0.15,0.1,High,last engaged 23d ago; segment L1,Follow Up,1,Schedule follow-up within 5 business days,False,Follow Up
L00116,Kenneth,Nelson,knelson@zenithlabs.com,Director of Something,Zenith Labs,Director,Influencer,+1-555-2368,ACC0096,Energy,150.0,,,2024-01-01,Web,Open,False,,False,False,False,True,C00359,False,False,20.0,0.0,True,Duplicate,2022-11-11,Lead,Converted Lead - linked,,,,C00359,Zenith Labs,zenithlabs.com,False,True,False,88.1,United States,22.8,True,False,False,False,False,False,False,False,False,False,False,False,False,False,False,,1,duplicate_email,5.0,1.0,2026-04-16 00:00:00,2023-05-13 00:00:00,42.0,1.0,0.2,False,4.0,0.0,1.0,757.858283255199,3.396430941515486e-06,0.0,0.0,0.0,0.0,757.85828665163,True,False,0.65,L1,0.9,68.56,61.704,0.7,0.5,0.6,62.83786408539444,61.7,60.0,62.4,0.75,0.15,0.1,High,last engaged 42d ago; ICP industry (Energy); segment L1,Follow Up,1,Do not action — record converted to contact C00359 (work the contact record instead),True,Converted
C00165,Betty,Mitchell,bmitchell@unknown.com,,,Individual Contributor,Financial Buyer,,,,,,,2022-08-17,,,True,2022-04-06,False,False,False,False,,False,False,,,,,,Contact,Orphan Contact,,86.1,False,C00165,,,,,,,,,True,False,False,True,False,False,False,False,False,False,True,True,True,True,False,,6,"duplicate_email, orphan_contact, missing_account, missing_title, missing_phone, missing_industry",2.0,0.0,2026-05-12 00:00:00,2023-03-22 00:00:00,16.0,0.0,0.0,False,2.0,1.0,1.0,1381.9128799677756,0.0,0.0,0.0,0.0,0.0,1381.9128799677756,False,False,0.25,C3,0.45,3.75,1.6875,0.3,0.7,0.5,90.19481182453804,1.7,50.0,62.0,0.6,0.25,0.15,Low,last engaged 16d ago; segment C3,Follow Up,1,Schedule follow-up within 5 business days,False,Follow Up
C00355,Carol,Green,cgreen@mantlesystems.com,Individual Contributor of Something,,Individual Contributor,,+1-555-9994,ACC0142,Software,7500.0,,,2022-01-11,,,False,,False,False,False,False,,False,False,,,,,,Contact,Converted Contact,L00393,0.0,True,C00355,Xenon Dynamics,xenondynamics.com,False,True,False,84.6,United Kingdom,2199.5,True,False,False,False,False,False,False,False,False,False,False,False,False,False,False,,1,duplicate_email,9.0,7.0,2026-05-28 00:00:00,2023-03-18 00:00:00,0.0,7.0,0.7777777777777778,True,2.0,1.0,1.0,0.0,1000.0,0.0,0.0,0.0,0.0,1000.0,True,False,1.0,C1,1.0,73.46,73.46,0.3,0.0,0.15,65.26808826518881,73.5,15.0,59.8,0.6,0.25,0.15,High,no engagement history; ICP industry (Software); engagement discounted (automation-heavy); segment C1,Follow Up,1,Schedule follow-up within 5 business days | Note: engagement may be automation-inflated,False,Follow Up
L00500,Michael,Nguyen,michael.nguyen@hotmail.com,Individual Contributor of Something,Forge Ventures & Co,Individual Contributor,Technical Buyer,+1-555-2835,ACC0042,Telecommunications,25000.0,,,2024-01-01,Trade Show,Disqualified,False,,False,False,False,True,C00231,True,True,0.0,0.0,False,,,Lead,Converted Lead - linked,,,,C00231,Forge Ventures,forgeventures.com,True,True,False,79.6,Canada,10488.4,True,False,False,False,False,False,False,False,False,False,False,False,False,False,False,,1,duplicate_email,18.0,10.0,2026-04-22 00:00:00,2023-03-08 00:00:00,36.0,13.0,0.5555555555555556,False,5.0,0.0,1.0,1.5473545517140471e-09,652.9129224720932,0.0,4.993887533286228e-05,0.0,0.0,652.912972412516,True,True,0.65,L1,0.9,92.71,83.439,0.3,0.85,0.575,54.13631722800972,83.4,57.5,58.9,0.75,0.15,0.1,High,last engaged 36d ago; ICP industry (Telecommunications); named account; segment L1,Follow Up,1,Do not action — record converted to contact C00231 (work the contact record instead),True,Converted
L00301,Emily,Lee,elee@delphilabs.com,Unknown Title,Delphi Labs Inc.,,CISO,+1-555-9316,ACC0013,Healthcare,7500.0,,,2022-10-20,Advertisement,Disqualified,False,,False,False,False,False,,False,False,47.0,0.0,False,,,Lead,Orphan Lead,,,,L00301,Delphi Labs,delphilabs.com,True,True,False,99.3,Australia,2455.0,False,False,False,False,False,False,False,False,False,False,False,False,False,False,False,,0,,15.0,12.0,2026-05-06 00:00:00,2023-03-01 00:00:00,22.0,14.0,0.8,True,1.0,1.0,1.0,601.5125180410582,0.0,0.0,0.0,0.0,0.0,601.5125180410582,True,True,1.0,L1,0.9,99.93,89.93700000000001,0.5,1.0,0.75,49.87444555277674,89.9,75.0,58.4,0.75,0.15,0.1,High,last engaged 22d ago; ICP industry (Healthcare); named account; engagement discounted (automation-heavy); segment L1,Follow Up,1,Schedule follow-up within 5 business days | Note: engagement may be automation-inflated,False,Follow Up
L00494,Donna,Walker,dwalker@quantumcorp.com,Individual Contributor of Something,Quantum Corp LLC,Individual Contributor,CISO,+1-555-3332,ACC0017,Government,150.0,,,2024-01-01,Web,Nurturing,False,,True,False,False,False,,False,False,0.0,0.0,False,,,Lead,Orphan Lead,,,,L00494,Quantum Corp,quantumcorp.com,True,False,False,88.0,Netherlands,23.4,False,False,False,False,True,False,False,False,False,False,False,False,False,False,False,,0,,5.0,0.0,2026-04-15 00:00:00,2023-09-08 00:00:00,43.0,0.0,0.0,False,5.0,0.0,1.0,740.5487761432821,8.689546878792432e-07,4.344773439396215e-08,0.0,0.0,4.768371582031258e-05,740.5488247394003,False,True,0.65,L1,0.9,43.55,39.195,0.3,1.0,0.65,61.402649040326274,39.2,65.0,58.4,0.75,0.15,0.1,High,last engaged 43d ago; named account; segment L1,Follow Up,1,"Do not email — schedule call or event outreach (opted out, non-email signal present) | Note: opted out — no email",False,Follow Up
C00039,Timothy,Jones,newsletter@marketingblast.com,VP of Something,,VP,Technical Buyer,+1-555-8454,ACC0003,Telecommunications,7500.0,,,2024-01-01,,,False,,False,True,False,False,,False,False,,,,,,Contact,Converted Contact,L00166,71.1,True,C00039,Meridian Ventures,meridianventures.com,False,True,False,89.0,United States,2028.1,True,True,False,False,False,True,False,False,False,False,False,False,False,False,False,,2,"duplicate_email, shared_email",3.0,0.0,2026-05-12 00:00:00,2023-09-09 00:00:00,16.0,0.0,0.0,False,3.0,1.0,1.0,690.9564399838878,7.74150617553656e-07,4.446327704519125e-08,0.0,0.0,0.0,690.9564408025017,True,False,1.0,C1,1.0,73.9,73.9,0.85,0.85,0.85,45.09740596569838,73.9,85.0,58.3,0.6,0.25,0.15,Medium,last engaged 16d ago; ICP industry (Telecommunications); segment C1,Follow Up,1,Email undeliverable — use phone or LinkedIn only | Note: email bounced — use phone/LinkedIn,False,Phone / LinkedIn
L00172,Kathleen,Miller,jrobinson@quantumcorp.com,Individual Contributor of Something,Radiant Dynamics LLC,Individual Contributor,,+1-555-9941,ACC0015,Software,5000.0,,,2024-01-01,Web,MQL,True,2023-02-02,True,False,False,True,,False,False,55.0,4.0,False,,,Lead,Converted Lead - broken link,,,,L00172,Radiant Dynamics,radiantdynamics.com,True,True,False,12.7,United States,1293.3,True,False,True,False,True,False,False,False,False,False,False,False,False,False,False,,2,"duplicate_email, broken_conversion_link",3.0,0.0,2026-05-13 00:00:00,2024-12-23 00:00:00,15.0,2.0,0.0,False,1.0,1.0,1.0,707.1067811865474,0.0,0.0,0.0,0.0,0.0,707.1067811865474,True,True,1.0,L1,0.9,91.27,82.143,0.3,0.0,0.15,58.629800046622535,82.1,15.0,57.8,0.75,0.15,0.1,Medium,last engaged 15d ago; ICP industry (Software); named account; segment L1,Follow Up,1,"Do not email — schedule call or event outreach (opted out, non-email signal present) | Note: opted out — no email; broken conversion link (DQ-1)",False,Follow Up
L00552,Sarah,Robinson,srobinson@novasolutions.com,Manager of Something,Nova Solutions Corp,Manager,Technical Buyer,+1-555-9589,ACC0016,Retail,3500.0,,,2024-01-01,Web,Nurturing,False,,True,False,False,True,C00311,False,False,67.0,0.0,False,,,Lead,Converted Lead - linked,,,,C00311,Nova Solutions,novasolutions.com,False,False,False,89.7,Germany,890.6,True,False,False,False,True,False,False,False,False,False,False,False,False,False,False,,1,duplicate_email,10.0,7.0,2026-05-16 00:00:00,2023-05-17 00:00:00,12.0,8.0,0.7,False,2.0,1.0,1.0,757.858283255199,0.0,0.0,0.0,0.0,4.310561205163149e-09,757.8582832595096,False,False,1.0,L1,0.9,23.97,21.573,0.5,0.85,0.675,62.837863804136575,21.6,67.5,57.1,0.75,0.15,0.1,High,last engaged 12d ago; segment L1,Follow Up,1,Do not action — record converted to contact C00311 (work the contact record instead),True,Converted
L00288,Stephanie,Davis,sdavis@unknown.com,Manager of Something,,Manager,Technical Buyer,+1-555-6489,,,,Financial Services,,2023-11-03,Trade Show,MQL,True,2022-05-20,False,False,False,False,,False,False,8.0,1.0,False,,,Lead,Orphan Lead,,,,L00288,,,,,,,,,False,False,False,False,False,False,False,False,False,False,True,False,False,True,False,,2,"missing_account, missing_industry",44.0,38.0,2026-04-14 00:00:00,2023-02-28 00:00:00,44.0,39.0,0.8636363636363636,True,5.0,0.0,1.0,4.214684851089404e-05,723.634618720189,0.0,0.0,0.0,0.0,723.6346608670375,True,False,0.25,L2,0.55,53.75,29.562500000000004,0.5,0.85,0.675,60.00021015531322,29.6,67.5,56.2,0.75,0.15,0.1,Medium,last engaged 44d ago; ICP industry (nan); engagement discounted (automation-heavy); segment L2,Follow Up,1,Schedule follow-up within 5 business days | Note: engagement may be automation-inflated,False,Follow Up
L00134,Barbara,Davis,eanderson@unknown.com,Individual Contributor of Something,Delphi Labs,Individual Contributor,,+1-555-7733,ACC0013,Healthcare,7500.0,,,2024-01-01,Event,MQL,True,2023-01-17,True,False,False,True,C00290,False,False,61.0,4.0,False,,,Lead,Converted Lead - linked,,,,C00290,Delphi Labs,delphilabs.com,True,True,False,99.3,Australia,2455.0,True,False,False,False,True,False,False,False,False,False,False,False,False,False,False,,1,duplicate_email,2.0,0.0,2026-05-10 00:00:00,2023-06-07 00:00:00,18.0,0.0,0.0,False,2.0,1.0,1.0,659.753955386447,6.3340889995461195e-09,0.0,0.0,0.0,0.0,659.7539553927811,True,True,1.0,L1,0.9,99.93,89.93700000000001,0.3,0.0,0.15,54.70353773123027,89.9,15.0,56.0,0.75,0.15,0.1,High,last engaged 18d ago; ICP industry (Healthcare); named account; segment L1,Follow Up,1,Do not action — record converted to contact C00290 (work the contact record instead),True,Converted
C00069,Christopher,Johnson,cjohnson@umbrasystems.com,Unknown Title,,,Technical Buyer,+1-555-5533,ACC0140,Software,25000.0,,,2023-06-09,,,False,,False,False,False,False,,False,False,,,,,,Contact,Converted Contact,L00422,19.9,True,C00069,Vertex Systems,vertexsystems.com,False,True,False,10.0,United States,13363.2,True,False,False,False,False,False,False,False,False,False,False,False,False,False,False,,1,duplicate_email,9.0,4.0,2026-04-17 00:00:00,2023-02-10 00:00:00,41.0,4.0,0.4444444444444444,False,5.0,0.0,1.0,775.5723809168671,0.000193656062211,2.866481461899635e-08,0.0,0.0,0.0,775.5725746015942,True,False,0.65,C1,1.0,60.75,60.75,0.5,0.85,0.675,50.62013925515657,60.8,67.5,55.7,0.6,0.25,0.15,High,last engaged 41d ago; ICP industry (Software); segment C1,Follow Up,1,Schedule follow-up within 5 business days,False,Follow Up
L00185,Kathleen,Green,kgreen@novatechnologies.com,Individual Contributor of Something,,Individual Contributor,Technical Buyer,,ACC0037,Manufacturing,150.0,,,2024-01-01,Partner Referral,Open,False,,False,False,False,True,C00266,False,False,11.0,0.0,True,Duplicate,2022-11-25,Lead,Converted Lead - linked,,,,C00266,Nova Technologies,novatechnologies.com,True,False,False,75.8,United States,28.9,True,False,False,False,False,False,False,False,False,False,False,False,True,False,False,,2,"duplicate_email, missing_phone",4.0,1.0,2026-05-13 00:00:00,2023-03-06 00:00:00,15.0,1.0,0.25,False,3.0,1.0,1.0,707.1067811865474,2.349658273597885,0.0,2.9549570039534507e-10,0.0,0.0,709.4564394604408,False,True,0.65,L1,0.9,42.33,38.097,0.3,0.85,0.575,58.82462209958758,38.1,57.5,55.6,0.75,0.15,0.1,Medium,last engaged 15d ago; named account; segment L1,Follow Up,1,Do not action — record converted to contact C00266 (work the contact record instead),True,Converted
C00301,Ashley,Davis,adavis@umbrapartners.com,C-Level of Something,,C-Level,Technical Buyer,+1-555-9813,ACC0162,Software,1500.0,,,2022-08-05,,,True,2023-08-18,False,False,False,False,,False,False,,,,,,Contact,Orphan Contact,,96.3,False,C00301,Umbra Partners,umbrapartners.com,False,True,False,43.5,United States,382.2,False,False,False,True,False,False,False,False,False,False,False,False,False,False,False,,1,orphan_contact,4.0,0.0,2026-05-07 00:00:00,2024-10-09 00:00:00,21.0,0.0,0.0,False,4.0,2.0,2.0,500.0,307.7861033362291,0.0,0.0,0.0001046013812727,0.0207682412341517,807.8069761788444,True,False,1.0,C2,0.55,69.35,38.1425,1.0,0.85,0.925,52.72401702247608,38.1,92.5,55.0,0.6,0.25,0.15,High,2 meaningful engagements in last 30d; ICP industry (Software); segment C2,Follow Up,1,Schedule follow-up within 5 business days,False,Follow Up
L00429,Matthew,Hill,mhill@xenondynamics.com,Director of Something,Xenon Dynamics Inc.,Director,,+1-555-7698,ACC0119,Energy,150.0,,,2024-01-01,Webinar,MQL,True,2023-11-21,False,False,False,True,C00133,False,False,48.0,2.0,False,,,Lead,Converted Lead - linked,,,,C00133,Xenon Dynamics,xenondynamics.com,True,True,False,30.4,France,19.7,True,False,False,False,False,False,False,False,False,False,False,False,False,False,False,,1,duplicate_email,16.0,12.0,2026-05-08 00:00:00,2023-02-18 00:00:00,20.0,14.0,0.75,True,2.0,1.0,1.0,629.9605249474365,0.0,0.0,2.758759171304416e-07,0.0,0.0,629.9605252233124,True,True,0.65,L1,0.9,87.79,79.01100000000001,0.7,0.0,0.35,52.2332137292347,79.0,35.0,54.5,0.75,0.15,0.1,High,last engaged 20d ago; ICP industry (Energy); named account; engagement discounted (automation-heavy); segment L1,Follow Up,1,Do not action — record converted to contact C00133 (work the contact record instead),True,Converted
L00166,Timothy,Jones,newsletter@marketingblast.com,Manager of Something,Quantum,Manager,Technical Buyer,+1-555-8455,ACC0004,Government,75.0,,,2022-07-23,Trade Show,Open,False,,False,True,False,True,C00039,False,False,29.0,0.0,True,Duplicate,2023-10-25,Lead,Converted Lead - linked,,,,C00039,Quantum Labs,quantumlabs.com,True,False,False,59.4,United Kingdom,7.2,True,True,False,False,False,True,False,False,False,False,False,False,False,False,False,,2,"duplicate_email, shared_email",3.0,0.0,2026-05-12 00:00:00,2023-09-09 00:00:00,16.0,0.0,0.0,False,3.0,1.0,1.0,690.9564399838878,7.74150617553656e-07,4.446327704519125e-08,0.0,0.0,0.0,690.9564408025017,False,True,0.25,L1,0.9,34.69,31.221,0.5,0.85,0.675,57.29069363073924,31.2,67.5,54.4,0.75,0.15,0.1,Medium,last engaged 16d ago; named account; segment L1,Follow Up,1,Do not action — record converted to contact C00039 (work the contact record instead),True,Converted
C00070,Betty,Robinson,brobinson@gravitasgroup.com,Unknown Title,,,,+1-555-1055,,,,,,2023-07-18,,,False,,False,False,False,False,,False,False,,,,,,Contact,Converted Contact,L00300,36.0,True,C00070,,,,,,,,,True,False,False,False,False,False,False,False,False,False,True,False,False,True,False,,3,"duplicate_email, missing_account, missing_industry",6.0,1.0,2026-05-08 00:00:00,2023-05-09 00:00:00,20.0,1.0,0.1666666666666666,False,5.0,1.0,1.0,1259.921049894873,3.9902260312178515e-09,0.0,7.058105275549005e-08,3.673587207136278,0.0,1263.5946371765806,False,False,0.25,C1,1.0,3.75,3.75,0.5,0.0,0.25,82.47240631066029,3.8,25.0,54.2,0.6,0.25,0.15,Medium,last engaged 20d ago; segment C1,Follow Up,1,Schedule follow-up within 5 business days,False,Follow Up
C00133,Matthew,Hill,mhill@xenondynamics.com,VP of Something,,VP,Financial Buyer,+1-555-1366,ACC0081,Healthcare,5000.0,,,2023-08-12,,,False,,False,False,False,False,,False,False,,,,,,Contact,Converted Contact,L00429,0.0,True,C00133,Nimbus Labs,nimbuslabs.com,False,True,False,40.9,United States,2062.3,True,False,False,False,False,False,False,False,False,False,False,False,False,False,False,,1,duplicate_email,16.0,12.0,2026-05-08 00:00:00,2023-02-18 00:00:00,20.0,14.0,0.75,True,2.0,1.0,1.0,629.9605249474365,0.0,0.0,2.758759171304416e-07,0.0,0.0,629.9605252233124,True,False,1.0,C1,1.0,69.09,69.09,0.85,0.7,0.7749999999999999,41.11631916385985,69.1,77.5,53.6,0.6,0.25,0.15,High,last engaged 20d ago; ICP industry (Healthcare); engagement discounted (automation-heavy); segment C1,Follow Up,1,Schedule follow-up within 5 business days | Note: engagement may be automation-inflated,False,Follow Up
C00191,Jason,King,jking@harborventures.com,,,Manager,CISO,+1-555-8328,ACC0001,Government,2000.0,,,2022-04-16,,,True,2022-10-09,False,False,False,False,,False,False,,,,,,Contact,Orphan Contact,,21.0,False,C00191,Quantum Networks,quantumnetworks.com,False,False,False,73.9,United States,675.7,True,False,False,True,False,False,False,False,False,False,False,True,False,False,False,,3,"duplicate_email, orphan_contact, missing_title",2.0,0.0,2026-05-28 00:00:00,2024-09-12 00:00:00,0.0,0.0,0.0,False,2.0,1.0,1.0,1000.0,0.0,0.0,0.0,0.0,2.802724614819552e-05,1000.000028027246,False,False,1.0,C2,0.55,22.39,12.3145,0.5,1.0,0.75,65.26809009447356,12.3,75.0,53.5,0.6,0.25,0.15,Medium,no engagement history; segment C2,Follow Up,1,Schedule follow-up within 5 business days,False,Follow Up
C00381,Timothy,Ramirez,tramirez@fusiongroup.com,,,VP,Technical Buyer,+1-555-4854,ACC0200,Retail,750.0,,,2022-06-14,,,True,2022-05-26,False,False,False,False,,False,False,,,,,,Contact,Orphan Contact,,95.1,False,C00381,Fusion Group,fusiongroup.com,False,False,False,28.1,United Kingdom,188.7,False,False,False,True,False,False,False,False,False,False,False,True,False,False,False,,2,"orphan_contact, missing_title",2.0,0.0,2026-04-27 00:00:00,2023-10-29 00:00:00,31.0,0.0,0.0,False,2.0,0.0,1.0,977.1599684342458,0.0,0.0,0.0,0.0,0.0,977.1599684342458,False,False,1.0,C2,0.55,17.810000000000002,9.795500000000002,0.85,0.85,0.85,63.777363068975454,9.8,85.0,53.5,0.6,0.25,0.15,Medium,last engaged 31d ago; segment C2,Follow Up,1,Schedule follow-up within 5 business days,False,Follow Up
L00246,Amanda,Roberts,aroberts@delphisystems.com,Director of Something,Delphi Systems Corp,Director,Financial Buyer,+1-555-5879,ACC0125,Telecommunications,7500.0,,,2024-01-01,Paid Search,MQL,True,2023-10-08,False,False,False,True,,False,False,87.0,1.0,False,,,Lead,Converted Lead - broken link,,,,L00246,Delphi Systems,delphisystems.com,True,True,False,16.5,United States,2582.6,True,False,True,False,False,False,False,False,False,False,False,False,False,False,False,,2,"duplicate_email, broken_conversion_link",3.0,0.0,2026-05-10 00:00:00,2025-01-05 00:00:00,18.0,1.0,0.0,False,2.0,2.0,2.0,0.0,329.8769776932236,214.35469250725865,0.0,0.0,0.0,544.2316702004822,True,True,1.0,L1,0.9,91.65,82.48500000000001,0.7,0.7,0.7,45.12500070972412,82.5,70.0,53.2,0.75,0.15,0.1,Medium,2 meaningful engagements in last 30d; ICP industry (Telecommunications); named account; segment L1,Follow Up,1,Schedule follow-up within 5 business days | Note: broken conversion link (DQ-1),False,Follow Up
L00105,Richard,Perez,clee@radianttechnologies.com,Individual Contributor of Something,Impulse Systems,Individual Contributor,Technical Buyer,+1-555-4297,ACC0188,Software,5000.0,,,2024-01-01,Webinar,Disqualified,False,,False,False,False,True,,False,False,85.0,0.0,False,,,Lead,Converted Lead - broken link,,,,L00105,Impulse Systems,impulsesystems.com,False,True,False,5.0,United States,1829.4,True,False,True,False,False,False,False,False,False,False,False,False,False,False,False,,2,"duplicate_email, broken_conversion_link",1.0,0.0,2026-05-07 00:00:00,2026-05-07 00:00:00,21.0,0.0,0.0,False,1.0,1.0,1.0,615.572206672458,0.0,0.0,0.0,0.0,0.0,615.572206672458,True,False,1.0,L1,0.9,65.5,58.95,0.3,0.85,0.575,51.04020545652638,59.0,57.5,52.9,0.75,0.15,0.1,Medium,last engaged 21d ago; ICP industry (Software); segment L1,Follow Up,1,Schedule follow-up within 5 business days | Note: broken conversion link (DQ-1),False,Follow Up
L00582,William,Thomas,wthomas@glacierdynamics.com,Individual Contributor of Something,Glacier Dynamics & Co,Individual Contributor,Technical Buyer,,ACC0177,Government,750.0,,,2024-01-01,Trade Show,MQL,True,2023-03-10,False,True,False,True,C00001,False,False,95.0,1.0,False,,,Lead,Converted Lead - linked,,,,C00001,Glacier Dynamics,glacierdynamics.com,False,False,False,46.5,Sweden,173.0,True,False,False,False,False,True,False,False,False,False,False,False,True,False,False,,2,"duplicate_email, missing_phone",3.0,0.0,2026-05-13 00:00:00,2024-04-08 00:00:00,15.0,0.0,0.0,False,3.0,1.0,1.0,707.1067811865474,0.0,0.0,0.0,0.0,0.0010067046438391,707.1077878911913,False,False,1.0,L1,0.9,19.65,17.685,0.3,0.85,0.575,58.62988351759686,17.7,57.5,52.4,0.75,0.15,0.1,Medium,last engaged 15d ago; segment L1,Follow Up,1,Do not action — record converted to contact C00001 (work the contact record instead),True,Converted
L00555,Angela,Hernandez,ahernandez@nexussolutions.com,Individual Contributor of Something,Nexus Solutions Inc.,Individual Contributor,,+1-555-8645,ACC0074,Energy,50.0,,,2024-01-01,Event,Working,False,,False,False,False,False,,False,False,62.0,0.0,False,,,Lead,Orphan Lead,,,,L00555,Nexus Solutions,nexussolutions.com,True,True,False,37.7,Germany,2.9,False,False,False,False,False,False,False,False,False,False,False,False,False,False,False,,0,,2.0,0.0,2026-05-08 00:00:00,2024-01-29 00:00:00,20.0,0.0,0.0,False,2.0,1.0,1.0,629.9605249474365,1.4783824346663432e-06,0.0,0.0,0.0,0.0,629.9605264258189,True,True,0.25,L1,0.9,82.52,74.268,0.3,0.0,0.15,52.23321382894059,74.3,15.0,51.8,0.75,0.15,0.1,High,last engaged 20d ago; ICP industry (Energy); named account; segment L1,Follow Up,1,Schedule follow-up within 5 business days,False,Follow Up
L00283,Charles,Carter,ccarter@kineticnetworks.com,Individual Contributor of Something,Kinetic Networks Group,Individual Contributor,,,ACC0031,Software,7500.0,,,2024-01-01,Web,Working,False,,False,False,False,False,,False,False,54.0,0.0,False,,,Lead,Orphan Lead,,,,L00283,Kinetic Networks,kineticnetworks.com,False,True,False,61.1,United States,3297.4,False,False,False,False,False,False,False,False,False,False,False,False,True,False,False,,1,missing_phone,1.0,0.0,2026-05-09 00:00:00,2026-05-09 00:00:00,19.0,0.0,0.0,False,1.0,1.0,1.0,644.6851542197893,0.0,0.0,0.0,0.0,0.0,644.6851542197893,True,False,1.0,L1,0.9,71.11,63.999,0.3,0.0,0.15,53.45410720217734,64.0,15.0,51.2,0.75,0.15,0.1,High,last engaged 19d ago; ICP industry (Software); segment L1,Follow Up,1,Schedule follow-up within 5 business days,False,Follow Up
C00119,Paul,Allen,pallen@delphisystems.com,Manager of Something,,Manager,,+1-555-6077,ACC0125,Telecommunications,7500.0,,,2024-01-01,,,True,2023-09-06,False,False,False,False,,False,False,,,,,,Contact,Orphan Contact,,36.5,False,C00119,Delphi Systems,delphisystems.com,True,True,False,16.5,United States,2582.6,False,False,False,True,False,False,False,False,False,False,False,False,False,False,False,,1,orphan_contact,5.0,0.0,2026-04-23 00:00:00,2023-11-25 00:00:00,35.0,0.0,0.0,False,5.0,0.0,1.0,0.0,890.8987181403394,2.634178031930877e-07,0.0,0.0,0.0,890.8987184037572,True,True,1.0,C2,0.55,91.65,50.407500000000006,0.5,0.0,0.25,58.14725618812001,50.4,25.0,51.2,0.6,0.25,0.15,High,last engaged 35d ago; ICP industry (Telecommunications); named account; segment C2,Follow Up,1,Schedule follow-up within 5 business days,False,Follow Up
C00004,Brian,Carter,bcarter@atlaspartners.com,Director of Something,,Director,Influencer,+1-555-2505,ACC0035,Energy,100.0,,,2022-09-03,,,False,,False,False,False,False,,False,False,,,,,,Contact,Converted Contact,L00096,50.6,True,C00004,Vertex Dynamics,vertexdynamics.com,True,True,False,72.6,United Kingdom,16.7,True,False,False,False,False,False,False,False,False,False,False,False,False,False,False,,1,duplicate_email,1.0,0.0,2026-05-27 00:00:00,2026-05-27 00:00:00,1.0,0.0,0.0,False,1.0,1.0,1.0,0.0,488.57998421712296,0.0,0.0,0.0,0.0,488.57998421712296,True,True,0.65,C1,1.0,92.01,92.01,0.7,0.5,0.6,31.88868153448773,92.0,60.0,51.1,0.6,0.25,0.15,High,last engaged 1d ago; ICP industry (Energy); named account; segment C1,Follow Up,1,Schedule follow-up within 5 business days,False,Follow Up
C00290,Barbara,Davis,eanderson@unknown.com,Manager of Something,,Manager,Financial Buyer,+1-555-6080,ACC0078,Software,50.0,,,2024-01-01,,,False,,True,False,False,False,,False,False,,,,,,Contact,Converted Contact,L00134,92.7,True,C00290,Meridian Labs,meridianlabs.com,False,True,False,31.9,United States,4.7,True,False,False,False,True,False,False,False,False,False,False,False,False,False,False,,1,duplicate_email,2.0,0.0,2026-05-10 00:00:00,2023-06-07 00:00:00,18.0,0.0,0.0,False,2.0,1.0,1.0,659.753955386447,6.3340889995461195e-09,0.0,0.0,0.0,0.0,659.7539553927811,True,False,0.25,C1,1.0,56.94,56.94,0.5,0.7,0.6,43.06087939388348,56.9,60.0,49.1,0.6,0.25,0.15,High,last engaged 18d ago; ICP industry (Software); segment C1,Follow Up,1,"Do not email — schedule call or event outreach (opted out, non-email signal present) | Note: opted out — no email",False,Follow Up
L00149,Donna,Baker,info@techconf.com,Unknown Title,,,Technical Buyer,,ACC0181,Software,15000.0,,,2024-01-01,Partner Referral,Disqualified,False,,False,False,False,False,,False,False,0.0,0.0,False,,,Lead,Orphan Lead,,,,L00149,Gravitas Ventures,gravitasventures.com,False,True,False,98.9,United States,6142.5,True,True,False,False,False,False,False,False,False,False,False,False,True,False,False,,3,"duplicate_email, shared_email, missing_phone",21.0,12.0,2026-05-10 00:00:00,2023-05-18 00:00:00,18.0,14.0,0.5714285714285714,False,7.0,1.0,1.0,511.6869459983874,10.30865555291324,0.0,0.0,0.0560887868650896,0.0,522.0516903381657,True,False,0.65,L1,0.9,69.64,62.676,0.5,0.85,0.675,43.28594638445856,62.7,67.5,48.6,0.75,0.15,0.1,Medium,last engaged 18d ago; ICP industry (Software); segment L1,Follow Up,1,Schedule follow-up within 5 business days,False,Follow Up
L00229,Stephanie,Walker,swalker@umbracorp.com,Individual Contributor of Something,Umbra,Individual Contributor,Influencer,+1-555-9698,ACC0135,Manufacturing,100.0,,,2024-01-01,Web,Working,False,,True,True,False,True,,False,False,79.0,0.0,False,,,Lead,Converted Lead - broken link,,,,L00229,Umbra Corp,umbracorp.com,True,False,False,77.2,United States,12.3,True,False,True,False,True,True,False,False,False,False,False,False,False,False,False,,2,"duplicate_email, broken_conversion_link",2.0,0.0,2026-05-07 00:00:00,2023-11-24 00:00:00,21.0,0.0,0.0,False,2.0,1.0,1.0,615.572206672458,0.0,2.574013322531766e-07,0.0,0.0,0.0,615.5722069298594,False,True,0.65,L1,0.9,42.47,38.223,0.3,0.5,0.4,51.04020547786882,38.2,40.0,48.0,0.75,0.15,0.1,Medium,last engaged 21d ago; named account; segment L1,Follow Up,1,"Do not email — schedule call or event outreach (opted out, non-email signal present) | Note: opted out — no email; email bounced — use phone/LinkedIn; broken conversion link (DQ-1)",False,Follow Up
C00184,Richard,Perez,clee@radianttechnologies.com,Unknown Title,,,Financial Buyer,,ACC0188,Software,5000.0,,,2024-01-01,,,True,2022-07-28,False,False,False,False,,False,False,,,,,,Contact,Orphan Contact,,35.5,False,C00184,Impulse Systems,impulsesystems.com,False,True,False,5.0,United States,1829.4,True,False,False,True,False,False,False,False,False,False,False,False,True,False,False,,3,"duplicate_email, orphan_contact, missing_phone",2.0,1.0,2026-05-16 00:00:00,2024-03-04 00:00:00,12.0,1.0,0.5,False,1.0,1.0,1.0,757.858283255199,0.0,0.0,0.0,0.0,0.0,757.858283255199,True,False,1.0,C2,0.55,65.5,36.025000000000006,0.5,0.7,0.6,49.46396132400479,36.0,60.0,47.7,0.6,0.25,0.15,Medium,last engaged 12d ago; ICP industry (Software); segment C2,Follow Up,1,Schedule follow-up within 5 business days,False,Follow Up
C00136,Richard,Torres,admin@tradeshow.events,,,Manager,Technical Buyer,,ACC0071,Education,50000.0,,,2024-01-01,,,True,2022-11-22,False,False,False,False,,False,False,,,,,,Contact,Orphan Contact,,45.1,False,C00136,Nimbus Solutions,nimbussolutions.com,False,False,False,74.4,United States,37672.9,True,False,False,True,False,False,False,False,False,False,False,True,True,False,False,,4,"duplicate_email, orphan_contact, missing_title, missing_phone",8.0,1.0,2026-05-05 00:00:00,2023-03-03 00:00:00,23.0,2.0,0.125,False,6.0,1.0,1.0,0.6442909720570776,881.6609297127065,0.0,2.7570723732613276e-10,0.0,4.765456039443509e-08,882.3052207326939,False,False,0.65,C2,0.55,17.19,9.4545,0.5,0.85,0.675,57.58637502361835,9.5,67.5,47.1,0.6,0.25,0.15,Low,last engaged 23d ago; segment C2,Follow Up,1,Schedule follow-up within 5 business days,False,Follow Up
C00317,Karen,Clark,kclark@apexventures.com,Manager of Something,,Manager,,+1-555-1928,ACC0152,Telecommunications,75.0,,,2022-01-09,,,False,,False,False,False,False,,False,False,,,,,,Contact,Orphan Contact,,58.4,False,C00317,Apex Ventures,apexventures.com,True,True,False,24.8,United States,2.9,False,False,False,True,False,False,False,False,False,False,False,False,False,False,False,,1,orphan_contact,44.0,35.0,2026-05-26 00:00:00,2023-02-17 00:00:00,2.0,36.0,0.7954545454545454,True,8.0,1.0,1.0,7.058105275549002e-07,822.6187347709696,0.0008968718767422,0.0,1.5605898541519484e-06,0.0,822.6196339092468,True,True,0.25,C2,0.55,81.23,44.6765,0.5,0.0,0.25,53.69081087466602,44.7,25.0,47.1,0.6,0.25,0.15,High,last engaged 2d ago; ICP industry (Telecommunications); named account; engagement discounted (automation-heavy); segment C2,Follow Up,1,Schedule follow-up within 5 business days | Note: engagement may be automation-inflated,False,Follow Up
L00215,Barbara,Rivera,brivera@ciphercorp.com,,,,,+1-555-1684,ACC0121,Telecommunications,75.0,,,2022-10-14,Trade Show,Working,False,,False,False,False,False,,False,False,58.0,0.0,False,,,Lead,Orphan Lead,,,,L00215,Cipher Corp,ciphercorp.com,False,True,False,9.7,United States,3.2,False,False,False,False,False,False,False,False,False,False,False,True,False,False,False,,1,missing_title,3.0,0.0,2026-04-29 00:00:00,2023-12-05 00:00:00,29.0,1.0,0.0,False,2.0,1.0,2.0,387.7861904584336,0.0,204.674778399355,0.0,0.0,0.0,592.4609688577885,True,False,0.25,L1,0.9,54.72,49.248,0.5,0.0,0.25,49.12393582376982,49.2,25.0,46.7,0.75,0.15,0.1,High,last engaged 29d ago; ICP industry (Telecommunications); segment L1,Follow Up,1,Schedule follow-up within 5 business days,False,Follow Up
C00369,Sarah,Flores,sarah.flores@hotmail.com,Individual Contributor of Something,,Individual Contributor,,+1-555-5494,ACC0109,Healthcare,1000.0,,,2022-05-16,,,False,,True,False,False,False,,True,True,,,,,,Contact,Orphan Contact,,87.1,False,C00369,Vertex Systems,vertexsystems.com,False,True,False,25.2,Canada,290.9,False,False,False,True,True,False,False,False,False,False,False,False,False,False,False,,1,orphan_contact,4.0,0.0,2026-04-23 00:00:00,2023-03-07 00:00:00,35.0,0.0,0.0,False,4.0,0.0,1.0,890.8987181403393,2.57716388822831,1.77853108180765e-07,0.0,0.0,0.0,893.4758822064206,True,False,1.0,C2,0.55,67.52,37.136,0.3,0.0,0.15,58.31546274266609,37.1,15.0,46.5,0.6,0.25,0.15,High,last engaged 35d ago; ICP industry (Healthcare); segment C2,Follow Up,1,"Do not email — schedule call or event outreach (opted out, non-email signal present) | Note: opted out — no email",False,Follow Up
C00363,Edward,Walker,patricia.mitchell@protonmail.com,VP of Something,,VP,Technical Buyer,+1-555-5704,ACC0031,Software,7500.0,,,2023-10-07,,,False,,False,False,False,False,,False,False,,,,,,Contact,Orphan Contact,,96.4,False,C00363,Kinetic Networks,kineticnetworks.com,False,True,False,61.1,United States,3297.4,True,False,False,True,False,False,False,False,False,False,False,False,False,False,False,,2,"duplicate_email, orphan_contact",6.0,4.0,2026-05-12 00:00:00,2023-03-01 00:00:00,16.0,4.0,0.6666666666666666,False,2.0,1.0,1.0,601.5125180410582,0.0,0.0,1.9507373176899323e-07,0.0,0.0,601.512518236132,True,False,1.0,C2,0.55,71.11,39.1105,0.85,0.85,0.85,39.25957213285185,39.1,85.0,46.1,0.6,0.25,0.15,Medium,last engaged 16d ago; ICP industry (Software); segment C2,Follow Up,1,Schedule follow-up within 5 business days,False,Follow Up
L00033,Amy,Adams,aadams@radiantdynamics.com,Individual Contributor of Something,Radiant Dynamics Corp,Individual Contributor,CISO,+1-555-7462,ACC0145,Professional Services,10000.0,,,2024-01-01,Event,Working,False,,False,False,False,False,,False,False,15.0,0.0,False,,,Lead,Orphan Lead,,,,L00033,Radiant Dynamics,radiantdynamics.com,True,False,False,45.0,Canada,2634.7,False,False,False,False,False,False,False,False,False,False,False,False,False,False,False,,0,,4.0,2.0,2026-05-01 00:00:00,2024-10-31 00:00:00,27.0,2.0,0.5,False,2.0,1.0,1.0,535.8867312681464,0.0187857729087054,0.0,0.0,0.0,0.0,535.9055170410551,False,True,1.0,L1,0.9,44.5,40.05,0.3,1.0,0.65,44.43463723438647,40.0,65.0,45.8,0.75,0.15,0.1,High,last engaged 27d ago; named account; segment L1,Follow Up,1,Schedule follow-up within 5 business days,False,Follow Up
L00379,Carol,Nguyen,cnguyen@ionicdynamics.com,Director of Something,Ionic Dynamics Inc.,Director,,+1-555-6982,ACC0070,Government,75.0,,,2024-01-01,Advertisement,MQL,True,2023-04-23,False,False,False,True,C00075,False,False,99.0,1.0,False,,,Lead,Converted Lead - linked,,,,C00075,Ionic Dynamics,ionicdynamics.com,False,False,False,20.4,United Kingdom,7.4,True,False,False,False,False,False,False,False,False,False,False,False,False,False,False,,1,duplicate_email,3.0,0.0,2026-05-10 00:00:00,2024-04-25 00:00:00,18.0,2.0,0.0,False,1.0,1.0,1.0,659.753955386447,0.0,0.0,0.0,0.0,0.0,659.753955386447,False,False,0.25,L1,0.9,5.79,5.211,0.7,0.0,0.35,54.70353773070508,5.2,35.0,45.3,0.75,0.15,0.1,High,last engaged 18d ago; segment L1,Follow Up,1,Do not action — record converted to contact C00075 (work the contact record instead),True,Converted
L00566,Linda,Scott,lscott@zenithdynamics.com,Manager of Something,Zenith Dynamics & Co,Manager,,+1-555-5183,ACC0038,Government,200.0,,,2024-01-01,Advertisement,MQL,True,2023-04-22,True,True,False,True,C00365,False,False,42.0,1.0,False,,,Lead,Converted Lead - linked,,,,C00365,Zenith Dynamics,zenithdynamics.com,False,False,False,98.3,United Kingdom,34.9,True,False,False,False,True,True,False,False,False,False,False,False,False,False,False,,1,duplicate_email,10.0,7.0,2026-05-25 00:00:00,2023-03-12 00:00:00,3.0,8.0,0.7,False,2.0,1.0,1.0,644.6851542197893,0.0,2.0907484894793042e-07,0.0,0.0,0.0,644.6851544288642,False,False,0.65,L1,0.9,19.58,17.622,0.5,0.0,0.25,53.45410721951279,17.6,25.0,45.2,0.75,0.15,0.1,High,last engaged 3d ago; segment L1,Follow Up,1,Do not action — record converted to contact C00365 (work the contact record instead),True,Converted
L00511,Dorothy,Nguyen,newsletter@marketingblast.com,Individual Contributor of Something,Nova Partners Group,Individual Contributor,,+1-555-6665,ACC0110,Healthcare,750.0,,,2022-05-25,Partner Referral,MQL,True,2023-04-10,False,False,False,False,,False,False,47.0,2.0,False,,,Lead,Orphan Lead,,,,L00511,Nova Partners,novapartners.com,True,True,False,29.5,Australia,157.1,True,True,False,False,False,False,False,False,False,False,False,False,False,False,False,,2,"duplicate_email, shared_email",1.0,0.0,2026-05-28 00:00:00,2026-05-28 00:00:00,0.0,0.0,0.0,False,1.0,1.0,1.0,0.0,500.0,0.0,0.0,0.0,0.0,500.0,True,True,1.0,L1,0.9,92.95,83.655,0.3,0.0,0.15,41.45752919257816,83.7,15.0,45.1,0.75,0.15,0.1,Medium,no engagement history; ICP industry (Healthcare); named account; segment L1,Follow Up,1,Schedule follow-up within 5 business days,False,Follow Up
L00261,Shirley,Sanchez,ssanchez@junctionsolutions.com,Individual Contributor of Something,Junction,Individual Contributor,,+1-555-8768,ACC0173,Healthcare,25.0,,,2024-01-01,Web,Disqualified,False,,False,False,False,False,,False,False,82.0,0.0,False,,,Lead,Orphan Lead,,,,L00261,Junction Solutions,junctionsolutions.com,False,True,False,11.9,United Kingdom,1.9,False,False,False,False,False,False,False,False,False,False,False,False,False,False,False,,0,,1.0,0.0,2026-05-04 00:00:00,2026-05-04 00:00:00,24.0,0.0,0.0,False,1.0,1.0,1.0,574.3491774985175,0.0,0.0,0.0,0.0,0.0,574.3491774985175,True,False,0.25,L1,0.9,54.94,49.446,0.3,0.0,0.15,47.622195585756096,49.4,15.0,44.6,0.75,0.15,0.1,High,last engaged 24d ago; ICP industry (Healthcare); segment L1,Follow Up,1,Schedule follow-up within 5 business days,False,Follow Up
L00089,Nancy,Davis,nancy.davis@yahoo.com,,,Manager,Technical Buyer,+1-555-2757,,,,Government,2000.0,2024-01-01,Partner Referral,Working,False,,False,False,False,False,,False,True,54.0,0.0,False,,,Lead,Orphan Lead,,,,L00089,,,,,,,,,False,False,False,False,False,False,False,False,False,True,True,True,False,True,False,,4,"free_email_leakage, missing_account, missing_title, missing_industry",3.0,0.0,2026-05-05 00:00:00,2023-08-23 00:00:00,23.0,0.0,0.0,False,3.0,1.0,1.0,0.0,587.7739531418044,0.0,0.0,0.0,3.7525614852772064e-09,587.773953145557,False,False,1.0,L2,0.55,15.0,8.25,0.5,0.85,0.675,48.735311642338,8.2,67.5,44.5,0.75,0.15,0.1,Low,last engaged 23d ago; segment L2,Follow Up,1,Schedule follow-up within 5 business days,False,Follow Up
L00027,Jeffrey,Lee,jlee@quantumlabs.com,Individual Contributor of Something,Quantum Labs Ltd,Individual Contributor,Influencer,+1-555-2083,ACC0004,Government,75.0,,,2024-01-01,Content Syndication,MQL,True,2022-06-29,False,False,False,False,,False,False,45.0,4.0,False,,,Lead,Orphan Lead,,,,L00027,Quantum Labs,quantumlabs.com,True,False,False,59.4,United Kingdom,7.2,False,False,False,False,False,False,False,False,False,False,False,False,False,False,False,,0,,2.0,0.0,2026-05-04 00:00:00,2024-05-09 00:00:00,24.0,0.0,0.0,False,2.0,1.0,1.0,0.0,574.3491774985175,0.0,0.0,0.0,0.0,574.3491774985175,False,True,0.25,L1,0.9,34.69,31.221,0.3,0.5,0.4,47.622195585756096,31.2,40.0,44.4,0.75,0.15,0.1,High,last engaged 24d ago; named account; segment L1,Follow Up,1,Schedule follow-up within 5 business days,False,Follow Up
C00308,Matthew,Ramirez,mramirez@ciphercorp.com,VP of Something,,VP,Technical Buyer,+1-555-1703,ACC0121,Telecommunications,75.0,,,2023-07-06,,,False,,False,False,False,False,,False,False,,,,,,Contact,Orphan Contact,,31.2,False,C00308,Cipher Corp,ciphercorp.com,False,True,False,9.7,United States,3.2,False,False,False,True,False,False,False,False,False,False,False,False,False,False,False,,1,orphan_contact,1.0,0.0,2026-05-07 00:00:00,2026-05-07 00:00:00,21.0,0.0,0.0,False,1.0,1.0,1.0,615.572206672458,0.0,0.0,0.0,0.0,0.0,615.572206672458,True,False,0.25,C2,0.55,54.72,30.096,0.85,0.85,0.85,40.17722111869503,30.1,85.0,44.4,0.6,0.25,0.15,High,last engaged 21d ago; ICP industry (Telecommunications); segment C2,Follow Up,1,Schedule follow-up within 5 business days,False,Follow Up
C00281,Steven,Torres,storres@latticegroup.com,Director of Something,,Director,CISO,+1-555-2487,ACC0152,Telecommunications,75.0,,,2023-01-30,,,True,2023-11-24,False,False,False,False,,False,False,,,,,,Contact,Converted Contact,L00600,74.7,True,C00281,Apex Ventures,apexventures.com,True,True,False,24.8,United States,2.9,True,False,False,False,False,False,False,False,False,False,False,False,False,False,False,,1,duplicate_email,7.0,1.0,2026-05-04 00:00:00,2023-03-01 00:00:00,24.0,3.0,0.1428571428571428,False,4.0,1.0,1.0,0.8501470344688717,287.1745887492588,0.0009392886454352,2.6325674069819465e-10,0.0,0.0,288.0256750726363,True,True,0.25,C1,1.0,81.23,81.23,0.7,1.0,0.85,18.798885183281417,81.2,85.0,44.3,0.6,0.25,0.15,High,last engaged 24d ago; ICP industry (Telecommunications); named account; segment C1,Follow Up,1,Schedule follow-up within 5 business days,False,Follow Up
L00218,Karen,Gonzalez,kgonzalez@unknown.com,Unknown Title,,,,,,,,,,2023-08-29,Web,Disqualified,False,,True,False,False,False,,False,False,29.0,0.0,False,,,Lead,Orphan Lead,,,,L00218,,,,,,,,,False,False,False,False,True,False,False,False,False,False,True,False,True,True,False,,3,"missing_account, missing_phone, missing_industry",3.0,0.0,2026-05-10 00:00:00,2025-10-22 00:00:00,18.0,1.0,0.0,False,2.0,1.0,1.0,0.0,659.7539553864472,0.0,0.0,0.0,0.0,659.7539553864472,False,False,0.25,L3,0.45,3.75,1.6875,0.5,0.0,0.25,54.70353773070509,1.7,25.0,43.8,0.75,0.15,0.1,Medium,last engaged 18d ago; segment L3,Follow Up,1,"Do not email — schedule call or event outreach (opted out, non-email signal present) | Note: opted out — no email",False,Follow Up
C00090,Susan,Johnson,sjohnson@aethertechnologies.com,,,C-Level,Technical Buyer,+1-555-6354,ACC0089,Education,750.0,,,2024-01-01,,,False,,False,False,False,False,,False,False,,,,,,Contact,Orphan Contact,,9.7,False,C00090,Aether Technologies,aethertechnologies.com,False,False,False,16.3,Germany,244.2,False,False,False,True,False,False,False,False,False,False,False,True,False,False,False,,2,"orphan_contact, missing_title",1.0,0.0,2026-05-13 00:00:00,2026-05-13 00:00:00,15.0,0.0,0.0,False,1.0,1.0,1.0,707.1067811865474,0.0,0.0,0.0,0.0,0.0,707.1067811865474,False,False,1.0,C2,0.55,16.63,9.1465,1.0,0.85,0.925,46.15150780739712,9.1,92.5,43.8,0.6,0.25,0.15,Medium,last engaged 15d ago; segment C2,Follow Up,1,Schedule follow-up within 5 business days,False,Follow Up
L00222,Ashley,Clark,info@techconf.com,Individual Contributor of Something,Vertex Systems & Co,Individual Contributor,,+1-555-4399,ACC0109,Healthcare,1000.0,,,2024-01-01,Cold Call,Nurturing,False,,False,False,False,False,,False,False,5.0,0.0,False,,,Lead,Orphan Lead,,,,L00222,Vertex Systems,vertexsystems.com,False,True,False,25.2,Canada,290.9,True,True,False,False,False,False,False,False,False,False,False,False,False,False,False,,2,"duplicate_email, shared_email",21.0,12.0,2026-05-10 00:00:00,2023-05-18 00:00:00,18.0,14.0,0.5714285714285714,False,7.0,1.0,1.0,511.6869459983874,10.30865555291324,0.0,0.0,0.0560887868650896,0.0,522.0516903381657,True,False,1.0,L1,0.9,67.52,60.768,0.3,0.0,0.15,43.28594638445856,60.8,15.0,43.1,0.75,0.15,0.1,Medium,last engaged 18d ago; ICP industry (Healthcare); segment L1,Follow Up,1,Schedule follow-up within 5 business days,False,Follow Up
C00076,William,Young,wyoung@unknown.com,Individual Contributor of Something,,Individual Contributor,,+1-555-9402,ACC0173,Healthcare,25.0,,,2023-03-10,,,False,,False,False,False,False,,False,False,,,,,,Contact,Converted Contact,L00435,35.6,True,C00076,Junction Solutions,junctionsolutions.com,False,True,False,11.9,United Kingdom,1.9,True,False,False,False,False,False,False,False,False,False,False,False,False,False,False,,1,duplicate_email,1.0,0.0,2026-05-12 00:00:00,2026-05-12 00:00:00,16.0,0.0,0.0,False,1.0,1.0,1.0,690.9564399838878,0.0,0.0,0.0,0.0,0.0,690.9564399838878,True,False,0.25,C1,1.0,54.94,54.94,0.3,0.0,0.15,45.09740591226902,54.9,15.0,43.0,0.6,0.25,0.15,High,last engaged 16d ago; ICP industry (Healthcare); segment C1,Follow Up,1,Schedule follow-up within 5 business days,False,Follow Up
C00108,James,Johnson,jjohnson@unknown.com,Unknown Title,,,Technical Buyer,+1-555-6239,ACC0200,Retail,750.0,,,2023-12-29,,,False,,False,False,False,False,,False,False,,,,,,Contact,Converted Contact,L00327,0.5,True,C00108,Fusion Group,fusiongroup.com,False,False,False,28.1,United Kingdom,188.7,True,False,False,False,False,False,False,False,False,False,False,False,False,False,False,,1,duplicate_email,6.0,0.0,2026-05-14 00:00:00,2023-03-13 00:00:00,14.0,2.0,0.0,False,4.0,1.0,1.0,0.0,723.634618720189,0.0,0.0009392886454352,1.0782996098998044e-06,0.0,723.6355590871341,False,False,1.0,C1,1.0,17.810000000000002,17.810000000000002,0.5,0.85,0.675,47.23030954232832,17.8,67.5,42.9,0.6,0.25,0.15,High,last engaged 14d ago; segment C1,Follow Up,1,Schedule follow-up within 5 business days,False,Follow Up
L00211,Edward,Flores,newsletter@marketingblast.com,Individual Contributor of Something,Radiant,Individual Contributor,,+1-555-3375,ACC0029,Software,1000.0,,,2022-10-01,Event,Disqualified,False,,False,False,False,False,,False,False,41.0,0.0,False,,,Lead,Orphan Lead,,,,L00211,Radiant Technologies,radianttechnologies.com,True,True,False,87.4,Australia,269.6,True,True,False,False,False,False,False,False,False,False,False,False,False,False,False,,2,"duplicate_email, shared_email",6.0,1.0,2026-05-03 00:00:00,2024-03-19 00:00:00,25.0,2.0,0.1666666666666666,False,4.0,1.0,2.0,0.6905339660024883,0.0,448.9848193237492,0.0,0.0,0.0004381936473835,449.6757914833991,True,True,1.0,L1,0.9,98.74,88.86600000000001,0.3,0.0,0.15,37.28489450523742,88.9,15.0,42.8,0.75,0.15,0.1,Medium,last engaged 25d ago; ICP industry (Software); named account; segment L1,Follow Up,1,Schedule follow-up within 5 business days,False,Follow Up
C00172,Charles,Hernandez,chernandez@delphisystems.com,Individual Contributor of Something,,Individual Contributor,,+1-555-3750,ACC0177,Government,750.0,,,2022-07-16,,,False,,True,False,False,False,,False,False,,,,,,Contact,Converted Contact,L00468,39.1,True,C00172,Glacier Dynamics,glacierdynamics.com,False,False,False,46.5,Sweden,173.0,True,False,False,False,True,False,False,False,False,False,False,False,False,False,False,,1,duplicate_email,3.0,0.0,2026-05-28 00:00:00,2023-04-29 00:00:00,0.0,0.0,0.0,False,3.0,1.0,2.0,406.1261981781177,500.0,0.0,1.028975793723e-09,0.0,0.0,906.1261981791466,False,False,1.0,C1,1.0,19.65,19.65,0.3,0.0,0.15,59.1411246821565,19.6,15.0,42.6,0.6,0.25,0.15,High,no engagement history; segment C1,Follow Up,1,"Do not email — schedule call or event outreach (opted out, non-email signal present) | Note: opted out — no email",False,Follow Up
L00465,Andrew,Brown,andrew.brown@protonmail.com,Director of Something,Delphi Networks Inc.,Director,,+1-555-9125,ACC0087,Telecommunications,500.0,,,2024-01-01,Content Syndication,Working,False,,False,True,False,False,,True,True,15.0,0.0,False,,,Lead,Orphan Lead,,,,L00465,Delphi Networks,delphinetworks.com,False,True,False,39.4,United States,120.6,False,False,False,False,False,True,False,False,False,False,False,False,False,False,False,,0,,4.0,1.0,2026-04-26 00:00:00,2023-05-23 00:00:00,32.0,1.0,0.25,False,3.0,0.0,1.0,477.42080195520816,4.478877284218171e-09,0.0,0.0,0.0,0.0293707284199735,477.450172688107,True,False,1.0,L1,0.9,68.94,62.046,0.7,0.0,0.35,39.58780894443736,62.0,35.0,42.5,0.75,0.15,0.1,High,last engaged 32d ago; ICP industry (Telecommunications); segment L1,Follow Up,1,Email undeliverable — use phone or LinkedIn only | Note: email bounced — use phone/LinkedIn,False,Phone / LinkedIn
L00380,Anthony,Campbell,acampbell@solarisdynamics.com,Individual Contributor of Something,Solaris Dynamics Inc.,Individual Contributor,,,ACC0057,Financial Services,7500.0,,,2024-01-01,Cold Call,MQL,True,2022-01-03,True,False,False,False,,False,False,37.0,2.0,False,,,Lead,Orphan Lead,,,,L00380,Solaris Dynamics,solarisdynamics.com,False,True,False,73.3,France,2490.0,False,False,False,False,True,False,False,False,False,False,False,False,True,False,False,,1,missing_phone,4.0,1.0,2026-05-28 00:00:00,2023-11-04 00:00:00,0.0,2.0,0.25,False,2.0,1.0,1.0,0.7573949032391285,500.0,0.0,0.0,0.0,0.0,500.7573949032391,True,False,1.0,L1,0.9,72.33,65.097,0.3,0.0,0.15,41.520328635200855,65.1,15.0,42.4,0.75,0.15,0.1,High,no engagement history; ICP industry (Financial Services); segment L1,Follow Up,1,"Do not email — schedule call or event outreach (opted out, non-email signal present) | Note: opted out — no email",False,Follow Up
C00194,Steven,Taylor,staylor@unknown.com,VP of Something,,VP,Technical Buyer,+1-555-3761,ACC0032,Education,300.0,,,2024-01-01,,,True,2023-12-02,False,False,False,False,,False,False,,,,,,Contact,Converted Contact,L00136,34.8,True,C00194,Jasper Partners,jasperpartners.com,False,False,False,55.4,United States,38.4,True,False,False,False,False,False,False,False,False,False,False,False,False,False,False,,1,duplicate_email,1.0,0.0,2026-05-09 00:00:00,2026-05-09 00:00:00,19.0,0.0,0.0,False,1.0,1.0,1.0,644.6851542197893,0.0,0.0,0.0,0.0,0.0,644.6851542197893,False,False,0.65,C1,1.0,15.29,15.29,0.85,0.85,0.85,42.07736754887407,15.3,85.0,41.8,0.6,0.25,0.15,High,last engaged 19d ago; segment C1,Follow Up,1,Schedule follow-up within 5 business days,False,Follow Up
L00096,Brian,Carter,bcarter@atlaspartners.com,,Atlas Partners Ltd,,,,ACC0012,Healthcare,750.0,,,2024-01-01,Cold Call,Nurturing,False,,False,False,False,True,C00004,False,False,0.0,0.0,False,,,Lead,Converted Lead - linked,,,,C00004,Atlas Partners,atlaspartners.com,False,True,False,1.7,Germany,214.2,True,False,False,False,False,False,False,False,False,False,False,True,True,False,False,,3,"duplicate_email, missing_title, missing_phone",1.0,0.0,2026-05-27 00:00:00,2026-05-27 00:00:00,1.0,0.0,0.0,False,1.0,1.0,1.0,0.0,488.57998421712296,0.0,0.0,0.0,0.0,488.57998421712296,True,False,1.0,L1,0.9,65.17,58.653000000000006,0.5,0.0,0.25,40.51063791718151,58.7,25.0,41.7,0.75,0.15,0.1,Medium,last engaged 1d ago; ICP industry (Healthcare); segment L1,Follow Up,1,Do not action — record converted to contact C00004 (work the contact record instead),True,Converted
L00107,Barbara,Gonzalez,bgonzalez@meridianlabs.com,Director of Something,Meridian Labs Group,Director,,,ACC0061,Education,100.0,,,2024-01-01,Cold Call,Open,False,,True,False,False,True,C00323,False,False,92.0,0.0,False,,,Lead,Converted Lead - linked,,,,C00323,Meridian Labs,meridianlabs.com,False,False,False,74.2,United States,12.4,True,False,False,False,True,False,False,False,False,False,False,False,True,False,False,,2,"duplicate_email, missing_phone",6.0,0.0,2026-05-03 00:00:00,2023-04-24 00:00:00,25.0,0.0,0.0,False,6.0,1.0,1.0,0.0,561.2310241546866,0.0,5.646484220439205e-07,0.0,2.5351856975282898e-06,561.2310272545207,False,False,0.65,L1,0.9,17.17,15.453,0.7,0.0,0.35,46.53450339236984,15.5,35.0,40.7,0.75,0.15,0.1,Medium,last engaged 25d ago; segment L1,Follow Up,1,Do not action — record converted to contact C00323 (work the contact record instead),True,Converted
L00236,Paul,Davis,pdavis@umbrasystems.com,VP of Something,Umbra Systems LLC,VP,,+1-555-6004,ACC0069,Financial Services,25000.0,,,2023-01-17,Web,MQL,True,2023-11-29,False,False,False,True,C00098,False,False,92.0,1.0,False,,,Lead,Converted Lead - linked,,,,C00098,Umbra Systems,umbrasystems.com,True,True,False,10.0,United States,15899.0,True,False,False,False,False,False,False,False,False,False,False,False,False,False,False,,1,duplicate_email,18.0,13.0,2026-05-11 00:00:00,2023-02-19 00:00:00,17.0,13.0,0.7222222222222222,True,5.0,2.0,2.0,1.4005054674135948e-07,1.711693935091848e-05,400.0,0.0,0.0185023994935351,0.0,400.0185196564834,True,True,0.65,L1,0.9,85.75,77.175,0.85,0.0,0.425,33.167558912461125,77.2,42.5,40.7,0.75,0.15,0.1,High,2 meaningful engagements in last 30d; ICP industry (Financial Services); named account; engagement discounted (automation-heavy); segment L1,Follow Up,1,Do not action — record converted to contact C00098 (work the contact record instead),True,Converted
C00240,Sarah,Torres,storres@solariscorp.com,Individual Contributor of Something,,Individual Contributor,,+1-555-4140,ACC0086,Healthcare,10000.0,,,2023-12-25,,,False,,False,False,False,False,,False,False,,,,,,Contact,Orphan Contact,,26.8,False,C00240,Quantum Systems,quantumsystems.com,False,True,False,37.7,France,4184.2,True,False,False,True,False,False,False,False,False,False,False,False,False,False,False,,2,"duplicate_email, orphan_contact",4.0,0.0,2026-05-15 00:00:00,2023-12-03 00:00:00,13.0,0.0,0.0,False,4.0,1.0,1.0,7.922455304775914e-07,740.5487761432822,0.0009392886454352,0.0,0.0,0.0,740.5497162241732,True,False,1.0,C2,0.55,68.77,37.8235,0.3,0.0,0.15,48.334264243279854,37.8,15.0,40.7,0.6,0.25,0.15,Medium,last engaged 13d ago; ICP industry (Healthcare); segment C2,Follow Up,1,Schedule follow-up within 5 business days,False,Follow Up
L00497,Amy,Wright,awright@gravitasdynamics.com,Individual Contributor of Something,Gravitas Dynamics,Individual Contributor,,+1-555-8815,ACC0010,Software,15000.0,,,2024-01-01,Event,MQL,True,2022-09-11,False,False,False,False,,False,False,56.0,1.0,False,,,Lead,Orphan Lead,,,,L00497,Gravitas Dynamics,gravitasdynamics.com,False,True,False,99.2,United States,3759.4,True,False,False,False,False,False,False,False,False,False,False,False,False,False,False,,1,duplicate_email,2.0,0.0,2026-04-26 00:00:00,2023-11-28 00:00:00,32.0,1.0,0.0,False,1.0,0.0,1.0,477.42080195520816,0.0,0.0,0.0,0.0,0.0,477.42080195520816,True,False,0.65,L1,0.9,69.67,62.703,0.3,0.0,0.15,39.58537366840424,62.7,15.0,40.6,0.75,0.15,0.1,High,last engaged 32d ago; ICP industry (Software); segment L1,Follow Up,1,Schedule follow-up within 5 business days,False,Follow Up
C00379,Sarah,Thompson,sthompson@umbragroup.com,,,Individual Contributor,,+1-555-6726,ACC0097,Financial Services,5000.0,,,2023-08-20,,,False,,False,False,False,False,,False,False,,,,,,Contact,Orphan Contact,,54.0,False,C00379,Umbra Group,umbragroup.com,False,True,False,27.8,United States,1815.7,False,False,False,True,False,False,False,False,False,False,False,True,False,False,False,,2,"orphan_contact, missing_title",2.0,1.0,2026-05-15 00:00:00,2024-03-26 00:00:00,13.0,1.0,0.5,False,1.0,1.0,1.0,740.5487761432821,0.0,0.0,0.0,0.0,0.0,740.5487761432821,True,False,1.0,C2,0.55,67.78,37.279,0.3,0.0,0.15,48.33420288599728,37.3,15.0,40.6,0.6,0.25,0.15,Medium,last engaged 13d ago; ICP industry (Financial Services); segment C2,Follow Up,1,Schedule follow-up within 5 business days,False,Follow Up
L00203,Sandra,Martin,smartin@obsidiangroup.com,Individual Contributor of Something,Obsidian Group Corp,Individual Contributor,,+1-555-9379,ACC0184,Software,75.0,,,2024-01-01,Web,Open,False,,False,False,False,False,,False,False,16.0,0.0,True,Competitor,2022-07-10,Lead,Orphan Lead,,,,L00203,Obsidian Group,obsidiangroup.com,False,True,False,46.9,United States,4.4,False,False,False,False,False,False,False,False,False,False,False,False,False,False,False,,0,,2.0,0.0,2026-05-28 00:00:00,2024-08-05 00:00:00,0.0,1.0,0.0,False,1.0,1.0,1.0,0.0,500.0,0.0,0.0,0.0,0.0,500.0,True,False,0.25,L1,0.9,58.44,52.596,0.3,0.0,0.15,41.45752919257816,52.6,15.0,40.5,0.75,0.15,0.1,High,no engagement history; ICP industry (Software); segment L1,Follow Up,1,Schedule follow-up within 5 business days,False,Follow Up
C00044,Betty,Jones,bjones@dynextechnologies.com,Individual Contributor of Something,,Individual Contributor,Financial Buyer,+1-555-3515,ACC0060,Financial Services,200.0,,,2024-01-01,,,True,2023-10-23,True,True,False,False,,False,False,,,,,,Contact,Orphan Contact,,69.2,False,C00044,Dynex Technologies,dynextechnologies.com,False,True,False,51.7,United States,27.4,False,False,False,True,True,True,False,False,False,False,False,False,False,False,False,,1,orphan_contact,4.0,0.0,2026-05-07 00:00:00,2024-04-20 00:00:00,21.0,1.0,0.0,False,3.0,1.0,1.0,0.0,615.5722066724582,0.0,0.0,0.01220703125,0.0,615.5844137037082,True,False,0.65,C2,0.55,64.92,35.706,0.3,0.7,0.5,40.17801784828812,35.7,50.0,40.5,0.6,0.25,0.15,High,last engaged 21d ago; ICP industry (Financial Services); segment C2,Follow Up,1,"Do not email — schedule call or event outreach (opted out, non-email signal present) | Note: opted out — no email; email bounced — use phone/LinkedIn",False,Follow Up
C00036,Sarah,Robinson,srobinson@emblemsolutions.com,Individual Contributor of Something,,Individual Contributor,Influencer,+1-555-4196,ACC0146,Software,300.0,,,2023-09-05,,,False,,False,False,False,False,,False,False,,,,,,Contact,Orphan Contact,,51.8,False,C00036,Emblem Solutions,emblemsolutions.com,False,True,False,24.5,Germany,36.4,False,False,False,True,False,False,False,False,False,False,False,False,False,False,False,,1,orphan_contact,1.0,0.0,2026-05-10 00:00:00,2026-05-10 00:00:00,18.0,0.0,0.0,False,1.0,1.0,1.0,659.753955386447,0.0,0.0,0.0,0.0,0.0,659.753955386447,True,False,0.65,C2,0.55,62.2,34.21,0.3,0.5,0.4,43.06087939347006,34.2,40.0,40.4,0.6,0.25,0.15,High,last engaged 18d ago; ICP industry (Software); segment C2,Follow Up,1,Schedule follow-up within 5 business days,False,Follow Up
C00310,William,Roberts,wroberts@unknown.com,Unknown Title,,,Technical Buyer,+1-555-1195,ACC0025,Energy,2000.0,,,2024-01-01,,,True,2023-08-17,False,False,False,False,,False,False,,,,,,Contact,Converted Contact,L00092,81.5,True,C00310,Xenon Networks,xenonnetworks.com,False,True,False,83.6,United States,396.7,True,False,False,False,False,False,False,False,False,False,False,False,False,False,False,,1,duplicate_email,4.0,0.0,2026-04-15 00:00:00,2023-09-05 00:00:00,43.0,1.0,0.0,False,3.0,0.0,1.0,0.0,0.0,296.2195104573129,0.0,2.8491327767444288,0.0,299.06864323405733,True,False,1.0,C1,1.0,73.36,73.36,0.5,0.85,0.675,19.519638603950717,73.4,67.5,40.2,0.6,0.25,0.15,High,last engaged 43d ago; ICP industry (Energy); segment C1,Follow Up,1,Schedule follow-up within 5 business days,False,Follow Up
C00075,Carol,Nguyen,cnguyen@ionicdynamics.com,Individual Contributor of Something,,Individual Contributor,Technical Buyer,+1-555-5894,ACC0149,Manufacturing,200.0,,,2023-05-22,,,True,2022-12-24,False,False,False,False,,False,False,,,,,,Contact,Converted Contact,L00379,16.1,True,C00075,Gravitas Dynamics,gravitasdynamics.com,False,False,False,87.5,United States,23.0,True,False,False,False,False,False,False,False,False,False,False,False,False,False,False,,1,duplicate_email,3.0,0.0,2026-05-10 00:00:00,2024-04-25 00:00:00,18.0,2.0,0.0,False,1.0,1.0,1.0,659.753955386447,0.0,0.0,0.0,0.0,0.0,659.753955386447,False,False,0.65,C1,1.0,18.5,18.5,0.3,0.85,0.575,43.06087939347006,18.5,57.5,39.1,0.6,0.25,0.15,High,last engaged 18d ago; segment C1,Follow Up,1,Schedule follow-up within 5 business days | Promoted from Nurture — linked lead L00379 scored Follow Up,False,Follow Up
L00286,James,Green,jgreen@bastionsolutions.com,Individual Contributor of Something,Bastion Solutions Ltd,Individual Contributor,Financial Buyer,+1-555-4143,ACC0108,Healthcare,1500.0,,,2024-01-01,Advertisement,Working,False,,True,False,False,True,C00371,False,False,44.0,0.0,False,,,Lead,Converted Lead - linked,,,,C00371,Bastion Solutions,bastionsolutions.com,False,True,False,11.1,United States,369.1,True,False,False,False,True,False,False,False,False,False,False,False,False,False,False,,1,duplicate_email,4.0,0.0,2026-04-18 00:00:00,2024-01-13 00:00:00,40.0,0.0,0.0,False,4.0,0.0,1.0,396.8502629920498,3.932440014996808e-05,0.0,0.0,0.0,8.758514421311096e-07,396.8503031923015,True,False,1.0,L1,0.9,66.11,59.499,0.3,0.7,0.5,32.90486605935667,59.5,50.0,38.6,0.75,0.15,0.1,High,last engaged 40d ago; ICP industry (Healthcare); segment L1,Follow Up,1,Do not action — record converted to contact C00371 (work the contact record instead),True,Converted
L00005,Brian,Baker,bbaker@delphilabs.com,Individual Contributor of Something,Delphi Labs Corp,Individual Contributor,,+1-555-7070,ACC0054,Software,10000.0,,,2024-01-01,Event,Working,False,,False,False,False,False,,False,False,4.0,0.0,False,,,Lead,Orphan Lead,,,,L00005,Delphi Labs,delphilabs.com,True,True,False,91.3,United States,4868.6,False,False,False,False,False,False,False,False,False,False,False,False,False,False,False,,0,,6.0,1.0,2026-04-23 00:00:00,2024-03-18 00:00:00,35.0,2.0,0.1666666666666666,False,4.0,0.0,1.0,378.9291416275995,0.0002173715802569,0.0,0.0,0.0,4.586370339039412e-07,378.9293594578168,True,True,1.0,L1,0.9,99.13,89.217,0.3,0.0,0.15,31.418949963294768,89.2,15.0,38.4,0.75,0.15,0.1,High,last engaged 35d ago; ICP industry (Software); named account; segment L1,Follow Up,1,Schedule follow-up within 5 business days,False,Follow Up
L00138,Sarah,Davis,sdavis@fusionnetworks.com,Manager of Something,Fusion Networks Corp,Manager,,+1-555-9458,ACC0056,Manufacturing,1500.0,,,2022-12-01,Partner Referral,Disqualified,False,,True,False,False,False,,False,False,84.0,0.0,False,,,Lead,Orphan Lead,,,,L00138,Fusion Networks,fusionnetworks.com,True,False,False,47.0,United States,509.4,False,False,False,False,True,False,False,False,False,False,False,False,False,False,False,,0,,2.0,0.0,2026-05-26 00:00:00,2024-04-04 00:00:00,2.0,1.0,0.0,False,1.0,1.0,1.0,0.0,477.4208019552083,0.0,0.0,0.0,0.0,477.4208019552083,False,True,1.0,L1,0.9,44.7,40.23,0.5,0.0,0.25,39.58537366840425,40.2,25.0,38.2,0.75,0.15,0.1,High,last engaged 2d ago; named account; segment L1,Follow Up,1,"Do not email — schedule call or event outreach (opted out, non-email signal present) | Note: opted out — no email",False,Follow Up
L00106,Jacob,Wright,jwright@solarisdynamics.com,Unknown Title,Solaris Dynamics Group,,,+1-555-6824,ACC0057,Financial Services,7500.0,,,2024-01-01,Cold Call,Disqualified,False,,False,False,False,True,C00234,False,False,49.0,0.0,True,No Longer With Company,2023-04-11,Lead,Converted Lead - linked,,,,C00234,Solaris Dynamics,solarisdynamics.com,False,True,False,73.3,France,2490.0,True,False,False,False,False,False,False,False,False,False,False,False,False,False,False,,1,duplicate_email,1.0,0.0,2026-05-19 00:00:00,2026-05-19 00:00:00,9.0,0.0,0.0,False,1.0,1.0,1.0,0.0,406.12619817811776,0.0,0.0,0.0,0.0,406.12619817811776,True,False,1.0,L1,0.9,72.33,65.097,0.5,0.0,0.25,33.6739774336802,65.1,25.0,37.5,0.75,0.15,0.1,High,last engaged 9d ago; ICP industry (Financial Services); segment L1,Follow Up,1,Do not action — record converted to contact C00234 (work the contact record instead),True,Converted
C00266,Kathleen,Green,kgreen@novatechnologies.com,Unknown Title,,,Influencer,+1-555-4573,ACC0059,Professional Services,50.0,,,2023-02-13,,,True,2023-04-09,False,False,False,False,,False,False,,,,,,Contact,Converted Contact,L00185,77.8,True,C00266,Nexus Technologies,nexustechnologies.com,False,False,False,37.9,Australia,1.8,True,False,False,False,False,False,False,False,False,False,False,False,False,False,False,,1,duplicate_email,4.0,1.0,2026-05-13 00:00:00,2023-03-06 00:00:00,15.0,1.0,0.25,False,3.0,1.0,1.0,707.1067811865474,2.349658273597885,0.0,2.9549570039534507e-10,0.0,0.0,709.4564394604408,False,False,0.25,C1,1.0,7.54,7.54,0.5,0.5,0.5,46.30486551101063,7.5,50.0,37.2,0.6,0.25,0.15,High,last engaged 15d ago; segment C1,Follow Up,1,Schedule follow-up within 5 business days | Promoted from Nurture — linked lead L00185 scored Follow Up,False,Follow Up
L00550,Jessica,Sanchez,jsanchez@novanetworks.com,Individual Contributor of Something,Nova Networks,Individual Contributor,,+1-555-7221,ACC0139,Manufacturing,7500.0,,,2024-01-01,Content Syndication,Nurturing,False,,False,False,False,False,,False,False,95.0,0.0,False,,,Lead,Orphan Lead,,,,L00550,Nova Networks,novanetworks.com,True,False,False,89.6,United Kingdom,3707.6,False,False,False,False,False,False,False,False,False,False,False,False,False,False,False,,0,,1.0,0.0,2026-05-25 00:00:00,2026-05-25 00:00:00,3.0,0.0,0.0,False,1.0,1.0,1.0,0.0,466.5164957684037,0.0,0.0,0.0,0.0,466.5164957684037,False,True,1.0,L1,0.9,48.96,44.064,0.3,0.0,0.15,38.68124248427572,44.1,15.0,37.1,0.75,0.15,0.1,High,last engaged 3d ago; named account; segment L1,Follow Up,1,Schedule follow-up within 5 business days,False,Follow Up
L00391,Linda,Hall,linda.hall@gmail.com,Individual Contributor of Something,,Individual Contributor,,+1-555-3888,ACC0055,Manufacturing,1500.0,,,2023-12-08,Web,Open,False,,False,True,False,True,C00179,True,True,0.0,0.0,True,Duplicate,2023-10-17,Lead,Converted Lead - linked,,,,C00179,Obsidian Networks,obsidiannetworks.com,True,False,False,21.2,United States,437.9,True,False,False,False,False,True,False,False,False,False,False,False,False,False,False,,1,duplicate_email,1.0,0.0,2026-04-26 00:00:00,2026-04-26 00:00:00,32.0,0.0,0.0,False,1.0,0.0,1.0,477.42080195520816,0.0,0.0,0.0,0.0,0.0,477.42080195520816,False,True,1.0,L1,0.9,42.12,37.908,0.3,0.0,0.15,39.58537366840424,37.9,15.0,36.9,0.75,0.15,0.1,High,last engaged 32d ago; named account; segment L1,Follow Up,1,Do not action — record converted to contact C00179 (work the contact record instead),True,Converted
L00503,Patricia,Lee,plee@glacierlabs.com,Individual Contributor of Something,,Individual Contributor,Technical Buyer,+1-555-4966,ACC0120,Manufacturing,2000.0,,,2022-06-08,Web,MQL,True,2022-07-08,False,True,False,False,,False,False,78.0,4.0,False,,,Lead,Orphan Lead,,,,L00503,Glacier Labs,glacierlabs.com,False,False,False,55.3,United States,572.5,False,False,False,False,False,True,False,False,False,False,False,False,False,False,False,,0,,2.0,0.0,2026-04-24 00:00:00,2024-05-14 00:00:00,34.0,0.0,0.0,False,2.0,0.0,1.0,0.0,455.86124427910846,0.0,0.0,0.0,0.0,455.86124427910846,False,False,1.0,L1,0.9,20.53,18.477,0.3,0.85,0.575,37.79776168493229,18.5,57.5,36.9,0.75,0.15,0.1,High,last engaged 34d ago; segment L1,Follow Up,1,Email undeliverable — use phone or LinkedIn only | Note: email bounced — use phone/LinkedIn,False,Phone / LinkedIn
L00334,Rebecca,Walker,rwalker@zenithdynamics.com,Individual Contributor of Something,Zenith Dynamics,Individual Contributor,Financial Buyer,+1-555-3771,ACC0038,Government,200.0,,,2022-03-14,Partner Referral,MQL,True,2022-03-27,False,False,False,False,,False,False,18.0,2.0,False,,,Lead,Orphan Lead,,,,L00334,Zenith Dynamics,zenithdynamics.com,False,False,False,98.3,United Kingdom,34.9,False,False,False,False,False,False,False,False,False,False,False,False,False,False,False,,0,,9.0,7.0,2026-04-24 00:00:00,2023-02-01 00:00:00,34.0,7.0,0.7777777777777778,True,2.0,0.0,1.0,0.0,455.86124427910846,0.0,0.0,0.0,0.0,455.86124427910846,False,False,0.65,L1,0.9,19.58,17.622,0.3,0.7,0.5,37.79776168493229,17.6,50.0,36.0,0.75,0.15,0.1,High,last engaged 34d ago; engagement discounted (automation-heavy); segment L1,Follow Up,1,Schedule follow-up within 5 business days | Note: engagement may be automation-inflated,False,Follow Up
L00515,John,Adams,info@techconf.com,Manager of Something,Nexus Technologies Ltd,Manager,,+1-555-9701,ACC0059,Professional Services,50.0,,,2024-01-01,Advertisement,Disqualified,False,,False,False,False,False,,False,False,37.0,0.0,False,,,Lead,Orphan Lead,,,,L00515,Nexus Technologies,nexustechnologies.com,False,False,False,37.9,Australia,1.8,True,True,False,False,False,False,False,False,False,False,False,False,False,False,False,,2,"duplicate_email, shared_email",21.0,12.0,2026-05-10 00:00:00,2023-05-18 00:00:00,18.0,14.0,0.5714285714285714,False,7.0,1.0,1.0,511.6869459983874,10.30865555291324,0.0,0.0,0.0560887868650896,0.0,522.0516903381657,False,False,0.25,L1,0.9,7.54,6.7860000000000005,0.5,0.0,0.25,43.28594638445856,6.8,25.0,36.0,0.75,0.15,0.1,Medium,last engaged 18d ago; segment L1,Follow Up,1,Schedule follow-up within 5 business days,False,Follow Up
L00078,Charles,King,cking@delphilabs.com,,Delphi Labs Inc.,,CISO,+1-555-3065,ACC0054,Software,10000.0,,,2023-04-30,Trade Show,Working,False,,True,False,False,True,C00068,False,False,73.0,0.0,True,No Longer With Company,2023-07-25,Lead,Converted Lead - linked,,,,C00068,Delphi Labs,delphilabs.com,True,True,False,91.3,United States,4868.6,True,False,False,False,True,False,False,False,False,False,False,True,False,False,False,,2,"duplicate_email, missing_title",13.0,9.0,2026-04-26 00:00:00,2023-09-16 00:00:00,32.0,10.0,0.6923076923076923,False,3.0,0.0,1.0,3.870753087768279e-07,238.7104009776041,0.0,0.0,0.0,0.0004696443227176,238.71087100900212,True,True,1.0,L1,0.9,99.13,89.217,0.5,1.0,0.75,19.79272580688293,89.2,75.0,35.7,0.75,0.15,0.1,Medium,last engaged 32d ago; ICP industry (Software); named account; segment L1,Follow Up,1,Do not action — record converted to contact C00068 (work the contact record instead),True,Converted
C00231,Michael,Nguyen,michael.nguyen@hotmail.com,Individual Contributor of Something,,Individual Contributor,Technical Buyer,+1-555-9858,,,,,,2022-10-31,,,False,,True,False,False,False,,False,False,,,,,,Contact,Converted Contact,L00500,16.8,True,C00231,,,,,,,,,True,False,False,False,True,False,False,False,False,False,True,False,False,True,False,,3,"duplicate_email, missing_account, missing_industry",18.0,10.0,2026-04-22 00:00:00,2023-03-08 00:00:00,36.0,13.0,0.5555555555555556,False,5.0,0.0,1.0,1.5473545517140471e-09,652.9129224720932,0.0,4.993887533286228e-05,0.0,0.0,652.912972412516,False,False,0.25,C1,1.0,3.75,3.75,0.3,0.85,0.575,42.61438151290688,3.8,57.5,35.1,0.6,0.25,0.15,Medium,last engaged 36d ago; segment C1,Follow Up,1,"Do not email — schedule call or event outreach (opted out, non-email signal present) | Promoted from Nurture — linked lead L00500 scored Follow Up | Note: opted out — no email",False,Follow Up
C00001,William,Thomas,wthomas@glacierdynamics.com,Manager of Something,,Manager,,+1-555-6512,,,,,,2022-03-19,,,False,,False,False,False,False,,False,False,,,,,,Contact,Converted Contact,L00582,0.0,True,C00001,,,,,,,,,True,False,False,False,False,False,False,False,False,False,True,False,False,True,False,,3,"duplicate_email, missing_account, missing_industry",3.0,0.0,2026-05-13 00:00:00,2024-04-08 00:00:00,15.0,0.0,0.0,False,3.0,1.0,1.0,707.1067811865474,0.0,0.0,0.0,0.0,0.0010067046438391,707.1077878911913,False,False,0.25,C1,1.0,3.75,3.75,0.5,0.0,0.25,46.15157351308467,3.8,25.0,32.4,0.6,0.25,0.15,Medium,last engaged 15d ago; segment C1,Follow Up,1,Schedule follow-up within 5 business days | Promoted from Nurture — linked lead L00582 scored Follow Up,False,Follow Up
C00365,Linda,Scott,lscott@zenithdynamics.com,Individual Contributor of Something,,Individual Contributor,,,ACC0061,Education,100.0,,,2023-09-13,,,True,2022-02-17,True,False,False,False,,False,False,,,,,,Contact,Converted Contact,L00566,61.9,True,C00365,Meridian Labs,meridianlabs.com,False,False,False,74.2,United States,12.4,True,False,False,False,True,False,False,False,False,False,False,False,True,False,False,,2,"duplicate_email, missing_phone",10.0,7.0,2026-05-25 00:00:00,2023-03-12 00:00:00,3.0,8.0,0.7,False,2.0,1.0,1.0,644.6851542197893,0.0,2.0907484894793042e-07,0.0,0.0,0.0,644.6851544288642,False,False,0.65,C1,1.0,17.17,17.17,0.3,0.0,0.15,42.07736756251998,17.2,15.0,31.8,0.6,0.25,0.15,Medium,last engaged 3d ago; segment C1,Follow Up,1,"Do not email — schedule call or event outreach (opted out, non-email signal present) | Promoted from Nurture — linked lead L00566 scored Follow Up | Note: opted out — no email",False,Follow Up
C00234,Jacob,Wright,jwright@solarisdynamics.com,Individual Contributor of Something,,Individual Contributor,Technical Buyer,+1-555-6962,ACC0076,Education,5000.0,,,2024-01-01,,,False,,False,False,False,False,,False,False,,,,,,Contact,Converted Contact,L00106,9.8,True,C00234,Harbor Solutions,harborsolutions.com,False,False,False,88.8,United Kingdom,1390.5,True,False,False,False,False,False,False,False,False,False,False,False,False,False,False,,1,duplicate_email,1.0,0.0,2026-05-19 00:00:00,2026-05-19 00:00:00,9.0,0.0,0.0,False,1.0,1.0,1.0,0.0,406.12619817811776,0.0,0.0,0.0,0.0,406.12619817811776,False,False,1.0,C1,1.0,23.880000000000003,23.880000000000003,0.3,0.85,0.575,26.507080549494948,23.9,57.5,30.5,0.6,0.25,0.15,High,last engaged 9d ago; segment C1,Follow Up,1,Schedule follow-up within 5 business days | Promoted from Nurture — linked lead L00106 scored Follow Up,False,Follow Up
C00068,Charles,King,cking@delphilabs.com,Individual Contributor of Something,,Individual Contributor,,+1-555-7777,ACC0080,Financial Services,25000.0,,,2022-08-20,,,False,,False,False,False,False,,False,False,,,,,,Contact,Converted Contact,L00078,72.7,True,C00068,Paragon Networks,paragonnetworks.com,False,True,False,58.1,Germany,13337.7,True,False,False,False,False,False,False,False,False,False,False,False,False,False,False,,1,duplicate_email,13.0,9.0,2026-04-26 00:00:00,2023-09-16 00:00:00,32.0,10.0,0.6923076923076923,False,3.0,0.0,1.0,3.870753087768279e-07,238.7104009776041,0.0,0.0,0.0,0.0004696443227176,238.71087100900212,True,False,0.65,C1,1.0,65.56,65.56,0.3,0.0,0.15,15.58020219887565,65.6,15.0,28.0,0.6,0.25,0.15,High,last engaged 32d ago; ICP industry (Financial Services); segment C1,Follow Up,1,Schedule follow-up within 5 business days | Promoted from Nurture — linked lead L00078 scored Follow Up,False,Follow Up
C00371,James,Green,jgreen@bastionsolutions.com,Director of Something,,Director,Financial Buyer,+1-555-6613,ACC0178,Manufacturing,75.0,,,2024-01-01,,,True,2022-02-26,True,False,False,False,,False,False,,,,,,Contact,Converted Contact,L00286,36.8,True,C00371,Mantle Partners,mantlepartners.com,False,False,False,40.0,United States,3.0,True,False,False,False,True,False,False,False,False,False,False,False,False,False,False,,1,duplicate_email,4.0,0.0,2026-04-18 00:00:00,2024-01-13 00:00:00,40.0,0.0,0.0,False,4.0,0.0,1.0,396.8502629920498,3.932440014996808e-05,0.0,0.0,0.0,8.758514421311096e-07,396.8503031923015,False,False,0.25,C1,1.0,7.75,7.75,0.7,0.7,0.7,25.90166061682207,7.8,70.0,28.0,0.6,0.25,0.15,High,last engaged 40d ago; segment C1,Follow Up,1,"Do not email — schedule call or event outreach (opted out, non-email signal present) | Promoted from Nurture — linked lead L00286 scored Follow Up | Note: opted out — no email",False,Follow Up
C00373,Mark,Nelson,leads@databroker.io,Individual Contributor of Something,,Individual Contributor,,+1-555-6927,ACC0046,Retail,300.0,,,2024-01-01,,,True,2023-06-02,False,False,False,False,,False,False,,,,,,Contact,Converted Contact,L00463,68.1,True,C00373,Meridian Ventures,meridianventures.com,False,False,False,89.0,United Kingdom,40.5,True,True,False,False,False,False,False,False,False,False,False,False,False,False,False,,2,"duplicate_email, shared_email",10.0,7.0,2026-05-20 00:00:00,2023-03-15 00:00:00,8.0,7.0,0.7,False,3.0,1.0,1.0,831.2378961427876,0.0,2.257212708112988e-09,0.0,0.0,0.0065415860750506,831.2444377311199,False,False,0.65,C1,1.0,18.65,18.65,0.3,0.0,0.15,54.25373533178197,18.6,15.0,39.5,0.6,0.25,0.15,Medium,last engaged 8d ago; segment C1,Nurture,2,Add to long-term nurture sequence,False,Nurture
C00028,Michael,Taylor,mtaylor@umbrapartners.com,Individual Contributor of Something,,Individual Contributor,Influencer,+1-555-9326,ACC0106,Energy,1500.0,,,2022-10-19,,,False,,False,False,False,False,,False,False,,,,,,Contact,Orphan Contact,,90.6,False,C00028,Eclipse Networks,eclipsenetworks.com,False,True,False,65.3,Netherlands,283.8,True,False,False,True,False,False,False,False,False,False,False,False,False,False,False,,2,"duplicate_email, orphan_contact",2.0,0.0,2026-05-06 00:00:00,2024-03-20 00:00:00,22.0,1.0,0.0,False,1.0,1.0,1.0,601.5125180410582,0.0,0.0,0.0,0.0,0.0,601.5125180410582,True,False,1.0,C2,0.55,71.53,39.3415,0.3,0.5,0.4,39.25957212011976,39.3,40.0,39.4,0.6,0.25,0.15,Medium,last engaged 22d ago; ICP industry (Energy); segment C2,Nurture,2,Add to long-term nurture sequence,False,Nurture
C00390,Christopher,Taylor,ctaylor@nimbussolutions.com,Director of Something,,Director,Technical Buyer,+1-555-3869,ACC0057,Financial Services,7500.0,,,2022-05-30,,,False,,False,False,False,False,,False,False,,,,,,Contact,Converted Contact,L00319,83.3,True,C00390,Solaris Dynamics,solarisdynamics.com,False,True,False,73.3,France,2490.0,True,False,False,False,False,False,False,False,False,False,False,False,False,False,False,,1,duplicate_email,6.0,0.0,2026-04-26 00:00:00,2023-02-07 00:00:00,32.0,1.0,0.0,False,5.0,0.0,1.0,0.0,238.7104009776041,0.0,0.0,0.0392495164503037,0.0003398508904038,238.74999034494485,True,False,1.0,C1,1.0,72.33,72.33,0.7,0.85,0.7749999999999999,15.582755443146834,72.3,77.5,39.0,0.6,0.25,0.15,High,last engaged 32d ago; ICP industry (Financial Services); segment C1,Nurture,2,Add to long-term nurture sequence,False,Nurture
C00017,Donna,Nelson,dnelson@quantumcorp.com,,,Individual Contributor,Financial Buyer,+1-555-4811,ACC0067,Financial Services,1000.0,,,2024-01-01,,,False,,True,False,False,False,,False,False,,,,,,Contact,Orphan Contact,,55.3,False,C00017,Quantum Corp,quantumcorp.com,False,True,False,86.6,United States,227.3,False,False,False,True,True,False,False,False,False,False,False,True,False,False,False,,2,"orphan_contact, missing_title",1.0,0.0,2026-04-30 00:00:00,2026-04-30 00:00:00,28.0,0.0,0.0,False,1.0,1.0,1.0,523.6470614103133,0.0,0.0,0.0,0.0,0.0,523.6470614103133,True,False,1.0,C2,0.55,73.66,40.513,0.3,0.7,0.5,34.17744262393507,40.5,50.0,38.1,0.6,0.25,0.15,Medium,last engaged 28d ago; ICP industry (Financial Services); segment C2,Nurture,2,Add to long-term nurture sequence | Note: opted out — no email,False,Nurture
C00154,Lisa,Nguyen,kwright@dynexgroup.com,Individual Contributor of Something,,Individual Contributor,Financial Buyer,+1-555-3217,ACC0150,Retail,75.0,,,2023-03-23,,,False,,False,False,False,False,,False,False,,,,,,Contact,Orphan Contact,,24.7,False,C00154,Fusion Systems,fusionsystems.com,False,False,False,33.9,United States,5.8,True,False,False,True,False,False,False,False,False,False,False,False,False,False,False,,2,"duplicate_email, orphan_contact",3.0,1.0,2026-05-15 00:00:00,2023-03-11 00:00:00,13.0,1.0,0.3333333333333333,False,2.0,1.0,1.0,740.5487761432821,0.0,0.0,0.0,0.0,8.292067728309298e-11,740.548776143365,False,False,0.25,C2,0.55,7.14,3.927,0.3,0.7,0.5,48.33420288600269,3.9,50.0,37.5,0.6,0.25,0.15,Medium,last engaged 13d ago; segment C2,Nurture,2,Add to long-term nurture sequence,False,Nurture
C00391,Shirley,White,swhite@quantumsystems.com,Individual Contributor of Something,,Individual Contributor,Technical Buyer,+1-555-7212,ACC0069,Financial Services,25000.0,,,2023-03-17,,,False,,True,False,False,False,,False,False,,,,,,Contact,Orphan Contact,,23.6,False,C00391,Umbra Systems,umbrasystems.com,True,True,False,10.0,United States,15899.0,True,False,False,True,True,False,False,False,False,False,False,False,False,False,False,,2,"duplicate_email, orphan_contact",8.0,7.0,2026-04-22 00:00:00,2023-11-05 00:00:00,36.0,7.0,0.875,True,1.0,0.0,1.0,435.2752816480621,0.0,0.0,0.0,0.0,0.0,435.2752816480621,True,True,0.65,C2,0.55,85.75,47.1625,0.3,0.85,0.575,28.409585502260637,47.2,57.5,37.5,0.6,0.25,0.15,Medium,last engaged 36d ago; ICP industry (Financial Services); named account; engagement discounted (automation-heavy); segment C2,Nurture,2,Add to long-term nurture sequence | Note: opted out — no email; engagement may be automation-inflated,False,Nurture
C00081,Ryan,Wilson,rwilson@vertexpartners.com,Manager of Something,,Manager,Influencer,+1-555-8169,ACC0023,Education,100.0,,,2022-12-04,,,False,,True,False,False,False,,False,False,,,,,,Contact,Orphan Contact,,0.0,False,C00081,Vertex Partners,vertexpartners.com,True,False,False,29.5,United States,11.0,False,False,False,True,True,False,False,False,False,False,False,False,False,False,False,,1,orphan_contact,4.0,0.0,2026-05-07 00:00:00,2023-09-05 00:00:00,21.0,1.0,0.0,False,3.0,1.0,1.0,0.0,615.5722066724582,4.05381695970951e-08,0.0,0.0,0.0,615.5722067129964,False,True,0.65,C2,0.55,37.7,20.735000000000003,0.5,0.5,0.5,40.17722112134089,20.7,50.0,36.8,0.6,0.25,0.15,High,last engaged 21d ago; named account; segment C2,Nurture,2,Add to long-term nurture sequence | Note: opted out — no email,False,Nurture
C00235,Angela,Anderson,aanderson@jasperdynamics.com,Manager of Something,,Manager,,+1-555-6781,ACC0111,Government,3500.0,,,2023-01-17,,,False,,False,False,False,False,,False,False,,,,,,Contact,Converted Contact,L00484,72.7,True,C00235,Orbit Dynamics,orbitdynamics.com,True,False,False,76.5,United States,639.8,True,False,False,False,False,False,False,False,False,False,False,False,False,False,False,,1,duplicate_email,2.0,0.0,2026-04-28 00:00:00,2024-06-26 00:00:00,30.0,0.0,0.0,False,2.0,1.0,1.0,500.0,4.622771626215388e-05,0.0,0.0,0.0,0.0,500.0000462277162,False,True,1.0,C1,1.0,47.65,47.65,0.5,0.0,0.25,32.63404714978906,47.6,25.0,35.2,0.6,0.25,0.15,High,last engaged 30d ago; named account; segment C1,Nurture,2,Add to long-term nurture sequence,False,Nurture
L00484,Angela,Anderson,aanderson@jasperdynamics.com,Individual Contributor of Something,Jasper,Individual Contributor,,,ACC0027,Professional Services,300.0,,,2024-01-01,Cold Call,Working,False,,True,False,False,True,C00235,False,False,84.0,0.0,False,,,Lead,Converted Lead - linked,,,,C00235,Jasper Dynamics,jasperdynamics.com,False,False,False,59.6,United States,42.8,True,False,False,False,True,False,False,False,False,False,False,False,True,False,False,,2,"duplicate_email, missing_phone",2.0,0.0,2026-04-28 00:00:00,2024-06-26 00:00:00,30.0,0.0,0.0,False,2.0,1.0,1.0,500.0,4.622771626215388e-05,0.0,0.0,0.0,0.0,500.0000462277162,False,False,0.65,L1,0.9,15.71,14.139,0.3,0.0,0.15,41.45753302555195,14.1,15.0,34.7,0.75,0.15,0.1,Medium,last engaged 30d ago; segment L1,Nurture,2,Do not action — record converted to contact C00235 (work the contact record instead),True,Converted
C00201,Laura,Rivera,lrivera@meridianventures.com,Manager of Something,,Manager,CISO,+1-555-2208,ACC0181,Software,15000.0,,,2024-01-01,,,False,,False,False,False,False,,False,False,,,,,,Contact,Converted Contact,L00589,23.4,True,C00201,Gravitas Ventures,gravitasventures.com,False,True,False,98.9,United States,6142.5,True,False,False,False,False,False,False,False,False,False,False,False,False,False,False,,1,duplicate_email,11.0,8.0,2026-05-02 00:00:00,2023-03-08 00:00:00,26.0,8.0,0.7272727272727273,True,3.0,0.0,1.0,3.369686280936893e-07,0.0,144.7269237440378,0.0,4.279234837729627e-07,0.0,144.72692450892993,True,False,0.65,C1,1.0,69.64,69.64,0.5,1.0,0.75,9.446049683198154,69.6,75.0,34.3,0.6,0.25,0.15,High,last engaged 26d ago; ICP industry (Software); engagement discounted (automation-heavy); segment C1,Nurture,2,Add to long-term nurture sequence | Note: engagement may be automation-inflated,False,Nurture
L00345,Patricia,Martin,pmartin@umbragroup.com,Individual Contributor of Something,Umbra Group Corp,Individual Contributor,,+1-555-9457,ACC0097,Financial Services,5000.0,,,2024-01-01,Web,MQL,True,2023-05-23,False,False,False,True,C00099,False,False,83.0,4.0,False,,,Lead,Converted Lead - linked,,,,C00099,Umbra Group,umbragroup.com,False,True,False,27.8,United States,1815.7,True,False,False,False,False,False,False,False,False,False,False,False,False,False,False,,1,duplicate_email,3.0,1.0,2026-05-16 00:00:00,2023-05-17 00:00:00,12.0,2.0,0.3333333333333333,False,1.0,1.0,1.0,0.0,378.9291416275996,0.0,0.0,0.0,0.0,378.9291416275996,True,False,1.0,L1,0.9,67.78,61.002,0.3,0.0,0.15,31.41893190188959,61.0,15.0,34.2,0.75,0.15,0.1,High,last engaged 12d ago; ICP industry (Financial Services); segment L1,Nurture,2,Do not action — record converted to contact C00099 (work the contact record instead),True,Converted
L00469,Kevin,Thomas,kthomas@radiantdynamics.com,Individual Contributor of Something,Radiant Dynamics Inc.,Individual Contributor,,+1-555-2087,ACC0145,Professional Services,10000.0,,,2024-01-01,Web,MQL,True,2022-10-03,False,False,False,False,,False,False,63.0,1.0,False,,,Lead,Orphan Lead,,,,L00469,Radiant Dynamics,radiantdynamics.com,True,False,False,45.0,Canada,2634.7,False,False,False,False,False,False,False,False,False,False,False,False,False,False,False,,0,,3.0,1.0,2026-04-19 00:00:00,2025-05-04 00:00:00,39.0,1.0,0.3333333333333333,False,2.0,0.0,1.0,406.1261981781177,17.53846950483396,0.0,0.0,0.0,0.0,423.6646676829516,False,True,1.0,L1,0.9,44.5,40.05,0.3,0.0,0.15,35.12818065665978,40.0,15.0,33.8,0.75,0.15,0.1,High,last engaged 39d ago; named account; segment L1,Nurture,2,Add to long-term nurture sequence,False,Nurture
C00045,Sandra,Lewis,slewis@apexpartners.com,VP of Something,,VP,Technical Buyer,+1-555-4180,ACC0191,Professional Services,50.0,,,2022-08-06,,,False,,False,False,False,False,,False,False,,,,,,Contact,Orphan Contact,,52.9,False,C00045,Apex Partners,apexpartners.com,False,False,False,62.3,Canada,2.5,False,False,False,True,False,False,False,False,False,False,False,False,False,False,False,,1,orphan_contact,1.0,0.0,2026-05-28 00:00:00,2026-05-28 00:00:00,0.0,0.0,0.0,False,1.0,1.0,1.0,0.0,500.0,0.0,0.0,0.0,0.0,500.0,False,False,0.25,C2,0.55,9.98,5.489000000000001,0.85,0.85,0.85,32.634044132594404,5.5,85.0,33.7,0.6,0.25,0.15,High,no engagement history; segment C2,Nurture,2,Add to long-term nurture sequence,False,Nurture
L00163,Patricia,Gonzalez,pgonzalez@xenonlabs.com,Individual Contributor of Something,Xenon Labs Ltd,Individual Contributor,Financial Buyer,+1-555-6493,ACC0156,Manufacturing,750.0,,,2024-01-01,Cold Call,Disqualified,False,,False,False,False,False,,False,False,89.0,0.0,False,,,Lead,Orphan Lead,,,,L00163,Xenon Labs,xenonlabs.com,False,False,False,88.8,United States,225.3,False,False,False,False,False,False,False,False,False,False,False,False,False,False,False,,0,,1.0,0.0,2026-05-19 00:00:00,2026-05-19 00:00:00,9.0,0.0,0.0,False,1.0,1.0,1.0,0.0,406.12619817811776,0.0,0.0,0.0,0.0,406.12619817811776,False,False,1.0,L1,0.9,23.880000000000003,21.492000000000004,0.3,0.7,0.5,33.6739774336802,21.5,50.0,33.5,0.75,0.15,0.1,High,last engaged 9d ago; segment L1,Nurture,2,Add to long-term nurture sequence,False,Nurture
L00179,Stephanie,Anderson,sanderson@unknown.com,Director of Something,,Director,Technical Buyer,+1-555-4857,,,,,,2022-10-20,Web,Working,False,,False,False,False,False,,False,False,0.0,0.0,False,,,Lead,Orphan Lead,,,,L00179,,,,,,,,,False,False,False,False,False,False,False,False,False,False,True,False,False,True,False,,2,"missing_account, missing_industry",1.0,0.0,2026-05-19 00:00:00,2026-05-19 00:00:00,9.0,0.0,0.0,False,1.0,1.0,1.0,0.0,406.12619817811776,0.0,0.0,0.0,0.0,406.12619817811776,False,False,0.25,L3,0.45,3.75,1.6875,0.7,0.85,0.7749999999999999,33.6739774336802,1.7,77.5,33.3,0.75,0.15,0.1,Medium,last engaged 9d ago; segment L3,Nurture,2,Add to long-term nurture sequence,False,Nurture
L00322,Kenneth,Anderson,kenneth.anderson@protonmail.com,Manager of Something,Dynex Systems,Manager,,+1-555-6456,ACC0164,Financial Services,25000.0,,,2024-01-01,Content Syndication,Nurturing,False,,False,False,False,False,,False,True,92.0,0.0,False,,,Lead,Orphan Lead,,,,L00322,Dynex Systems,dynexsystems.com,False,True,False,12.6,United Kingdom,16956.7,False,False,False,False,False,False,False,False,False,True,False,False,False,False,False,,1,free_email_leakage,3.0,0.0,2026-05-13 00:00:00,2023-08-26 00:00:00,15.0,1.0,0.0,False,2.0,1.0,1.0,2.912163640362762e-05,353.5533905932738,0.0,0.0,0.0,0.0,353.5534197149102,True,False,0.65,L1,0.9,61.01,54.909,0.5,0.0,0.25,29.31490243793346,54.9,25.0,32.7,0.75,0.15,0.1,High,last engaged 15d ago; ICP industry (Financial Services); segment L1,Nurture,2,Add to long-term nurture sequence,False,Nurture
C00049,Joseph,Baker,jbaker@quantumnetworks.com,Unknown Title,,,,+1-555-2103,ACC0174,Software,5000.0,,,2023-03-16,,,False,,False,False,False,False,,False,False,,,,,,Contact,Converted Contact,L00243,0.0,True,C00049,Nimbus Partners,nimbuspartners.com,False,True,False,91.7,United States,2150.6,True,False,False,False,False,False,False,False,False,False,False,False,False,False,False,,1,duplicate_email,6.0,0.0,2026-04-28 00:00:00,2023-03-02 00:00:00,30.0,1.0,0.0,False,5.0,1.0,1.0,1.347050376613483e-09,250.0,2.2408087478617522e-07,1.3793795856522078e-07,0.0,0.0,250.00000036336587,True,False,1.0,C1,1.0,74.17,74.17,0.5,0.0,0.25,16.317022090013396,74.2,25.0,32.1,0.6,0.25,0.15,High,last engaged 30d ago; ICP industry (Software); segment C1,Nurture,2,Add to long-term nurture sequence,False,Nurture
L00132,Andrew,Hill,ahill@bastionnetworks.com,Manager of Something,,Manager,Influencer,+1-555-8995,ACC0159,Education,75.0,,,2022-05-29,Event,Open,False,,False,False,False,False,,False,False,71.0,0.0,True,Bad Data,2023-11-12,Lead,Orphan Lead,,,,L00132,Bastion Networks,bastionnetworks.com,False,False,False,49.1,United States,3.2,False,False,False,False,False,False,False,False,False,False,False,False,False,False,False,,0,,14.0,12.0,2026-05-10 00:00:00,2023-03-03 00:00:00,18.0,12.0,0.8571428571428571,True,2.0,0.0,1.0,415.6189480713938,1.2008196752887043e-06,0.0,0.0,0.0,0.0,415.6189492722135,False,False,0.25,L1,0.9,8.66,7.794,0.5,0.5,0.5,34.46106944488291,7.8,50.0,32.0,0.75,0.15,0.1,High,last engaged 18d ago; engagement discounted (automation-heavy); segment L1,Nurture,2,Add to long-term nurture sequence | Note: engagement may be automation-inflated,False,Nurture
C00265,Donald,Davis,ddavis@heliospartners.com,Individual Contributor of Something,,Individual Contributor,Financial Buyer,+1-555-4013,ACC0100,Energy,50.0,,,2022-12-11,,,False,,False,False,False,False,,False,False,,,,,,Contact,Orphan Contact,,87.8,False,C00265,Helios Partners,heliospartners.com,False,True,False,52.2,United States,2.8,False,False,False,True,False,False,False,False,False,False,False,False,False,False,False,,1,orphan_contact,3.0,1.0,2026-05-20 00:00:00,2024-03-02 00:00:00,8.0,1.0,0.3333333333333333,False,2.0,1.0,1.0,0.0,415.6189480713939,0.0,0.0,6.337964243820724e-07,0.0,415.6189487051904,True,False,0.25,C2,0.55,58.97,32.4335,0.3,0.7,0.5,27.126654228775344,32.4,50.0,31.9,0.6,0.25,0.15,High,last engaged 8d ago; ICP industry (Energy); segment C2,Nurture,2,Add to long-term nurture sequence,False,Nurture
C00248,Ronald,Lee,rlee@novanetworks.com,Manager of Something,,Manager,Technical Buyer,+1-555-7192,ACC0069,Financial Services,25000.0,,,2023-11-02,,,True,2022-08-23,False,False,False,False,,True,True,,,,,,Contact,Converted Contact,L00432,0.0,True,C00248,Umbra Systems,umbrasystems.com,True,True,False,10.0,United States,15899.0,True,False,False,False,False,False,False,False,False,False,False,False,False,False,False,,1,duplicate_email,7.0,1.0,2025-10-16 00:00:00,2023-11-12 00:00:00,224.0,1.0,0.1428571428571428,False,6.0,0.0,0.0,5.653395458751476,5.6912994617844736e-05,0.0,9.753686588449673e-08,0.0153798956285995,9.172740678078808e-07,5.668833282185626,True,True,0.65,C1,1.0,85.75,85.75,0.5,0.85,0.675,0.3699939110223313,85.8,67.5,31.8,0.6,0.25,0.15,High,last engaged 224d ago; ICP industry (Financial Services); named account; segment C1,Nurture,2,Add to long-term nurture sequence,False,Nurture
C00005,David,Wilson,dwilson@novagroup.com,Unknown Title,,,,+1-555-5502,ACC0134,Healthcare,7500.0,,,2024-01-01,,,False,,False,False,False,False,,False,False,,,,,,Contact,Orphan Contact,,63.2,False,C00005,Nova Group,novagroup.com,False,True,False,76.0,United States,1854.9,False,False,False,True,False,False,False,False,False,False,False,False,False,False,False,,1,orphan_contact,2.0,0.0,2026-04-24 00:00:00,2023-11-28 00:00:00,34.0,0.0,0.0,False,2.0,0.0,1.0,455.8612442791084,0.0,2.8232421102195973e-07,0.0,0.0,0.0,455.8612445614326,True,False,1.0,C2,0.55,72.6,39.93,0.5,0.0,0.25,29.7531919467144,39.9,25.0,31.6,0.6,0.25,0.15,High,last engaged 34d ago; ICP industry (Healthcare); segment C2,Nurture,2,Add to long-term nurture sequence,False,Nurture
C00012,Margaret,Thomas,mthomas@aetherventures.com,Manager of Something,,Manager,Technical Buyer,+1-555-4811,ACC0173,Healthcare,25.0,,,2023-03-19,,,False,,False,False,False,False,,False,False,,,,,,Contact,Converted Contact,L00227,13.9,True,C00012,Junction Solutions,junctionsolutions.com,False,True,False,11.9,United Kingdom,1.9,True,False,False,False,False,False,False,False,False,False,False,False,False,False,False,,1,duplicate_email,2.0,0.0,2026-04-18 00:00:00,2025-05-15 00:00:00,40.0,1.0,0.0,False,1.0,0.0,1.0,0.0,198.42513149602496,0.0,0.0,0.0,0.0,198.42513149602496,True,False,0.25,C1,1.0,54.94,54.94,0.5,0.85,0.675,12.950828996514252,54.9,67.5,31.6,0.6,0.25,0.15,High,last engaged 40d ago; ICP industry (Healthcare); segment C1,Nurture,2,Add to long-term nurture sequence,False,Nurture
C00316,Nancy,Wright,nwright@heliossystems.com,,,C-Level,Influencer,,ACC0179,Professional Services,200.0,,,2024-01-01,,,False,,False,False,False,False,,False,False,,,,,,Contact,Orphan Contact,,84.7,False,C00316,Forge Ventures,forgeventures.com,False,False,False,53.2,United States,38.5,True,False,False,True,False,False,False,False,False,False,False,True,True,False,False,,4,"duplicate_email, orphan_contact, missing_title, missing_phone",1.0,0.0,2026-04-24 00:00:00,2026-04-24 00:00:00,34.0,0.0,0.0,False,1.0,0.0,1.0,455.8612442791084,0.0,0.0,0.0,0.0,0.0,455.8612442791084,False,False,0.65,C2,0.55,15.07,8.2885,1.0,0.5,0.75,29.75319192828764,8.3,75.0,31.2,0.6,0.25,0.15,Low,last engaged 34d ago; segment C2,Nurture,2,Add to long-term nurture sequence,False,Nurture
L00059,Timothy,Moore,tmoore@forgeventures.com,Unknown Title,Forge Ventures Inc.,,Influencer,+1-555-3934,ACC0042,Telecommunications,25000.0,,,2024-01-01,Cold Call,Nurturing,False,,False,False,False,False,,False,False,94.0,0.0,False,,,Lead,Orphan Lead,,,,L00059,Forge Ventures,forgeventures.com,True,True,False,79.6,Canada,10488.4,False,False,False,False,False,False,False,False,False,False,False,False,False,False,False,,0,,12.0,9.0,2026-05-13 00:00:00,2023-05-11 00:00:00,15.0,9.0,0.75,True,3.0,0.0,1.0,2.9802322387695296e-05,217.63764082403105,0.0,6.90111750335874e-05,0.0,0.0,217.63773963752848,True,True,0.65,L1,0.9,92.71,83.439,0.5,0.5,0.5,18.045445888859128,83.4,50.0,31.0,0.75,0.15,0.1,High,last engaged 15d ago; ICP industry (Telecommunications); named account; engagement discounted (automation-heavy); segment L1,Nurture,2,Add to long-term nurture sequence | Note: engagement may be automation-inflated,False,Nurture
C00187,Sharon,Mitchell,smitchell@novanetworks.com,Individual Contributor of Something,,Individual Contributor,,+1-555-1040,ACC0139,Manufacturing,7500.0,,,2022-03-16,,,False,,False,False,False,False,,False,False,,,,,,Contact,Orphan Contact,,98.5,False,C00187,Nova Networks,novanetworks.com,True,False,False,89.6,United Kingdom,3707.6,True,False,False,True,False,False,False,False,False,False,False,False,False,False,False,,2,"duplicate_email, orphan_contact",3.0,1.0,2026-05-03 00:00:00,2024-03-16 00:00:00,25.0,2.0,0.3333333333333333,False,1.0,1.0,1.0,561.2310241546865,0.0,0.0,0.0,0.0,0.0,561.2310241546865,False,True,1.0,C2,0.55,48.96,26.928000000000004,0.3,0.0,0.15,36.630476021690384,26.9,15.0,31.0,0.6,0.25,0.15,Medium,last engaged 25d ago; named account; segment C2,Nurture,2,Add to long-term nurture sequence,False,Nurture
L00451,Sandra,Wilson,sandra.wilson@hotmail.com,VP of Something,,VP,Technical Buyer,+1-555-6946,ACC0056,Manufacturing,1500.0,,,2024-01-01,Cold Call,Disqualified,False,,False,False,False,True,C00217,True,True,79.0,0.0,False,,,Lead,Converted Lead - linked,,,,C00217,Fusion Networks,fusionnetworks.com,True,False,False,47.0,United States,509.4,True,False,False,False,False,False,False,False,False,False,False,False,False,False,False,,1,duplicate_email,11.0,9.0,2026-05-15 00:00:00,2024-03-23 00:00:00,13.0,9.0,0.8181818181818182,True,2.0,1.0,1.0,0.0,261.82353070515666,0.0,0.0,0.0,5.148026645063532e-07,261.8235312199593,False,True,1.0,L1,0.9,44.7,40.23,0.85,0.85,0.85,21.709113377710725,40.2,85.0,30.8,0.75,0.15,0.1,High,last engaged 13d ago; named account; engagement discounted (automation-heavy); segment L1,Nurture,2,Do not action — record converted to contact C00217 (work the contact record instead),True,Converted
C00170,Daniel,Rodriguez,drodriguez@gravitasdynamics.com,Individual Contributor of Something,,Individual Contributor,Influencer,,ACC0010,Software,15000.0,,,2024-01-01,,,False,,False,False,False,False,,False,False,,,,,,Contact,Orphan Contact,,12.8,False,C00170,Gravitas Dynamics,gravitasdynamics.com,False,True,False,99.2,United States,3759.4,False,False,False,True,False,False,False,False,False,False,False,False,True,False,False,,2,"orphan_contact, missing_phone",3.0,0.0,2026-05-17 00:00:00,2023-03-18 00:00:00,11.0,1.0,0.0,False,2.0,1.0,1.0,1.191364009860874e-07,387.7861904584336,0.0,0.0,0.0,0.0,387.7861905775701,True,False,0.65,C2,0.55,69.67,38.31850000000001,0.3,0.5,0.4,25.31006331463817,38.3,40.0,30.8,0.6,0.25,0.15,Medium,last engaged 11d ago; ICP industry (Software); segment C2,Nurture,2,Add to long-term nurture sequence,False,Nurture
C00198,Anthony,Williams,awilliams@vertexsystems.com,Individual Contributor of Something,,Individual Contributor,Financial Buyer,+1-555-2734,ACC0060,Financial Services,200.0,,,2022-04-02,,,True,2022-05-16,True,False,False,False,,False,False,,,,,,Contact,Converted Contact,L00242,92.6,True,C00198,Dynex Technologies,dynextechnologies.com,False,True,False,51.7,United States,27.4,True,False,False,False,True,False,False,False,False,False,False,False,False,False,False,,1,duplicate_email,2.0,0.0,2026-04-21 00:00:00,2024-04-07 00:00:00,37.0,0.0,0.0,False,2.0,0.0,1.0,0.0,0.0,170.13343219017116,0.0,0.0,7.280409100906893e-07,170.1334329182121,True,False,0.65,C1,1.0,64.92,64.92,0.3,0.7,0.5,11.104283916565445,64.9,50.0,30.4,0.6,0.25,0.15,High,last engaged 37d ago; ICP industry (Financial Services); segment C1,Nurture,2,Add to long-term nurture sequence | Note: opted out — no email,False,Nurture
L00046,Sharon,Garcia,sgarcia@junctionsolutions.com,Director of Something,Junction Solutions,Director,Technical Buyer,+1-555-3075,ACC0048,Government,1500.0,,,2024-01-01,Paid Search,Working,False,,False,False,False,False,,False,False,89.0,0.0,True,Bad Data,2023-03-05,Lead,Orphan Lead,,,,L00046,Junction Solutions,junctionsolutions.com,False,False,False,68.3,Canada,289.4,False,False,False,False,False,False,False,False,False,False,False,False,False,False,False,,0,,14.0,12.0,2026-05-08 00:00:00,2023-11-15 00:00:00,20.0,12.0,0.8571428571428571,True,2.0,1.0,1.0,0.0,314.9802624737183,0.0,0.0,0.0,6.486107135535231e-07,314.980263122329,False,False,1.0,L1,0.9,21.83,19.647,0.7,0.85,0.7749999999999999,26.11660690695981,19.6,77.5,30.3,0.75,0.15,0.1,High,last engaged 20d ago; engagement discounted (automation-heavy); segment L1,Nurture,2,Add to long-term nurture sequence | Note: engagement may be automation-inflated,False,Nurture
L00466,Matthew,Hall,mhall@paragondynamics.com,Individual Contributor of Something,Paragon Dynamics Group,Individual Contributor,Influencer,+1-555-6567,ACC0093,Education,25000.0,,,2022-02-14,Web,Nurturing,False,,False,False,False,False,,False,False,0.0,0.0,True,Competitor,2022-01-02,Lead,Orphan Lead,,,,L00466,Paragon Dynamics,paragondynamics.com,False,False,False,24.4,United States,17433.7,False,False,False,False,False,False,False,False,False,False,False,False,False,False,False,,0,,2.0,0.0,2026-04-18 00:00:00,2025-03-09 00:00:00,40.0,0.0,0.0,False,2.0,0.0,1.0,396.8502629920498,0.0171274116258144,0.0,0.0,0.0,0.0,396.8673904036757,False,False,0.65,L1,0.9,12.19,10.971,0.3,0.5,0.4,32.906282846485404,11.0,40.0,30.3,0.75,0.15,0.1,High,last engaged 40d ago; segment L1,Nurture,2,Add to long-term nurture sequence,False,Nurture
L00542,Patricia,Sanchez,psanchez@mantlepartners.com,Individual Contributor of Something,Mantle Partners Group,Individual Contributor,,+1-555-8567,ACC0178,Manufacturing,75.0,,,2024-01-01,Web,Nurturing,False,,False,False,False,False,,False,False,4.0,0.0,False,,,Lead,Orphan Lead,,,,L00542,Mantle Partners,mantlepartners.com,False,False,False,40.0,United States,3.0,False,False,False,False,False,False,False,False,False,False,False,False,False,False,False,,0,,1.0,0.0,2026-04-23 00:00:00,2026-04-23 00:00:00,35.0,0.0,0.0,False,1.0,0.0,1.0,445.4493590701696,0.0,0.0,0.0,0.0,0.0,445.4493590701696,False,False,0.25,L1,0.9,7.75,6.9750000000000005,0.3,0.0,0.15,36.93445961493357,7.0,15.0,30.3,0.75,0.15,0.1,High,last engaged 35d ago; segment L1,Nurture,2,Add to long-term nurture sequence,False,Nurture
C00309,Jennifer,Young,marketing@globalpartners.com,VP of Something,,VP,,+1-555-5582,ACC0142,Software,7500.0,,,2022-11-16,,,True,2022-08-07,False,False,False,False,,False,False,,,,,,Contact,Converted Contact,L00202,21.9,True,C00309,Xenon Dynamics,xenondynamics.com,False,True,False,84.6,United Kingdom,2199.5,True,True,False,False,False,False,False,False,False,False,False,False,False,False,False,,2,"duplicate_email, shared_email",102.0,66.0,2026-05-24 00:00:00,2023-02-09 00:00:00,4.0,78.0,0.6470588235294118,False,24.0,0.0,0.0,15.109808302026323,124.01570718501564,2.042995727983541e-07,1.4892050123260951e-09,0.0003170920929499,9.530912078887017e-08,139.12583288023282,True,False,1.0,C1,1.0,73.46,73.46,0.85,0.0,0.425,9.080477140394942,73.5,42.5,30.2,0.6,0.25,0.15,Medium,last engaged 4d ago; ICP industry (Software); segment C1,Nurture,2,Add to long-term nurture sequence,False,Nurture
C00181,Edward,Hernandez,ehernandez@delphilabs.com,Manager of Something,,Manager,,+1-555-3169,ACC0152,Telecommunications,75.0,,,2024-01-01,,,False,,False,False,False,False,,False,False,,,,,,Contact,Converted Contact,L00173,63.0,True,C00181,Apex Ventures,apexventures.com,True,True,False,24.8,United States,2.9,True,False,False,False,False,False,False,False,False,False,False,False,False,False,False,,1,duplicate_email,12.0,9.0,2026-05-12 00:00:00,2023-03-01 00:00:00,16.0,10.0,0.75,True,2.0,0.0,1.0,2.188289792833748e-09,0.0,151.57165665103983,0.0,0.0,0.0,151.57165665322813,True,True,0.25,C1,1.0,81.23,81.23,0.5,0.0,0.25,9.892792264943786,81.2,25.0,30.0,0.6,0.25,0.15,High,last engaged 16d ago; ICP industry (Telecommunications); named account; engagement discounted (automation-heavy); segment C1,Nurture,2,Add to long-term nurture sequence | Note: engagement may be automation-inflated,False,Nurture
C00099,Patricia,Martin,pmartin@umbragroup.com,C-Level of Something,,C-Level,Influencer,+1-555-5926,ACC0104,Professional Services,100.0,,,2023-07-05,,,False,,False,False,False,False,,False,False,,,,,,Contact,Converted Contact,L00345,18.9,True,C00099,Cascade Partners,cascadepartners.com,False,False,False,48.1,United States,10.3,True,False,False,False,False,False,False,False,False,False,False,False,False,False,False,,1,duplicate_email,3.0,1.0,2026-05-16 00:00:00,2023-05-17 00:00:00,12.0,2.0,0.3333333333333333,False,1.0,1.0,1.0,0.0,378.9291416275996,0.0,0.0,0.0,0.0,378.9291416275996,False,False,0.65,C1,1.0,14.56,14.56,1.0,0.5,0.75,24.7319806620024,14.6,75.0,29.7,0.6,0.25,0.15,High,last engaged 12d ago; segment C1,Nurture,2,Add to long-term nurture sequence,False,Nurture
C00156,Charles,Williams,cwilliams@unknown.com,Individual Contributor of Something,,Individual Contributor,,+1-555-2014,,,,,,2024-01-01,,,False,,False,False,False,False,,False,False,,,,,,Contact,Orphan Contact,,72.1,False,C00156,,,,,,,,,False,False,False,True,False,False,False,False,False,False,True,False,False,True,False,,3,"orphan_contact, missing_account, missing_industry",2.0,1.0,2026-05-12 00:00:00,2024-03-04 00:00:00,16.0,1.0,0.5,False,1.0,1.0,1.0,690.9564399838878,0.0,0.0,0.0,0.0,0.0,690.9564399838878,False,False,0.25,C3,0.45,3.75,1.6875,0.3,0.0,0.15,45.09740591226902,1.7,15.0,29.7,0.6,0.25,0.15,Medium,last engaged 16d ago; segment C3,Nurture,2,Add to long-term nurture sequence,False,Nurture
L00086,Betty,Campbell,bcampbell@impulsesystems.com,Unknown Title,Impulse Systems Inc.,,,+1-555-2624,ACC0188,Software,5000.0,,,2023-08-21,Web,Disqualified,False,,False,False,False,True,C00329,False,False,47.0,0.0,False,,,Lead,Converted Lead - linked,,,,C00329,Impulse Systems,impulsesystems.com,False,True,False,5.0,United States,1829.4,True,False,False,False,False,False,False,False,False,False,False,False,False,False,False,,1,duplicate_email,5.0,0.0,2026-05-04 00:00:00,2023-10-22 00:00:00,24.0,3.0,0.0,False,2.0,1.0,1.0,0.0,287.1745887492588,0.0,0.0,0.0,0.0055647124545789,287.18015346171336,True,False,1.0,L1,0.9,65.5,58.95,0.5,0.0,0.25,23.81155919133612,59.0,25.0,29.2,0.75,0.15,0.1,High,last engaged 24d ago; ICP industry (Software); segment L1,Nurture,2,Do not action — record converted to contact C00329 (work the contact record instead),True,Converted
L00467,Ashley,Hill,ahill@nimbussolutions.com,Individual Contributor of Something,Nimbus Solutions & Co,Individual Contributor,Technical Buyer,+1-555-3130,ACC0071,Education,50000.0,,,2022-02-08,Event,Disqualified,False,,False,True,False,True,C00287,False,False,81.0,0.0,False,,,Lead,Converted Lead - linked,,,,C00287,Nimbus Solutions,nimbussolutions.com,False,False,False,74.4,United States,37672.9,True,False,False,False,False,True,False,False,False,False,False,False,False,False,False,,1,duplicate_email,4.0,0.0,2026-04-11 00:00:00,2023-11-25 00:00:00,47.0,1.0,0.0,False,3.0,0.0,1.0,0.0,337.5874865420475,0.0,0.0,0.0,3.870753087768288e-08,337.587486580755,False,False,0.65,L1,0.9,17.19,15.471000000000002,0.3,0.85,0.575,27.99108615994148,15.5,57.5,29.1,0.75,0.15,0.1,High,last engaged 47d ago; segment L1,Nurture,2,Do not action — record converted to contact C00287 (work the contact record instead),True,Converted
C00171,Barbara,Lee,blee@quartztechnologies.com,Individual Contributor of Something,,Individual Contributor,CISO,,ACC0009,Government,50000.0,,,2023-03-17,,,False,,False,False,False,False,,False,False,,,,,,Contact,Orphan Contact,,84.2,False,C00171,Quartz Technologies,quartztechnologies.com,True,False,False,50.7,United States,16429.1,False,False,False,True,False,False,False,False,False,False,False,False,True,False,False,,2,"orphan_contact, missing_phone",3.0,1.0,2026-05-13 00:00:00,2023-12-25 00:00:00,15.0,1.0,0.3333333333333333,False,2.0,1.0,1.0,0.0,353.5533905932738,0.0,0.0,0.0,6.585445079827206e-08,353.55339065912824,False,True,0.65,C2,0.55,39.82,21.901000000000003,0.3,1.0,0.65,23.07575390799676,21.9,65.0,29.1,0.6,0.25,0.15,Medium,last engaged 15d ago; named account; segment C2,Nurture,2,Add to long-term nurture sequence,False,Nurture
C00177,Joshua,Jones,jjones@quantumnetworks.com,Individual Contributor of Something,,Individual Contributor,Financial Buyer,+1-555-1319,ACC0068,Manufacturing,15000.0,,,2022-01-09,,,True,2022-08-31,True,False,False,False,,False,False,,,,,,Contact,Orphan Contact,,61.9,False,C00177,Emblem Group,emblemgroup.com,False,False,False,79.8,France,6955.9,True,False,False,True,True,False,False,False,False,False,False,False,False,False,False,,2,"duplicate_email, orphan_contact",1.0,0.0,2026-05-27 00:00:00,2026-05-27 00:00:00,1.0,0.0,0.0,False,1.0,1.0,1.0,0.0,488.57998421712296,0.0,0.0,0.0,0.0,488.57998421712296,False,False,0.65,C2,0.55,17.73,9.751500000000002,0.3,0.7,0.5,31.88868153448773,9.8,50.0,29.1,0.6,0.25,0.15,Medium,last engaged 1d ago; segment C2,Nurture,2,Add to long-term nurture sequence | Note: opted out — no email,False,Nurture
L00026,Brian,Harris,bharris@vertexnetworks.com,Individual Contributor of Something,Vertex Networks Group,Individual Contributor,Technical Buyer,,ACC0064,Energy,100.0,,,2024-01-01,Event,Working,False,,True,False,False,False,,False,False,0.0,0.0,False,,,Lead,Orphan Lead,,,,L00026,Vertex Networks,vertexnetworks.com,True,True,False,57.0,United States,12.6,False,False,False,False,True,False,False,False,False,False,False,False,True,False,False,,1,missing_phone,3.0,0.0,2026-04-22 00:00:00,2024-11-24 00:00:00,36.0,0.0,0.0,False,3.0,0.0,1.0,0.0,0.0,174.11011265922485,0.0006055454452393,0.0,0.897420589841434,175.00813879451152,True,True,0.65,L1,0.9,90.45,81.405,0.3,0.85,0.575,14.510810046024464,81.4,57.5,28.8,0.75,0.15,0.1,High,last engaged 36d ago; ICP industry (Energy); named account; segment L1,Nurture,2,Add to long-term nurture sequence | Note: opted out — no email,False,Nurture
L00048,Margaret,Rodriguez,mrodriguez@delphiventures.com,C-Level of Something,Delphi Ventures LLC,C-Level,Technical Buyer,+1-555-3001,ACC0045,Manufacturing,7500.0,,,2024-01-01,Content Syndication,Open,False,,False,False,False,False,,False,False,89.0,0.0,False,,,Lead,Orphan Lead,,,,L00048,Delphi Ventures,delphiventures.com,False,False,False,9.4,United States,3214.5,False,False,False,False,False,False,False,False,False,False,False,False,False,False,False,,0,,3.0,0.0,2026-05-02 00:00:00,2024-11-21 00:00:00,26.0,1.0,0.0,False,2.0,1.0,1.0,0.0,274.2062449236565,0.0,0.0,0.0,0.0065415860750506,274.2127865097316,False,False,1.0,L1,0.9,15.94,14.346,1.0,0.85,0.925,22.736369203410803,14.3,92.5,28.4,0.75,0.15,0.1,High,last engaged 26d ago; segment L1,Nurture,2,Add to long-term nurture sequence,False,Nurture
C00175,Richard,Adams,radams@radiantsystems.com,,,VP,Financial Buyer,+1-555-3777,ACC0176,Telecommunications,50000.0,,,2023-01-18,,,False,,True,False,False,False,,False,False,,,,,,Contact,Orphan Contact,,77.3,False,C00175,Radiant Systems,radiantsystems.com,False,True,False,60.8,United States,37415.8,False,False,False,True,True,False,False,False,False,False,False,True,False,False,False,,2,"orphan_contact, missing_title",1.0,0.0,2026-04-17 00:00:00,2026-04-17 00:00:00,41.0,0.0,0.0,False,1.0,0.0,1.0,0.0,193.8930952292168,0.0,0.0,0.0,0.0,193.8930952292168,True,False,0.65,C2,0.55,65.83,36.206500000000005,0.85,0.7,0.7749999999999999,12.65503165343118,36.2,77.5,28.3,0.6,0.25,0.15,Medium,last engaged 41d ago; ICP industry (Telecommunications); segment C2,Nurture,2,Add to long-term nurture sequence | Note: opted out — no email,False,Nurture
C00199,David,Hernandez,dhernandez@unknown.com,Individual Contributor of Something,,Individual Contributor,,+1-555-7700,ACC0188,Software,5000.0,,,2022-09-17,,,False,,False,False,False,False,,False,False,,,,,,Contact,Converted Contact,L00318,72.3,True,C00199,Impulse Systems,impulsesystems.com,False,True,False,5.0,United States,1829.4,True,False,False,False,False,False,False,False,False,False,False,False,False,False,False,,1,duplicate_email,4.0,0.0,2026-04-25 00:00:00,2023-04-23 00:00:00,33.0,1.0,0.0,False,3.0,0.0,1.0,0.0,233.25824788420184,0.0,1.8201022752267254e-07,0.0,0.0,233.2582480662121,True,False,1.0,C1,1.0,65.5,65.5,0.3,0.0,0.15,15.224319923368837,65.5,15.0,27.8,0.6,0.25,0.15,High,last engaged 33d ago; ICP industry (Software); segment C1,Nurture,2,Add to long-term nurture sequence,False,Nurture
L00007,Jacob,Roberts,jroberts@glacierlabs.com,Individual Contributor of Something,Glacier Labs Inc.,Individual Contributor,Influencer,+1-555-7074,ACC0120,Manufacturing,2000.0,,,2024-01-01,Webinar,Nurturing,False,,True,False,False,True,,False,False,32.0,0.0,False,,,Lead,Converted Lead - broken link,,,,L00007,Glacier Labs,glacierlabs.com,False,False,False,55.3,United States,572.5,True,False,True,False,True,False,False,False,False,False,False,False,False,False,False,,2,"duplicate_email, broken_conversion_link",1.0,0.0,2026-05-10 00:00:00,2026-05-10 00:00:00,18.0,0.0,0.0,False,1.0,1.0,1.0,0.0,329.8769776932236,0.0,0.0,0.0,0.0,329.8769776932236,False,False,1.0,L1,0.9,20.53,18.477,0.3,0.5,0.4,27.351768865352543,18.5,40.0,27.3,0.75,0.15,0.1,Medium,last engaged 18d ago; segment L1,Nurture,2,Add to long-term nurture sequence | Note: opted out — no email; broken conversion link (DQ-1),False,Nurture
L00282,Jacob,Thompson,jthompson@unknown.com,Director of Something,,Director,,+1-555-1615,,,,,7500.0,2024-01-01,Web,Working,False,,False,True,False,False,,False,False,75.0,0.0,True,Bad Data,2022-10-28,Lead,Orphan Lead,,,,L00282,,,,,,,,,False,False,False,False,False,True,False,False,False,False,True,False,False,True,False,,2,"missing_account, missing_industry",2.0,0.0,2026-04-14 00:00:00,2024-05-06 00:00:00,44.0,1.0,0.0,False,1.0,0.0,1.0,361.8173093600944,0.0,0.0,0.0,0.0,0.0,361.8173093600944,False,False,1.0,L2,0.55,15.0,8.25,0.7,0.0,0.35,30.000103330352395,8.2,35.0,27.2,0.75,0.15,0.1,Medium,last engaged 44d ago; segment L2,Nurture,2,Email undeliverable — use phone or LinkedIn only | Note: email bounced — use phone/LinkedIn,False,Phone / LinkedIn
C00034,Amy,Adams,aadams@dynexsystems.com,Individual Contributor of Something,,Individual Contributor,,+1-555-7429,ACC0073,Energy,3500.0,,,2022-01-08,,,False,,True,False,False,False,,False,False,,,,,,Contact,Converted Contact,L00054,0.0,True,C00034,Nimbus Ventures,nimbusventures.com,True,True,False,97.9,United States,767.7,True,False,False,False,True,False,False,False,False,False,False,False,False,False,False,,1,duplicate_email,21.0,18.0,2026-05-09 00:00:00,2023-03-14 00:00:00,19.0,19.0,0.8571428571428571,True,2.0,0.0,0.0,0.0,0.0,0.0,0.0007118476803106,0.0001479286920388,0.0,0.0008597763723495,True,True,1.0,C1,1.0,99.79,99.79,0.3,0.0,0.15,5.611596015883101e-05,99.8,15.0,27.2,0.6,0.25,0.15,High,last engaged 19d ago; ICP industry (Energy); named account; engagement discounted (automation-heavy); segment C1,Nurture,2,Add to long-term nurture sequence | Note: opted out — no email; engagement may be automation-inflated,False,Nurture
C00345,Anthony,Lee,alee@glaciertechnologies.com,Unknown Title,,,Technical Buyer,+1-555-6853,ACC0097,Financial Services,5000.0,,,2024-01-01,,,True,2022-11-09,False,False,False,False,,False,False,,,,,,Contact,Converted Contact,L00583,38.9,True,C00345,Umbra Group,umbragroup.com,False,True,False,27.8,United States,1815.7,True,False,False,False,False,False,False,False,False,False,False,False,False,False,False,,1,duplicate_email,2.0,0.0,2023-11-14 00:00:00,2023-11-01 00:00:00,926.0,0.0,0.0,False,2.0,0.0,0.0,3.782344965060406e-07,0.0,0.0,0.0,0.0,2.5537446599794266e-08,4.037719431058349e-07,True,False,1.0,C1,1.0,67.78,67.78,0.5,0.85,0.675,2.6353422821638423e-08,67.8,67.5,27.1,0.6,0.25,0.15,High,last engaged 926d ago; ICP industry (Financial Services); segment C1,Nurture,2,Add to long-term nurture sequence,False,Nurture
L00191,Michael,Gonzalez,dwalker@impulsetechnologies.com,Director of Something,Nimbus Solutions Group,Director,Influencer,+1-555-2467,ACC0071,Education,50000.0,,,2022-07-21,Content Syndication,MQL,True,2022-01-26,True,False,False,False,,False,True,54.0,1.0,False,,,Lead,Orphan Lead,,,,L00191,Nimbus Solutions,nimbussolutions.com,False,False,False,74.4,United States,37672.9,True,False,False,False,True,False,False,False,False,True,False,False,False,False,False,,2,"duplicate_email, free_email_leakage",42.0,39.0,2026-05-05 00:00:00,2023-01-31 00:00:00,23.0,39.0,0.9285714285714286,True,3.0,1.0,1.0,0.0,293.8869765709022,3.87075308776828e-08,0.0,0.0,5.913529738665374e-07,293.88697720096275,False,False,0.65,L1,0.9,17.19,15.471000000000002,0.7,0.5,0.6,24.36765587325493,15.5,60.0,26.6,0.75,0.15,0.1,Medium,last engaged 23d ago; engagement discounted (automation-heavy); segment L1,Nurture,2,Add to long-term nurture sequence | Note: opted out — no email; engagement may be automation-inflated,False,Nurture
L00600,Steven,Torres,storres@latticegroup.com,VP of Something,Lattice Group,VP,,,ACC0187,Retail,25.0,,,2024-01-01,Event,Disqualified,False,,False,False,False,True,C00281,False,False,23.0,0.0,False,,,Lead,Converted Lead - linked,,,,C00281,Lattice Group,latticegroup.com,True,False,False,34.1,France,1.4,True,False,False,False,False,False,False,False,False,False,False,False,True,False,False,,2,"duplicate_email, missing_phone",7.0,1.0,2026-05-04 00:00:00,2023-03-01 00:00:00,24.0,3.0,0.1428571428571428,False,4.0,1.0,1.0,0.8501470344688717,287.1745887492588,0.0009392886454352,2.6325674069819465e-10,0.0,0.0,288.0256750726363,False,True,0.25,L1,0.9,32.16,28.944,0.85,0.0,0.425,23.881665665071704,28.9,42.5,26.5,0.75,0.15,0.1,Medium,last engaged 24d ago; named account; segment L1,Nurture,2,Do not action — record converted to contact C00281 (work the contact record instead),True,Converted
C00115,Donald,Hall,dhall@fusiongroup.com,Individual Contributor of Something,,Individual Contributor,Technical Buyer,+1-555-3941,ACC0060,Financial Services,200.0,,,2024-01-01,,,False,,True,False,False,False,,False,False,,,,,,Contact,Converted Contact,L00124,11.9,True,C00115,Dynex Technologies,dynextechnologies.com,False,True,False,51.7,United States,27.4,True,False,False,False,True,False,False,False,False,False,False,False,False,False,False,,1,duplicate_email,18.0,14.0,2026-01-11 00:00:00,2023-03-09 00:00:00,137.0,15.0,0.7777777777777778,True,3.0,0.0,0.0,0.0,33.49292070425917,0.0,3.167044499773065e-10,0.0,0.0,33.49292070457587,True,False,0.65,C1,1.0,64.92,64.92,0.3,0.85,0.575,2.1860189048052274,64.9,57.5,26.2,0.6,0.25,0.15,High,last engaged 137d ago; ICP industry (Financial Services); engagement discounted (automation-heavy); segment C1,Nurture,2,Add to long-term nurture sequence | Note: opted out — no email; engagement may be automation-inflated,False,Nurture
L00243,Joseph,Baker,jbaker@quantumnetworks.com,C-Level of Something,Quantum Networks LLC,C-Level,Influencer,,ACC0001,Government,2000.0,,,2024-01-01,Content Syndication,Disqualified,False,,False,False,False,True,C00049,False,False,60.0,0.0,False,,,Lead,Converted Lead - linked,,,,C00049,Quantum Networks,quantumnetworks.com,False,False,False,73.9,United States,675.7,True,False,False,False,False,False,False,False,False,False,False,False,True,False,False,,2,"duplicate_email, missing_phone",6.0,0.0,2026-04-28 00:00:00,2023-03-02 00:00:00,30.0,1.0,0.0,False,5.0,1.0,1.0,1.347050376613483e-09,250.0,2.2408087478617522e-07,1.3793795856522078e-07,0.0,0.0,250.00000036336587,False,False,1.0,L1,0.9,22.39,20.151,1.0,0.5,0.75,20.728764626417583,20.2,75.0,26.1,0.75,0.15,0.1,Medium,last engaged 30d ago; segment L1,Nurture,2,Do not action — record converted to contact C00049 (work the contact record instead),True,Converted
L00305,Anthony,Anderson,aanderson@fusionlabs.com,Individual Contributor of Something,Fusion Labs Corp,Individual Contributor,Technical Buyer,+1-555-6512,ACC0020,Manufacturing,75.0,,,2023-12-13,Cold Call,Disqualified,False,,False,False,False,True,C00342,False,False,13.0,0.0,True,Competitor,2022-08-01,Lead,Converted Lead - linked,,,,C00342,Fusion Labs,fusionlabs.com,False,False,False,27.3,United States,2.7,True,False,False,False,False,False,False,False,False,False,False,False,False,False,False,,1,duplicate_email,17.0,10.0,2026-04-17 00:00:00,2023-03-11 00:00:00,41.0,14.0,0.5882352941176471,False,3.0,0.0,1.0,0.0,0.0,310.2289523667469,0.0,0.0,1.2972214271070442e-06,310.22895366396835,False,False,0.25,L1,0.9,6.48,5.832000000000001,0.3,0.85,0.575,25.722651805813896,5.8,57.5,25.9,0.75,0.15,0.1,High,last engaged 41d ago; segment L1,Nurture,2,Do not action — record converted to contact C00342 (work the contact record instead),True,Converted
L00092,William,Roberts,wroberts@unknown.com,Individual Contributor of Something,,Individual Contributor,,+1-555-9835,,,,Telecommunications,1000.0,2024-01-01,Content Syndication,MQL,True,2023-09-01,False,True,False,True,C00310,False,False,14.0,2.0,False,,,Lead,Converted Lead - linked,,,,C00310,,,,,,,,,True,False,False,False,False,True,False,False,False,False,True,False,False,True,False,,3,"duplicate_email, missing_account, missing_industry",4.0,0.0,2026-04-15 00:00:00,2023-09-05 00:00:00,43.0,1.0,0.0,False,3.0,0.0,1.0,0.0,0.0,296.2195104573129,0.0,2.8491327767444288,0.0,299.06864323405733,True,False,1.0,L2,0.55,65.0,35.75,0.3,0.0,0.15,24.797294014921352,35.8,15.0,25.5,0.75,0.15,0.1,Medium,last engaged 43d ago; ICP industry (nan); segment L2,Nurture,2,Do not action — record converted to contact C00310 (work the contact record instead),True,Converted
C00057,Sarah,Garcia,sgarcia@heliossolutions.com,Manager of Something,,Manager,,,ACC0138,Financial Services,300.0,,,2024-01-01,,,False,,False,False,False,False,,False,False,,,,,,Contact,Converted Contact,L00572,42.1,True,C00057,Lattice Dynamics,latticedynamics.com,True,True,False,12.1,United States,38.3,True,False,False,False,False,False,False,False,False,False,False,False,True,False,False,,2,"duplicate_email, missing_phone",15.0,10.0,2025-11-28 00:00:00,2023-03-30 00:00:00,181.0,11.0,0.6666666666666666,False,4.0,0.0,0.0,0.0,5.920767837931243,0.0,8.75315917133498e-10,0.0,6.951637503033934e-07,5.9207685339703096,True,True,0.65,C1,1.0,85.96,85.96,0.5,0.0,0.25,0.3864372432729266,86.0,25.0,25.5,0.6,0.25,0.15,Medium,last engaged 181d ago; ICP industry (Financial Services); named account; segment C1,Nurture,2,Add to long-term nurture sequence,False,Nurture
L00279,Joseph,Martinez,jmartinez@aethersolutions.com,Unknown Title,Aether Solutions LLC,,Technical Buyer,+1-555-5184,ACC0112,Education,1000.0,,,2024-01-01,Advertisement,Open,False,,False,False,False,False,,False,False,18.0,0.0,True,Competitor,2023-04-01,Lead,Orphan Lead,,,,L00279,Aether Solutions,aethersolutions.com,False,False,False,87.7,United States,333.0,False,False,False,False,False,False,False,False,False,False,False,False,False,False,False,,0,,13.0,10.0,2026-05-07 00:00:00,2023-03-17 00:00:00,21.0,10.0,0.7692307692307693,True,3.0,1.0,1.0,1.905016911806575e-09,1.4801919594828108,246.2288826689833,0.0,0.0,0.0,247.7090746303711,False,False,1.0,L1,0.9,23.77,21.393,0.5,0.85,0.675,20.538812385510266,21.4,67.5,25.4,0.75,0.15,0.1,High,last engaged 21d ago; engagement discounted (automation-heavy); segment L1,Nurture,2,Add to long-term nurture sequence | Note: engagement may be automation-inflated,False,Nurture
C00277,Sharon,Flores,sflores@unknown.com,Manager of Something,,Manager,Technical Buyer,+1-555-5020,ACC0164,Financial Services,25000.0,,,2022-03-09,,,False,,True,False,False,False,,False,False,,,,,,Contact,Converted Contact,L00456,0.0,True,C00277,Dynex Systems,dynexsystems.com,False,True,False,12.6,United Kingdom,16956.7,True,False,False,False,True,False,False,False,False,False,False,False,False,False,False,,1,duplicate_email,15.0,15.0,2026-01-10 00:00:00,2023-03-13 00:00:00,138.0,15.0,1.0,True,0.0,0.0,0.0,0.0,0.0,0.0,0.0,0.0,0.0,0.0,True,False,0.65,C1,1.0,61.01,61.01,0.5,0.85,0.675,0.0,61.0,67.5,25.4,0.6,0.25,0.15,High,last engaged 138d ago; ICP industry (Financial Services); engagement discounted (automation-heavy); segment C1,Nurture,2,Add to long-term nurture sequence | Note: opted out — no email; engagement may be automation-inflated,False,Nurture
C00131,Donna,Hill,dhill@orbitcorp.com,Individual Contributor of Something,,Individual Contributor,,+1-555-6352,ACC0132,Financial Services,500.0,,,2023-12-24,,,False,,False,False,False,False,,True,True,,,,,,Contact,Converted Contact,L00018,27.7,True,C00131,Glacier Partners,glacierpartners.com,False,True,False,37.1,United States,137.7,True,False,False,False,False,False,False,False,False,False,False,False,False,False,False,,1,duplicate_email,7.0,0.0,2026-04-15 00:00:00,2023-12-02 00:00:00,43.0,0.0,0.0,False,7.0,0.0,1.0,1.2870066612658803e-06,3.870753087768287e-07,148.10975522865644,0.0,0.0,1.0796194374748258,149.18937634021324,True,False,1.0,C1,1.0,68.71,68.71,0.3,0.0,0.15,9.737305383201509,68.7,15.0,25.3,0.6,0.25,0.15,High,last engaged 43d ago; ICP industry (Financial Services); segment C1,Nurture,2,Add to long-term nurture sequence,False,Nurture
L00426,Charles,Torres,mallen@impulsetechnologies.com,Director of Something,Impulse Systems Inc.,Director,,+1-555-8835,ACC0188,Software,5000.0,,,2024-01-01,Trade Show,MQL,True,2023-08-12,False,False,False,False,,False,False,12.0,4.0,False,,,Lead,Orphan Lead,,,,L00426,Impulse Systems,impulsesystems.com,False,True,False,5.0,United States,1829.4,True,False,False,False,False,False,False,False,False,False,False,False,False,False,False,,1,duplicate_email,3.0,0.0,2026-05-09 00:00:00,2025-05-07 00:00:00,19.0,1.0,0.0,False,2.0,1.0,1.0,0.0,0.0,200.0,0.0,0.0133889768029129,0.0,200.0133889768029,True,False,1.0,L1,0.9,65.5,58.95,0.7,0.0,0.35,16.584121824824596,59.0,35.0,24.8,0.75,0.15,0.1,High,last engaged 19d ago; ICP industry (Software); segment L1,Nurture,2,Add to long-term nurture sequence,False,Nurture
C00398,Mary,Martin,mmartin@novasolutions.com,Individual Contributor of Something,,Individual Contributor,,,ACC0188,Software,5000.0,,,2023-12-01,,,False,,False,False,False,False,,False,False,,,,,,Contact,Converted Contact,L00214,4.4,True,C00398,Impulse Systems,impulsesystems.com,False,True,False,5.0,United States,1829.4,True,False,False,False,False,False,False,False,False,False,False,False,True,False,False,,2,"duplicate_email, missing_phone",1.0,0.0,2026-04-18 00:00:00,2026-04-18 00:00:00,40.0,0.0,0.0,False,1.0,0.0,1.0,0.0,0.0,158.74010519681997,0.0,0.0,0.0,158.74010519681997,True,False,1.0,C1,1.0,65.5,65.5,0.3,0.0,0.15,10.360663197211402,65.5,15.0,24.8,0.6,0.25,0.15,Medium,last engaged 40d ago; ICP industry (Software); segment C1,Nurture,2,Add to long-term nurture sequence,False,Nurture
L00531,James,Clark,jclark@xenondynamics.com,VP of Something,Xenon Dynamics & Co,VP,,+1-555-5803,ACC0142,Software,7500.0,,,2024-01-01,Partner Referral,Open,False,,False,False,False,True,C00393,False,False,90.0,0.0,False,,,Lead,Converted Lead - linked,,,,C00393,Xenon Dynamics,xenondynamics.com,False,True,False,84.6,United Kingdom,2199.5,True,False,False,False,False,False,False,False,False,False,False,False,False,False,False,,1,duplicate_email,6.0,1.0,2026-04-11 00:00:00,2024-03-04 00:00:00,47.0,3.0,0.1666666666666666,False,3.0,0.0,1.0,2.5351856975282887e-05,168.79374327102374,0.0,0.0,0.0,6.63771270320073e-07,168.79376928665198,True,False,1.0,L1,0.9,73.46,66.11399999999999,0.85,0.0,0.425,13.995545235453354,66.1,42.5,24.7,0.75,0.15,0.1,High,last engaged 47d ago; ICP industry (Software); segment L1,Nurture,2,Do not action — record converted to contact C00393 (work the contact record instead),True,Converted
L00187,Barbara,Wilson,timothy.thomas@gmail.com,Unknown Title,,,Technical Buyer,+1-555-8646,ACC0001,Government,2000.0,,,2024-01-01,Event,MQL,True,2023-12-07,False,False,False,False,,False,False,0.0,1.0,False,,,Lead,Orphan Lead,,,,L00187,Quantum Networks,quantumnetworks.com,False,False,False,73.9,United States,675.7,True,False,False,False,False,False,False,False,False,False,False,False,False,False,False,,1,duplicate_email,2.0,0.0,2026-04-26 00:00:00,2024-04-20 00:00:00,32.0,0.0,0.0,False,2.0,0.0,1.0,0.0,238.7104009776041,7.86488002999363e-06,0.0,0.0,0.0,238.71040884248416,False,False,1.0,L1,0.9,22.39,20.151,0.5,0.85,0.675,19.79268748631911,20.2,67.5,24.6,0.75,0.15,0.1,High,last engaged 32d ago; segment L1,Nurture,2,Add to long-term nurture sequence,False,Nurture
C00100,Gary,Robinson,grobinson@luminarysolutions.com,Manager of Something,,Manager,,+1-555-9997,ACC0074,Energy,50.0,,,2023-01-02,,,False,,False,False,False,False,,False,False,,,,,,Contact,Converted Contact,L00427,39.6,True,C00100,Nexus Solutions,nexussolutions.com,True,True,False,37.7,Germany,2.9,True,False,False,False,False,False,False,False,False,False,False,False,False,False,False,,1,duplicate_email,4.0,1.0,2025-12-01 00:00:00,2023-04-27 00:00:00,178.0,2.0,0.25,False,2.0,0.0,0.0,0.0,6.059159225913025,0.0,0.0,0.0,0.0,6.059159225913025,True,True,0.25,C1,1.0,82.52,82.52,0.5,0.0,0.25,0.3954697391697244,82.5,25.0,24.6,0.6,0.25,0.15,High,last engaged 178d ago; ICP industry (Energy); named account; segment C1,Nurture,2,Add to long-term nurture sequence,False,Nurture
C00126,Mark,Ramirez,ksmith@solariscorp.com,VP of Something,,VP,,,ACC0057,Financial Services,7500.0,,,2022-01-07,,,False,,False,False,False,False,,False,False,,,,,,Contact,Converted Contact,L00031,16.0,True,C00126,Solaris Dynamics,solarisdynamics.com,False,True,False,73.3,France,2490.0,True,False,False,False,False,False,False,False,False,False,False,False,True,False,False,,2,"duplicate_email, missing_phone",10.0,6.0,2026-04-19 00:00:00,2023-08-18 00:00:00,39.0,6.0,0.6,False,4.0,0.0,0.0,1.7807079854652674,2.0454963336340373,0.0,0.0,0.0198303807704159,0.0,3.846034699869721,True,False,1.0,C1,1.0,72.33,72.33,0.85,0.0,0.425,0.2510233322620758,72.3,42.5,24.6,0.6,0.25,0.15,Medium,last engaged 39d ago; ICP industry (Financial Services); segment C1,Nurture,2,Add to long-term nurture sequence,False,Nurture
L00173,Edward,Hernandez,ehernandez@delphilabs.com,Individual Contributor of Something,Delphi Labs & Co,Individual Contributor,,+1-555-1908,ACC0013,Healthcare,7500.0,,,2024-01-01,Webinar,Working,False,,False,False,False,True,C00181,False,False,96.0,0.0,True,Duplicate,2022-12-30,Lead,Converted Lead - linked,,,,C00181,Delphi Labs,delphilabs.com,True,True,False,99.3,Australia,2455.0,True,False,False,False,False,False,False,False,False,False,False,False,False,False,False,,1,duplicate_email,12.0,9.0,2026-05-12 00:00:00,2023-03-01 00:00:00,16.0,10.0,0.75,True,2.0,0.0,1.0,2.188289792833748e-09,0.0,151.57165665103983,0.0,0.0,0.0,151.57165665322813,True,True,1.0,L1,0.9,99.93,89.93700000000001,0.3,0.0,0.15,12.56757276093728,89.9,15.0,24.4,0.75,0.15,0.1,High,last engaged 16d ago; ICP industry (Healthcare); named account; engagement discounted (automation-heavy); segment L1,Nurture,2,Do not action — record converted to contact C00181 (work the contact record instead),True,Converted
L00209,Amanda,Young,ayoung@nexustechnologies.com,Manager of Something,Nexus Technologies LLC,Manager,,+1-555-7834,ACC0193,Healthcare,5000.0,,,2024-01-01,Cold Call,Open,False,,False,True,False,False,,False,False,11.0,0.0,False,,,Lead,Orphan Lead,,,,L00209,Nexus Technologies,nexustechnologies.com,False,True,False,79.4,Canada,1158.4,False,False,False,False,False,True,False,False,False,False,False,False,False,False,False,,0,,6.0,5.0,2026-04-17 00:00:00,2023-04-20 00:00:00,41.0,5.0,0.8333333333333334,True,1.0,0.0,1.0,0.0,193.8930952292168,0.0,0.0,0.0,0.0,193.8930952292168,True,False,1.0,L1,0.9,72.94,65.646,0.5,0.0,0.25,16.076657311409186,65.6,25.0,24.4,0.75,0.15,0.1,High,last engaged 41d ago; ICP industry (Healthcare); engagement discounted (automation-heavy); segment L1,Nurture,2,Email undeliverable — use phone or LinkedIn only | Note: email bounced — use phone/LinkedIn; engagement may be automation-inflated,False,Phone / LinkedIn
L00224,John,Nelson,jnelson@heliostechnologies.com,Individual Contributor of Something,Helios,Individual Contributor,Financial Buyer,,ACC0161,Manufacturing,100.0,,,2024-01-01,Web,Open,False,,False,False,False,False,,False,False,17.0,0.0,False,,,Lead,Orphan Lead,,,,L00224,Helios Technologies,heliostechnologies.com,True,False,False,53.7,United States,14.5,False,False,False,False,False,False,False,False,False,False,False,False,True,False,False,,1,missing_phone,3.0,0.0,2026-04-23 00:00:00,2023-09-16 00:00:00,35.0,0.0,0.0,False,3.0,0.0,1.0,6.004098376443529e-07,222.72467953508485,0.0,0.0,0.0,0.0,222.72468013549468,False,True,0.65,L1,0.9,40.12,36.108,0.3,0.7,0.5,18.46722985724981,36.1,50.0,24.3,0.75,0.15,0.1,High,last engaged 35d ago; named account; segment L1,Nurture,2,Add to long-term nurture sequence,False,Nurture
L00589,Laura,Rivera,lrivera@meridianventures.com,C-Level of Something,Meridian Ventures Group,C-Level,Financial Buyer,+1-555-7283,ACC0024,Manufacturing,500.0,,,2024-01-01,Employee Referral,Disqualified,False,,True,False,False,True,C00201,False,False,22.0,0.0,False,,,Lead,Converted Lead - linked,,,,C00201,Meridian Ventures,meridianventures.com,True,False,False,66.4,United States,131.6,True,False,False,False,True,False,False,False,False,False,False,False,False,False,False,,1,duplicate_email,11.0,8.0,2026-05-02 00:00:00,2023-03-08 00:00:00,26.0,8.0,0.7272727272727273,True,3.0,0.0,1.0,3.369686280936893e-07,0.0,144.7269237440378,0.0,4.279234837729627e-07,0.0,144.72692450892993,False,True,1.0,L1,0.9,46.64,41.976,1.0,0.7,0.85,12.000041395562038,42.0,85.0,23.8,0.75,0.15,0.1,High,last engaged 26d ago; named account; engagement discounted (automation-heavy); segment L1,Nurture,2,Do not action — record converted to contact C00201 (work the contact record instead),True,Converted
C00366,Andrew,Walker,awalker@unknown.com,Individual Contributor of Something,,Individual Contributor,,+1-555-9660,ACC0069,Financial Services,25000.0,,,2024-01-01,,,False,,False,False,False,False,,False,False,,,,,,Contact,Converted Contact,L00321,11.2,True,C00366,Umbra Systems,umbrasystems.com,True,True,False,10.0,United States,15899.0,True,False,False,False,False,False,False,False,False,False,False,False,False,False,False,,1,duplicate_email,0.0,0.0,0,0,0.0,0.0,0.0,,0.0,0.0,0.0,0.0,0.0,0.0,0.0,0.0,0.0,0.0,True,True,0.65,C1,1.0,85.75,85.75,0.3,0.0,0.15,0.0,85.8,15.0,23.7,0.6,0.25,0.15,High,no engagement history; ICP industry (Financial Services); named account; engagement discounted (automation-heavy); segment C1,Nurture,2,Add to long-term nurture sequence | Note: engagement may be automation-inflated,False,Nurture
C00073,Patricia,Johnson,subscribe@vendorblast.com,Individual Contributor of Something,,Individual Contributor,Financial Buyer,,,,,,,2022-01-19,,,False,,False,False,False,False,,False,False,,,,,,Contact,Orphan Contact,,5.2,False,C00073,,,,,,,,,True,False,False,True,False,False,False,False,False,False,True,False,True,True,False,,5,"duplicate_email, orphan_contact, missing_account, missing_phone, missing_industry",3.0,0.0,2026-04-18 00:00:00,2023-03-26 00:00:00,40.0,1.0,0.0,False,2.0,0.0,1.0,396.8502629920498,2.6990485936870643,0.0,0.0,0.0,0.0,399.54931158573686,False,False,0.25,C3,0.45,3.75,1.6875,0.3,0.7,0.5,26.077819734873295,1.7,50.0,23.6,0.6,0.25,0.15,Low,last engaged 40d ago; segment C3,Nurture,2,Add to long-term nurture sequence,False,Nurture
C00315,Thomas,Nguyen,tnguyen@meridianpartners.com,Individual Contributor of Something,,Individual Contributor,Financial Buyer,,,,,,,2023-07-22,,,False,,False,False,False,False,,False,False,,,,,,Contact,Converted Contact,L00231,53.1,True,C00315,,,,,,,,,True,False,False,False,False,False,False,False,False,False,True,False,True,True,False,,4,"duplicate_email, missing_account, missing_phone, missing_industry",3.0,1.0,2026-04-17 00:00:00,2024-01-22 00:00:00,41.0,1.0,0.3333333333333333,False,2.0,0.0,1.0,0.0,387.7861904584336,0.0,0.0,0.0,0.0,387.7861904584336,False,False,0.25,C1,1.0,3.75,3.75,0.3,0.7,0.5,25.31006330686236,3.8,50.0,23.6,0.6,0.25,0.15,Low,last engaged 41d ago; segment C1,Nurture,2,Add to long-term nurture sequence,False,Nurture
L00153,George,Wright,george.wright@yahoo.com,Individual Contributor of Something,Quartz Technologies,Individual Contributor,Technical Buyer,+1-555-3894,ACC0009,Government,50000.0,,,2024-01-01,Advertisement,Nurturing,False,,False,False,False,False,,True,True,51.0,0.0,False,,,Lead,Orphan Lead,,,,L00153,Quartz Technologies,quartztechnologies.com,True,False,False,50.7,United States,16429.1,False,False,False,False,False,False,False,False,False,False,False,False,False,False,False,,0,,4.0,1.0,2026-04-18 00:00:00,2023-03-11 00:00:00,40.0,1.0,0.25,False,3.0,0.0,1.0,0.0,198.42513149602496,0.0,3.3168270913237197e-10,0.0,0.0005394796609394,198.4256709760176,False,True,0.65,L1,0.9,39.82,35.838,0.3,0.85,0.575,16.452476094090322,35.8,57.5,23.5,0.75,0.15,0.1,High,last engaged 40d ago; named account; segment L1,Nurture,2,Add to long-term nurture sequence,False,Nurture
C00368,Karen,Hill,khill@unknown.com,Manager of Something,,Manager,CISO,+1-555-2845,,,,,,2023-10-23,,,True,2022-06-04,True,False,False,False,,False,False,,,,,,Contact,Orphan Contact,,36.4,False,C00368,,,,,,,,,False,False,False,True,True,False,False,False,False,False,True,False,False,True,False,,3,"orphan_contact, missing_account, missing_industry",2.0,0.0,2026-05-06 00:00:00,2023-11-21 00:00:00,22.0,0.0,0.0,False,2.0,1.0,1.0,0.0,300.7562590205292,0.0,0.0,0.0,3.00204918822176e-08,300.75625905054966,False,False,0.25,C3,0.45,3.75,1.6875,0.5,1.0,0.75,19.629786062019264,1.7,75.0,23.5,0.6,0.25,0.15,Medium,last engaged 22d ago; segment C3,Nurture,2,Add to long-term nurture sequence | Note: opted out — no email,False,Nurture
L00018,Donna,Hill,dhill@orbitcorp.com,Manager of Something,Orbit Corp Group,Manager,,+1-555-5015,ACC0183,Financial Services,75.0,,,2023-03-09,Web,MQL,True,2023-07-10,True,False,False,True,C00131,False,False,94.0,1.0,False,,,Lead,Converted Lead - linked,,,,C00131,Orbit Corp,orbitcorp.com,True,True,False,74.2,United Kingdom,5.4,True,False,False,False,True,False,False,False,False,False,False,False,False,False,False,,1,duplicate_email,7.0,0.0,2026-04-15 00:00:00,2023-12-02 00:00:00,43.0,0.0,0.0,False,7.0,0.0,1.0,1.2870066612658803e-06,3.870753087768287e-07,148.10975522865644,0.0,0.0,1.0796194374748258,149.18937634021324,True,True,0.25,L1,0.9,86.17,77.553,0.5,0.0,0.25,12.37004584969384,77.6,25.0,23.4,0.75,0.15,0.1,High,last engaged 43d ago; ICP industry (Financial Services); named account; segment L1,Nurture,2,Do not action — record converted to contact C00131 (work the contact record instead),True,Converted
C00079,Paul,Allen,pallen@radiantdynamics.com,Manager of Something,,Manager,Financial Buyer,+1-555-6898,ACC0015,Software,5000.0,,,2024-01-01,,,False,,False,False,False,False,,False,False,,,,,,Contact,Orphan Contact,,49.0,False,C00079,Radiant Dynamics,radiantdynamics.com,True,True,False,12.7,United States,1293.3,False,False,False,True,False,False,False,False,False,False,False,False,False,False,False,,1,orphan_contact,4.0,1.0,2026-01-15 00:00:00,2025-04-25 00:00:00,133.0,1.0,0.25,False,3.0,0.0,0.0,0.0,46.284298508955146,0.0,0.0,0.0101469469743992,0.0,46.29444545592955,True,True,1.0,C2,0.55,91.27,50.1985,0.5,0.7,0.6,3.021549952205578,50.2,60.0,23.4,0.6,0.25,0.15,High,last engaged 133d ago; ICP industry (Software); named account; segment C2,Nurture,2,Add to long-term nurture sequence,False,Nurture
C00088,William,Lopez,william.lopez@hotmail.com,Director of Something,,Director,,+1-555-4113,ACC0106,Energy,1500.0,,,2024-01-01,,,True,2022-06-24,True,True,False,False,,False,False,,,,,,Contact,Converted Contact,L00095,21.8,True,C00088,Eclipse Networks,eclipsenetworks.com,False,True,False,65.3,Netherlands,283.8,True,False,False,False,True,True,False,False,False,False,False,False,False,False,False,,1,duplicate_email,2.0,0.0,2025-10-01 00:00:00,2023-11-11 00:00:00,239.0,1.0,0.0,False,1.0,0.0,0.0,3.997554265612404,0.0,0.0,0.0,0.0,0.0,3.997554265612404,True,False,1.0,C1,1.0,71.53,71.53,0.7,0.0,0.35,0.2609127246528724,71.5,35.0,23.3,0.6,0.25,0.15,High,last engaged 239d ago; ICP industry (Energy); segment C1,Nurture,2,Add to long-term nurture sequence | Note: opted out — no email; email bounced — use phone/LinkedIn,False,Nurture
C00370,Nancy,Sanchez,nsanchez@vertexsystems.com,Individual Contributor of Something,,Individual Contributor,,,ACC0109,Healthcare,1000.0,,,2024-01-01,,,False,,False,False,False,False,,False,False,,,,,,Contact,Orphan Contact,,87.3,False,C00370,Vertex Systems,vertexsystems.com,False,True,False,25.2,Canada,290.9,False,False,False,True,False,False,False,False,False,False,False,False,True,False,False,,2,"orphan_contact, missing_phone",2.0,0.0,2026-05-05 00:00:00,2024-09-03 00:00:00,23.0,1.0,0.0,False,1.0,1.0,1.0,0.0,293.8869765709022,0.0,0.0,0.0,0.0,293.8869765709022,True,False,1.0,C2,0.55,67.52,37.136,0.3,0.0,0.15,19.18144112681912,37.1,15.0,23.0,0.6,0.25,0.15,Medium,last engaged 23d ago; ICP industry (Healthcare); segment C2,Nurture,2,Add to long-term nurture sequence,False,Nurture
C00180,Jason,Jones,jjones@nimbussolutions.com,,,C-Level,,+1-555-6864,ACC0140,Software,25000.0,,,2023-10-29,,,False,,True,False,False,False,,False,False,,,,,,Contact,Converted Contact,L00557,4.1,True,C00180,Vertex Systems,vertexsystems.com,False,True,False,10.0,United States,13363.2,True,False,False,False,True,False,False,False,False,False,False,True,False,False,False,,2,"duplicate_email, missing_title",10.0,8.0,2025-10-27 00:00:00,2023-02-28 00:00:00,213.0,8.0,0.8,True,2.0,0.0,0.0,0.0,3.644660123190655,0.0,0.0,0.0,3.1921808249742882e-09,3.644660126382836,True,False,0.65,C1,1.0,60.75,60.75,1.0,0.0,0.5,0.2378799988253691,60.8,50.0,22.8,0.6,0.25,0.15,Medium,last engaged 213d ago; ICP industry (Software); engagement discounted (automation-heavy); segment C1,Nurture,2,Add to long-term nurture sequence | Note: opted out — no email; engagement may be automation-inflated,False,Nurture
C00207,Ashley,Torres,atorres@nimbuspartners.com,Individual Contributor of Something,,Individual Contributor,Technical Buyer,+1-555-5136,ACC0091,Government,50000.0,,,2022-05-28,,,False,,False,False,False,False,,False,False,,,,,,Contact,Converted Contact,L00239,0.0,True,C00207,Luminary Technologies,luminarytechnologies.com,False,False,False,33.9,United States,20930.6,True,False,False,False,False,False,False,False,False,False,False,False,False,False,False,,1,duplicate_email,1.0,0.0,2026-05-12 00:00:00,2026-05-12 00:00:00,16.0,0.0,0.0,False,1.0,1.0,1.0,0.0,0.0,276.3825759935552,0.0,0.0,0.0,276.3825759935552,False,False,0.65,C1,1.0,13.14,13.14,0.3,0.85,0.575,18.03896236490761,13.1,57.5,22.7,0.6,0.25,0.15,High,last engaged 16d ago; segment C1,Nurture,2,Add to long-term nurture sequence,False,Nurture
C00396,Paul,Smith,psmith@aethernetworks.com,Individual Contributor of Something,,Individual Contributor,,,ACC0008,Financial Services,1000.0,,,2023-09-06,,,False,,False,False,False,False,,False,False,,,,,,Contact,Orphan Contact,,17.4,False,C00396,Aether Networks,aethernetworks.com,False,True,False,17.3,United States,301.0,False,False,False,True,False,False,False,False,False,False,False,False,True,False,False,,2,"orphan_contact, missing_phone",3.0,0.0,2026-05-04 00:00:00,2023-12-24 00:00:00,24.0,1.0,0.0,False,2.0,1.0,1.0,4.118421316050826e-05,287.1745887492588,0.0,0.0,0.0,0.0,287.1746299334719,True,False,1.0,C2,0.55,66.73,36.7015,0.3,0.0,0.15,18.743339094020776,36.7,15.0,22.7,0.6,0.25,0.15,Medium,last engaged 24d ago; ICP industry (Financial Services); segment C2,Nurture,2,Add to long-term nurture sequence,False,Nurture
L00479,Michael,Lewis,mlewis@apexventures.com,Director of Something,Apex Ventures,Director,Technical Buyer,+1-555-1158,ACC0152,Telecommunications,75.0,,,2024-01-01,Event,MQL,True,2023-07-27,False,False,False,True,,False,False,10.0,3.0,False,,,Lead,Converted Lead - broken link,,,,L00479,Apex Ventures,apexventures.com,True,True,False,24.8,United States,2.9,True,False,True,False,False,False,False,False,False,False,False,False,False,False,False,,2,"duplicate_email, broken_conversion_link",3.0,0.0,2026-01-26 00:00:00,2024-05-22 00:00:00,122.0,0.0,0.0,False,3.0,0.0,0.0,1.1748291367989423,59.67760024440104,0.0,0.0,0.0,0.0,60.85242938119998,True,True,0.25,L1,0.9,81.23,73.107,0.7,0.85,0.7749999999999999,5.045582735020799,73.1,77.5,22.5,0.75,0.15,0.1,Medium,last engaged 122d ago; ICP industry (Telecommunications); named account; segment L1,Nurture,2,Add to long-term nurture sequence | Note: broken conversion link (DQ-1),False,Nurture
L00242,Anthony,Williams,awilliams@vertexsystems.com,Director of Something,Vertex,Director,,+1-555-5143,ACC0140,Software,25000.0,,,2024-01-01,Advertisement,MQL,True,2023-02-19,False,False,False,True,C00198,False,False,93.0,1.0,False,,,Lead,Converted Lead - linked,,,,C00198,Vertex Systems,vertexsystems.com,False,True,False,10.0,United States,13363.2,True,False,False,False,False,False,False,False,False,False,False,False,False,False,False,,1,duplicate_email,2.0,0.0,2026-04-21 00:00:00,2024-04-07 00:00:00,37.0,0.0,0.0,False,2.0,0.0,1.0,0.0,0.0,170.13343219017116,0.0,0.0,7.280409100906893e-07,170.1334329182121,True,False,0.65,L1,0.9,60.75,54.675,0.7,0.0,0.35,14.106623523680634,54.7,35.0,22.3,0.75,0.15,0.1,High,last engaged 37d ago; ICP industry (Software); segment L1,Nurture,2,Do not action — record converted to contact C00198 (work the contact record instead),True,Converted
C00130,Michael,Allen,mallen@fusionlabs.com,Director of Something,,Director,Technical Buyer,+1-555-5960,ACC0055,Manufacturing,1500.0,,,2024-01-01,,,False,,False,False,False,False,,False,False,,,,,,Contact,Converted Contact,L00151,64.8,True,C00130,Obsidian Networks,obsidiannetworks.com,True,False,False,21.2,United States,437.9,True,False,False,False,False,False,False,False,False,False,False,False,False,False,False,,1,duplicate_email,2.0,0.0,2025-05-11 00:00:00,2024-01-28 00:00:00,382.0,1.0,0.0,False,1.0,0.0,0.0,0.0,1.4446161331923109e-06,0.0,0.0,0.0,0.0,1.4446161331923109e-06,False,True,1.0,C1,1.0,42.12,42.12,0.7,0.85,0.7749999999999999,9.428733329051149e-08,42.1,77.5,22.2,0.6,0.25,0.15,High,last engaged 382d ago; named account; segment C1,Nurture,2,Add to long-term nurture sequence,False,Nurture
L00585,Linda,Nguyen,aadams@dynexsystems.com,C-Level of Something,Orbit Corp & Co,C-Level,,+1-555-1325,ACC0079,Retail,1000.0,,,2024-01-01,Webinar,Disqualified,False,,True,False,False,False,,False,False,2.0,0.0,False,,,Lead,Orphan Lead,,,,L00585,Orbit Corp,orbitcorp.com,False,False,False,60.9,United States,184.1,True,False,False,False,True,False,False,False,False,False,False,False,False,False,False,,1,duplicate_email,2.0,0.0,2026-04-23 00:00:00,2023-10-05 00:00:00,35.0,0.0,0.0,False,2.0,0.0,1.0,2.0269084798547585e-07,222.72467953508485,0.0,0.0,0.0,0.0,222.7246797377757,False,False,1.0,L1,0.9,21.09,18.981,1.0,0.0,0.5,18.46722982427292,19.0,50.0,21.7,0.75,0.15,0.1,High,last engaged 35d ago; segment L1,Nurture,2,Add to long-term nurture sequence | Note: opted out — no email,False,Nurture
C00342,Anthony,Anderson,aanderson@fusionlabs.com,,,Individual Contributor,Technical Buyer,+1-555-8539,,,,,,2024-01-01,,,False,,False,False,False,False,,False,False,,,,,,Contact,Converted Contact,L00305,17.4,True,C00342,,,,,,,,,True,False,False,False,False,False,False,False,False,False,True,True,False,True,False,,4,"duplicate_email, missing_account, missing_title, missing_industry",17.0,10.0,2026-04-17 00:00:00,2023-03-11 00:00:00,41.0,14.0,0.5882352941176471,False,3.0,0.0,1.0,0.0,0.0,310.2289523667469,0.0,0.0,1.2972214271070442e-06,310.22895366396835,False,False,0.25,C1,1.0,3.75,3.75,0.3,0.85,0.575,20.24805073015705,3.8,57.5,21.7,0.6,0.25,0.15,Low,last engaged 41d ago; segment C1,Nurture,2,Add to long-term nurture sequence,False,Nurture
C00137,Ashley,Gonzalez,ashley.gonzalez@outlook.com,Individual Contributor of Something,,Individual Contributor,,,ACC0106,Energy,1500.0,,,2024-01-01,,,False,,False,False,False,False,,False,False,,,,,,Contact,Orphan Contact,,29.3,False,C00137,Eclipse Networks,eclipsenetworks.com,False,True,False,65.3,Netherlands,283.8,True,False,False,True,False,False,False,False,False,False,False,False,True,False,False,,3,"duplicate_email, orphan_contact, missing_phone",1.0,0.0,2026-04-27 00:00:00,2026-04-27 00:00:00,31.0,0.0,0.0,False,1.0,0.0,1.0,0.0,244.2899921085615,0.0,0.0,0.0,0.0,244.2899921085615,True,False,1.0,C2,0.55,71.53,39.3415,0.3,0.0,0.15,15.944340767243869,39.3,15.0,21.6,0.6,0.25,0.15,Medium,last engaged 31d ago; ICP industry (Energy); segment C2,Nurture,2,Add to long-term nurture sequence,False,Nurture
C00388,Andrew,Hill,marketing@globalpartners.com,Director of Something,,Director,Financial Buyer,+1-555-6706,ACC0130,Government,3500.0,,,2023-11-10,,,False,,False,False,False,False,,False,False,,,,,,Contact,Converted Contact,L00519,86.3,True,C00388,Atlas Corp,atlascorp.com,False,False,False,73.5,Germany,954.5,True,True,False,False,False,False,False,False,False,False,False,False,False,False,False,,2,"duplicate_email, shared_email",102.0,66.0,2026-05-24 00:00:00,2023-02-09 00:00:00,4.0,78.0,0.6470588235294118,False,24.0,0.0,0.0,15.109808302026323,124.01570718501564,2.042995727983541e-07,1.4892050123260951e-09,0.0003170920929499,9.530912078887017e-08,139.12583288023282,False,False,1.0,C1,1.0,22.35,22.35,0.7,0.7,0.7,9.080477140394942,22.4,70.0,21.5,0.6,0.25,0.15,Medium,last engaged 4d ago; segment C1,Nurture,2,Add to long-term nurture sequence,False,Nurture
L00045,Nancy,Baker,nbaker@delphilabs.com,Manager of Something,Delphi Labs Corp,Manager,CISO,+1-555-1662,ACC0054,Software,10000.0,,,2024-01-01,Cold Call,Disqualified,False,,False,False,False,False,,False,False,66.0,0.0,False,,,Lead,Orphan Lead,,,,L00045,Delphi Labs,delphilabs.com,True,True,False,91.3,United States,4868.6,False,False,False,False,False,False,False,False,False,False,False,False,False,False,False,,0,,6.0,0.0,2025-10-14 00:00:00,2023-04-27 00:00:00,226.0,1.0,0.0,False,5.0,0.0,0.0,0.0,8.097145781061194,1.685873940435765e-05,0.0,0.0,0.0,8.097162639800597,True,True,1.0,L1,0.9,99.13,89.217,0.5,1.0,0.75,0.671376713033173,89.2,75.0,21.4,0.75,0.15,0.1,High,last engaged 226d ago; ICP industry (Software); named account; segment L1,Nurture,2,Add to long-term nurture sequence,False,Nurture
C00094,Ashley,Rodriguez,arodriguez@obsidiangroup.com,Unknown Title,,,,+1-555-6591,ACC0010,Software,15000.0,,,2024-01-01,,,False,,False,False,False,False,,False,False,,,,,,Contact,Converted Contact,L00065,78.0,True,C00094,Gravitas Dynamics,gravitasdynamics.com,False,True,False,99.2,United States,3759.4,True,False,False,False,False,False,False,False,False,False,False,False,False,False,False,,1,duplicate_email,14.0,13.0,2026-04-25 00:00:00,2023-02-25 00:00:00,33.0,14.0,0.9285714285714286,True,0.0,0.0,0.0,0.0,0.0,0.0,0.0,0.0,0.0,0.0,True,False,0.65,C1,1.0,69.67,69.67,0.5,0.0,0.25,0.0,69.7,25.0,21.2,0.6,0.25,0.15,High,last engaged 33d ago; ICP industry (Software); engagement discounted (automation-heavy); segment C1,Nurture,2,Add to long-term nurture sequence | Note: engagement may be automation-inflated,False,Nurture
C00152,Robert,Perez,james.carter@outlook.com,Individual Contributor of Something,,Individual Contributor,Financial Buyer,+1-555-1668,ACC0090,Retail,7500.0,,,2023-06-10,,,False,,False,False,False,False,,False,False,,,,,,Contact,Converted Contact,L00554,22.2,True,C00152,Junction Corp,junctioncorp.com,False,False,False,68.5,United States,3126.8,True,False,False,False,False,False,False,False,False,False,False,False,False,False,False,,1,duplicate_email,9.0,6.0,2026-04-30 00:00:00,2023-03-09 00:00:00,28.0,6.0,0.6666666666666666,False,3.0,1.0,1.0,0.0,0.0319608802130318,209.4588245641253,0.0,0.0,0.0,209.4907854443384,False,False,1.0,C1,1.0,21.85,21.85,0.3,0.7,0.5,13.673063075124809,21.8,50.0,21.2,0.6,0.25,0.15,High,last engaged 28d ago; segment C1,Nurture,2,Add to long-term nurture sequence,False,Nurture
L00541,Andrew,Harris,andrew.harris@yahoo.com,Individual Contributor of Something,,Individual Contributor,CISO,+1-555-5465,ACC0170,Manufacturing,500.0,,,2024-01-01,Trade Show,Nurturing,False,,False,True,False,False,,True,True,57.0,0.0,False,,,Lead,Orphan Lead,,,,L00541,Beacon Partners,beaconpartners.com,False,False,False,20.8,United States,114.7,False,False,False,False,False,True,False,False,False,False,False,False,False,False,False,,0,,1.0,0.0,2026-04-18 00:00:00,2026-04-18 00:00:00,40.0,0.0,0.0,False,1.0,0.0,1.0,0.0,198.42513149602496,0.0,0.0,0.0,0.0,198.42513149602496,False,False,1.0,L1,0.9,17.08,15.371999999999998,0.3,1.0,0.65,16.45243136307523,15.4,65.0,21.1,0.75,0.15,0.1,High,last engaged 40d ago; segment L1,Nurture,2,Email undeliverable — use phone or LinkedIn only | Note: email bounced — use phone/LinkedIn,False,Phone / LinkedIn
C00064,Matthew,Roberts,mroberts@radianttechnologies.com,C-Level of Something,,C-Level,,+1-555-1190,ACC0029,Software,1000.0,,,2024-01-01,,,True,2022-01-05,False,False,False,False,,False,False,,,,,,Contact,Orphan Contact,,84.4,False,C00064,Radiant Technologies,radianttechnologies.com,True,True,False,87.4,Australia,269.6,False,False,False,True,False,False,False,False,False,False,False,False,False,False,False,,1,orphan_contact,4.0,0.0,2024-12-10 00:00:00,2023-04-03 00:00:00,534.0,2.0,0.0,False,2.0,0.0,0.0,0.0,0.0,9.245543252430776e-06,0.000876387294767,0.0,0.0,0.0008856328380194,True,True,1.0,C2,0.55,98.74,54.30700000000001,1.0,0.0,0.5,5.780356224239986e-05,54.3,50.0,21.1,0.6,0.25,0.15,High,last engaged 534d ago; ICP industry (Software); named account; segment C2,Nurture,2,Add to long-term nurture sequence,False,Nurture
L00519,Andrew,Hill,marketing@globalpartners.com,,Radiant Corp,Individual Contributor,CISO,+1-555-1240,ACC0148,Manufacturing,200.0,,,2024-01-01,Cold Call,Open,False,,False,False,False,True,C00388,False,False,62.0,0.0,True,Competitor,2023-05-14,Lead,Converted Lead - linked,,,,C00388,Radiant Corp,radiantcorp.com,True,False,False,85.1,France,33.2,True,True,False,False,False,False,False,False,False,False,False,True,False,False,False,,3,"duplicate_email, shared_email, missing_title",102.0,66.0,2026-05-24 00:00:00,2023-02-09 00:00:00,4.0,78.0,0.6470588235294118,False,24.0,0.0,0.0,15.109808302026323,124.01570718501564,2.042995727983541e-07,1.4892050123260951e-09,0.0003170920929499,9.530912078887017e-08,139.12583288023282,False,True,0.65,L1,0.9,43.26,38.934,0.3,1.0,0.65,11.535626556148006,38.9,65.0,21.0,0.75,0.15,0.1,Medium,last engaged 4d ago; named account; segment L1,Nurture,2,Do not action — record converted to contact C00388 (work the contact record instead),True,Converted
C00193,Jacob,Carter,jcarter@aethernetworks.com,Director of Something,,Director,Technical Buyer,+1-555-5377,ACC0008,Financial Services,1000.0,,,2024-01-01,,,False,,True,False,False,False,,False,False,,,,,,Contact,Orphan Contact,,37.2,False,C00193,Aether Networks,aethernetworks.com,False,True,False,17.3,United States,301.0,False,False,False,True,True,False,False,False,False,False,False,False,False,False,False,,1,orphan_contact,7.0,6.0,2025-07-24 00:00:00,2023-08-12 00:00:00,308.0,7.0,0.8571428571428571,True,0.0,0.0,0.0,0.0,0.0,0.0,0.0,0.0,0.0,0.0,True,False,1.0,C2,0.55,66.73,36.7015,0.7,0.85,0.7749999999999999,0.0,36.7,77.5,20.8,0.6,0.25,0.15,High,last engaged 308d ago; ICP industry (Financial Services); engagement discounted (automation-heavy); segment C2,Nurture,2,Add to long-term nurture sequence | Note: opted out — no email; engagement may be automation-inflated,False,Nurture
C00200,Anthony,Flores,aflores@solarislabs.com,,,Director,Technical Buyer,+1-555-2902,ACC0040,Telecommunications,50000.0,,,2024-01-01,,,False,,False,False,False,False,,False,False,,,,,,Contact,Orphan Contact,,76.1,False,C00200,Solaris Labs,solarislabs.com,False,True,False,51.5,United States,36823.5,False,False,False,True,False,False,False,False,False,False,False,True,False,False,False,,2,"orphan_contact, missing_title",9.0,8.0,2025-12-15 00:00:00,2023-02-24 00:00:00,164.0,8.0,0.8888888888888888,True,1.0,0.0,0.0,0.0,0.0,0.0007990220053257,0.0,0.0,0.0,0.0007990220053257,True,False,0.65,C2,0.55,64.9,35.69500000000001,0.7,0.85,0.7749999999999999,5.215063876942594e-05,35.7,77.5,20.6,0.6,0.25,0.15,Medium,last engaged 164d ago; ICP industry (Telecommunications); engagement discounted (automation-heavy); segment C2,Nurture,2,Add to long-term nurture sequence | Note: engagement may be automation-inflated,False,Nurture
C00339,Anthony,Torres,atorres@unknown.com,Manager of Something,,Manager,Financial Buyer,,ACC0022,Retail,1000.0,,,2022-12-18,,,False,,True,False,False,False,,False,False,,,,,,Contact,Converted Contact,L00358,0.0,True,C00339,Zenith Group,zenithgroup.com,True,False,False,59.5,United States,305.0,True,False,False,False,True,False,False,False,False,False,False,False,True,False,False,,2,"duplicate_email, missing_phone",3.0,0.0,2025-08-11 00:00:00,2024-05-02 00:00:00,290.0,1.0,0.0,False,2.0,0.0,0.0,1.2303916502879626,2.059210658025413e-05,0.0,0.0,0.0,0.0,1.230412242394543,False,True,1.0,C1,1.0,45.95,45.95,0.5,0.7,0.6,0.0803066548391759,46.0,60.0,20.5,0.6,0.25,0.15,Medium,last engaged 290d ago; named account; segment C1,Nurture,2,Add to long-term nurture sequence | Note: opted out — no email,False,Nurture
C00362,Rebecca,White,rwhite@unknown.com,,,Director,,,ACC0163,Energy,50000.0,,,2022-01-17,,,False,,False,False,False,False,,False,False,,,,,,Contact,Converted Contact,L00547,0.0,True,C00362,Mantle Solutions,mantlesolutions.com,False,True,False,13.2,United States,27661.8,True,False,False,False,False,False,False,False,False,False,False,True,True,False,False,,3,"duplicate_email, missing_title, missing_phone",7.0,7.0,2025-10-15 00:00:00,2023-02-26 00:00:00,225.0,7.0,1.0,True,0.0,0.0,0.0,0.0,0.0,0.0,0.0,0.0,0.0,0.0,True,False,0.65,C1,1.0,61.07,61.07,0.7,0.0,0.35,0.0,61.1,35.0,20.5,0.6,0.25,0.15,Medium,last engaged 225d ago; ICP industry (Energy); engagement discounted (automation-heavy); segment C1,Nurture,2,Add to long-term nurture sequence | Note: engagement may be automation-inflated,False,Nurture
C00029,Jacob,Perez,jperez@aethernetworks.com,Unknown Title,,,CISO,+1-555-8386,ACC0008,Financial Services,1000.0,,,2022-07-07,,,True,2023-10-04,True,False,False,False,,False,False,,,,,,Contact,Orphan Contact,,17.0,False,C00029,Aether Networks,aethernetworks.com,False,True,False,17.3,United States,301.0,False,False,False,True,True,False,False,False,False,False,False,False,False,False,False,,1,orphan_contact,3.0,1.0,2023-09-04 00:00:00,2023-05-13 00:00:00,997.0,2.0,0.3333333333333333,False,1.0,0.0,0.0,0.0,0.0,3.1440284712430856e-08,0.0,0.0,0.0,3.1440284712430856e-08,True,False,1.0,C2,0.55,66.73,36.7015,0.5,1.0,0.75,2.0520472776936034e-09,36.7,75.0,20.4,0.6,0.25,0.15,High,last engaged 997d ago; ICP industry (Financial Services); segment C2,Nurture,2,Add to long-term nurture sequence | Note: opted out — no email,False,Nurture
L00532,Andrew,Allen,aallen@radianttechnologies.com,,,Director,Financial Buyer,+1-555-7272,ACC0029,Software,1000.0,,,2024-01-01,Trade Show,Nurturing,False,,False,False,False,False,,False,False,91.0,0.0,False,,,Lead,Orphan Lead,,,,L00532,Radiant Technologies,radianttechnologies.com,True,True,False,87.4,Australia,269.6,False,False,False,False,False,False,False,False,False,False,False,True,False,False,False,,1,missing_title,8.0,6.0,2026-04-19 00:00:00,2023-05-15 00:00:00,39.0,6.0,0.75,True,2.0,0.0,0.0,3.121179708303896e-05,0.0,0.0,0.0,7.446025061630486e-10,0.0,3.1212541685545125e-05,True,True,1.0,L1,0.9,98.74,88.86600000000001,0.7,0.7,0.7,2.5879897162061e-06,88.9,70.0,20.3,0.75,0.15,0.1,High,last engaged 39d ago; ICP industry (Software); named account; engagement discounted (automation-heavy); segment L1,Nurture,2,Add to long-term nurture sequence | Note: engagement may be automation-inflated,False,Nurture
C00104,Deborah,Garcia,dgarcia@unknown.com,,,Individual Contributor,,,ACC0145,Professional Services,10000.0,,,2024-01-01,,,False,,False,False,False,False,,False,False,,,,,,Contact,Converted Contact,L00238,79.7,True,C00104,Radiant Dynamics,radiantdynamics.com,True,False,False,45.0,Canada,2634.7,True,False,False,False,False,False,False,False,False,False,False,True,True,False,False,,3,"duplicate_email, missing_title, missing_phone",3.0,0.0,2026-04-22 00:00:00,2024-03-02 00:00:00,36.0,1.0,0.0,False,2.0,0.0,1.0,0.0,0.0,174.11011265922485,0.0,6.337964243820724e-07,0.0,174.11011329302127,False,True,1.0,C1,1.0,44.5,44.5,0.3,0.0,0.15,11.363834242270936,44.5,15.0,20.2,0.6,0.25,0.15,Medium,last engaged 36d ago; named account; segment C1,Nurture,2,Add to long-term nurture sequence,False,Nurture
C00141,Carol,Flores,cflores@emblemsystems.com,,,Manager,,+1-555-1302,ACC0176,Telecommunications,50000.0,,,2023-06-16,,,False,,False,False,False,False,,False,False,,,,,,Contact,Converted Contact,L00278,28.1,True,C00141,Radiant Systems,radiantsystems.com,False,True,False,60.8,United States,37415.8,True,False,False,False,False,False,False,False,False,False,False,True,False,False,False,,2,"duplicate_email, missing_title",2.0,0.0,2023-10-03 00:00:00,2023-03-29 00:00:00,968.0,0.0,0.0,False,2.0,0.0,0.0,1.935376543884143e-07,0.0,0.0,0.0,0.0,1.2568424426424623e-10,1.936633386326785e-07,True,False,0.65,C1,1.0,65.83,65.83,0.5,0.0,0.25,1.2640035879608806e-08,65.8,25.0,20.2,0.6,0.25,0.15,Medium,last engaged 968d ago; ICP industry (Telecommunications); segment C1,Nurture,2,Add to long-term nurture sequence,False,Nurture
C00132,Kevin,Hernandez,kevin.hernandez@hotmail.com,Individual Contributor of Something,,Individual Contributor,Technical Buyer,,ACC0022,Retail,1000.0,,,2024-01-01,,,False,,False,False,False,False,,False,False,,,,,,Contact,Converted Contact,L00127,78.1,True,C00132,Zenith Group,zenithgroup.com,True,False,False,59.5,United States,305.0,True,False,False,False,False,False,False,False,False,False,False,False,True,False,False,,2,"duplicate_email, missing_phone",14.0,10.0,2026-04-30 00:00:00,2023-02-26 00:00:00,28.0,13.0,0.7142857142857143,True,1.0,0.0,0.0,0.0,6.435033306329403e-07,0.0,0.0,0.0,0.0,6.435033306329403e-07,False,True,1.0,C1,1.0,45.95,45.95,0.3,0.85,0.575,4.2000232182693724e-08,46.0,57.5,20.1,0.6,0.25,0.15,Medium,last engaged 28d ago; named account; engagement discounted (automation-heavy); segment C1,Nurture,2,Add to long-term nurture sequence | Note: engagement may be automation-inflated,False,Nurture
C00236,John,Jackson,jjackson@latticedynamics.com,Individual Contributor of Something,,Individual Contributor,,+1-555-9360,ACC0138,Financial Services,300.0,,,2023-01-03,,,False,,False,False,False,False,,False,False,,,,,,Contact,Orphan Contact,,71.2,False,C00236,Lattice Dynamics,latticedynamics.com,True,True,False,12.1,United States,38.3,False,False,False,True,False,False,False,False,False,False,False,False,False,False,False,,1,orphan_contact,3.0,1.0,2026-04-15 00:00:00,2024-03-17 00:00:00,43.0,1.0,0.3333333333333333,False,2.0,0.0,1.0,0.0,3.400588137875486,148.10975522865644,0.0,0.0,0.0,151.5103433665319,True,True,0.65,C2,0.55,85.96,47.278,0.3,0.0,0.15,9.888790463935868,47.3,15.0,20.0,0.6,0.25,0.15,High,last engaged 43d ago; ICP industry (Financial Services); named account; segment C2,Nurture,2,Add to long-term nurture sequence,False,Nurture
C00158,Edward,Baker,edward.baker@outlook.com,Individual Contributor of Something,,Individual Contributor,Technical Buyer,+1-555-2185,ACC0199,Retail,200.0,,,2022-03-28,,,False,,False,False,False,False,,True,True,,,,,,Contact,Orphan Contact,,19.8,False,C00158,Prism Technologies,prismtechnologies.com,False,False,False,99.3,United States,27.0,False,False,False,True,False,False,False,False,False,False,False,False,False,False,False,,1,orphan_contact,1.0,0.0,2026-05-02 00:00:00,2026-05-02 00:00:00,26.0,0.0,0.0,False,1.0,1.0,1.0,0.0,0.0,219.36499593892523,0.0,0.0,0.0,219.36499593892523,False,False,0.65,C2,0.55,19.68,10.824,0.3,0.85,0.575,14.317533917234554,10.8,57.5,19.9,0.6,0.25,0.15,High,last engaged 26d ago; segment C2,Nurture,2,Add to long-term nurture sequence,False,Nurture
L00253,Susan,Anderson,susan.anderson@protonmail.com,Manager of Something,,Manager,Technical Buyer,+1-555-3608,ACC0035,Energy,100.0,,,2024-01-01,Event,Working,False,,False,False,False,False,,True,True,86.0,0.0,False,,,Lead,Orphan Lead,,,,L00253,Vertex Dynamics,vertexdynamics.com,True,True,False,72.6,United Kingdom,16.7,False,False,False,False,False,False,False,False,False,False,False,False,False,False,False,,0,,4.0,0.0,2026-01-09 00:00:00,2025-04-28 00:00:00,139.0,2.0,0.0,False,2.0,0.0,0.0,0.0,0.0,0.0,0.0,4.029282213873686,0.0267779536058258,4.056060167479512,True,True,0.65,L1,0.9,92.01,82.80900000000001,0.5,0.85,0.675,0.3363084656002706,82.8,67.5,19.4,0.75,0.15,0.1,High,last engaged 139d ago; ICP industry (Energy); named account; segment L1,Nurture,2,Add to long-term nurture sequence,False,Nurture
C00018,Amy,Lee,alee@paragonnetworks.com,Unknown Title,,,Technical Buyer,+1-555-6181,ACC0118,Software,1000.0,,,2024-01-01,,,True,2022-05-16,False,False,False,False,,False,False,,,,,,Contact,Orphan Contact,,58.3,False,C00018,Paragon Networks,paragonnetworks.com,False,True,False,13.8,United Kingdom,278.7,False,False,False,True,False,False,False,False,False,False,False,False,False,False,False,,1,orphan_contact,12.0,9.0,2026-01-14 00:00:00,2023-02-28 00:00:00,134.0,10.0,0.75,True,2.0,0.0,0.0,0.0,0.0298205556773146,0.0,0.0007455138919328,0.0,0.0,0.0305660695692475,True,False,1.0,C2,0.55,66.38,36.509,0.5,0.85,0.675,0.0019949889265655,36.5,67.5,19.3,0.6,0.25,0.15,High,last engaged 134d ago; ICP industry (Software); engagement discounted (automation-heavy); segment C2,Nurture,2,Add to long-term nurture sequence | Note: engagement may be automation-inflated,False,Nurture
C00114,Jessica,Campbell,jcampbell@emblemtechnologies.com,Manager of Something,,Manager,,+1-555-9971,ACC0095,Healthcare,50.0,,,2023-09-10,,,False,,False,False,False,False,,False,False,,,,,,Contact,Converted Contact,L00438,0.0,True,C00114,Dynex Group,dynexgroup.com,False,True,False,75.4,United States,4.4,True,False,False,False,False,False,False,False,False,False,False,False,False,False,False,,1,duplicate_email,6.0,6.0,2025-07-21 00:00:00,2023-12-03 00:00:00,311.0,6.0,1.0,True,0.0,0.0,0.0,0.0,0.0,0.0,0.0,0.0,0.0,0.0,True,False,0.25,C1,1.0,61.29,61.29,0.5,0.0,0.25,0.0,61.3,25.0,19.1,0.6,0.25,0.15,High,last engaged 311d ago; ICP industry (Healthcare); engagement discounted (automation-heavy); segment C1,Nurture,2,Add to long-term nurture sequence | Note: engagement may be automation-inflated,False,Nurture
C00318,Angela,Miller,amiller@vortextechnologies.com,Unknown Title,,,,+1-555-9919,ACC0184,Software,75.0,,,2023-01-11,,,False,,True,True,False,False,,False,False,,,,,,Contact,Orphan Contact,,48.2,False,C00318,Obsidian Group,obsidiangroup.com,False,True,False,46.9,United States,4.4,True,False,False,True,True,True,False,False,False,False,False,False,False,False,False,,2,"duplicate_email, orphan_contact",3.0,0.0,2026-04-25 00:00:00,2023-03-09 00:00:00,33.0,1.0,0.0,False,2.0,0.0,1.0,1.5010245941108793e-07,0.0,186.60659830736148,0.0,0.0,0.0,186.60659845746395,True,False,0.25,C2,0.55,58.44,32.142,0.5,0.0,0.25,12.1794559389884,32.1,25.0,19.1,0.6,0.25,0.15,Medium,last engaged 33d ago; ICP industry (Software); segment C2,Nurture,2,Add to long-term nurture sequence | Note: opted out — no email; email bounced — use phone/LinkedIn,False,Nurture
C00046,Ronald,Lopez,rlopez@bastionnetworks.com,Individual Contributor of Something,,Individual Contributor,,+1-555-9476,ACC0007,Energy,300.0,,,2023-04-04,,,True,2022-09-25,False,False,False,False,,False,False,,,,,,Contact,Converted Contact,L00587,49.6,True,C00046,Bastion Networks,bastionnetworks.com,False,True,False,69.3,United States,37.8,True,False,False,False,False,False,False,False,False,False,False,False,False,False,False,,1,duplicate_email,2.0,0.0,2025-05-01 00:00:00,2023-09-08 00:00:00,392.0,1.0,0.0,False,1.0,0.0,0.0,1.0861933598490533e-07,0.0,0.0,0.0,0.0,0.0,1.0861933598490533e-07,True,False,0.65,C1,1.0,66.68,66.68,0.3,0.0,0.15,7.089376408369e-09,66.7,15.0,18.9,0.6,0.25,0.15,High,last engaged 392d ago; ICP industry (Energy); segment C1,Nurture,2,Add to long-term nurture sequence,False,Nurture
C00062,Donna,Clark,dclark@eclipsenetworks.com,Unknown Title,,,Technical Buyer,,ACC0105,Healthcare,75.0,,,2022-10-13,,,False,,False,False,False,False,,False,False,,,,,,Contact,Orphan Contact,,81.9,False,C00062,Eclipse Networks,eclipsenetworks.com,False,True,False,95.9,Canada,3.0,False,False,False,True,False,False,False,False,False,False,False,False,True,False,False,,2,"orphan_contact, missing_phone",1.0,1.0,2023-05-06 00:00:00,2023-05-06 00:00:00,1118.0,1.0,1.0,True,0.0,0.0,0.0,0.0,0.0,0.0,0.0,0.0,0.0,0.0,True,False,0.25,C2,0.55,63.34,34.837,0.5,0.85,0.675,0.0,34.8,67.5,18.8,0.6,0.25,0.15,Medium,last engaged 1118d ago; ICP industry (Healthcare); engagement discounted (automation-heavy); segment C2,Nurture,2,Add to long-term nurture sequence | Note: engagement may be automation-inflated,False,Nurture
C00002,Sandra,Moore,smoore@aethergroup.com,Director of Something,,Director,Technical Buyer,+1-555-4149,ACC0113,Professional Services,5000.0,,,2022-10-03,,,False,,False,False,False,False,,False,False,,,,,,Contact,Orphan Contact,,57.9,False,C00002,Aether Group,aethergroup.com,True,False,False,90.2,United States,1511.3,False,False,False,True,False,False,False,False,False,False,False,False,False,False,False,,1,orphan_contact,9.0,8.0,2026-01-02 00:00:00,2023-12-15 00:00:00,146.0,8.0,0.8888888888888888,True,1.0,0.0,0.0,0.0,3.3229185974642816,0.0,0.0,0.0,0.0,3.3229185974642816,False,True,1.0,C2,0.55,49.02,26.961,0.7,0.85,0.7749999999999999,0.2168805443173361,27.0,77.5,18.5,0.6,0.25,0.15,High,last engaged 146d ago; named account; engagement discounted (automation-heavy); segment C2,Nurture,2,Add to long-term nurture sequence | Note: engagement may be automation-inflated,False,Nurture
L00143,Amanda,Martinez,slopez@bastionnetworks.com,Individual Contributor of Something,,Individual Contributor,CISO,+1-555-9542,,,,Education,50.0,2024-01-01,Webinar,Disqualified,False,,True,False,False,False,,False,False,40.0,0.0,False,,,Lead,Orphan Lead,,,,L00143,,,,,,,,,True,False,False,False,True,False,False,False,False,False,True,False,False,True,False,,3,"duplicate_email, missing_account, missing_industry",1.0,0.0,2026-04-25 00:00:00,2026-04-25 00:00:00,33.0,0.0,0.0,False,1.0,0.0,1.0,0.0,0.0,186.60659830736148,0.0,0.0,0.0,186.60659830736148,False,False,0.25,L2,0.55,3.75,2.0625,0.3,1.0,0.65,15.47249699371029,2.1,65.0,18.4,0.75,0.15,0.1,Medium,last engaged 33d ago; segment L2,Nurture,2,Add to long-term nurture sequence | Note: opted out — no email,False,Nurture
C00378,George,Jackson,gjackson@heliossystems.com,VP of Something,,VP,,+1-555-7422,ACC0085,Energy,100.0,,,2023-04-05,,,True,2023-06-11,True,False,False,False,,False,False,,,,,,Contact,Orphan Contact,,51.7,False,C00378,Helios Systems,heliossystems.com,True,True,False,19.7,United States,12.9,False,False,False,True,True,False,False,False,False,False,False,False,False,False,False,,1,orphan_contact,4.0,1.0,2026-05-09 00:00:00,2023-09-12 00:00:00,19.0,2.0,0.25,False,2.0,0.0,0.0,3.585293996578805e-05,0.0,4.765456039443497e-08,0.0,0.0,0.0,3.590059452618248e-05,True,True,0.65,C2,0.55,86.72,47.696000000000005,0.85,0.0,0.425,2.3431631723076323e-06,47.7,42.5,18.3,0.6,0.25,0.15,High,last engaged 19d ago; ICP industry (Energy); named account; segment C2,Nurture,2,Add to long-term nurture sequence | Note: opted out — no email,False,Nurture
L00168,Christopher,Carter,ccarter@glacierlabs.com,Individual Contributor of Something,Glacier Labs Inc.,Individual Contributor,Financial Buyer,+1-555-2638,ACC0120,Manufacturing,2000.0,,,2024-01-01,Web,MQL,True,2023-05-30,False,False,False,True,C00072,False,False,64.0,2.0,False,,,Lead,Converted Lead - linked,,,,C00072,Glacier Labs,glacierlabs.com,False,False,False,55.3,United States,572.5,True,False,False,False,False,False,False,False,False,False,False,False,False,False,False,,1,duplicate_email,3.0,1.0,2026-04-20 00:00:00,2024-02-10 00:00:00,38.0,1.0,0.3333333333333333,False,2.0,0.0,1.0,0.0,0.0,166.24757922855758,0.0,3.901474635379863e-07,0.0,166.24757961870506,False,False,1.0,L1,0.9,20.53,18.477,0.3,0.7,0.5,13.784427770475856,18.5,50.0,18.1,0.75,0.15,0.1,High,last engaged 38d ago; segment L1,Nurture,2,Do not action — record converted to contact C00072 (work the contact record instead),True,Converted
L00040,Deborah,Brown,dbrown@wardendynamics.com,Individual Contributor of Something,Warden Dynamics,Individual Contributor,CISO,+1-555-2422,ACC0002,Education,7500.0,,,2022-09-11,Advertisement,Open,False,,False,False,False,False,,False,False,9.0,0.0,False,,,Lead,Orphan Lead,,,,L00040,Warden Dynamics,wardendynamics.com,False,False,False,31.7,United States,1575.9,False,False,False,False,False,False,False,False,False,False,False,False,False,False,False,,0,,3.0,0.0,2026-04-14 00:00:00,2024-07-05 00:00:00,44.0,0.0,0.0,False,3.0,0.0,1.0,0.0,0.0312308927000968,144.7269237440378,0.0,0.0,0.0,144.7581546367379,False,False,1.0,L1,0.9,18.17,16.353,0.3,1.0,0.65,12.00263084343261,16.4,65.0,18.0,0.75,0.15,0.1,High,last engaged 44d ago; segment L1,Nurture,2,Add to long-term nurture sequence,False,Nurture
C00058,Mark,Lopez,sking@luminarygroup.com,,,Director,,+1-555-3170,ACC0194,Government,10000.0,,,2023-04-10,,,True,2022-04-21,False,False,False,False,,False,False,,,,,,Contact,Converted Contact,L00320,40.9,True,C00058,Vertex Ventures,vertexventures.com,False,False,False,21.2,Canada,4442.8,True,False,False,False,False,False,False,False,False,False,False,True,False,False,False,,2,"duplicate_email, missing_title",6.0,0.0,2026-04-22 00:00:00,2023-12-22 00:00:00,36.0,1.0,0.0,False,5.0,0.0,1.0,0.0,217.63764082403105,0.0,0.0001121089845927,4.379257210655546e-07,6.144437523432522e-08,217.6377534323857,False,False,1.0,C1,1.0,17.12,17.12,0.7,0.0,0.35,14.204800100862348,17.1,35.0,18.0,0.6,0.25,0.15,Medium,last engaged 36d ago; segment C1,Nurture,2,Add to long-term nurture sequence,False,Nurture
C00263,Kathleen,Roberts,kroberts@forgeventures.com,Director of Something,,Director,,,ACC0042,Telecommunications,25000.0,,,2024-01-01,,,False,,True,True,False,False,,False,False,,,,,,Contact,Orphan Contact,,94.6,False,C00263,Forge Ventures,forgeventures.com,True,True,False,79.6,Canada,10488.4,False,False,False,True,True,True,False,False,False,False,False,False,True,False,False,,2,"orphan_contact, missing_phone",4.0,0.0,2024-12-29 00:00:00,2023-11-06 00:00:00,515.0,1.0,0.0,False,3.0,0.0,0.0,2.7806550012135786e-05,0.0,5.605449229639102e-05,0.0,0.0,0.0,8.38610423085268e-05,True,True,0.65,C2,0.55,92.71,50.9905,0.7,0.0,0.35,5.47344991140366e-06,51.0,35.0,18.0,0.6,0.25,0.15,Medium,last engaged 515d ago; ICP industry (Telecommunications); named account; segment C2,Nurture,2,Add to long-term nurture sequence | Note: opted out — no email; email bounced — use phone/LinkedIn,False,Nurture
L00361,Sandra,Hernandez,jclark@heliostechnologies.com,Individual Contributor of Something,,Individual Contributor,Financial Buyer,+1-555-2623,,,,Government,,2024-01-01,Event,Disqualified,False,,False,False,False,False,,True,True,84.0,0.0,False,,,Lead,Orphan Lead,,,,L00361,,,,,,,,,True,False,False,False,False,False,False,False,False,False,True,False,False,True,False,,3,"duplicate_email, missing_account, missing_industry",1.0,0.0,2026-04-19 00:00:00,2026-04-19 00:00:00,39.0,0.0,0.0,False,1.0,0.0,1.0,0.0,203.06309908905888,0.0,0.0,0.0,0.0,203.06309908905888,False,False,0.25,L2,0.55,3.75,2.0625,0.3,0.7,0.5,16.8369887168401,2.1,50.0,17.9,0.75,0.15,0.1,Medium,last engaged 39d ago; segment L2,Nurture,2,Add to long-term nurture sequence,False,Nurture
C00192,Carol,Scott,cscott@bastionnetworks.com,,,Individual Contributor,Technical Buyer,,ACC0007,Energy,300.0,,,2022-11-22,,,False,,False,False,False,False,,False,False,,,,,,Contact,Orphan Contact,,0.0,False,C00192,Bastion Networks,bastionnetworks.com,False,True,False,69.3,United States,37.8,False,False,False,True,False,False,False,False,False,False,False,True,True,False,False,,3,"orphan_contact, missing_title, missing_phone",14.0,12.0,2026-05-28 00:00:00,2023-02-01 00:00:00,0.0,13.0,0.8571428571428571,True,1.0,0.0,0.0,1.3785361866306635e-09,0.0,0.0,0.0,0.0,0.0,1.3785361866306635e-09,True,False,0.65,C2,0.55,66.68,36.67400000000001,0.3,0.85,0.575,8.997442150576692e-11,36.7,57.5,17.8,0.6,0.25,0.15,Medium,no engagement history; ICP industry (Energy); engagement discounted (automation-heavy); segment C2,Nurture,2,Add to long-term nurture sequence | Note: engagement may be automation-inflated,False,Nurture
L00098,Joshua,Moore,jmoore@novaventures.com,VP of Something,Nova Ventures LLC,VP,,+1-555-4973,ACC0116,Financial Services,10000.0,,,2024-01-01,Event,MQL,True,2022-01-05,False,False,False,False,,False,False,17.0,2.0,False,,,Lead,Orphan Lead,,,,L00098,Nova Ventures,novaventures.com,True,True,False,95.3,United States,2734.1,False,False,False,False,False,False,False,False,False,False,False,False,False,False,False,,0,,10.0,8.0,2026-04-18 00:00:00,2023-05-15 00:00:00,40.0,8.0,0.8,True,2.0,0.0,0.0,0.0,0.0,0.0,0.0008563705812907,0.0,1.7517028842622223e-06,0.0008581222841749,True,True,1.0,L1,0.9,99.53,89.577,0.85,0.0,0.425,7.115125929396554e-05,89.6,42.5,17.7,0.75,0.15,0.1,High,last engaged 40d ago; ICP industry (Financial Services); named account; engagement discounted (automation-heavy); segment L1,Nurture,2,Add to long-term nurture sequence | Note: engagement may be automation-inflated,False,Nurture
C00375,Ashley,Roberts,aroberts@quantumcorp.com,Individual Contributor of Something,,Individual Contributor,Financial Buyer,+1-555-3988,ACC0067,Financial Services,1000.0,,,2023-08-30,,,False,,False,False,False,False,,False,False,,,,,,Contact,Orphan Contact,,34.3,False,C00375,Quantum Corp,quantumcorp.com,False,True,False,86.6,United States,227.3,False,False,False,True,False,False,False,False,False,False,False,False,False,False,False,,1,orphan_contact,6.0,6.0,2026-04-24 00:00:00,2023-03-11 00:00:00,34.0,6.0,1.0,True,0.0,0.0,0.0,0.0,0.0,0.0,0.0,0.0,0.0,0.0,True,False,1.0,C2,0.55,73.66,40.513,0.3,0.7,0.5,0.0,40.5,50.0,17.6,0.6,0.25,0.15,High,last engaged 34d ago; ICP industry (Financial Services); engagement discounted (automation-heavy); segment C2,Nurture,2,Add to long-term nurture sequence | Note: engagement may be automation-inflated,False,Nurture
L00450,Mark,Flores,mflores@bastionnetworks.com,VP of Something,Bastion Networks LLC,VP,Technical Buyer,+1-555-4334,ACC0007,Energy,300.0,,,2023-05-18,Web,Disqualified,False,,False,False,False,False,,False,False,24.0,0.0,False,,,Lead,Orphan Lead,,,,L00450,Bastion Networks,bastionnetworks.com,False,True,False,69.3,United States,37.8,False,False,False,False,False,False,False,False,False,False,False,False,False,False,False,,0,,6.0,4.0,2026-05-11 00:00:00,2023-02-18 00:00:00,17.0,5.0,0.6666666666666666,False,1.0,0.0,0.0,0.0,4.2146848510894135e-05,0.0,0.0,0.0,0.0,4.2146848510894135e-05,True,False,0.65,L1,0.9,66.68,60.01200000000001,0.85,0.85,0.85,3.494608405031126e-06,60.0,85.0,17.5,0.75,0.15,0.1,High,last engaged 17d ago; ICP industry (Energy); segment L1,Nurture,2,Add to long-term nurture sequence,False,Nurture
C00387,Betty,Thompson,bthompson@unknown.com,Manager of Something,,Manager,,+1-555-1011,ACC0173,Healthcare,25.0,,,2022-08-26,,,False,,False,False,False,False,,False,False,,,,,,Contact,Converted Contact,L00241,19.0,True,C00387,Junction Solutions,junctionsolutions.com,False,True,False,11.9,United Kingdom,1.9,True,False,False,False,False,False,False,False,False,False,False,False,False,False,False,,1,duplicate_email,8.0,6.0,2025-10-01 00:00:00,2023-03-10 00:00:00,239.0,6.0,0.75,True,2.0,0.0,0.0,0.0,0.0,1.950737317689935e-07,0.0,0.0,3.00204918822176e-08,2.2509422365121106e-07,True,False,0.25,C1,1.0,54.94,54.94,0.5,0.0,0.25,1.4691469657251392e-08,54.9,25.0,17.5,0.6,0.25,0.15,High,last engaged 239d ago; ICP industry (Healthcare); engagement discounted (automation-heavy); segment C1,Nurture,2,Add to long-term nurture sequence | Note: engagement may be automation-inflated,False,Nurture
L00421,Gary,Brown,gbrown@radianttechnologies.com,Manager of Something,Radiant Technologies Inc.,Manager,,+1-555-6866,ACC0153,Professional Services,50.0,,,2024-01-01,Web,MQL,True,2023-11-25,True,False,False,True,C00347,False,False,11.0,2.0,False,,,Lead,Converted Lead - linked,,,,C00347,Radiant Technologies,radianttechnologies.com,True,False,False,24.5,United States,4.8,True,False,False,False,True,False,False,False,False,False,False,False,False,False,False,,1,duplicate_email,1.0,0.0,2026-04-21 00:00:00,2026-04-21 00:00:00,37.0,0.0,0.0,False,1.0,0.0,1.0,0.0,0.0,170.13343219017116,0.0,0.0,0.0,170.13343219017116,False,True,0.25,L1,0.9,31.2,28.08,0.5,0.0,0.25,14.106623463315076,28.1,25.0,17.3,0.75,0.15,0.1,High,last engaged 37d ago; named account; segment L1,Nurture,2,Do not action — record converted to contact C00347 (work the contact record instead),True,Converted
L00546,Sandra,Ramirez,sramirez@kryptonventures.com,Director of Something,Krypton,Director,Technical Buyer,+1-555-3439,ACC0014,Financial Services,500.0,,,2024-01-01,Web,Open,False,,False,False,False,True,C00167,False,False,71.0,0.0,False,,,Lead,Converted Lead - linked,,,,C00167,Krypton Ventures,kryptonventures.com,False,True,False,58.5,United States,127.1,True,False,False,False,False,False,False,False,False,False,False,False,False,False,False,,1,duplicate_email,8.0,6.0,2025-05-13 00:00:00,2023-12-06 00:00:00,380.0,7.0,0.75,True,1.0,0.0,0.0,0.0,0.0215791864375777,0.0,0.0,0.0,0.0,0.0215791864375777,True,False,1.0,L1,0.9,70.85,63.76499999999999,0.7,0.85,0.7749999999999999,0.0017892395033759,63.8,77.5,17.3,0.75,0.15,0.1,High,last engaged 380d ago; ICP industry (Financial Services); engagement discounted (automation-heavy); segment L1,Nurture,2,Do not action — record converted to contact C00167 (work the contact record instead),True,Converted
C00272,Stephanie,Thomas,sthomas@eclipsenetworks.com,C-Level of Something,,C-Level,,+1-555-5418,ACC0106,Energy,1500.0,,,2023-04-18,,,False,,False,False,False,False,,False,False,,,,,,Contact,Orphan Contact,,27.0,False,C00272,Eclipse Networks,eclipsenetworks.com,False,True,False,65.3,Netherlands,283.8,False,False,False,True,False,False,False,False,False,False,False,False,False,False,False,,1,orphan_contact,2.0,1.0,2025-05-01 00:00:00,2024-02-13 00:00:00,392.0,1.0,0.5,False,1.0,0.0,0.0,0.0,0.0,0.0,0.0,4.181496978958602e-07,0.0,4.181496978958602e-07,True,False,1.0,C2,0.55,71.53,39.3415,1.0,0.0,0.5,2.7291831390329037e-08,39.3,50.0,17.3,0.6,0.25,0.15,High,last engaged 392d ago; ICP industry (Energy); segment C2,Nurture,2,Add to long-term nurture sequence,False,Nurture
L00198,Steven,Campbell,scampbell@gravitasdynamics.com,Director of Something,Gravitas Dynamics,Director,Technical Buyer,+1-555-1701,ACC0010,Software,15000.0,,,2024-01-01,Cold Call,Nurturing,False,,False,False,False,False,,False,False,38.0,0.0,True,Duplicate,2023-12-21,Lead,Orphan Lead,,,,L00198,Gravitas Dynamics,gravitasdynamics.com,False,True,False,99.2,United States,3759.4,False,False,False,False,False,False,False,False,False,False,False,False,False,False,False,,0,,4.0,0.0,2024-05-05 00:00:00,2023-08-30 00:00:00,753.0,2.0,0.0,False,2.0,0.0,0.0,0.0,1.3903275006067894e-05,3.529052637774501e-08,0.0,0.0,0.0,1.393856553244564e-05,True,False,0.65,L1,0.9,69.67,62.703,0.7,0.85,0.7749999999999999,1.155716974928058e-06,62.7,77.5,17.2,0.75,0.15,0.1,High,last engaged 753d ago; ICP industry (Software); segment L1,Nurture,2,Add to long-term nurture sequence,False,Nurture
C00037,Jennifer,Flores,jflores@heliossystems.com,Director of Something,,Director,,+1-555-4218,ACC0085,Energy,100.0,,,2023-01-09,,,True,2023-12-03,True,True,False,False,,False,False,,,,,,Contact,Orphan Contact,,36.6,False,C00037,Helios Systems,heliossystems.com,True,True,False,19.7,United States,12.9,False,False,False,True,True,True,False,False,False,False,False,False,False,False,False,,1,orphan_contact,0.0,0.0,0,0,0.0,0.0,0.0,,0.0,0.0,0.0,0.0,0.0,0.0,0.0,0.0,0.0,0.0,True,True,0.65,C2,0.55,86.72,47.696000000000005,0.7,0.0,0.35,0.0,47.7,35.0,17.2,0.6,0.25,0.15,High,no engagement history; ICP industry (Energy); named account; engagement discounted (automation-heavy); segment C2,Nurture,2,Add to long-term nurture sequence | Note: opted out — no email; email bounced — use phone/LinkedIn; engagement may be automation-inflated,False,Nurture
L00308,Michael,Walker,mwalker@vertexdynamics.com,Unknown Title,Vertex Dynamics Corp,,,+1-555-5509,ACC0035,Energy,100.0,,,2024-01-01,Trade Show,MQL,True,2022-07-16,False,False,False,False,,False,False,60.0,1.0,False,,,Lead,Orphan Lead,,,,L00308,Vertex Dynamics,vertexdynamics.com,True,True,False,72.6,United Kingdom,16.7,False,False,False,False,False,False,False,False,False,False,False,False,False,False,False,,0,,9.0,6.0,2026-01-02 00:00:00,2023-02-23 00:00:00,146.0,6.0,0.6666666666666666,False,3.0,0.0,0.0,2.2394386421090848e-09,34.275780615457066,0.0,0.0,0.0,0.0,34.275780617696505,True,True,0.65,L1,0.9,92.01,82.80900000000001,0.5,0.0,0.25,2.841978351113115,82.8,25.0,17.1,0.75,0.15,0.1,High,last engaged 146d ago; ICP industry (Energy); named account; segment L1,Nurture,2,Add to long-term nurture sequence,False,Nurture
L00043,Kenneth,Roberts,kroberts@quantumlabs.com,Director of Something,Quantum Labs Corp,Director,Technical Buyer,+1-555-2079,ACC0122,Financial Services,25000.0,,,2024-01-01,Cold Call,Disqualified,False,,False,False,False,True,C00254,False,False,0.0,0.0,False,,,Lead,Converted Lead - linked,,,,C00254,Quantum Labs,quantumlabs.com,False,True,False,84.6,United States,14168.6,True,False,False,False,False,False,False,False,False,False,False,False,False,False,False,,1,duplicate_email,8.0,7.0,2026-05-26 00:00:00,2023-02-25 00:00:00,2.0,7.0,0.875,True,1.0,0.0,0.0,0.0,0.0,0.0,0.0,0.0,1.7116939350918484e-06,1.7116939350918484e-06,True,False,0.65,L1,0.9,68.21,61.389,0.7,0.85,0.7749999999999999,1.419252025656586e-07,61.4,77.5,17.0,0.75,0.15,0.1,High,last engaged 2d ago; ICP industry (Financial Services); engagement discounted (automation-heavy); segment L1,Nurture,2,Do not action — record converted to contact C00254 (work the contact record instead),True,Converted
C00320,Betty,Sanchez,bsanchez@unknown.com,Director of Something,,Director,CISO,+1-555-5982,ACC0170,Manufacturing,500.0,,,2024-01-01,,,False,,False,False,False,False,,False,False,,,,,,Contact,Converted Contact,L00539,94.7,True,C00320,Beacon Partners,beaconpartners.com,False,False,False,20.8,United States,114.7,True,False,False,False,False,False,False,False,False,False,False,False,False,False,False,,1,duplicate_email,2.0,0.0,2025-01-16 00:00:00,2023-09-20 00:00:00,497.0,0.0,0.0,False,2.0,0.0,0.0,0.0206047049891386,0.0,0.0,0.0,0.0,0.0,0.0206047049891386,False,False,1.0,C1,1.0,17.08,17.08,0.7,1.0,0.85,0.0013448297039092,17.1,85.0,17.0,0.6,0.25,0.15,High,last engaged 497d ago; segment C1,Nurture,2,Add to long-term nurture sequence,False,Nurture
C00331,Patricia,Smith,psmith@latticeventures.com,Director of Something,,Director,,+1-555-3806,ACC0022,Retail,1000.0,,,2022-02-06,,,False,,False,False,False,False,,False,False,,,,,,Contact,Converted Contact,L00390,30.7,True,C00331,Zenith Group,zenithgroup.com,True,False,False,59.5,United States,305.0,True,False,False,False,False,False,False,False,False,False,False,False,False,False,False,,1,duplicate_email,5.0,1.0,2025-10-05 00:00:00,2023-11-10 00:00:00,235.0,1.0,0.2,False,4.0,0.0,0.0,0.0,6.576926064312735,1.8626451492309626e-07,0.0,0.0,0.0,6.57692625057725,False,True,1.0,C1,1.0,45.95,45.95,0.7,0.0,0.35,0.4292634030363132,46.0,35.0,17.0,0.6,0.25,0.15,High,last engaged 235d ago; named account; segment C1,Nurture,2,Add to long-term nurture sequence,False,Nurture
L00227,Margaret,Thomas,mthomas@aetherventures.com,Manager of Something,Aether Ventures,Manager,,+1-555-3509,ACC0198,Education,750.0,,,2022-05-08,Web,Nurturing,False,,True,False,False,True,C00012,False,False,34.0,0.0,False,,,Lead,Converted Lead - linked,,,,C00012,Aether Ventures,aetherventures.com,False,False,False,0.2,United States,181.2,True,False,False,False,True,False,False,False,False,False,False,False,False,False,False,,1,duplicate_email,2.0,0.0,2026-04-18 00:00:00,2025-05-15 00:00:00,40.0,1.0,0.0,False,1.0,0.0,1.0,0.0,198.42513149602496,0.0,0.0,0.0,0.0,198.42513149602496,False,False,1.0,L1,0.9,15.02,13.518,0.5,0.0,0.25,16.45243136307523,13.5,25.0,16.9,0.75,0.15,0.1,High,last engaged 40d ago; segment L1,Nurture,2,Do not action — record converted to contact C00012 (work the contact record instead),True,Converted
C00319,Linda,Wilson,lwilson@quantumlabs.com,Manager of Something,,Manager,Influencer,+1-555-6715,ACC0122,Financial Services,25000.0,,,2024-01-01,,,False,,False,False,False,False,,False,False,,,,,,Contact,Orphan Contact,,83.9,False,C00319,Quantum Labs,quantumlabs.com,False,True,False,84.6,United States,14168.6,False,False,False,True,False,False,False,False,False,False,False,False,False,False,False,,1,orphan_contact,16.0,15.0,2025-09-11 00:00:00,2023-04-22 00:00:00,259.0,15.0,0.9375,True,1.0,0.0,0.0,0.0,0.0,0.0,0.0,0.0,6.792861883030974e-07,6.792861883030974e-07,True,False,0.65,C2,0.55,68.21,37.5155,0.5,0.5,0.5,4.433571089549022e-08,37.5,50.0,16.9,0.6,0.25,0.15,High,last engaged 259d ago; ICP industry (Financial Services); engagement discounted (automation-heavy); segment C2,Nurture,2,Add to long-term nurture sequence | Note: engagement may be automation-inflated,False,Nurture
L00311,Michelle,Carter,mcarter@bastionnetworks.com,Individual Contributor of Something,,Individual Contributor,,+1-555-8734,ACC0159,Education,75.0,,,2024-01-01,Event,Disqualified,False,,False,False,False,True,C00144,False,False,88.0,0.0,False,,,Lead,Converted Lead - linked,,,,C00144,Bastion Networks,bastionnetworks.com,False,False,False,49.1,United States,3.2,True,False,False,False,False,False,False,False,False,False,False,False,False,False,False,,1,duplicate_email,13.0,10.0,2026-04-24 00:00:00,2023-02-28 00:00:00,34.0,11.0,0.7692307692307693,True,2.0,0.0,1.0,0.0,227.93062213955423,0.0,0.0,1.2862197421537499e-10,0.0,227.93062213968284,False,False,0.25,L1,0.9,8.66,7.794,0.3,0.0,0.15,18.89888084247681,7.8,15.0,16.8,0.75,0.15,0.1,High,last engaged 34d ago; engagement discounted (automation-heavy); segment L1,Nurture,2,Do not action — record converted to contact C00144 (work the contact record instead),True,Converted
C00346,Sarah,Davis,sdavis@umbragroup.com,Manager of Something,,Manager,Influencer,+1-555-5809,ACC0097,Financial Services,5000.0,,,2024-01-01,,,True,2022-01-30,False,False,False,False,,False,False,,,,,,Contact,Orphan Contact,,77.3,False,C00346,Umbra Group,umbragroup.com,False,True,False,27.8,United States,1815.7,False,False,False,True,False,False,False,False,False,False,False,False,False,False,False,,1,orphan_contact,1.0,0.0,2023-05-03 00:00:00,2023-05-03 00:00:00,1121.0,0.0,0.0,False,1.0,0.0,0.0,0.0,0.0,0.0,1.128606354056494e-09,0.0,0.0,1.128606354056494e-09,True,False,1.0,C2,0.55,67.78,37.279,0.5,0.5,0.5,7.366197913321217e-11,37.3,50.0,16.8,0.6,0.25,0.15,High,last engaged 1121d ago; ICP industry (Financial Services); segment C2,Nurture,2,Add to long-term nurture sequence,False,Nurture
L00003,Paul,Allen,pallen@quantumgroup.com,Individual Contributor of Something,Quantum Group & Co,Individual Contributor,Influencer,+1-555-5693,ACC0044,Energy,1000.0,,,2023-01-24,Advertisement,Nurturing,False,,False,True,False,False,,False,False,71.0,0.0,False,,,Lead,Orphan Lead,,,,L00003,Quantum Group,quantumgroup.com,True,True,False,40.8,United Kingdom,265.8,False,False,False,False,False,True,False,False,False,False,False,False,False,False,False,,0,,11.0,8.0,2026-05-10 00:00:00,2023-05-14 00:00:00,18.0,8.0,0.7272727272727273,True,3.0,0.0,0.0,0.0,3.6379788070917196e-09,0.0,0.0001174110806794,0.0,0.0,0.0001174147186582,True,True,1.0,L1,0.9,94.08,84.672,0.3,0.5,0.4,9.735448252821355e-06,84.7,40.0,16.7,0.75,0.15,0.1,High,last engaged 18d ago; ICP industry (Energy); named account; engagement discounted (automation-heavy); segment L1,Nurture,2,Email undeliverable — use phone or LinkedIn only | Note: email bounced — use phone/LinkedIn; engagement may be automation-inflated,False,Phone / LinkedIn
L00029,Carol,Lewis,newsletter@marketingblast.com,Manager of Something,Nexus Technologies Ltd,Manager,Technical Buyer,,ACC0193,Healthcare,5000.0,,,2024-01-01,Event,Nurturing,False,,False,False,False,False,,False,False,53.0,0.0,False,,,Lead,Orphan Lead,,,,L00029,Nexus Technologies,nexustechnologies.com,False,True,False,79.4,Canada,1158.4,True,True,False,False,False,False,False,False,False,False,False,False,True,False,False,,3,"duplicate_email, shared_email, missing_phone",3.0,0.0,2025-10-06 00:00:00,2023-09-24 00:00:00,234.0,1.0,0.0,False,2.0,0.0,0.0,1.57201423562154e-07,2.2435514746035845,0.0,0.0,0.0,0.0,2.243551631805008,True,False,1.0,L1,0.9,72.94,65.646,0.5,0.85,0.675,0.1860242145412249,65.6,67.5,16.7,0.75,0.15,0.1,Medium,last engaged 234d ago; ICP industry (Healthcare); segment L1,Nurture,2,Add to long-term nurture sequence,False,Nurture
L00054,Amy,Adams,aadams@dynexsystems.com,Director of Something,Dynex Systems & Co,Director,CISO,+1-555-9908,ACC0164,Financial Services,25000.0,,,2024-01-01,Web,Nurturing,False,,False,False,False,True,C00034,False,False,32.0,0.0,False,,,Lead,Converted Lead - linked,,,,C00034,Dynex Systems,dynexsystems.com,False,True,False,12.6,United Kingdom,16956.7,True,False,False,False,False,False,False,False,False,False,False,False,False,False,False,,1,duplicate_email,21.0,18.0,2026-05-09 00:00:00,2023-03-14 00:00:00,19.0,19.0,0.8571428571428571,True,2.0,0.0,0.0,0.0,0.0,0.0,0.0007118476803106,0.0001479286920388,0.0,0.0008597763723495,True,False,0.65,L1,0.9,61.01,54.909,0.7,1.0,0.85,7.12884081115367e-05,54.9,85.0,16.7,0.75,0.15,0.1,High,last engaged 19d ago; ICP industry (Financial Services); engagement discounted (automation-heavy); segment L1,Nurture,2,Do not action — record converted to contact C00034 (work the contact record instead),True,Converted
L00294,Ashley,Allen,aallen@eclipsenetworks.com,Director of Something,Eclipse Networks Group,Director,Financial Buyer,,ACC0106,Energy,1500.0,,,2024-01-01,Content Syndication,MQL,True,2023-03-14,False,False,False,False,,False,False,0.0,4.0,False,,,Lead,Orphan Lead,,,,L00294,Eclipse Networks,eclipsenetworks.com,False,True,False,65.3,Netherlands,283.8,False,False,False,False,False,False,False,False,False,False,False,False,True,False,False,,1,missing_phone,1.0,0.0,2024-07-01 00:00:00,2024-07-01 00:00:00,696.0,0.0,0.0,False,1.0,0.0,0.0,0.0,5.188885708428176e-05,0.0,0.0,0.0,0.0,5.188885708428176e-05,True,False,1.0,L1,0.9,71.53,64.37700000000001,0.7,0.7,0.7,4.302367614682256e-06,64.4,70.0,16.7,0.75,0.15,0.1,High,last engaged 696d ago; ICP industry (Energy); segment L1,Nurture,2,Add to long-term nurture sequence,False,Nurture
L00505,Jacob,Jones,jjones@radiantdynamics.com,VP of Something,Radiant Dynamics Group,VP,,+1-555-7909,ACC0015,Software,5000.0,,,2024-01-01,Advertisement,Working,False,,False,False,False,False,,False,False,56.0,0.0,False,,,Lead,Orphan Lead,,,,L00505,Radiant Dynamics,radiantdynamics.com,True,True,False,12.7,United States,1293.3,False,False,False,False,False,False,False,False,False,False,False,False,False,False,False,,0,,7.0,7.0,2024-07-12 00:00:00,2023-11-05 00:00:00,685.0,7.0,1.0,True,0.0,0.0,0.0,0.0,0.0,0.0,0.0,0.0,0.0,0.0,True,True,1.0,L1,0.9,91.27,82.143,0.85,0.0,0.425,0.0,82.1,42.5,16.6,0.75,0.15,0.1,High,last engaged 685d ago; ICP industry (Software); named account; engagement discounted (automation-heavy); segment L1,Nurture,2,Add to long-term nurture sequence | Note: engagement may be automation-inflated,False,Nurture
C00030,Donna,Ramirez,dramirez@dynexlabs.com,VP of Something,,VP,,+1-555-4238,ACC0174,Software,5000.0,,,2024-01-01,,,True,2022-12-31,False,False,False,False,,False,False,,,,,,Contact,Orphan Contact,,9.8,False,C00030,Nimbus Partners,nimbuspartners.com,False,True,False,91.7,United States,2150.6,True,False,False,True,False,False,False,False,False,False,False,False,False,False,False,,2,"duplicate_email, orphan_contact",4.0,0.0,2024-05-08 00:00:00,2023-09-18 00:00:00,750.0,2.0,0.0,False,2.0,0.0,0.0,1.3685178783298597e-07,0.0,0.0,5.107489319958863e-08,0.0,0.0,1.879266810325746e-07,True,False,1.0,C2,0.55,74.17,40.7935,0.85,0.0,0.425,1.2265615205018062e-08,40.8,42.5,16.6,0.6,0.25,0.15,Medium,last engaged 750d ago; ICP industry (Software); segment C2,Nurture,2,Add to long-term nurture sequence,False,Nurture
C00384,Andrew,Rivera,arivera@radianttechnologies.com,,,C-Level,,+1-555-1320,ACC0049,Manufacturing,50000.0,,,2024-01-01,,,False,,True,False,False,False,,False,False,,,,,,Contact,Converted Contact,L00287,80.1,True,C00384,Dynex Labs,dynexlabs.com,True,False,False,14.9,United States,28992.7,True,False,False,False,True,False,False,False,False,False,False,True,False,False,False,,2,"duplicate_email, missing_title",0.0,0.0,0,0,0.0,0.0,0.0,,0.0,0.0,0.0,0.0,0.0,0.0,0.0,0.0,0.0,0.0,False,True,0.65,C1,1.0,36.24,36.24,1.0,0.0,0.5,0.0,36.2,50.0,16.6,0.6,0.25,0.15,Medium,no engagement history; named account; engagement discounted (automation-heavy); segment C1,Nurture,2,Add to long-term nurture sequence | Note: opted out — no email; engagement may be automation-inflated,False,Nurture
L00013,Kenneth,Rivera,krivera@glacierdynamics.com,Individual Contributor of Something,Glacier Dynamics LLC,Individual Contributor,,+1-555-6627,ACC0177,Government,750.0,,,2023-11-16,Web,Working,False,,False,False,False,False,,False,False,67.0,0.0,False,,,Lead,Orphan Lead,,,,L00013,Glacier Dynamics,glacierdynamics.com,False,False,False,46.5,Sweden,173.0,False,False,False,False,False,False,False,False,False,False,False,False,False,False,False,,0,,2.0,0.0,2026-04-18 00:00:00,2025-10-05 00:00:00,40.0,0.0,0.0,False,2.0,0.0,1.0,0.0,198.42513149602496,0.0,0.0,0.0,0.2192308688104245,198.6443623648354,False,False,1.0,L1,0.9,19.65,17.685,0.3,0.0,0.15,16.47060890336248,17.7,15.0,16.5,0.75,0.15,0.1,High,last engaged 40d ago; segment L1,Nurture,2,Add to long-term nurture sequence,False,Nurture
L00142,Ronald,Rodriguez,newsletter@marketingblast.com,Manager of Something,Delphi Systems Inc.,Manager,,,ACC0125,Telecommunications,7500.0,,,2024-01-01,Event,MQL,True,2023-01-30,False,False,False,True,C00247,False,False,58.0,1.0,False,,,Lead,Converted Lead - linked,,,,C00247,Delphi Systems,delphisystems.com,True,True,False,16.5,United States,2582.6,True,True,False,False,False,False,False,False,False,False,False,False,True,False,False,,3,"duplicate_email, shared_email, missing_phone",2.0,0.0,2026-01-21 00:00:00,2025-05-04 00:00:00,127.0,0.0,0.0,False,2.0,0.0,0.0,0.0,26.583348779714253,0.0,0.0,0.0124923570800387,0.0,26.59584113679429,True,True,1.0,L1,0.9,91.65,82.48500000000001,0.5,0.0,0.25,2.205195720659641,82.5,25.0,16.5,0.75,0.15,0.1,Medium,last engaged 127d ago; ICP industry (Telecommunications); named account; segment L1,Nurture,2,Do not action — record converted to contact C00247 (work the contact record instead),True,Converted
L00226,Sandra,Ramirez,sramirez@dynextechnologies.com,Director of Something,Dynex Technologies Inc.,Director,Technical Buyer,+1-555-5923,ACC0060,Financial Services,200.0,,,2024-01-01,Partner Referral,MQL,True,2022-07-09,False,True,False,False,,False,False,8.0,1.0,False,,,Lead,Orphan Lead,,,,L00226,Dynex Technologies,dynextechnologies.com,False,True,False,51.7,United States,27.4,False,False,False,False,False,True,False,False,False,False,False,False,False,False,False,,0,,4.0,0.0,2024-07-07 00:00:00,2023-10-16 00:00:00,690.0,1.0,0.0,False,3.0,0.0,0.0,0.0,0.0001788139343261,0.0,0.0,0.0,0.0,0.0001788139343261,True,False,0.65,L1,0.9,64.92,58.428,0.7,0.85,0.7749999999999999,1.482636780472809e-05,58.4,77.5,16.5,0.75,0.15,0.1,High,last engaged 690d ago; ICP industry (Financial Services); segment L1,Nurture,2,Email undeliverable — use phone or LinkedIn only | Note: email bounced — use phone/LinkedIn,False,Phone / LinkedIn
L00540,Jason,King,jking@harborventures.com,Individual Contributor of Something,Harbor Ventures Inc.,Individual Contributor,Financial Buyer,+1-555-4779,ACC0019,Healthcare,50.0,,,2024-01-01,Web,Disqualified,False,,False,False,False,True,,False,False,30.0,0.0,False,,,Lead,Converted Lead - broken link,,,,L00540,Harbor Ventures,harborventures.com,True,True,False,62.2,United States,2.6,True,False,True,False,False,False,False,False,False,False,False,False,False,False,False,,2,"duplicate_email, broken_conversion_link",17.0,14.0,2026-05-06 00:00:00,2023-03-03 00:00:00,22.0,15.0,0.8235294117647058,True,2.0,0.0,0.0,0.0,0.0,4.347431605139816e-05,3.167044499773065e-10,0.0,0.0,4.347463275584814e-05,True,True,0.25,L1,0.9,84.97,76.473,0.3,0.7,0.5,3.6047017132243783e-06,76.5,50.0,16.5,0.75,0.15,0.1,Medium,last engaged 22d ago; ICP industry (Healthcare); named account; engagement discounted (automation-heavy); segment L1,Nurture,2,Add to long-term nurture sequence | Note: broken conversion link (DQ-1); engagement may be automation-inflated,False,Nurture
L00285,Stephanie,Torres,stephanie.torres@yahoo.com,,Lattice Group,Individual Contributor,,,ACC0187,Retail,25.0,,,2024-01-01,Event,MQL,True,2023-10-26,True,False,False,False,,False,True,16.0,1.0,False,,,Lead,Orphan Lead,,,,L00285,Lattice Group,latticegroup.com,True,False,False,34.1,France,1.4,False,False,False,False,True,False,False,False,False,True,False,True,True,False,False,,3,"free_email_leakage, missing_title, missing_phone",4.0,1.0,2026-04-21 00:00:00,2024-03-06 00:00:00,37.0,2.0,0.25,False,2.0,0.0,1.0,0.0,0.0,170.13343219017116,0.0,0.0,3.963651161874716e-05,170.13347182668278,False,True,0.25,L1,0.9,32.16,28.944,0.3,0.0,0.15,14.106626749778751,28.9,15.0,16.4,0.75,0.15,0.1,Medium,last engaged 37d ago; named account; segment L1,Nurture,2,Add to long-term nurture sequence | Note: opted out — no email,False,Nurture
L00373,Patricia,Mitchell,patricia.mitchell@protonmail.com,Manager of Something,,Manager,CISO,+1-555-6789,ACC0060,Financial Services,200.0,,,2024-01-01,Content Syndication,Working,False,,True,True,False,False,,False,True,33.0,0.0,False,,,Lead,Orphan Lead,,,,L00373,Dynex Technologies,dynextechnologies.com,False,True,False,51.7,United States,27.4,True,False,False,False,True,True,False,False,False,True,False,False,False,False,False,,2,"duplicate_email, free_email_leakage",1.0,0.0,2025-06-26 00:00:00,2025-06-26 00:00:00,336.0,0.0,0.0,False,1.0,0.0,0.0,0.0,0.0,0.0,0.0,0.0,0.0212536758617217,0.0212536758617217,True,False,0.65,L1,0.9,64.92,58.428,0.5,1.0,0.75,0.0017622497749738,58.4,75.0,16.3,0.75,0.15,0.1,Medium,last engaged 336d ago; ICP industry (Financial Services); segment L1,Nurture,2,Add to long-term nurture sequence | Note: opted out — no email; email bounced — use phone/LinkedIn,False,Nurture
L00554,Robert,Perez,james.carter@outlook.com,Individual Contributor of Something,,Individual Contributor,,+1-555-1222,ACC0091,Government,50000.0,,,2024-01-01,Cold Call,Open,False,,False,True,False,True,C00152,False,False,40.0,0.0,False,,,Lead,Converted Lead - linked,,,,C00152,Luminary Technologies,luminarytechnologies.com,False,False,False,33.9,United States,20930.6,True,False,False,False,False,True,False,False,False,False,False,False,False,False,False,,1,duplicate_email,9.0,6.0,2026-04-30 00:00:00,2023-03-09 00:00:00,28.0,6.0,0.6666666666666666,False,3.0,1.0,1.0,0.0,0.0319608802130318,209.4588245641253,0.0,0.0,0.0,209.4907854443384,False,False,0.65,L1,0.9,13.14,11.826,0.3,0.0,0.15,17.369940706269578,11.8,15.0,16.3,0.75,0.15,0.1,High,last engaged 28d ago; segment L1,Nurture,2,Do not action — record converted to contact C00152 (work the contact record instead),True,Converted
C00214,Susan,King,sking@luminarygroup.com,VP of Something,,VP,,,ACC0147,Energy,1500.0,,,2023-10-17,,,False,,True,False,False,False,,False,False,,,,,,Contact,Orphan Contact,,0.0,False,C00214,Luminary Group,luminarygroup.com,False,True,False,71.0,United States,358.2,True,False,False,True,True,False,False,False,False,False,False,False,True,False,False,,3,"duplicate_email, orphan_contact, missing_phone",1.0,0.0,2025-05-04 00:00:00,2025-05-04 00:00:00,389.0,0.0,0.0,False,1.0,0.0,0.0,0.0,0.0,0.0,0.0,0.0124923570800387,0.0,0.0124923570800387,True,False,1.0,C2,0.55,72.1,39.655,0.85,0.0,0.425,0.0008153522645402,39.7,42.5,16.3,0.6,0.25,0.15,Medium,last engaged 389d ago; ICP industry (Energy); segment C2,Nurture,2,Add to long-term nurture sequence | Note: opted out — no email,False,Nurture
L00575,Gary,Rodriguez,grodriguez@jasperpartners.com,Manager of Something,,Manager,Technical Buyer,+1-555-2890,ACC0101,Financial Services,1000.0,,,2023-01-24,Cold Call,Open,False,,True,False,False,False,,False,False,22.0,0.0,False,,,Lead,Orphan Lead,,,,L00575,Jasper Partners,jasperpartners.com,False,True,False,46.8,United States,281.0,False,False,False,False,True,False,False,False,False,False,False,False,False,False,False,,0,,1.0,0.0,2023-10-31 00:00:00,2023-10-31 00:00:00,940.0,0.0,0.0,False,1.0,0.0,0.0,3.695956086665864e-07,0.0,0.0,0.0,0.0,0.0,3.695956086665864e-07,True,False,1.0,L1,0.9,69.68,62.71200000000001,0.5,0.85,0.675,3.0645041471487414e-08,62.7,67.5,16.2,0.75,0.15,0.1,High,last engaged 940d ago; ICP industry (Financial Services); segment L1,Nurture,2,Add to long-term nurture sequence | Note: opted out — no email,False,Nurture
C00166,John,Baker,jbaker@vertexnetworks.com,Unknown Title,,,,+1-555-6567,ACC0064,Energy,100.0,,,2022-06-28,,,False,,False,False,False,False,,False,False,,,,,,Contact,Orphan Contact,,40.7,False,C00166,Vertex Networks,vertexnetworks.com,True,True,False,57.0,United States,12.6,False,False,False,True,False,False,False,False,False,False,False,False,False,False,False,,1,orphan_contact,2.0,0.0,2023-11-13 00:00:00,2023-10-19 00:00:00,927.0,0.0,0.0,False,2.0,0.0,0.0,2.8010109348271944e-07,0.0,0.0,0.0,0.0,2.4954170513346165e-08,3.050552639960656e-07,True,True,0.65,C2,0.55,90.45,49.7475,0.5,0.0,0.25,1.9910373896255684e-08,49.7,25.0,16.2,0.6,0.25,0.15,High,last engaged 927d ago; ICP industry (Energy); named account; segment C2,Nurture,2,Add to long-term nurture sequence,False,Nurture
C00148,Laura,Gonzalez,lgonzalez@emblemtechnologies.com,,,VP,,+1-555-8187,ACC0036,Financial Services,5000.0,,,2022-03-24,,,False,,True,True,False,False,,False,False,,,,,,Contact,Orphan Contact,,0.0,False,C00148,Emblem Technologies,emblemtechnologies.com,False,True,False,56.7,Germany,1878.8,False,False,False,True,True,True,False,False,False,False,False,True,False,False,False,,2,"orphan_contact, missing_title",0.0,0.0,0,0,0.0,0.0,0.0,,0.0,0.0,0.0,0.0,0.0,0.0,0.0,0.0,0.0,0.0,True,False,1.0,C2,0.55,70.67,38.8685,0.85,0.0,0.425,0.0,38.9,42.5,16.1,0.6,0.25,0.15,Medium,no engagement history; ICP industry (Financial Services); engagement discounted (automation-heavy); segment C2,Nurture,2,Add to long-term nurture sequence | Note: opted out — no email; email bounced — use phone/LinkedIn; engagement may be automation-inflated,False,Nurture
C00252,Sarah,Flores,pthompson@quartzpartners.com,VP of Something,,VP,,+1-555-4319,ACC0181,Software,15000.0,,,2023-10-10,,,False,,True,False,False,False,,False,False,,,,,,Contact,Orphan Contact,,73.3,False,C00252,Gravitas Ventures,gravitasventures.com,False,True,False,98.9,United States,6142.5,True,False,False,True,True,False,False,False,False,False,False,False,False,False,False,,2,"duplicate_email, orphan_contact",3.0,0.0,2025-10-07 00:00:00,2023-04-05 00:00:00,233.0,1.0,0.0,False,2.0,0.0,0.0,0.0,4.59198400892035,0.0,0.0,0.0,0.0,4.59198400892035,True,False,0.65,C2,0.55,69.64,38.30200000000001,0.85,0.0,0.425,0.2997100176065489,38.3,42.5,16.1,0.6,0.25,0.15,Medium,last engaged 233d ago; ICP industry (Software); segment C2,Nurture,2,Add to long-term nurture sequence | Note: opted out — no email,False,Nurture
L00051,Amy,Lee,alee@glacierpartners.com,Unknown Title,Glacier Partners & Co,,Technical Buyer,+1-555-3020,ACC0132,Financial Services,500.0,,,2024-01-01,Web,Nurturing,False,,False,True,False,False,,False,False,0.0,0.0,True,Competitor,2022-12-19,Lead,Orphan Lead,,,,L00051,Glacier Partners,glacierpartners.com,False,True,False,37.1,United States,137.7,False,False,False,False,False,True,False,False,False,False,False,False,False,False,False,,0,,1.0,0.0,2023-04-29 00:00:00,2023-04-29 00:00:00,1125.0,0.0,0.0,False,1.0,0.0,0.0,0.0,0.0,2.057951587446e-09,0.0,0.0,0.0,2.057951587446e-09,True,False,1.0,L1,0.9,68.71,61.839,0.5,0.85,0.675,1.7063517602691023e-10,61.8,67.5,16.0,0.75,0.15,0.1,High,last engaged 1125d ago; ICP industry (Financial Services); segment L1,Nurture,2,Email undeliverable — use phone or LinkedIn only | Note: email bounced — use phone/LinkedIn,False,Phone / LinkedIn
L00202,Jennifer,Young,marketing@globalpartners.com,VP of Something,Orbit,VP,,+1-555-7366,ACC0157,Education,7500.0,,,2024-01-01,Webinar,Working,False,,False,False,False,True,C00309,False,False,57.0,0.0,False,,,Lead,Converted Lead - linked,,,,C00309,Orbit Solutions,orbitsolutions.com,False,False,False,77.7,United States,2135.0,True,True,False,False,False,False,False,False,False,False,False,False,False,False,False,,2,"duplicate_email, shared_email",102.0,66.0,2026-05-24 00:00:00,2023-02-09 00:00:00,4.0,78.0,0.6470588235294118,False,24.0,0.0,0.0,15.109808302026323,124.01570718501564,2.042995727983541e-07,1.4892050123260951e-09,0.0003170920929499,9.530912078887017e-08,139.12583288023282,False,False,1.0,L1,0.9,22.77,20.493,0.85,0.0,0.425,11.535626556148006,20.5,42.5,16.0,0.75,0.15,0.1,Medium,last engaged 4d ago; segment L1,Nurture,2,Do not action — record converted to contact C00309 (work the contact record instead),True,Converted
L00199,Patricia,Lopez,plopez@radiantdynamics.com,Director of Something,Radiant Dynamics Inc.,Director,,+1-555-4830,ACC0015,Software,5000.0,,,2024-01-01,Cold Call,MQL,True,2022-07-05,False,True,False,False,,False,False,58.0,2.0,False,,,Lead,Orphan Lead,,,,L00199,Radiant Dynamics,radiantdynamics.com,True,True,False,12.7,United States,1293.3,False,False,False,False,False,True,False,False,False,False,False,False,False,False,False,,0,,11.0,9.0,2025-10-25 00:00:00,2023-08-30 00:00:00,215.0,9.0,0.8181818181818182,True,2.0,0.0,0.0,0.7066744323439349,0.0,0.0,0.0,0.0,2.7387102961469585e-05,0.7067018194468964,True,True,1.0,L1,0.9,91.27,82.143,0.7,0.0,0.35,0.0585962226203356,82.1,35.0,15.9,0.75,0.15,0.1,High,last engaged 215d ago; ICP industry (Software); named account; engagement discounted (automation-heavy); segment L1,Nurture,2,Email undeliverable — use phone or LinkedIn only | Note: email bounced — use phone/LinkedIn; engagement may be automation-inflated,False,Phone / LinkedIn
L00111,Carol,Hill,chill@meridianpartners.com,Manager of Something,,Manager,Technical Buyer,+1-555-6697,ACC0143,Financial Services,3500.0,,,2024-01-01,Partner Referral,MQL,True,2023-05-08,False,False,False,False,,False,False,99.0,1.0,False,,,Lead,Orphan Lead,,,,L00111,Meridian Partners,meridianpartners.com,False,True,False,17.9,United States,1205.3,False,False,False,False,False,False,False,False,False,False,False,False,False,False,False,,0,,3.0,0.0,2024-12-28 00:00:00,2023-09-09 00:00:00,516.0,0.0,0.0,False,3.0,0.0,0.0,0.006641773706788,1.5605898541519483e-05,4.446327704519125e-08,0.0,0.0,0.0,0.0066574240686066,True,False,1.0,L1,0.9,66.79,60.111,0.5,0.85,0.675,0.0005520007053432,60.1,67.5,15.8,0.75,0.15,0.1,High,last engaged 516d ago; ICP industry (Financial Services); segment L1,Nurture,2,Add to long-term nurture sequence,False,Nurture
L00298,Amy,Lopez,alopez@impulsesystems.com,Director of Something,Impulse Systems LLC,Director,Financial Buyer,+1-555-4810,ACC0018,Financial Services,200.0,,,2024-01-01,Advertisement,Disqualified,False,,False,False,False,True,C00229,False,False,2.0,0.0,True,Duplicate,2022-04-03,Lead,Converted Lead - linked,,,,C00229,Impulse Systems,impulsesystems.com,False,True,False,53.6,United States,23.1,True,False,False,False,False,False,False,False,False,False,False,False,False,False,False,,1,duplicate_email,9.0,9.0,2026-01-12 00:00:00,2023-05-17 00:00:00,136.0,9.0,1.0,True,0.0,0.0,0.0,0.0,0.0,0.0,0.0,0.0,0.0,0.0,True,False,0.65,L1,0.9,65.11,58.599,0.7,0.7,0.7,0.0,58.6,70.0,15.8,0.75,0.15,0.1,High,last engaged 136d ago; ICP industry (Financial Services); engagement discounted (automation-heavy); segment L1,Nurture,2,Do not action — record converted to contact C00229 (work the contact record instead),True,Converted
C00164,Cynthia,Rodriguez,crodriguez@xenondynamics.com,Manager of Something,,Manager,,+1-555-4414,ACC0119,Energy,150.0,,,2023-10-03,,,False,,False,False,False,False,,False,False,,,,,,Contact,Orphan Contact,,0.0,False,C00164,Xenon Dynamics,xenondynamics.com,True,True,False,30.4,France,19.7,False,False,False,True,False,False,False,False,False,False,False,False,False,False,False,,1,orphan_contact,2.0,0.0,2025-03-04 00:00:00,2023-05-12 00:00:00,450.0,0.0,0.0,False,2.0,0.0,0.0,0.0,0.030517578125,0.0,0.0,0.0,0.0,0.030517578125,True,True,0.65,C2,0.55,87.79,48.28450000000001,0.5,0.0,0.25,0.0019918239827022,48.3,25.0,15.8,0.6,0.25,0.15,High,last engaged 450d ago; ICP industry (Energy); named account; segment C2,Nurture,2,Add to long-term nurture sequence,False,Nurture
C00361,Stephanie,Johnson,sjohnson@xenondynamics.com,Unknown Title,,,,+1-555-6599,ACC0119,Energy,150.0,,,2024-01-01,,,False,,False,False,False,False,,False,False,,,,,,Contact,Orphan Contact,,84.1,False,C00361,Xenon Dynamics,xenondynamics.com,True,True,False,30.4,France,19.7,False,False,False,True,False,False,False,False,False,False,False,False,False,False,False,,1,orphan_contact,12.0,9.0,2024-11-20 00:00:00,2023-02-05 00:00:00,554.0,10.0,0.75,True,2.0,0.0,0.0,3.04989186524384e-05,1.751702884262222e-05,0.0,0.0,0.0,0.0,4.801594749506062e-05,True,True,0.65,C2,0.55,87.79,48.28450000000001,0.5,0.0,0.25,3.1339090992442875e-06,48.3,25.0,15.8,0.6,0.25,0.15,High,last engaged 554d ago; ICP industry (Energy); named account; engagement discounted (automation-heavy); segment C2,Nurture,2,Add to long-term nurture sequence | Note: engagement may be automation-inflated,False,Nurture
C00389,Mark,Smith,msmith@orbitdynamics.com,Individual Contributor of Something,,Individual Contributor,,+1-555-1209,ACC0111,Government,3500.0,,,2023-03-11,,,True,2023-05-24,False,False,False,False,,False,False,,,,,,Contact,Orphan Contact,,74.5,False,C00389,Orbit Dynamics,orbitdynamics.com,True,False,False,76.5,United States,639.8,False,False,False,True,False,False,False,False,False,False,False,False,False,False,False,,1,orphan_contact,4.0,1.0,2026-04-23 00:00:00,2023-03-11 00:00:00,35.0,2.0,0.25,False,2.0,0.0,1.0,1.6584135456618595e-09,0.0,178.1797436280679,0.0,0.0,0.0,178.17974362972632,False,True,1.0,C2,0.55,47.65,26.2075,0.3,0.0,0.15,11.62945123429369,26.2,15.0,15.8,0.6,0.25,0.15,High,last engaged 35d ago; named account; segment C2,Nurture,2,Add to long-term nurture sequence,False,Nurture
L00346,Nancy,Lee,nlee@junctiongroup.com,Manager of Something,Junction,Manager,Financial Buyer,+1-555-7325,ACC0034,Financial Services,500.0,,,2022-04-14,Event,Open,False,,False,False,False,True,,False,False,66.0,0.0,False,,,Lead,Converted Lead - broken link,,,,L00346,Junction Group,junctiongroup.com,False,True,False,67.8,United States,114.5,True,False,True,False,False,False,False,False,False,False,False,False,False,False,False,,2,"duplicate_email, broken_conversion_link",10.0,7.0,2025-10-03 00:00:00,2023-03-22 00:00:00,237.0,7.0,0.7,False,3.0,0.0,0.0,0.0,5.503644406847294e-05,0.0,0.0,0.0,0.0,5.503644406847294e-05,True,False,1.0,L1,0.9,71.78,64.602,0.5,0.7,0.6,4.563349973248824e-06,64.6,60.0,15.7,0.75,0.15,0.1,Medium,last engaged 237d ago; ICP industry (Financial Services); segment L1,Nurture,2,Add to long-term nurture sequence | Note: broken conversion link (DQ-1),False,Nurture
L00489,Andrew,Young,ayoung@vertexnetworks.com,Director of Something,Vertex Networks & Co,Director,,+1-555-6467,ACC0064,Energy,100.0,,,2024-01-01,Trade Show,Nurturing,False,,False,False,False,False,,False,False,30.0,0.0,True,Duplicate,2022-11-26,Lead,Orphan Lead,,,,L00489,Vertex Networks,vertexnetworks.com,True,True,False,57.0,United States,12.6,False,False,False,False,False,False,False,False,False,False,False,False,False,False,False,,0,,16.0,14.0,2026-05-12 00:00:00,2023-02-26 00:00:00,16.0,14.0,0.875,True,2.0,0.0,0.0,1.608758326582353e-07,1.8774286656005285e-05,0.0,0.0,0.0,0.0,1.893516248866352e-05,True,True,0.65,L1,0.9,90.45,81.405,0.7,0.0,0.35,1.570010103279958e-06,81.4,35.0,15.7,0.75,0.15,0.1,High,last engaged 16d ago; ICP industry (Energy); named account; engagement discounted (automation-heavy); segment L1,Nurture,2,Add to long-term nurture sequence | Note: engagement may be automation-inflated,False,Nurture
L00569,Sharon,Lewis,slewis@ciphercorp.com,Manager of Something,Cipher Corp & Co,Manager,,+1-555-2908,ACC0165,Professional Services,300.0,,,2024-01-01,Event,Open,False,,False,False,False,True,C00074,False,False,39.0,0.0,False,,,Lead,Converted Lead - linked,,,,C00074,Cipher Corp,ciphercorp.com,False,False,False,95.2,United States,55.4,True,False,False,False,False,False,False,False,False,False,False,False,False,False,False,,1,duplicate_email,19.0,16.0,2026-05-07 00:00:00,2023-03-08 00:00:00,21.0,16.0,0.8421052631578947,True,3.0,0.0,1.0,1.905016911806575e-09,0.0,170.13343219017116,0.0,0.0,4.344773439396207e-08,170.1334322355239,False,False,0.65,L1,0.9,19.270000000000003,17.343000000000004,0.5,0.0,0.25,14.106623467075504,17.3,25.0,15.7,0.75,0.15,0.1,High,last engaged 21d ago; engagement discounted (automation-heavy); segment L1,Nurture,2,Do not action — record converted to contact C00074 (work the contact record instead),True,Converted
C00050,Jessica,Lee,jlee@umbragroup.com,VP of Something,,VP,,+1-555-9602,ACC0097,Financial Services,5000.0,,,2024-01-01,,,False,,True,False,False,False,,False,False,,,,,,Contact,Orphan Contact,,68.7,False,C00050,Umbra Group,umbragroup.com,False,True,False,27.8,United States,1815.7,False,False,False,True,True,False,False,False,False,False,False,False,False,False,False,,1,orphan_contact,3.0,0.0,2025-09-05 00:00:00,2023-05-08 00:00:00,265.0,1.0,0.0,False,2.0,0.0,0.0,1.805770166490388e-07,1.0961543440521224,0.0,0.0,0.0,0.0,1.096154524629139,True,False,1.0,C2,0.55,67.78,37.279,0.85,0.0,0.425,0.0715439102657807,37.3,42.5,15.7,0.6,0.25,0.15,High,last engaged 265d ago; ICP industry (Financial Services); segment C2,Nurture,2,Add to long-term nurture sequence | Note: opted out — no email,False,Nurture
L00258,Patricia,Thomas,pthomas@impulsesystems.com,Unknown Title,Impulse Systems Inc.,,Technical Buyer,+1-555-5235,ACC0188,Software,5000.0,,,2024-01-01,Event,Open,False,,False,False,False,False,,False,False,31.0,0.0,False,,,Lead,Orphan Lead,,,,L00258,Impulse Systems,impulsesystems.com,False,True,False,5.0,United States,1829.4,False,False,False,False,False,False,False,False,False,False,False,False,False,False,False,,0,,3.0,1.0,2024-09-03 00:00:00,2023-12-16 00:00:00,632.0,2.0,0.3333333333333333,False,1.0,0.0,0.0,0.0,0.0,0.0,9.106079138855144e-05,0.0,0.0,9.106079138855144e-05,True,False,1.0,L1,0.9,65.5,58.95,0.5,0.85,0.675,7.550310834580283e-06,59.0,67.5,15.6,0.75,0.15,0.1,High,last engaged 632d ago; ICP industry (Software); segment L1,Nurture,2,Add to long-term nurture sequence,False,Nurture
L00527,Emily,Campbell,marketing@globalpartners.com,Manager of Something,,Manager,,,,,,Financial Services,,2023-07-25,Web,Working,False,,False,False,False,True,C00245,False,False,24.0,0.0,False,,,Lead,Converted Lead - linked,,,,C00245,,,,,,,,,True,True,False,False,False,False,False,False,False,False,True,False,True,True,False,,5,"duplicate_email, shared_email, missing_account, missing_phone, missing_industry",102.0,66.0,2026-05-24 00:00:00,2023-02-09 00:00:00,4.0,78.0,0.6470588235294118,False,24.0,0.0,0.0,15.109808302026323,124.01570718501564,2.042995727983541e-07,1.4892050123260951e-09,0.0003170920929499,9.530912078887017e-08,139.12583288023282,True,False,0.25,L2,0.55,53.75,29.562500000000004,0.5,0.0,0.25,11.535626556148006,29.6,25.0,15.6,0.75,0.15,0.1,Low,last engaged 4d ago; ICP industry (nan); segment L2,Nurture,2,Do not action — record converted to contact C00245 (work the contact record instead),True,Converted
C00399,Amy,Carter,acarter@heliospartners.com,Individual Contributor of Something,,Individual Contributor,Financial Buyer,+1-555-1124,ACC0100,Energy,50.0,,,2024-01-01,,,False,,True,False,False,False,,False,False,,,,,,Contact,Orphan Contact,,15.7,False,C00399,Helios Partners,heliospartners.com,False,True,False,52.2,United States,2.8,False,False,False,True,True,False,False,False,False,False,False,False,False,False,False,,1,orphan_contact,3.0,0.0,2026-04-28 00:00:00,2024-06-09 00:00:00,30.0,1.0,0.0,False,2.0,0.0,0.0,0.0,0.0002496943766643,0.0,0.0,0.0,0.0,0.0002496943766643,True,False,0.25,C2,0.55,58.97,32.4335,0.3,0.7,0.5,1.6297074615446834e-05,32.4,50.0,15.6,0.6,0.25,0.15,High,last engaged 30d ago; ICP industry (Energy); segment C2,Nurture,2,Add to long-term nurture sequence | Note: opted out — no email,False,Nurture
C00178,Betty,Perez,betty.perez@yahoo.com,VP of Something,,VP,,+1-555-7747,ACC0005,Energy,10000.0,,,2023-02-21,,,False,,True,False,False,False,,True,True,,,,,,Contact,Orphan Contact,,49.6,False,C00178,Beacon Systems,beaconsystems.com,False,True,False,12.6,United States,2195.1,False,False,False,True,True,False,False,False,False,False,False,False,False,False,False,,1,orphan_contact,0.0,0.0,0,0,0.0,0.0,0.0,,0.0,0.0,0.0,0.0,0.0,0.0,0.0,0.0,0.0,0.0,True,False,1.0,C2,0.55,66.26,36.443000000000005,0.85,0.0,0.425,0.0,36.4,42.5,15.5,0.6,0.25,0.15,High,no engagement history; ICP industry (Energy); engagement discounted (automation-heavy); segment C2,Nurture,2,Add to long-term nurture sequence | Note: opted out — no email; engagement may be automation-inflated,False,Nurture
L00113,Amy,Jackson,ajackson@glacierpartners.com,Manager of Something,Glacier Partners,Manager,Financial Buyer,,ACC0132,Financial Services,500.0,,,2024-01-01,Advertisement,Open,False,,False,False,False,False,,False,False,0.0,0.0,False,,,Lead,Orphan Lead,,,,L00113,Glacier Partners,glacierpartners.com,False,True,False,37.1,United States,137.7,False,False,False,False,False,False,False,False,False,False,False,False,True,False,False,,1,missing_phone,9.0,5.0,2026-05-27 00:00:00,2023-08-25 00:00:00,1.0,7.0,0.5555555555555556,False,2.0,0.0,0.0,0.0,0.0,0.0,0.0011563999683459,0.0,3.3717478808715254e-05,0.0011901174471546,True,False,1.0,L1,0.9,68.71,61.839,0.5,0.7,0.6,9.867865761601686e-05,61.8,60.0,15.3,0.75,0.15,0.1,High,last engaged 1d ago; ICP industry (Financial Services); segment L1,Nurture,2,Add to long-term nurture sequence,False,Nurture
L00234,Richard,Miller,rmiller@zenithlabs.com,Unknown Title,Zenith Labs Corp,,Financial Buyer,+1-555-1659,ACC0096,Energy,150.0,,,2024-01-01,Webinar,Disqualified,False,,False,False,False,False,,False,False,2.0,0.0,True,Duplicate,2023-09-05,Lead,Orphan Lead,,,,L00234,Zenith Labs,zenithlabs.com,False,True,False,88.1,United States,22.8,False,False,False,False,False,False,False,False,False,False,False,False,False,False,False,,0,,16.0,13.0,2025-10-13 00:00:00,2023-09-04 00:00:00,227.0,13.0,0.8125,True,3.0,0.0,0.0,0.0,0.0,9.011657594882554e-05,0.0,0.0,0.0,9.011657594882554e-05,True,False,0.65,L1,0.9,68.56,61.704,0.5,0.7,0.6,7.472021156267244e-06,61.7,60.0,15.3,0.75,0.15,0.1,High,last engaged 227d ago; ICP industry (Energy); engagement discounted (automation-heavy); segment L1,Nurture,2,Add to long-term nurture sequence | Note: engagement may be automation-inflated,False,Nurture
C00209,James,Lewis,jlewis@luminarygroup.com,,,Manager,Technical Buyer,+1-555-5053,ACC0158,Professional Services,500.0,,,2024-01-01,,,True,2023-11-21,False,False,False,False,,True,True,,,,,,Contact,Converted Contact,L00144,28.7,True,C00209,Dynex Labs,dynexlabs.com,False,False,False,51.8,Netherlands,146.0,True,False,False,False,False,False,False,False,False,False,False,True,False,False,False,,2,"duplicate_email, missing_title",3.0,0.0,2024-07-02 00:00:00,2023-05-27 00:00:00,695.0,1.0,0.0,False,2.0,0.0,0.0,0.0,0.0001062034032512,0.0,0.0,0.0,0.0,0.0001062034032512,False,False,1.0,C1,1.0,20.18,20.18,0.5,0.85,0.675,6.93169309746276e-06,20.2,67.5,15.2,0.6,0.25,0.15,Medium,last engaged 695d ago; segment C1,Nurture,2,Add to long-term nurture sequence,False,Nurture
L00365,William,Hill,whill@tectoniclabs.com,Director of Something,Tectonic Labs LLC,Director,Influencer,,ACC0065,Software,2000.0,,,2024-01-01,Web,Disqualified,False,,False,False,False,False,,False,False,0.0,0.0,False,,,Lead,Orphan Lead,,,,L00365,Tectonic Labs,tectoniclabs.com,False,True,False,10.5,United Kingdom,492.5,False,False,False,False,False,False,False,False,False,False,False,False,True,False,False,,1,missing_phone,2.0,0.0,2025-10-27 00:00:00,2023-08-27 00:00:00,213.0,0.0,0.0,False,2.0,0.0,0.0,0.0,3.644660123190655,3.2927225399136016e-08,0.0,0.0,0.0,3.64466015611788,True,False,1.0,L1,0.9,66.05,59.445,0.7,0.5,0.6,0.302197209638567,59.4,60.0,15.1,0.75,0.15,0.1,High,last engaged 213d ago; ICP industry (Software); segment L1,Nurture,2,Add to long-term nurture sequence,False,Nurture
L00472,Betty,Thompson,bthompson@novapartners.com,Unknown Title,Nova Partners,,,,ACC0110,Healthcare,750.0,,,2024-01-01,Trade Show,Open,False,,False,False,False,False,,False,False,67.0,0.0,False,,,Lead,Orphan Lead,,,,L00472,Nova Partners,novapartners.com,True,True,False,29.5,Australia,157.1,False,False,False,False,False,False,False,False,False,False,False,False,True,False,False,,1,missing_phone,4.0,0.0,2025-04-29 00:00:00,2023-12-12 00:00:00,394.0,0.0,0.0,False,4.0,0.0,0.0,9.753686588449654e-07,3.932440014996815e-05,0.0,0.0006641773706788,0.0,0.0055647124545789,0.0062691895940665,True,True,1.0,L1,0.9,92.95,83.655,0.5,0.0,0.25,0.0005198102212196,83.7,25.0,15.1,0.75,0.15,0.1,High,last engaged 394d ago; ICP industry (Healthcare); named account; segment L1,Nurture,2,Add to long-term nurture sequence,False,Nurture
C00161,Deborah,Moore,dmoore@radiantdynamics.com,Individual Contributor of Something,,Individual Contributor,Influencer,+1-555-3454,ACC0065,Software,2000.0,,,2023-11-28,,,False,,True,False,False,False,,False,False,,,,,,Contact,Orphan Contact,,37.4,False,C00161,Tectonic Labs,tectoniclabs.com,False,True,False,10.5,United Kingdom,492.5,True,False,False,True,True,False,False,False,False,False,False,False,False,False,False,,2,"duplicate_email, orphan_contact",13.0,9.0,2026-05-14 00:00:00,2023-06-07 00:00:00,14.0,10.0,0.6923076923076923,False,3.0,0.0,0.0,0.0,3.423387870183696e-05,3.695956086665864e-08,0.0,0.0,0.0,3.4270838262703624e-05,True,False,1.0,C2,0.55,66.05,36.3275,0.3,0.5,0.4,2.2367920966521498e-06,36.3,40.0,15.1,0.6,0.25,0.15,Medium,last engaged 14d ago; ICP industry (Software); segment C2,Nurture,2,Add to long-term nurture sequence | Note: opted out — no email,False,Nurture
L00544,Melissa,Taylor,mtaylor@novaventures.com,Individual Contributor of Something,,Individual Contributor,,+1-555-7192,ACC0116,Financial Services,10000.0,,,2023-11-22,Employee Referral,MQL,True,2023-12-31,False,False,False,True,C00043,False,False,74.0,2.0,False,,,Lead,Converted Lead - linked,,,,C00043,Nova Ventures,novaventures.com,True,True,False,95.3,United States,2734.1,True,False,False,False,False,False,False,False,False,False,False,False,False,False,False,,1,duplicate_email,26.0,22.0,2026-05-28 00:00:00,2023-02-28 00:00:00,0.0,23.0,0.8461538461538461,True,3.0,0.0,0.0,3.695956086665864e-07,1.5147898064782577,0.0,0.0,0.0,0.1740036558867851,1.6887938319606512,True,True,1.0,L1,0.9,99.53,89.577,0.3,0.0,0.15,0.1400264391775093,89.6,15.0,15.0,0.75,0.15,0.1,High,no engagement history; ICP industry (Financial Services); named account; engagement discounted (automation-heavy); segment L1,Nurture,2,Do not action — record converted to contact C00043 (work the contact record instead),True,Converted
C00217,Sandra,Wilson,sandra.wilson@hotmail.com,Manager of Something,,Manager,,+1-555-1090,,,,,,2024-01-01,,,False,,True,True,False,False,,False,False,,,,,,Contact,Converted Contact,L00451,51.3,True,C00217,,,,,,,,,True,False,False,False,True,True,False,False,False,False,True,False,False,True,False,,3,"duplicate_email, missing_account, missing_industry",11.0,9.0,2026-05-15 00:00:00,2024-03-23 00:00:00,13.0,9.0,0.8181818181818182,True,2.0,1.0,1.0,0.0,261.82353070515666,0.0,0.0,0.0,5.148026645063532e-07,261.8235312199593,False,False,0.25,C1,1.0,3.75,3.75,0.5,0.0,0.25,17.08872134556772,3.8,25.0,15.0,0.6,0.25,0.15,Medium,last engaged 13d ago; engagement discounted (automation-heavy); segment C1,Nurture,2,Add to long-term nurture sequence | Note: opted out — no email; email bounced — use phone/LinkedIn; engagement may be automation-inflated,False,Nurture
L00140,Charles,Lopez,clopez@gravitastechnologies.com,C-Level of Something,Gravitas Technologies & Co,C-Level,Technical Buyer,+1-555-1131,ACC0051,Government,1000.0,,,2024-01-01,Web,Disqualified,False,,True,False,False,False,,False,False,19.0,0.0,False,,,Lead,Orphan Lead,,,,L00140,Gravitas Technologies,gravitastechnologies.com,True,False,False,17.8,France,299.1,False,False,False,False,True,False,False,False,False,False,False,False,False,False,False,,0,,6.0,6.0,2026-05-16 00:00:00,2024-08-02 00:00:00,12.0,6.0,1.0,True,0.0,0.0,0.0,0.0,0.0,0.0,0.0,0.0,0.0,0.0,False,True,1.0,L1,0.9,41.78,37.602,1.0,0.85,0.925,0.0,37.6,92.5,14.9,0.75,0.15,0.1,High,last engaged 12d ago; named account; engagement discounted (automation-heavy); segment L1,Nurture,2,Add to long-term nurture sequence | Note: opted out — no email; engagement may be automation-inflated,False,Nurture
L00430,Sharon,Johnson,sharon.johnson@yahoo.com,Manager of Something,Vertex Dynamics Inc.,Manager,,+1-555-1746,ACC0035,Energy,100.0,,,2024-01-01,Webinar,Working,False,,True,False,False,False,,True,True,9.0,0.0,False,,,Lead,Orphan Lead,,,,L00430,Vertex Dynamics,vertexdynamics.com,True,True,False,72.6,United Kingdom,16.7,False,False,False,False,True,False,False,False,False,False,False,False,False,False,False,,0,,7.0,6.0,2025-12-09 00:00:00,2023-12-01 00:00:00,170.0,6.0,0.8571428571428571,True,1.0,0.0,0.0,0.0,3.7823449650604133e-07,0.0,0.0,0.0,0.0,3.7823449650604133e-07,True,True,0.65,L1,0.9,92.01,82.80900000000001,0.5,0.0,0.25,3.136133536107862e-08,82.8,25.0,14.9,0.75,0.15,0.1,High,last engaged 170d ago; ICP industry (Energy); named account; engagement discounted (automation-heavy); segment L1,Nurture,2,Add to long-term nurture sequence | Note: opted out — no email; engagement may be automation-inflated,False,Nurture
C00321,Dorothy,Hall,dhall@xenondynamics.com,Individual Contributor of Something,,Individual Contributor,,+1-555-8130,ACC0035,Energy,100.0,,,2024-01-01,,,False,,False,False,False,False,,False,False,,,,,,Contact,Orphan Contact,,82.1,False,C00321,Vertex Dynamics,vertexdynamics.com,True,True,False,72.6,United Kingdom,16.7,True,False,False,True,False,False,False,False,False,False,False,False,False,False,False,,2,"duplicate_email, orphan_contact",6.0,5.0,2025-12-16 00:00:00,2023-10-20 00:00:00,163.0,5.0,0.8333333333333334,True,1.0,0.0,0.0,0.0,0.0,0.0,0.0,0.0,1.1571074627238789,1.1571074627238789,True,True,0.65,C2,0.55,92.01,50.605500000000006,0.3,0.0,0.15,0.0755221920093707,50.6,15.0,14.9,0.6,0.25,0.15,Medium,last engaged 163d ago; ICP industry (Energy); named account; engagement discounted (automation-heavy); segment C2,Nurture,2,Add to long-term nurture sequence | Note: engagement may be automation-inflated,False,Nurture
L00042,Mark,Hill,mhill@impulsesystems.com,Manager of Something,Impulse Systems & Co,Manager,Financial Buyer,+1-555-5091,ACC0018,Financial Services,200.0,,,2022-04-19,Trade Show,Nurturing,False,,False,False,False,False,,False,False,70.0,0.0,False,,,Lead,Orphan Lead,,,,L00042,Impulse Systems,impulsesystems.com,False,True,False,53.6,United States,23.1,False,False,False,False,False,False,False,False,False,False,False,False,False,False,False,,0,,4.0,0.0,2025-05-13 00:00:00,2023-09-06 00:00:00,380.0,1.0,0.0,False,3.0,0.0,0.0,0.0,4.990834102669242e-07,0.0,0.0,0.0153798956285995,5.185713049375575e-09,0.0153803998977228,True,False,0.65,L1,0.9,65.11,58.599,0.5,0.7,0.6,0.0012752667555067,58.6,60.0,14.8,0.75,0.15,0.1,High,last engaged 380d ago; ICP industry (Financial Services); segment L1,Nurture,2,Add to long-term nurture sequence,False,Nurture
L00255,Susan,Garcia,sgarcia@atlaspartners.com,Manager of Something,Atlas Partners Ltd,Manager,Financial Buyer,+1-555-2267,ACC0012,Healthcare,750.0,,,2024-01-01,Event,Open,False,,True,False,False,False,,False,False,99.0,0.0,False,,,Lead,Orphan Lead,,,,L00255,Atlas Partners,atlaspartners.com,False,True,False,1.7,Germany,214.2,False,False,False,False,True,False,False,False,False,False,False,False,False,False,False,,0,,2.0,1.0,2025-05-24 00:00:00,2024-10-26 00:00:00,369.0,1.0,0.5,False,1.0,0.0,0.0,0.0,0.0,0.0,0.0,0.0001549248497688,0.0,0.0001549248497688,True,False,1.0,L1,0.9,65.17,58.653000000000006,0.5,0.7,0.6,1.2845602963891623e-05,58.7,60.0,14.8,0.75,0.15,0.1,High,last engaged 369d ago; ICP industry (Healthcare); segment L1,Nurture,2,Add to long-term nurture sequence | Note: opted out — no email,False,Nurture
L00395,Linda,Moore,lmoore@aethernetworks.com,Individual Contributor of Something,Aether Networks Corp,Individual Contributor,Technical Buyer,+1-555-6435,ACC0008,Financial Services,1000.0,,,2024-01-01,Event,Open,False,,False,False,False,True,C00105,False,False,37.0,0.0,False,,,Lead,Converted Lead - linked,,,,C00105,Aether Networks,aethernetworks.com,False,True,False,17.3,United States,301.0,True,False,False,False,False,False,False,False,False,False,False,False,False,False,False,,1,duplicate_email,5.0,1.0,2026-04-23 00:00:00,2024-05-21 00:00:00,35.0,3.0,0.2,False,2.0,0.0,0.0,0.0,2.0121782215955727e-05,0.0,0.0009178352631241,0.0,0.0,0.0009379570453401,True,False,1.0,L1,0.9,66.73,60.057,0.3,0.85,0.575,7.77707631771431e-05,60.1,57.5,14.8,0.75,0.15,0.1,High,last engaged 35d ago; ICP industry (Financial Services); segment L1,Nurture,2,Do not action — record converted to contact C00105 (work the contact record instead),True,Converted
C00322,Sharon,Wright,swright@radiantdynamics.com,Individual Contributor of Something,,Individual Contributor,,+1-555-5359,ACC0015,Software,5000.0,,,2024-01-01,,,True,2023-03-26,False,False,False,False,,False,False,,,,,,Contact,Orphan Contact,,40.8,False,C00322,Radiant Dynamics,radiantdynamics.com,True,True,False,12.7,United States,1293.3,False,False,False,True,False,False,False,False,False,False,False,False,False,False,False,,1,orphan_contact,16.0,14.0,2026-05-28 00:00:00,2023-04-26 00:00:00,0.0,15.0,0.875,True,1.0,0.0,0.0,0.0,0.0,0.0,0.0,0.0,4.619945108332329e-09,4.619945108332329e-09,True,True,1.0,C2,0.55,91.27,50.1985,0.3,0.0,0.15,3.015349851109617e-10,50.2,15.0,14.8,0.6,0.25,0.15,High,no engagement history; ICP industry (Software); named account; engagement discounted (automation-heavy); segment C2,Nurture,2,Add to long-term nurture sequence | Note: engagement may be automation-inflated,False,Nurture
L00404,Barbara,King,bking@heliossolutions.com,VP of Something,Helios Solutions Group,VP,,+1-555-7631,ACC0039,Software,10000.0,,,2024-01-01,Paid Search,Open,False,,True,False,False,False,,False,False,29.0,0.0,True,No Longer With Company,2022-12-28,Lead,Orphan Lead,,,,L00404,Helios Solutions,heliossolutions.com,False,True,False,41.9,United States,3926.2,False,False,False,False,True,False,False,False,False,False,False,False,False,False,False,,0,,4.0,0.0,2026-01-04 00:00:00,2023-04-09 00:00:00,144.0,2.0,0.0,False,2.0,0.0,0.0,0.0,17.94841179682868,0.0,0.0,0.0286999000557521,0.0,17.977111696884432,True,False,1.0,L1,0.9,69.19,62.271,0.85,0.0,0.425,1.4905732659436497,62.3,42.5,14.7,0.75,0.15,0.1,High,last engaged 144d ago; ICP industry (Software); segment L1,Nurture,2,Add to long-term nurture sequence | Note: opted out — no email,False,Nurture
L00065,Ashley,Rodriguez,arodriguez@obsidiangroup.com,,Obsidian,Manager,Technical Buyer,+1-555-2232,ACC0184,Software,75.0,,,2024-01-01,Web,Working,False,,False,True,False,True,C00094,False,False,35.0,0.0,False,,,Lead,Converted Lead - linked,,,,C00094,Obsidian Group,obsidiangroup.com,False,True,False,46.9,United States,4.4,True,False,False,False,False,True,False,False,False,False,False,True,False,False,False,,2,"duplicate_email, missing_title",14.0,13.0,2026-04-25 00:00:00,2023-02-25 00:00:00,33.0,14.0,0.9285714285714286,True,0.0,0.0,0.0,0.0,0.0,0.0,0.0,0.0,0.0,0.0,True,False,0.25,L1,0.9,58.44,52.596,0.5,0.85,0.675,0.0,52.6,67.5,14.6,0.75,0.15,0.1,Medium,last engaged 33d ago; ICP industry (Software); engagement discounted (automation-heavy); segment L1,Nurture,2,Do not action — record converted to contact C00094 (work the contact record instead),True,Converted
L00306,Thomas,Sanchez,tsanchez@atlasdynamics.com,Director of Something,Atlas Dynamics Corp,Director,Financial Buyer,+1-555-6202,ACC0126,Telecommunications,75.0,,,2023-06-01,Advertisement,Disqualified,False,,False,False,False,False,,False,False,0.0,0.0,False,,,Lead,Orphan Lead,,,,L00306,Atlas Dynamics,atlasdynamics.com,False,True,False,25.3,Canada,7.0,False,False,False,False,False,False,False,False,False,False,False,False,False,False,False,,0,,4.0,0.0,2025-10-06 00:00:00,2023-08-10 00:00:00,234.0,3.0,0.0,False,1.0,0.0,0.0,0.0,0.0,0.0,0.0,0.0,2.778954815324447e-09,2.778954815324447e-09,True,False,0.25,L1,0.9,56.28,50.652,0.7,0.7,0.7,2.3041720076233782e-10,50.7,70.0,14.6,0.75,0.15,0.1,High,last engaged 234d ago; ICP industry (Telecommunications); segment L1,Nurture,2,Add to long-term nurture sequence,False,Nurture
L00438,Jessica,Campbell,jcampbell@emblemtechnologies.com,C-Level of Something,Emblem Technologies Corp,C-Level,,+1-555-4698,ACC0036,Financial Services,5000.0,,,2022-05-04,Cold Call,Nurturing,False,,False,False,False,True,C00114,False,False,98.0,0.0,False,,,Lead,Converted Lead - linked,,,,C00114,Emblem Technologies,emblemtechnologies.com,False,True,False,56.7,Germany,1878.8,True,False,False,False,False,False,False,False,False,False,False,False,False,False,False,,1,duplicate_email,6.0,6.0,2025-07-21 00:00:00,2023-12-03 00:00:00,311.0,6.0,1.0,True,0.0,0.0,0.0,0.0,0.0,0.0,0.0,0.0,0.0,0.0,True,False,1.0,L1,0.9,70.67,63.603,1.0,0.0,0.5,0.0,63.6,50.0,14.5,0.75,0.15,0.1,High,last engaged 311d ago; ICP industry (Financial Services); engagement discounted (automation-heavy); segment L1,Nurture,2,Do not action — record converted to contact C00114 (work the contact record instead),True,Converted
L00518,Ryan,Johnson,rjohnson@heliossolutions.com,Manager of Something,Helios Solutions Group,Manager,Influencer,,ACC0039,Software,10000.0,,,2024-01-01,Cold Call,Working,False,,False,False,False,True,C00246,False,False,30.0,0.0,False,,,Lead,Converted Lead - linked,,,,C00246,Helios Solutions,heliossolutions.com,False,True,False,41.9,United States,3926.2,True,False,False,False,False,False,False,False,False,False,False,False,True,False,False,,2,"duplicate_email, missing_phone",7.0,2.0,2025-09-18 00:00:00,2023-12-22 00:00:00,252.0,4.0,0.2857142857142857,False,3.0,0.0,0.0,5.0703713950565774e-05,1.4801919594828108,0.0,0.0,0.0,0.0,1.4802426631967611,True,False,1.0,L1,0.9,69.19,62.271,0.5,0.5,0.5,0.1227344068431587,62.3,50.0,14.4,0.75,0.15,0.1,Medium,last engaged 252d ago; ICP industry (Software); segment L1,Nurture,2,Do not action — record converted to contact C00246 (work the contact record instead),True,Converted
C00102,Melissa,Thompson,mthompson@radiantsystems.com,Director of Something,,Director,,+1-555-5557,ACC0176,Telecommunications,50000.0,,,2023-09-04,,,True,2023-02-02,False,False,False,False,,False,False,,,,,,Contact,Orphan Contact,,52.6,False,C00102,Radiant Systems,radiantsystems.com,False,True,False,60.8,United States,37415.8,False,False,False,True,False,False,False,False,False,False,False,False,False,False,False,,1,orphan_contact,4.0,0.0,2025-07-26 00:00:00,2023-08-26 00:00:00,306.0,1.0,0.0,False,3.0,0.0,0.0,1.7002940689377437,0.0,3.2175166531646994e-08,0.0,0.0,0.0,1.70029410111291,True,False,0.65,C2,0.55,65.83,36.206500000000005,0.7,0.0,0.35,0.1109749454682172,36.2,35.0,14.4,0.6,0.25,0.15,High,last engaged 306d ago; ICP industry (Telecommunications); segment C2,Nurture,2,Add to long-term nurture sequence,False,Nurture
C00203,Jacob,Nelson,jnelson@beaconsystems.com,Director of Something,,Director,,+1-555-5016,ACC0005,Energy,10000.0,,,2023-05-18,,,False,,False,False,False,False,,False,False,,,,,,Contact,Orphan Contact,,40.6,False,C00203,Beacon Systems,beaconsystems.com,False,True,False,12.6,United States,2195.1,False,False,False,True,False,False,False,False,False,False,False,False,False,False,False,,1,orphan_contact,12.0,12.0,2026-05-07 00:00:00,2023-09-15 00:00:00,21.0,12.0,1.0,True,0.0,0.0,0.0,0.0,0.0,0.0,0.0,0.0,0.0,0.0,True,False,1.0,C2,0.55,66.26,36.443000000000005,0.7,0.0,0.35,0.0,36.4,35.0,14.4,0.6,0.25,0.15,High,last engaged 21d ago; ICP industry (Energy); engagement discounted (automation-heavy); segment C2,Nurture,2,Add to long-term nurture sequence | Note: engagement may be automation-inflated,False,Nurture
C00329,Betty,Campbell,bcampbell@impulsesystems.com,Individual Contributor of Something,,Individual Contributor,,+1-555-3562,,,,,,2024-01-01,,,False,,False,False,False,False,,False,False,,,,,,Contact,Converted Contact,L00086,89.0,True,C00329,,,,,,,,,True,False,False,False,False,False,False,False,False,False,True,False,False,True,False,,3,"duplicate_email, missing_account, missing_industry",5.0,0.0,2026-05-04 00:00:00,2023-10-22 00:00:00,24.0,3.0,0.0,False,2.0,1.0,1.0,0.0,287.1745887492588,0.0,0.0,0.0,0.0055647124545789,287.18015346171336,False,False,0.25,C1,1.0,3.75,3.75,0.3,0.0,0.15,18.74369960414957,3.8,15.0,14.4,0.6,0.25,0.15,Medium,last engaged 24d ago; segment C1,Nurture,2,Add to long-term nurture sequence,False,Nurture
L00147,Shirley,White,swhite@quantumsystems.com,Unknown Title,Quantum Systems,,Influencer,+1-555-8100,ACC0086,Healthcare,10000.0,,,2024-01-01,Web,MQL,True,2023-02-02,False,False,False,True,,False,False,79.0,2.0,False,,,Lead,Converted Lead - broken link,,,,L00147,Quantum Systems,quantumsystems.com,False,True,False,37.7,France,4184.2,True,False,True,False,False,False,False,False,False,False,False,False,False,False,False,,2,"duplicate_email, broken_conversion_link",1.0,0.0,2024-11-07 00:00:00,2024-11-07 00:00:00,567.0,0.0,0.0,False,1.0,0.0,0.0,0.0,0.0,0.0008176982593813,0.0,0.0,0.0,0.0008176982593813,True,False,1.0,L1,0.9,68.77,61.893,0.5,0.5,0.5,6.779949891804119e-05,61.9,50.0,14.3,0.75,0.15,0.1,Medium,last engaged 567d ago; ICP industry (Healthcare); segment L1,Nurture,2,Add to long-term nurture sequence | Note: broken conversion link (DQ-1),False,Nurture
L00036,Christopher,Scott,cscott@meridianventures.com,VP of Something,Meridian Ventures,VP,,+1-555-1802,ACC0003,Telecommunications,7500.0,,,2024-01-01,Content Syndication,MQL,True,2022-05-13,False,False,False,False,,False,False,93.0,1.0,False,,,Lead,Orphan Lead,,,,L00036,Meridian Ventures,meridianventures.com,False,True,False,89.0,United States,2028.1,False,False,False,False,False,False,False,False,False,False,False,False,False,False,False,,0,,6.0,5.0,2026-05-05 00:00:00,2023-10-06 00:00:00,23.0,6.0,0.8333333333333334,True,0.0,0.0,0.0,0.0,0.0,0.0,0.0,0.0,0.0,0.0,True,False,1.0,L1,0.9,73.9,66.51,0.85,0.0,0.425,0.0,66.5,42.5,14.2,0.75,0.15,0.1,High,last engaged 23d ago; ICP industry (Telecommunications); engagement discounted (automation-heavy); segment L1,Nurture,2,Add to long-term nurture sequence | Note: engagement may be automation-inflated,False,Nurture
L00193,Barbara,Miller,bmiller@xenonnetworks.com,VP of Something,Xenon Networks Inc.,VP,,+1-555-7060,ACC0025,Energy,2000.0,,,2022-12-30,Event,Working,False,,False,False,False,False,,False,False,7.0,0.0,False,,,Lead,Orphan Lead,,,,L00193,Xenon Networks,xenonnetworks.com,False,True,False,83.6,United States,396.7,False,False,False,False,False,False,False,False,False,False,False,False,False,False,False,,0,,8.0,8.0,2026-04-21 00:00:00,2023-02-25 00:00:00,37.0,8.0,1.0,True,0.0,0.0,0.0,0.0,0.0,0.0,0.0,0.0,0.0,0.0,True,False,1.0,L1,0.9,73.36,66.024,0.85,0.0,0.425,0.0,66.0,42.5,14.2,0.75,0.15,0.1,High,last engaged 37d ago; ICP industry (Energy); engagement discounted (automation-heavy); segment L1,Nurture,2,Add to long-term nurture sequence | Note: engagement may be automation-inflated,False,Nurture
L00235,Steven,Flores,sflores@fusionsystems.com,C-Level of Something,Fusion Systems LLC,C-Level,,+1-555-4618,ACC0136,Financial Services,3500.0,,,2023-05-30,Web,MQL,True,2022-05-17,False,False,False,False,,False,False,43.0,1.0,False,,,Lead,Orphan Lead,,,,L00235,Fusion Systems,fusionsystems.com,False,True,False,20.7,United States,906.7,False,False,False,False,False,False,False,False,False,False,False,False,False,False,False,,0,,1.0,0.0,2024-04-05 00:00:00,2024-04-05 00:00:00,783.0,1.0,0.0,False,0.0,0.0,0.0,0.0,0.0,0.0,0.0,0.0,0.0,0.0,True,False,1.0,L1,0.9,67.07,60.36299999999999,1.0,0.0,0.5,0.0,60.4,50.0,14.1,0.75,0.15,0.1,High,last engaged 783d ago; ICP industry (Financial Services); segment L1,Nurture,2,Add to long-term nurture sequence,False,Nurture
L00251,Jennifer,Nguyen,jnguyen@ionictechnologies.com,Individual Contributor of Something,,Individual Contributor,,+1-555-9619,ACC0099,Government,25.0,,,2024-01-01,Event,Working,False,,False,False,False,False,,False,False,68.0,0.0,False,,,Lead,Orphan Lead,,,,L00251,Ionic Technologies,ionictechnologies.com,False,False,False,18.6,United States,1.5,False,False,False,False,False,False,False,False,False,False,False,False,False,False,False,,0,,1.0,0.0,2026-04-26 00:00:00,2026-04-26 00:00:00,32.0,0.0,0.0,False,1.0,0.0,1.0,0.0,0.0,190.9683207820833,0.0,0.0,0.0,190.9683207820833,False,False,0.25,L1,0.9,5.61,5.049,0.3,0.0,0.15,15.8341494673617,5.0,15.0,14.1,0.75,0.15,0.1,High,last engaged 32d ago; segment L1,Nurture,2,Add to long-term nurture sequence,False,Nurture
L00035,Jason,Garcia,jgarcia@nimbuspartners.com,Individual Contributor of Something,,Individual Contributor,Influencer,+1-555-1469,ACC0174,Software,5000.0,,,2024-01-01,Web,Open,False,,False,False,False,True,,False,False,15.0,0.0,False,,,Lead,Converted Lead - broken link,,,,L00035,Nimbus Partners,nimbuspartners.com,False,True,False,91.7,United States,2150.6,True,False,True,False,False,False,False,False,False,False,False,False,False,False,False,,2,"duplicate_email, broken_conversion_link",8.0,5.0,2026-05-10 00:00:00,2023-11-27 00:00:00,18.0,6.0,0.625,False,2.0,0.0,0.0,0.0,0.0,0.0,0.0008176982593813,0.0217504569858481,0.0,0.0225681552452294,True,False,1.0,L1,0.9,74.17,66.753,0.3,0.5,0.4,0.0018712399098034,66.8,40.0,14.0,0.75,0.15,0.1,Medium,last engaged 18d ago; ICP industry (Software); segment L1,Nurture,2,Add to long-term nurture sequence | Note: broken conversion link (DQ-1),False,Nurture
L00213,David,Hernandez,dhernandez@meridianpartners.com,,Meridian Partners LLC,Individual Contributor,Financial Buyer,,ACC0143,Financial Services,3500.0,,,2024-01-01,Web,Nurturing,False,,False,False,False,False,,False,False,89.0,0.0,False,,,Lead,Orphan Lead,,,,L00213,Meridian Partners,meridianpartners.com,False,True,False,17.9,United States,1205.3,False,False,False,False,False,False,False,False,False,False,False,True,True,False,False,,2,"missing_title, missing_phone",6.0,6.0,2026-05-13 00:00:00,2023-03-12 00:00:00,15.0,6.0,1.0,True,0.0,0.0,0.0,0.0,0.0,0.0,0.0,0.0,0.0,0.0,True,False,1.0,L1,0.9,66.79,60.111,0.3,0.7,0.5,0.0,60.1,50.0,14.0,0.75,0.15,0.1,Medium,last engaged 15d ago; ICP industry (Financial Services); engagement discounted (automation-heavy); segment L1,Nurture,2,Add to long-term nurture sequence | Note: engagement may be automation-inflated,False,Nurture
C00303,Jessica,Davis,jdavis@forgepartners.com,Manager of Something,,Manager,,+1-555-2629,ACC0137,Energy,5000.0,,,2023-02-06,,,True,2022-01-21,False,False,False,False,,False,False,,,,,,Contact,Orphan Contact,,34.9,False,C00303,Forge Partners,forgepartners.com,False,True,False,94.2,United Kingdom,2432.9,False,False,False,True,False,False,False,False,False,False,False,False,False,False,False,,1,orphan_contact,1.0,0.0,2023-10-19 00:00:00,2023-10-19 00:00:00,952.0,1.0,0.0,False,0.0,0.0,0.0,0.0,0.0,0.0,0.0,0.0,0.0,0.0,True,False,1.0,C2,0.55,74.42,40.931,0.5,0.0,0.25,0.0,40.9,25.0,14.0,0.6,0.25,0.15,High,last engaged 952d ago; ICP industry (Energy); segment C2,Nurture,2,Add to long-term nurture sequence,False,Nurture
L00328,James,Thompson,jthompson@bastionsolutions.com,C-Level of Something,Bastion Solutions Group,C-Level,,,ACC0108,Healthcare,1500.0,,,2024-01-01,Event,Working,False,,False,False,False,False,,False,False,58.0,0.0,False,,,Lead,Orphan Lead,,,,L00328,Bastion Solutions,bastionsolutions.com,False,True,False,11.1,United States,369.1,False,False,False,False,False,False,False,False,False,False,False,False,True,False,False,,1,missing_phone,0.0,0.0,0,0,0.0,0.0,0.0,,0.0,0.0,0.0,0.0,0.0,0.0,0.0,0.0,0.0,0.0,True,False,1.0,L1,0.9,66.11,59.499,1.0,0.0,0.5,0.0,59.5,50.0,13.9,0.75,0.15,0.1,High,no engagement history; ICP industry (Healthcare); engagement discounted (automation-heavy); segment L1,Nurture,2,Add to long-term nurture sequence | Note: engagement may be automation-inflated,False,Nurture
C00245,Emily,Campbell,marketing@globalpartners.com,C-Level of Something,,C-Level,,+1-555-2132,,,,,,2024-01-01,,,True,2023-02-06,False,False,False,False,,False,False,,,,,,Contact,Converted Contact,L00527,68.7,True,C00245,,,,,,,,,True,True,False,False,False,False,False,False,False,False,True,False,False,True,False,,4,"duplicate_email, shared_email, missing_account, missing_industry",102.0,66.0,2026-05-24 00:00:00,2023-02-09 00:00:00,4.0,78.0,0.6470588235294118,False,24.0,0.0,0.0,15.109808302026323,124.01570718501564,2.042995727983541e-07,1.4892050123260951e-09,0.0003170920929499,9.530912078887017e-08,139.12583288023282,False,False,0.25,C1,1.0,3.75,3.75,1.0,0.0,0.5,9.080477140394942,3.8,50.0,13.9,0.6,0.25,0.15,Low,last engaged 4d ago; segment C1,Nurture,2,Add to long-term nurture sequence,False,Nurture
C00043,Melissa,Taylor,mtaylor@novaventures.com,,,Director,Financial Buyer,,ACC0091,Government,50000.0,,,2024-01-01,,,True,2023-05-16,False,False,False,False,,False,False,,,,,,Contact,Converted Contact,L00544,77.6,True,C00043,Luminary Technologies,luminarytechnologies.com,False,False,False,33.9,United States,20930.6,True,False,False,False,False,False,False,False,False,False,False,True,True,False,False,,3,"duplicate_email, missing_title, missing_phone",26.0,22.0,2026-05-28 00:00:00,2023-02-28 00:00:00,0.0,23.0,0.8461538461538461,True,3.0,0.0,0.0,3.695956086665864e-07,1.5147898064782577,0.0,0.0,0.0,0.1740036558867851,1.6887938319606512,False,False,0.65,C1,1.0,13.14,13.14,0.7,0.7,0.7,0.1102243448861142,13.1,70.0,13.8,0.6,0.25,0.15,Medium,no engagement history; engagement discounted (automation-heavy); segment C1,Nurture,2,Add to long-term nurture sequence | Note: engagement may be automation-inflated,False,Nurture
L00165,Melissa,Torres,mtorres@harborsolutions.com,,Harbor Solutions Group,Individual Contributor,,+1-555-3658,ACC0076,Education,5000.0,,,2022-07-08,Paid Search,Working,False,,False,False,False,False,,False,False,10.0,0.0,True,Competitor,2023-10-20,Lead,Orphan Lead,,,,L00165,Harbor Solutions,harborsolutions.com,False,False,False,88.8,United Kingdom,1390.5,False,False,False,False,False,False,False,False,False,False,False,True,False,False,False,,1,missing_title,2.0,0.0,2026-04-14 00:00:00,2023-08-28 00:00:00,44.0,0.0,0.0,False,2.0,0.0,1.0,0.0,0.0,144.7269237440378,0.0,0.0,4.212107851171116e-09,144.7269237482499,False,False,1.0,L1,0.9,23.880000000000003,21.492000000000004,0.3,0.0,0.15,12.000041332490207,21.5,15.0,13.7,0.75,0.15,0.1,High,last engaged 44d ago; segment L1,Nurture,2,Add to long-term nurture sequence,False,Nurture
L00303,Thomas,Baker,tbaker@zenithgroup.com,Manager of Something,Zenith Group Inc.,Manager,CISO,+1-555-8106,ACC0022,Retail,1000.0,,,2024-01-01,Event,MQL,True,2023-06-20,False,False,False,False,,False,False,34.0,2.0,False,,,Lead,Orphan Lead,,,,L00303,Zenith Group,zenithgroup.com,True,False,False,59.5,United States,305.0,False,False,False,False,False,False,False,False,False,False,False,False,False,False,False,,0,,14.0,12.0,2025-12-26 00:00:00,2023-09-01 00:00:00,153.0,13.0,0.8571428571428571,True,1.0,0.0,0.0,0.0,0.0,0.0,1.9507373176899323e-07,0.0,0.0,1.9507373176899323e-07,False,True,1.0,L1,0.9,45.95,41.355,0.5,1.0,0.75,1.6174549859036393e-08,41.4,75.0,13.7,0.75,0.15,0.1,High,last engaged 153d ago; named account; engagement discounted (automation-heavy); segment L1,Nurture,2,Add to long-term nurture sequence | Note: engagement may be automation-inflated,False,Nurture
L00432,Ronald,Lee,rlee@novanetworks.com,Unknown Title,,,Technical Buyer,+1-555-4286,ACC0139,Manufacturing,7500.0,,,2024-01-01,Advertisement,Disqualified,False,,False,False,False,True,C00248,False,False,67.0,0.0,False,,,Lead,Converted Lead - linked,,,,C00248,Nova Networks,novanetworks.com,True,False,False,89.6,United Kingdom,3707.6,True,False,False,False,False,False,False,False,False,False,False,False,False,False,False,,1,duplicate_email,7.0,1.0,2025-10-16 00:00:00,2023-11-12 00:00:00,224.0,1.0,0.1428571428571428,False,6.0,0.0,0.0,5.653395458751476,5.6912994617844736e-05,0.0,9.753686588449673e-08,0.0153798956285995,9.172740678078808e-07,5.668833282185626,False,True,1.0,L1,0.9,48.96,44.064,0.5,0.85,0.675,0.4700316425681385,44.1,67.5,13.7,0.75,0.15,0.1,High,last engaged 224d ago; named account; segment L1,Nurture,2,Do not action — record converted to contact C00248 (work the contact record instead),True,Converted
L00266,Susan,Adams,marketing@globalpartners.com,C-Level of Something,,C-Level,,+1-555-1517,,,,,,2024-01-01,Web,MQL,True,2022-12-22,False,False,False,False,,False,False,89.0,3.0,False,,,Lead,Orphan Lead,,,,L00266,,,,,,,,,True,True,False,False,False,False,False,False,False,False,True,False,False,True,False,,4,"duplicate_email, shared_email, missing_account, missing_industry",51.0,33.0,2026-05-24 00:00:00,2023-02-09 00:00:00,4.0,39.0,0.6470588235294118,False,12.0,0.0,0.0,10.073205534684217,124.01570718501564,1.0214978639917705e-07,7.446025061630476e-10,0.0001585460464749,4.765456039443509e-08,134.08907141629524,False,False,0.25,L3,0.45,3.75,1.6875,1.0,0.0,0.5,11.118003185293516,1.7,50.0,13.6,0.75,0.15,0.1,Low,last engaged 4d ago; segment L3,Nurture,2,Add to long-term nurture sequence,False,Nurture
C00063,Kathleen,Nelson,knelson@zenithdynamics.com,Unknown Title,,,CISO,+1-555-1352,ACC0088,Manufacturing,2000.0,,,2024-01-01,,,False,,False,False,False,False,,False,False,,,,,,Contact,Orphan Contact,,82.4,False,C00063,Zenith Dynamics,zenithdynamics.com,False,False,False,13.1,United States,612.1,False,False,False,True,False,False,False,False,False,False,False,False,False,False,False,,1,orphan_contact,6.0,6.0,2025-06-23 00:00:00,2023-05-01 00:00:00,339.0,6.0,1.0,True,0.0,0.0,0.0,0.0,0.0,0.0,0.0,0.0,0.0,0.0,False,False,1.0,C2,0.55,16.31,8.9705,0.5,1.0,0.75,0.0,9.0,75.0,13.5,0.6,0.25,0.15,High,last engaged 339d ago; engagement discounted (automation-heavy); segment C2,Nurture,2,Add to long-term nurture sequence | Note: engagement may be automation-inflated,False,Nurture
C00341,Sandra,Campbell,sandra.campbell@gmail.com,Unknown Title,,,,+1-555-2457,ACC0031,Software,7500.0,,,2024-01-01,,,False,,False,False,False,False,,False,False,,,,,,Contact,Orphan Contact,,17.5,False,C00341,Kinetic Networks,kineticnetworks.com,False,True,False,61.1,United States,3297.4,True,False,False,True,False,False,False,False,False,False,False,False,False,False,False,,2,"duplicate_email, orphan_contact",1.0,0.0,2023-12-21 00:00:00,2023-12-21 00:00:00,889.0,0.0,0.0,False,1.0,0.0,0.0,0.0,0.0,0.0,2.401639350577413e-07,0.0,0.0,2.401639350577413e-07,True,False,1.0,C2,0.55,71.11,39.1105,0.5,0.0,0.25,1.5675040911463732e-08,39.1,25.0,13.5,0.6,0.25,0.15,Medium,last engaged 889d ago; ICP industry (Software); segment C2,Nurture,2,Add to long-term nurture sequence,False,Nurture
C00149,Carol,Walker,cwalker@aethersolutions.com,Manager of Something,,Manager,Technical Buyer,+1-555-7126,ACC0112,Education,1000.0,,,2024-01-01,,,False,,False,False,False,False,,False,False,,,,,,Contact,Orphan Contact,,63.8,False,C00149,Aether Solutions,aethersolutions.com,False,False,False,87.7,United States,333.0,True,False,False,True,False,False,False,False,False,False,False,False,False,False,False,,2,"duplicate_email, orphan_contact",6.0,6.0,2025-10-19 00:00:00,2023-09-02 00:00:00,221.0,6.0,1.0,True,0.0,0.0,0.0,0.0,0.0,0.0,0.0,0.0,0.0,0.0,False,False,1.0,C2,0.55,23.77,13.0735,0.5,0.85,0.675,0.0,13.1,67.5,13.4,0.6,0.25,0.15,Medium,last engaged 221d ago; engagement discounted (automation-heavy); segment C2,Nurture,2,Add to long-term nurture sequence | Note: engagement may be automation-inflated,False,Nurture
L00137,Michelle,Nguyen,michelle.nguyen@outlook.com,Individual Contributor of Something,Helios Solutions,Individual Contributor,Influencer,+1-555-7305,ACC0039,Software,10000.0,,,2022-01-06,Event,Nurturing,False,,False,True,False,False,,True,True,63.0,0.0,True,Duplicate,2022-01-01,Lead,Orphan Lead,,,,L00137,Helios Solutions,heliossolutions.com,False,True,False,41.9,United States,3926.2,False,False,False,False,False,True,False,False,False,False,False,False,False,False,False,,0,,6.0,6.0,2025-08-30 00:00:00,2023-09-15 00:00:00,271.0,6.0,1.0,True,0.0,0.0,0.0,0.0,0.0,0.0,0.0,0.0,0.0,0.0,True,False,1.0,L1,0.9,69.19,62.271,0.3,0.5,0.4,0.0,62.3,40.0,13.3,0.75,0.15,0.1,High,last engaged 271d ago; ICP industry (Software); engagement discounted (automation-heavy); segment L1,Nurture,2,Email undeliverable — use phone or LinkedIn only | Note: email bounced — use phone/LinkedIn; engagement may be automation-inflated,False,Phone / LinkedIn
L00144,James,Lewis,jlewis@luminarygroup.com,Director of Something,Luminary Group Group,Director,,+1-555-5012,ACC0147,Energy,1500.0,,,2022-07-11,Web,Nurturing,False,,False,False,False,True,C00209,False,False,67.0,0.0,False,,,Lead,Converted Lead - linked,,,,C00209,Luminary Group,luminarygroup.com,False,True,False,71.0,United States,358.2,True,False,False,False,False,False,False,False,False,False,False,False,False,False,False,,1,duplicate_email,3.0,0.0,2024-07-02 00:00:00,2023-05-27 00:00:00,695.0,1.0,0.0,False,2.0,0.0,0.0,0.0,0.0001062034032512,0.0,0.0,0.0,0.0,0.0001062034032512,True,False,1.0,L1,0.9,72.1,64.89,0.7,0.0,0.35,8.805861381275549e-06,64.9,35.0,13.2,0.75,0.15,0.1,High,last engaged 695d ago; ICP industry (Energy); segment L1,Nurture,2,Do not action — record converted to contact C00209 (work the contact record instead),True,Converted
L00273,Gary,Torres,gtorres@vertexsystems.com,Manager of Something,Vertex Systems Ltd,Manager,Influencer,,ACC0140,Software,25000.0,,,2024-01-01,Advertisement,MQL,True,2022-02-14,False,False,False,False,,False,False,1.0,1.0,False,,,Lead,Orphan Lead,,,,L00273,Vertex Systems,vertexsystems.com,False,True,False,10.0,United States,13363.2,False,False,False,False,False,False,False,False,False,False,False,False,True,False,False,,1,missing_phone,2.0,0.0,2024-04-15 00:00:00,2024-02-14 00:00:00,773.0,0.0,0.0,False,2.0,0.0,0.0,0.0,2.139617418864813e-06,7.0068115370488766e-06,0.0,0.0,0.0,9.14642895591369e-06,True,False,0.65,L1,0.9,60.75,54.675,0.5,0.5,0.5,7.58376690895268e-07,54.7,50.0,13.2,0.75,0.15,0.1,High,last engaged 773d ago; ICP industry (Software); segment L1,Nurture,2,Add to long-term nurture sequence,False,Nurture
C00024,Emily,King,eking@finessesystems.com,VP of Something,,VP,Influencer,,ACC0075,Retail,2000.0,,,2022-04-28,,,False,,False,False,False,False,,False,False,,,,,,Contact,Orphan Contact,,13.7,False,C00024,Finesse Systems,finessesystems.com,False,False,False,71.9,Sweden,385.6,False,False,False,True,False,False,False,False,False,False,False,False,True,False,False,,2,"orphan_contact, missing_phone",16.0,14.0,2026-05-28 00:00:00,2023-05-03 00:00:00,0.0,14.0,0.875,True,2.0,0.0,0.0,2.8456497308922307e-05,0.0265670948271522,0.0,0.0,0.0,0.0,0.0265955513244611,False,False,1.0,C2,0.55,22.19,12.2045,0.85,0.5,0.675,0.0017358407913062,12.2,67.5,13.2,0.6,0.25,0.15,Medium,no engagement history; engagement discounted (automation-heavy); segment C2,Nurture,2,Add to long-term nurture sequence | Note: engagement may be automation-inflated,False,Nurture
C00157,Gary,Garcia,lclark@nexussolutions.com,C-Level of Something,,C-Level,Financial Buyer,,,,,,,2022-10-02,,,True,2023-03-24,True,True,False,False,,False,False,,,,,,Contact,Orphan Contact,,90.7,False,C00157,,,,,,,,,True,False,False,True,True,True,False,False,False,False,True,False,True,True,False,,5,"duplicate_email, orphan_contact, missing_account, missing_phone, missing_industry",7.0,7.0,2026-05-13 00:00:00,2023-06-01 00:00:00,15.0,7.0,1.0,True,0.0,0.0,0.0,0.0,0.0,0.0,0.0,0.0,0.0,0.0,False,False,0.25,C3,0.45,3.75,1.6875,1.0,0.7,0.85,0.0,1.7,85.0,13.2,0.6,0.25,0.15,Low,last engaged 15d ago; engagement discounted (automation-heavy); segment C3,Nurture,2,Add to long-term nurture sequence | Note: opted out — no email; email bounced — use phone/LinkedIn; engagement may be automation-inflated,False,Nurture
L00506,Jason,Roberts,jroberts@meridianventures.com,Unknown Title,Meridian Ventures Inc.,,Technical Buyer,+1-555-8094,ACC0024,Manufacturing,500.0,,,2024-01-01,Cold Call,MQL,True,2022-10-12,False,False,False,False,,False,False,93.0,4.0,False,,,Lead,Orphan Lead,,,,L00506,Meridian Ventures,meridianventures.com,True,False,False,66.4,United States,131.6,False,False,False,False,False,False,False,False,False,False,False,False,False,False,False,,0,,4.0,0.0,2024-08-12 00:00:00,2023-03-18 00:00:00,654.0,2.0,0.0,False,2.0,0.0,0.0,0.0,0.0,4.449048001941727e-05,5.477420592293915e-05,0.0,0.0,9.92646859423564e-05,False,True,1.0,L1,0.9,46.64,41.976,0.5,0.85,0.675,8.230537230494688e-06,42.0,67.5,13.1,0.75,0.15,0.1,High,last engaged 654d ago; named account; segment L1,Nurture,2,Add to long-term nurture sequence,False,Nurture
L00302,Carol,Walker,cwalker@vortexnetworks.com,VP of Something,Vortex,VP,,+1-555-7296,ACC0043,Financial Services,15000.0,,,2024-01-01,Employee Referral,MQL,True,2023-07-19,False,False,False,True,C00053,False,False,7.0,4.0,False,,,Lead,Converted Lead - linked,,,,C00053,Vortex Networks,vortexnetworks.com,False,True,False,52.0,Canada,6279.6,True,False,False,False,False,False,False,False,False,False,False,False,False,False,False,,1,duplicate_email,2.0,0.0,2024-05-20 00:00:00,2023-08-17 00:00:00,738.0,1.0,0.0,False,1.0,0.0,0.0,3.932440014996807e-05,0.0,0.0,0.0,0.0,0.0,3.932440014996807e-05,True,False,0.65,L1,0.9,64.95,58.455000000000005,0.85,0.0,0.425,3.2605849343958527e-06,58.5,42.5,13.0,0.75,0.15,0.1,High,last engaged 738d ago; ICP industry (Financial Services); segment L1,Nurture,2,Do not action — record converted to contact C00053 (work the contact record instead),True,Converted
L00374,Donna,Thompson,marketing@globalpartners.com,Manager of Something,Jasper Dynamics Ltd,Manager,,+1-555-7711,ACC0027,Professional Services,300.0,,,2024-01-01,Content Syndication,Nurturing,False,,False,False,False,False,,False,False,33.0,0.0,False,,,Lead,Orphan Lead,,,,L00374,Jasper Dynamics,jasperdynamics.com,False,False,False,59.6,United States,42.8,True,True,False,False,False,False,False,False,False,False,False,False,False,False,False,,2,"duplicate_email, shared_email",51.0,33.0,2026-05-24 00:00:00,2023-02-09 00:00:00,4.0,39.0,0.6470588235294118,False,12.0,0.0,0.0,10.073205534684217,124.01570718501564,1.0214978639917705e-07,7.446025061630476e-10,0.0001585460464749,4.765456039443509e-08,134.08907141629524,False,False,0.65,L1,0.9,15.71,14.139,0.5,0.0,0.25,11.118003185293516,14.1,25.0,13.0,0.75,0.15,0.1,Medium,last engaged 4d ago; segment L1,Nurture,2,Add to long-term nurture sequence,False,Nurture
L00410,Patricia,Anderson,panderson@dynextechnologies.com,VP of Something,Dynex Technologies Corp,VP,,+1-555-1186,ACC0060,Financial Services,200.0,,,2024-01-01,Webinar,MQL,True,2023-03-05,True,False,False,True,C00312,False,False,18.0,1.0,False,,,Lead,Converted Lead - linked,,,,C00312,Dynex Technologies,dynextechnologies.com,False,True,False,51.7,United States,27.4,True,False,False,False,True,False,False,False,False,False,False,False,False,False,False,,1,duplicate_email,6.0,0.0,2024-04-11 00:00:00,2023-08-29 00:00:00,777.0,3.0,0.0,False,3.0,0.0,0.0,1.9963336410676968e-06,0.0,0.0,0.0,0.0,7.985334564270792e-07,2.794867097494776e-06,True,False,0.65,L1,0.9,64.92,58.428,0.85,0.0,0.425,2.3173656856753177e-07,58.4,42.5,13.0,0.75,0.15,0.1,High,last engaged 777d ago; ICP industry (Financial Services); segment L1,Nurture,2,Do not action — record converted to contact C00312 (work the contact record instead),True,Converted
C00338,Timothy,Hill,thill@fusionsystems.com,Manager of Something,,Manager,,,ACC0136,Financial Services,3500.0,,,2024-01-01,,,False,,False,False,False,False,,False,False,,,,,,Contact,Orphan Contact,,0.0,False,C00338,Fusion Systems,fusionsystems.com,False,True,False,20.7,United States,906.7,False,False,False,True,False,False,False,False,False,False,False,False,True,False,False,,2,"orphan_contact, missing_phone",0.0,0.0,0,0,0.0,0.0,0.0,,0.0,0.0,0.0,0.0,0.0,0.0,0.0,0.0,0.0,0.0,True,False,1.0,C2,0.55,67.07,36.8885,0.5,0.0,0.25,0.0,36.9,25.0,13.0,0.6,0.25,0.15,Medium,no engagement history; ICP industry (Financial Services); engagement discounted (automation-heavy); segment C2,Nurture,2,Add to long-term nurture sequence | Note: engagement may be automation-inflated,False,Nurture
L00299,Joshua,Jones,jjones@quantumnetworks.com,Individual Contributor of Something,Quantum Networks Ltd,Individual Contributor,CISO,+1-555-7795,ACC0001,Government,2000.0,,,2024-01-01,Web,Open,False,,True,False,False,True,,False,False,0.0,0.0,False,,,Lead,Converted Lead - broken link,,,,L00299,Quantum Networks,quantumnetworks.com,False,False,False,73.9,United States,675.7,True,False,True,False,True,False,False,False,False,False,False,False,False,False,False,,2,"duplicate_email, broken_conversion_link",12.0,10.0,2026-04-15 00:00:00,2023-03-01 00:00:00,43.0,10.0,0.8333333333333334,True,2.0,0.0,0.0,0.0,54.40941020600776,0.0,0.0,0.0,0.0,54.40941020600776,False,False,1.0,L1,0.9,22.39,20.151,0.3,1.0,0.65,4.511359423933055,20.2,65.0,12.9,0.75,0.15,0.1,Medium,last engaged 43d ago; engagement discounted (automation-heavy); segment L1,Nurture,2,Add to long-term nurture sequence | Note: opted out — no email; broken conversion link (DQ-1); engagement may be automation-inflated,False,Nurture
C00051,Paul,Lee,plee@nexusnetworks.com,Unknown Title,,,,+1-555-6817,ACC0185,Energy,1000.0,,,2023-05-10,,,False,,False,False,False,False,,False,False,,,,,,Contact,Orphan Contact,,4.5,False,C00051,Nexus Networks,nexusnetworks.com,False,True,False,15.3,United States,230.5,False,False,False,True,False,False,False,False,False,False,False,False,False,False,False,,1,orphan_contact,0.0,0.0,0,0,0.0,0.0,0.0,,0.0,0.0,0.0,0.0,0.0,0.0,0.0,0.0,0.0,0.0,True,False,1.0,C2,0.55,66.53,36.5915,0.5,0.0,0.25,0.0,36.6,25.0,12.9,0.6,0.25,0.15,High,no engagement history; ICP industry (Energy); engagement discounted (automation-heavy); segment C2,Nurture,2,Add to long-term nurture sequence | Note: engagement may be automation-inflated,False,Nurture
L00488,Rebecca,Davis,rdavis@zenithlabs.com,Director of Something,Zenith Labs Group,Director,,,ACC0096,Energy,150.0,,,2024-01-01,Web,Open,False,,False,False,False,False,,False,False,26.0,0.0,False,,,Lead,Orphan Lead,,,,L00488,Zenith Labs,zenithlabs.com,False,True,False,88.1,United States,22.8,False,False,False,False,False,False,False,False,False,False,False,False,True,False,False,,1,missing_phone,3.0,0.0,2025-12-01 00:00:00,2023-05-16 00:00:00,178.0,1.0,0.0,False,2.0,0.0,0.0,0.0,0.0412094099782772,0.0,0.0,0.0,0.0,0.0412094099782772,True,False,0.65,L1,0.9,68.56,61.704,0.7,0.0,0.35,0.0034168806343666,61.7,35.0,12.8,0.75,0.15,0.1,High,last engaged 178d ago; ICP industry (Energy); segment L1,Nurture,2,Add to long-term nurture sequence,False,Nurture
C00066,Daniel,Scott,dscott@vertexpartners.com,Unknown Title,,,,+1-555-2398,ACC0176,Telecommunications,50000.0,,,2024-01-01,,,False,,False,False,False,False,,False,False,,,,,,Contact,Orphan Contact,,55.5,False,C00066,Radiant Systems,radiantsystems.com,False,True,False,60.8,United States,37415.8,True,False,False,True,False,False,False,False,False,False,False,False,False,False,False,,2,"duplicate_email, orphan_contact",3.0,1.0,2025-05-02 00:00:00,2023-02-23 00:00:00,391.0,2.0,0.3333333333333333,False,1.0,0.0,0.0,1.347050376613483e-09,0.0,0.0,0.0,0.0,0.0,1.347050376613483e-09,True,False,0.65,C2,0.55,65.83,36.206500000000005,0.5,0.0,0.25,8.791940287846462e-11,36.2,25.0,12.8,0.6,0.25,0.15,Medium,last engaged 391d ago; ICP industry (Telecommunications); segment C2,Nurture,2,Add to long-term nurture sequence,False,Nurture
C00276,Ashley,Nguyen,anguyen@radianttechnologies.com,Manager of Something,,Manager,Technical Buyer,+1-555-9648,ACC0115,Government,25000.0,,,2022-02-09,,,False,,False,True,False,False,,False,False,,,,,,Contact,Orphan Contact,,30.0,False,C00276,Radiant Technologies,radianttechnologies.com,False,False,False,98.2,United States,15267.0,False,False,False,True,False,True,False,False,False,False,False,False,False,False,False,,1,orphan_contact,1.0,0.0,2023-12-30 00:00:00,2023-12-30 00:00:00,880.0,0.0,0.0,False,1.0,0.0,0.0,1.4783824346663457e-06,0.0,0.0,0.0,0.0,0.0,1.4783824346663457e-06,False,False,0.65,C2,0.55,19.57,10.7635,0.5,0.85,0.675,9.649119523550776e-08,10.8,67.5,12.8,0.6,0.25,0.15,High,last engaged 880d ago; segment C2,Nurture,2,Email undeliverable — use phone or LinkedIn only | Note: email bounced — use phone/LinkedIn,False,Phone / LinkedIn
L00177,Christopher,White,cwhite@xenontechnologies.com,VP of Something,Xenon Technologies Inc.,VP,,+1-555-5479,ACC0128,Financial Services,50.0,,,2024-01-01,Content Syndication,MQL,True,2022-02-21,True,False,False,False,,False,False,14.0,4.0,False,,,Lead,Orphan Lead,,,,L00177,Xenon Technologies,xenontechnologies.com,False,True,False,85.2,United States,3.2,False,False,False,False,True,False,False,False,False,False,False,False,False,False,False,,0,,4.0,0.0,2025-11-28 00:00:00,2023-05-06 00:00:00,181.0,1.0,0.0,False,3.0,0.0,0.0,0.0,0.0,2.419220679855173e-09,0.0,6.792861883030961e-07,0.0062461785400193,0.0062468602454283,True,False,0.25,L1,0.9,62.27,56.043,0.85,0.0,0.425,0.0005179587819735,56.0,42.5,12.7,0.75,0.15,0.1,High,last engaged 181d ago; ICP industry (Financial Services); segment L1,Nurture,2,Add to long-term nurture sequence | Note: opted out — no email,False,Nurture
L00352,Lisa,Clark,lclark@nexussolutions.com,Individual Contributor of Something,Nexus Solutions Group,Individual Contributor,,+1-555-4530,ACC0074,Energy,50.0,,,2024-01-01,Employee Referral,Working,False,,False,False,False,False,,False,False,25.0,0.0,False,,,Lead,Orphan Lead,,,,L00352,Nexus Solutions,nexussolutions.com,True,True,False,37.7,Germany,2.9,True,False,False,False,False,False,False,False,False,False,False,False,False,False,False,,1,duplicate_email,10.0,8.0,2026-05-28 00:00:00,2023-03-07 00:00:00,0.0,8.0,0.8,True,2.0,0.0,0.0,2.311385813107693e-05,1.5501963398126954,0.0,0.0,0.0,0.0,1.5502194536708265,True,True,0.25,L1,0.9,82.52,74.268,0.3,0.0,0.15,0.1285365365109217,74.3,15.0,12.7,0.75,0.15,0.1,High,no engagement history; ICP industry (Energy); named account; engagement discounted (automation-heavy); segment L1,Nurture,2,Add to long-term nurture sequence | Note: engagement may be automation-inflated,False,Nurture
L00097,Rebecca,Wilson,rwilson@fusionsystems.com,Director of Something,Fusion Systems & Co,Director,,+1-555-9493,ACC0136,Financial Services,3500.0,,,2024-01-01,Cold Call,Nurturing,False,,True,False,False,False,,False,False,95.0,0.0,False,,,Lead,Orphan Lead,,,,L00097,Fusion Systems,fusionsystems.com,False,True,False,20.7,United States,906.7,False,False,False,False,True,False,False,False,False,False,False,False,False,False,False,,0,,0.0,0.0,0,0,0.0,0.0,0.0,,0.0,0.0,0.0,0.0,0.0,0.0,0.0,0.0,0.0,0.0,True,False,1.0,L1,0.9,67.07,60.36299999999999,0.7,0.0,0.35,0.0,60.4,35.0,12.6,0.75,0.15,0.1,High,no engagement history; ICP industry (Financial Services); engagement discounted (automation-heavy); segment L1,Nurture,2,Add to long-term nurture sequence | Note: opted out — no email; engagement may be automation-inflated,False,Nurture
L00339,Donald,Moore,donald.moore@yahoo.com,Director of Something,Fusion Systems,Director,,+1-555-3162,ACC0136,Financial Services,3500.0,,,2024-01-01,Webinar,MQL,True,2022-08-25,False,False,False,False,,True,True,51.0,4.0,False,,,Lead,Orphan Lead,,,,L00339,Fusion Systems,fusionsystems.com,False,True,False,20.7,United States,906.7,False,False,False,False,False,False,False,False,False,False,False,False,False,False,False,,0,,0.0,0.0,0,0,0.0,0.0,0.0,,0.0,0.0,0.0,0.0,0.0,0.0,0.0,0.0,0.0,0.0,True,False,1.0,L1,0.9,67.07,60.36299999999999,0.7,0.0,0.35,0.0,60.4,35.0,12.6,0.75,0.15,0.1,High,no engagement history; ICP industry (Financial Services); engagement discounted (automation-heavy); segment L1,Nurture,2,Add to long-term nurture sequence | Note: engagement may be automation-inflated,False,Nurture
L00433,Dorothy,Hall,dhall@xenondynamics.com,Unknown Title,Xenon Dynamics LLC,,,+1-555-5900,ACC0142,Software,7500.0,,,2024-01-01,Event,Working,False,,False,False,False,True,,False,False,29.0,0.0,True,Competitor,2022-09-12,Lead,Converted Lead - broken link,,,,L00433,Xenon Dynamics,xenondynamics.com,False,True,False,84.6,United Kingdom,2199.5,True,False,True,False,False,False,False,False,False,False,False,False,False,False,False,,2,"duplicate_email, broken_conversion_link",4.0,0.0,2026-01-06 00:00:00,2023-04-18 00:00:00,142.0,1.0,0.0,False,3.0,0.0,0.0,0.0,0.0001086857901284,0.0,0.0009178352631241,3.759453237756616,0.0,3.760479758809869,True,False,1.0,L1,0.9,73.46,66.11399999999999,0.5,0.0,0.25,0.3118003987579188,66.1,25.0,12.6,0.75,0.15,0.1,Medium,last engaged 142d ago; ICP industry (Software); segment L1,Nurture,2,Add to long-term nurture sequence | Note: broken conversion link (DQ-1),False,Nurture
L00122,Sarah,Jackson,sjackson@mantlesolutions.com,VP of Something,,VP,,+1-555-2269,ACC0163,Energy,50000.0,,,2024-01-01,Partner Referral,Open,False,,False,False,False,False,,False,False,81.0,0.0,False,,,Lead,Orphan Lead,,,,L00122,Mantle Solutions,mantlesolutions.com,False,True,False,13.2,United States,27661.8,False,False,False,False,False,False,False,False,False,False,False,False,False,False,False,,0,,1.0,0.0,2023-12-27 00:00:00,2023-12-27 00:00:00,883.0,0.0,0.0,False,1.0,0.0,0.0,0.0,0.0,0.0,0.0,0.0,6.89689792826104e-08,6.89689792826104e-08,True,False,0.65,L1,0.9,61.07,54.963,0.85,0.0,0.425,5.718566943982279e-09,55.0,42.5,12.5,0.75,0.15,0.1,High,last engaged 883d ago; ICP industry (Energy); segment L1,Nurture,2,Add to long-term nurture sequence,False,Nurture
L00323,Melissa,Allen,mallen@solarisdynamics.com,Unknown Title,Solaris Dynamics Ltd,,,+1-555-8614,ACC0057,Financial Services,7500.0,,,2024-01-01,Employee Referral,Disqualified,False,,False,False,False,False,,False,False,58.0,0.0,False,,,Lead,Orphan Lead,,,,L00323,Solaris Dynamics,solarisdynamics.com,False,True,False,73.3,France,2490.0,False,False,False,False,False,False,False,False,False,False,False,False,False,False,False,,0,,3.0,0.0,2025-10-01 00:00:00,2024-01-10 00:00:00,239.0,0.0,0.0,False,3.0,0.0,0.0,3.997554265612404,0.0,0.0,3.812364831554799e-07,7.114124327230578e-07,0.0,3.99755535826132,True,False,1.0,L1,0.9,72.33,65.097,0.5,0.0,0.25,0.3314575359281318,65.1,25.0,12.5,0.75,0.15,0.1,High,last engaged 239d ago; ICP industry (Financial Services); segment L1,Nurture,2,Add to long-term nurture sequence,False,Nurture
L00516,Amy,White,awhite@mantlesystems.com,Director of Something,Mantle,Director,,+1-555-4075,ACC0098,Telecommunications,2000.0,,,2023-09-12,Web,MQL,True,2023-08-23,False,False,False,False,,False,False,74.0,2.0,False,,,Lead,Orphan Lead,,,,L00516,Mantle Systems,mantlesystems.com,False,True,False,20.2,United States,617.5,False,False,False,False,False,False,False,False,False,False,False,False,False,False,False,,0,,2.0,0.0,2024-01-05 00:00:00,2023-12-27 00:00:00,874.0,1.0,0.0,False,1.0,0.0,0.0,0.0,8.491077353788701e-07,0.0,0.0,0.0,0.0,8.491077353788701e-07,True,False,1.0,L1,0.9,67.02,60.318,0.7,0.0,0.35,7.040381745422688e-08,60.3,35.0,12.5,0.75,0.15,0.1,High,last engaged 874d ago; ICP industry (Telecommunications); segment L1,Nurture,2,Add to long-term nurture sequence,False,Nurture
L00520,Jennifer,Carter,jcarter@nimbuspartners.com,Unknown Title,Nimbus Partners,,,+1-555-8026,ACC0174,Software,5000.0,,,2024-01-01,Event,MQL,True,2022-01-16,False,False,False,False,,False,False,0.0,1.0,False,,,Lead,Orphan Lead,,,,L00520,Nimbus Partners,nimbuspartners.com,False,True,False,91.7,United States,2150.6,False,False,False,False,False,False,False,False,False,False,False,False,False,False,False,,0,,0.0,0.0,0,0,0.0,0.0,0.0,,0.0,0.0,0.0,0.0,0.0,0.0,0.0,0.0,0.0,0.0,True,False,1.0,L1,0.9,74.17,66.753,0.5,0.0,0.25,0.0,66.8,25.0,12.5,0.75,0.15,0.1,High,no engagement history; ICP industry (Software); engagement discounted (automation-heavy); segment L1,Nurture,2,Add to long-term nurture sequence | Note: engagement may be automation-inflated,False,Nurture
C00224,Ryan,Thomas,rthomas@vertexpartners.com,Director of Something,,Director,Financial Buyer,+1-555-2724,,,,,,2024-01-01,,,True,2023-09-18,False,False,False,False,,False,False,,,,,,Contact,Converted Contact,L00049,69.8,True,C00224,,,,,,,,,True,False,False,False,False,False,False,False,False,False,True,False,False,True,False,,3,"duplicate_email, missing_account, missing_industry",3.0,0.0,2026-01-13 00:00:00,2023-08-19 00:00:00,135.0,0.0,0.0,False,3.0,0.0,0.0,5.154327776456618,22.09708691207961,0.0,0.0,0.0,3.4212946958246435e-09,27.251414691957525,False,False,0.25,C1,1.0,3.75,3.75,0.7,0.7,0.7,1.7786477394659466,3.8,70.0,12.5,0.6,0.25,0.15,Medium,last engaged 135d ago; segment C1,Nurture,2,Add to long-term nurture sequence,False,Nurture
L00197,Robert,Lee,rlee@quantumcorp.com,Manager of Something,Quantum,Manager,,,ACC0067,Financial Services,1000.0,,,2024-01-01,Content Syndication,MQL,True,2022-09-12,False,False,False,False,,False,False,0.0,4.0,False,,,Lead,Orphan Lead,,,,L00197,Quantum Corp,quantumcorp.com,False,True,False,86.6,United States,227.3,False,False,False,False,False,False,False,False,False,False,False,False,True,False,False,,1,missing_phone,3.0,0.0,2024-12-15 00:00:00,2024-01-02 00:00:00,529.0,0.0,0.0,False,3.0,0.0,0.0,4.214684851089404e-05,7.92245530477593e-07,0.0,0.0009837114779965,0.0,0.0,0.0010266505720378,True,False,1.0,L1,0.9,73.66,66.294,0.5,0.0,0.25,8.512479212166833e-05,66.3,25.0,12.4,0.75,0.15,0.1,High,last engaged 529d ago; ICP industry (Financial Services); segment L1,Nurture,2,Add to long-term nurture sequence,False,Nurture
L00342,Laura,Nguyen,lnguyen@dynextechnologies.com,Director of Something,Dynex Technologies Group,Director,,,ACC0060,Financial Services,200.0,,,2024-01-01,Advertisement,Disqualified,False,,False,False,False,False,,False,False,9.0,0.0,False,,,Lead,Orphan Lead,,,,L00342,Dynex Technologies,dynextechnologies.com,False,True,False,51.7,United States,27.4,False,False,False,False,False,False,False,False,False,False,False,False,True,False,False,,1,missing_phone,4.0,0.0,2025-08-03 00:00:00,2023-05-17 00:00:00,298.0,0.0,0.0,False,4.0,0.0,0.0,1.0227481668170184,0.0004611147553108,0.0,0.0,0.0,0.0,1.0232092815723293,True,False,0.65,L1,0.9,64.92,58.428,0.7,0.0,0.35,0.0848394573218035,58.4,35.0,12.3,0.75,0.15,0.1,High,last engaged 298d ago; ICP industry (Financial Services); segment L1,Nurture,2,Add to long-term nurture sequence,False,Nurture
C00146,John,Nguyen,leads@databroker.io,Manager of Something,,Manager,,+1-555-7751,ACC0146,Software,300.0,,,2023-01-07,,,False,,False,False,False,False,,True,True,,,,,,Contact,Orphan Contact,,54.4,False,C00146,Emblem Solutions,emblemsolutions.com,False,True,False,24.5,Germany,36.4,True,True,False,True,False,False,False,False,False,False,False,False,False,False,False,,3,"duplicate_email, shared_email, orphan_contact",10.0,8.0,2025-10-05 00:00:00,2023-04-05 00:00:00,235.0,8.0,0.8,True,2.0,0.0,0.0,0.0,0.0,0.0014910277838657,0.0,0.0,0.0,0.0014910277838657,True,False,0.65,C2,0.55,62.2,34.21,0.5,0.0,0.25,9.731653300319536e-05,34.2,25.0,12.3,0.6,0.25,0.15,Medium,last engaged 235d ago; ICP industry (Software); engagement discounted (automation-heavy); segment C2,Nurture,2,Add to long-term nurture sequence | Note: engagement may be automation-inflated,False,Nurture
C00155,Jessica,Scott,jscott@novasolutions.com,,,Director,Influencer,+1-555-8898,ACC0016,Retail,3500.0,,,2023-01-06,,,False,,False,False,False,False,,False,False,,,,,,Contact,Orphan Contact,,83.2,False,C00155,Nova Solutions,novasolutions.com,False,False,False,89.7,Germany,890.6,False,False,False,True,False,False,False,False,False,False,False,True,False,False,False,,2,"orphan_contact, missing_title",2.0,1.0,2025-05-02 00:00:00,2024-08-22 00:00:00,391.0,1.0,0.5,False,1.0,0.0,0.0,0.0,0.0,0.0,6.90111750335874e-05,0.0,0.0,6.90111750335874e-05,False,False,1.0,C2,0.55,23.97,13.1835,0.7,0.5,0.6,4.504227463376577e-06,13.2,60.0,12.3,0.6,0.25,0.15,Medium,last engaged 391d ago; segment C2,Nurture,2,Add to long-term nurture sequence,False,Nurture
C00213,Kathleen,Miller,jrobinson@quantumcorp.com,Unknown Title,,,Financial Buyer,+1-555-9787,ACC0058,Retail,3500.0,,,2023-04-21,,,False,,False,False,False,False,,False,False,,,,,,Contact,Orphan Contact,,64.9,False,C00213,Paragon Corp,paragoncorp.com,False,False,False,87.8,France,861.8,True,False,False,True,False,False,False,False,False,False,False,False,False,False,False,,2,"duplicate_email, orphan_contact",2.0,0.0,2024-05-25 00:00:00,2023-03-17 00:00:00,733.0,0.0,0.0,False,2.0,0.0,0.0,0.0,2.20700733704353e-05,0.0,0.0,0.0,9.525084559032875e-11,2.2070168621280893e-05,False,False,1.0,C2,0.55,23.78,13.079000000000002,0.5,0.7,0.6,1.4404777136013616e-06,13.1,60.0,12.3,0.6,0.25,0.15,Medium,last engaged 733d ago; segment C2,Nurture,2,Add to long-term nurture sequence,False,Nurture
L00381,Jessica,Clark,jclark@heliostechnologies.com,Manager of Something,,Manager,Technical Buyer,+1-555-9047,ACC0161,Manufacturing,100.0,,,2022-08-19,Event,Nurturing,False,,False,True,False,False,,False,False,69.0,0.0,False,,,Lead,Orphan Lead,,,,L00381,Helios Technologies,heliostechnologies.com,True,False,False,53.7,United States,14.5,True,False,False,False,False,True,False,False,False,False,False,False,False,False,False,,1,duplicate_email,4.0,0.0,2025-05-25 00:00:00,2023-03-19 00:00:00,368.0,1.0,0.0,False,3.0,0.0,0.0,1.995113015608925e-09,5.43428950642477e-05,0.0,0.0,0.0202938939487985,0.0,0.0203482388389758,False,True,0.65,L1,0.9,40.12,36.108,0.5,0.85,0.675,0.0016871754113687,36.1,67.5,12.2,0.75,0.15,0.1,High,last engaged 368d ago; named account; segment L1,Nurture,2,Email undeliverable — use phone or LinkedIn only | Note: email bounced — use phone/LinkedIn,False,Phone / LinkedIn
L00030,Betty,Hill,bhill@kryptonventures.com,Manager of Something,Krypton Ventures Corp,Manager,,+1-555-4579,ACC0014,Financial Services,500.0,,,2024-01-01,Advertisement,MQL,True,2023-12-11,False,False,False,False,,False,False,59.0,1.0,False,,,Lead,Orphan Lead,,,,L00030,Krypton Ventures,kryptonventures.com,False,True,False,58.5,United States,127.1,False,False,False,False,False,False,False,False,False,False,False,False,False,False,False,,0,,3.0,0.0,2025-09-28 00:00:00,2024-12-25 00:00:00,242.0,1.0,0.0,False,2.0,0.0,0.0,0.0183567052624834,0.0,0.0,0.0,0.0,0.0,0.0183567052624834,True,False,1.0,L1,0.9,70.85,63.76499999999999,0.5,0.0,0.25,0.0015220472885979,63.8,25.0,12.1,0.75,0.15,0.1,High,last engaged 242d ago; ICP industry (Financial Services); segment L1,Nurture,2,Add to long-term nurture sequence,False,Nurture
L00128,Mark,Hall,mhall@obsidiangroup.com,VP of Something,Obsidian Group,VP,,,ACC0184,Software,75.0,,,2024-01-01,Cold Call,Working,False,,False,True,False,False,,False,False,90.0,0.0,False,,,Lead,Orphan Lead,,,,L00128,Obsidian Group,obsidiangroup.com,False,True,False,46.9,United States,4.4,False,False,False,False,False,True,False,False,False,False,False,False,True,False,False,,1,missing_phone,2.0,0.0,2023-12-18 00:00:00,2023-12-16 00:00:00,892.0,0.0,0.0,False,2.0,0.0,0.0,0.0,1.1204043739308784e-06,0.0,0.0,0.0,0.0,1.1204043739308784e-06,True,False,0.25,L1,0.9,58.44,52.596,0.85,0.0,0.425,9.28983940794633e-08,52.6,42.5,12.1,0.75,0.15,0.1,High,last engaged 892d ago; ICP industry (Software); segment L1,Nurture,2,Email undeliverable — use phone or LinkedIn only | Note: email bounced — use phone/LinkedIn,False,Phone / LinkedIn
C00026,Susan,Lopez,slopez@quantumnetworks.com,,,Manager,Financial Buyer,+1-555-8314,ACC0001,Government,2000.0,,,2024-01-01,,,False,,True,False,False,False,,False,False,,,,,,Contact,Orphan Contact,,73.2,False,C00026,Quantum Networks,quantumnetworks.com,False,False,False,73.9,United States,675.7,False,False,False,True,True,False,False,False,False,False,False,True,False,False,False,,2,"orphan_contact, missing_title",13.0,13.0,2026-05-12 00:00:00,2023-03-02 00:00:00,16.0,13.0,1.0,True,0.0,0.0,0.0,0.0,0.0,0.0,0.0,0.0,0.0,0.0,False,False,1.0,C2,0.55,22.39,12.3145,0.5,0.7,0.6,0.0,12.3,60.0,12.1,0.6,0.25,0.15,Medium,last engaged 16d ago; engagement discounted (automation-heavy); segment C2,Nurture,2,Add to long-term nurture sequence | Note: opted out — no email; engagement may be automation-inflated,False,Nurture
C00264,Charles,Ramirez,cramirez@unknown.com,Director of Something,,Director,Technical Buyer,,,,,,,2022-10-13,,,False,,False,False,False,False,,False,False,,,,,,Contact,Orphan Contact,,40.8,False,C00264,,,,,,,,,False,False,False,True,False,False,False,False,False,False,True,False,True,True,False,,4,"orphan_contact, missing_account, missing_phone, missing_industry",10.0,8.0,2025-12-11 00:00:00,2023-04-05 00:00:00,168.0,9.0,0.8,True,1.0,0.0,0.0,4.656612873077404e-07,0.0,0.0,0.0,0.0,0.0,4.656612873077404e-07,False,False,0.25,C3,0.45,3.75,1.6875,0.7,0.85,0.7749999999999999,3.0392822001683044e-08,1.7,77.5,12.1,0.6,0.25,0.15,Low,last engaged 168d ago; engagement discounted (automation-heavy); segment C3,Nurture,2,Add to long-term nurture sequence | Note: engagement may be automation-inflated,False,Nurture
C00270,Margaret,Rodriguez,mrodriguez@vertexsystems.com,VP of Something,,VP,,+1-555-6633,ACC0192,Government,750.0,,,2024-01-01,,,True,2023-05-06,False,True,False,False,,False,False,,,,,,Contact,Converted Contact,L00409,0.0,True,C00270,Luminary Solutions,luminarysolutions.com,False,False,False,75.1,United States,211.8,True,False,False,False,False,True,False,False,False,False,False,False,False,False,False,,1,duplicate_email,16.0,13.0,2026-05-03 00:00:00,2023-03-30 00:00:00,25.0,13.0,0.8125,True,3.0,0.0,0.0,0.0,4.9545639523434014e-05,0.0,0.0023127999366918,0.0,0.0,0.0023623455762153,False,False,1.0,C1,1.0,22.51,22.51,0.85,0.0,0.425,0.0001541857795812,22.5,42.5,12.0,0.6,0.25,0.15,High,last engaged 25d ago; engagement discounted (automation-heavy); segment C1,Nurture,2,Email undeliverable — use phone or LinkedIn only | Note: email bounced — use phone/LinkedIn; engagement may be automation-inflated,False,Phone / LinkedIn
C00374,Joseph,Roberts,jroberts@unknown.com,,,Director,Technical Buyer,+1-555-1956,,,,,,2023-09-01,,,False,,False,False,False,False,,False,False,,,,,,Contact,Orphan Contact,,42.7,False,C00374,,,,,,,,,True,False,False,True,False,False,False,False,False,False,True,True,False,True,False,,5,"duplicate_email, orphan_contact, missing_account, missing_title, missing_industry",6.0,5.0,2025-05-08 00:00:00,2023-12-03 00:00:00,385.0,6.0,0.8333333333333334,True,0.0,0.0,0.0,0.0,0.0,0.0,0.0,0.0,0.0,0.0,False,False,0.25,C3,0.45,3.75,1.6875,0.7,0.85,0.7749999999999999,0.0,1.7,77.5,12.0,0.6,0.25,0.15,Low,last engaged 385d ago; engagement discounted (automation-heavy); segment C3,Nurture,2,Add to long-term nurture sequence | Note: engagement may be automation-inflated,False,Nurture
L00004,Paul,Johnson,blewis@paragonsystems.com,Manager of Something,Jasper Partners & Co,Manager,,+1-555-5354,ACC0101,Financial Services,1000.0,,,2022-04-18,Partner Referral,Disqualified,False,,True,False,False,False,,False,False,50.0,0.0,True,Bad Data,2023-02-25,Lead,Orphan Lead,,,,L00004,Jasper Partners,jasperpartners.com,False,True,False,46.8,United States,281.0,True,False,False,False,True,False,False,False,False,False,False,False,False,False,False,,1,duplicate_email,0.0,0.0,0,0,0.0,0.0,0.0,,0.0,0.0,0.0,0.0,0.0,0.0,0.0,0.0,0.0,0.0,True,False,1.0,L1,0.9,69.68,62.71200000000001,0.5,0.0,0.25,0.0,62.7,25.0,11.9,0.75,0.15,0.1,High,no engagement history; ICP industry (Financial Services); engagement discounted (automation-heavy); segment L1,Nurture,2,Add to long-term nurture sequence | Note: opted out — no email; engagement may be automation-inflated,False,Nurture
L00133,Susan,Jones,sjones@unknown.com,,,C-Level,Influencer,+1-555-7687,,,,Software,,2024-01-01,Event,Nurturing,False,,True,False,False,False,,False,False,9.0,0.0,False,,,Lead,Orphan Lead,,,,L00133,,,,,,,,,False,False,False,False,True,False,False,False,False,False,True,True,False,True,False,,3,"missing_account, missing_title, missing_industry",0.0,0.0,0,0,0.0,0.0,0.0,,0.0,0.0,0.0,0.0,0.0,0.0,0.0,0.0,0.0,0.0,True,False,0.25,L2,0.55,53.75,29.562500000000004,1.0,0.5,0.75,0.0,29.6,75.0,11.9,0.75,0.15,0.1,Medium,no engagement history; ICP industry (nan); engagement discounted (automation-heavy); segment L2,Nurture,2,Add to long-term nurture sequence | Note: opted out — no email; engagement may be automation-inflated,False,Nurture
L00210,Stephanie,Perez,sperez@bastionnetworks.com,Director of Something,Bastion Networks Corp,Director,Influencer,+1-555-6317,ACC0189,Professional Services,1500.0,,,2024-01-01,Event,Open,False,,False,False,False,False,,False,False,90.0,0.0,False,,,Lead,Orphan Lead,,,,L00210,Bastion Networks,bastionnetworks.com,True,False,False,34.2,United States,326.6,False,False,False,False,False,False,False,False,False,False,False,False,False,False,False,,0,,11.0,8.0,2026-05-05 00:00:00,2023-03-21 00:00:00,23.0,9.0,0.7272727272727273,True,2.0,0.0,0.0,0.0,0.0,5.4740715133194414e-08,7.109774512604403e-10,0.0,0.0,5.545169258445485e-08,False,True,1.0,L1,0.9,43.42,39.078,0.7,0.5,0.6,4.597780328195814e-09,39.1,60.0,11.9,0.75,0.15,0.1,High,last engaged 23d ago; named account; engagement discounted (automation-heavy); segment L1,Nurture,2,Add to long-term nurture sequence | Note: engagement may be automation-inflated,False,Nurture
L00446,Andrew,Brown,newsletter@marketingblast.com,,Xenon Technologies LLC,Director,,,ACC0128,Financial Services,50.0,,,2024-01-01,Employee Referral,MQL,True,2022-04-17,False,False,False,False,,False,False,41.0,2.0,False,,,Lead,Orphan Lead,,,,L00446,Xenon Technologies,xenontechnologies.com,False,True,False,85.2,United States,3.2,True,True,False,False,False,False,False,False,False,False,False,True,True,False,False,,4,"duplicate_email, shared_email, missing_title, missing_phone",4.0,0.0,2024-12-06 00:00:00,2023-05-15 00:00:00,538.0,0.0,0.0,False,4.0,0.0,0.0,0.0,1.3793795856522107e-06,0.0,0.0007990220053257,7.446025061630486e-10,1.155692906553847e-06,0.0008015578224205,True,False,0.25,L1,0.9,62.27,56.043,0.7,0.0,0.35,6.646121364507452e-05,56.0,35.0,11.9,0.75,0.15,0.1,Low,last engaged 538d ago; ICP industry (Financial Services); segment L1,Nurture,2,Add to long-term nurture sequence,False,Nurture
L00562,Angela,Jackson,donna.clark@yahoo.com,Manager of Something,Umbra Partners LLC,Manager,,+1-555-1667,ACC0162,Software,1500.0,,,2024-01-01,Web,MQL,True,2022-12-13,True,False,False,False,,False,False,2.0,1.0,False,,,Lead,Orphan Lead,,,,L00562,Umbra Partners,umbrapartners.com,False,True,False,43.5,United States,382.2,True,False,False,False,True,False,False,False,False,False,False,False,False,False,False,,1,duplicate_email,1.0,0.0,2025-03-13 00:00:00,2025-03-13 00:00:00,441.0,0.0,0.0,False,1.0,0.0,0.0,0.0,0.0187857729087054,0.0,0.0,0.0,0.0,0.0187857729087054,True,False,1.0,L1,0.9,69.35,62.415,0.5,0.0,0.25,0.0015576234575355,62.4,25.0,11.9,0.75,0.15,0.1,High,last engaged 441d ago; ICP industry (Software); segment L1,Nurture,2,Add to long-term nurture sequence | Note: opted out — no email,False,Nurture
L00385,Amy,Thompson,athompson@dynexgroup.com,Director of Something,Dynex Group Corp,Director,,,ACC0095,Healthcare,50.0,,,2024-01-01,Cold Call,Disqualified,False,,False,False,False,False,,False,False,0.0,0.0,False,,,Lead,Orphan Lead,,,,L00385,Dynex Group,dynexgroup.com,False,True,False,75.4,United States,4.4,False,False,False,False,False,False,False,False,False,False,False,False,True,False,False,,1,missing_phone,0.0,0.0,0,0,0.0,0.0,0.0,,0.0,0.0,0.0,0.0,0.0,0.0,0.0,0.0,0.0,0.0,True,False,0.25,L1,0.9,61.29,55.161,0.7,0.0,0.35,0.0,55.2,35.0,11.8,0.75,0.15,0.1,High,no engagement history; ICP industry (Healthcare); engagement discounted (automation-heavy); segment L1,Nurture,2,Add to long-term nurture sequence | Note: engagement may be automation-inflated,False,Nurture
C00244,Stephanie,Campbell,stephanie.campbell@hotmail.com,Individual Contributor of Something,,Individual Contributor,,+1-555-8116,ACC0059,Professional Services,50.0,,,2023-05-23,,,False,,False,False,False,False,,False,False,,,,,,Contact,Orphan Contact,,69.3,False,C00244,Nexus Technologies,nexustechnologies.com,False,False,False,37.9,Australia,1.8,True,False,False,True,False,False,False,False,False,False,False,False,False,False,False,,2,"duplicate_email, orphan_contact",1.0,0.0,2026-04-22 00:00:00,2026-04-22 00:00:00,36.0,0.0,0.0,False,1.0,0.0,1.0,0.0,217.63764082403105,0.0,0.0,0.0,0.0,217.63764082403105,False,False,0.25,C2,0.55,7.54,4.147,0.3,0.0,0.15,14.204792751130316,4.1,15.0,11.8,0.6,0.25,0.15,Medium,last engaged 36d ago; segment C2,Nurture,2,Add to long-term nurture sequence,False,Nurture
L00102,Mark,Smith,msmith@unknown.com,VP of Something,,VP,Influencer,+1-555-6270,,,,Telecommunications,50000.0,2024-01-01,Partner Referral,MQL,True,2023-10-08,False,True,False,False,,False,False,69.0,2.0,False,,,Lead,Orphan Lead,,,,L00102,,,,,,,,,False,False,False,False,False,True,False,False,False,False,True,False,False,True,False,,2,"missing_account, missing_industry",0.0,0.0,0,0,0.0,0.0,0.0,,0.0,0.0,0.0,0.0,0.0,0.0,0.0,0.0,0.0,0.0,True,False,0.65,L2,0.55,59.75,32.862500000000004,0.85,0.5,0.675,0.0,32.9,67.5,11.7,0.75,0.15,0.1,Medium,no engagement history; ICP industry (nan); engagement discounted (automation-heavy); segment L2,Nurture,2,Email undeliverable — use phone or LinkedIn only | Note: email bounced — use phone/LinkedIn; engagement may be automation-inflated,False,Phone / LinkedIn
L00268,Ryan,Carter,ryan.carter@outlook.com,Manager of Something,,Manager,,+1-555-1454,ACC0122,Financial Services,25000.0,,,2024-01-01,Web,Nurturing,False,,True,False,False,False,,False,True,92.0,0.0,False,,,Lead,Orphan Lead,,,,L00268,Quantum Labs,quantumlabs.com,False,True,False,84.6,United States,14168.6,False,False,False,False,True,False,False,False,False,True,False,False,False,False,False,,1,free_email_leakage,11.0,10.0,2026-05-20 00:00:00,2023-04-08 00:00:00,8.0,10.0,0.9090909090909092,True,1.0,0.0,0.0,0.0,2.059210658025413e-05,0.0,0.0,0.0,0.0,2.059210658025413e-05,True,False,0.65,L1,0.9,68.21,61.389,0.5,0.0,0.25,1.7073957193751329e-06,61.4,25.0,11.7,0.75,0.15,0.1,High,last engaged 8d ago; ICP industry (Financial Services); engagement discounted (automation-heavy); segment L1,Nurture,2,Add to long-term nurture sequence | Note: opted out — no email; engagement may be automation-inflated,False,Nurture
C00084,Gary,Adams,gadams@luminarytechnologies.com,Individual Contributor of Something,,Individual Contributor,,+1-555-3959,ACC0096,Energy,150.0,,,2023-03-21,,,False,,False,False,False,False,,False,False,,,,,,Contact,Orphan Contact,,64.7,False,C00084,Zenith Labs,zenithlabs.com,False,True,False,88.1,United States,22.8,True,False,False,True,False,False,False,False,False,False,False,False,False,False,False,,2,"duplicate_email, orphan_contact",9.0,7.0,2025-12-25 00:00:00,2023-02-24 00:00:00,154.0,8.0,0.7777777777777778,True,1.0,0.0,0.0,0.0,0.0,2.515222776994464e-07,0.0,0.0,0.0,2.515222776994464e-07,True,False,0.65,C2,0.55,68.56,37.708000000000006,0.3,0.0,0.15,1.6416378221548797e-08,37.7,15.0,11.7,0.6,0.25,0.15,Medium,last engaged 154d ago; ICP industry (Energy); engagement discounted (automation-heavy); segment C2,Nurture,2,Add to long-term nurture sequence | Note: engagement may be automation-inflated,False,Nurture
L00447,Daniel,Rodriguez,drodriguez@nimbuscorp.com,Unknown Title,Nimbus Corp Ltd,,,,ACC0133,Financial Services,25000.0,,,2024-01-01,Partner Referral,Open,False,,True,False,False,False,,False,False,84.0,0.0,True,No Longer With Company,2022-06-19,Lead,Orphan Lead,,,,L00447,Nimbus Corp,nimbuscorp.com,False,True,False,40.5,United Kingdom,9457.9,False,False,False,False,True,False,False,False,False,False,False,False,True,False,False,,1,missing_phone,4.0,0.0,2025-10-17 00:00:00,2023-05-14 00:00:00,223.0,1.0,0.0,False,3.0,0.0,0.0,0.0,8.678305970429092,0.0,0.0,0.0,0.0,8.678305970429092,True,False,0.65,L1,0.9,63.8,57.42,0.5,0.0,0.25,0.7195622462223789,57.4,25.0,11.6,0.75,0.15,0.1,High,last engaged 223d ago; ICP industry (Financial Services); segment L1,Nurture,2,Add to long-term nurture sequence | Note: opted out — no email,False,Nurture
L00164,Betty,Roberts,broberts@aethernetworks.com,Manager of Something,Aether Networks & Co,Manager,,+1-555-8125,ACC0008,Financial Services,1000.0,,,2022-08-26,Content Syndication,Working,False,,False,False,False,False,,False,False,95.0,0.0,False,,,Lead,Orphan Lead,,,,L00164,Aether Networks,aethernetworks.com,False,True,False,17.3,United States,301.0,False,False,False,False,False,False,False,False,False,False,False,False,False,False,False,,0,,2.0,0.0,2024-11-26 00:00:00,2024-06-28 00:00:00,548.0,1.0,0.0,False,1.0,0.0,0.0,0.0,0.0,3.8731212442218594e-05,0.0,0.0,0.0,3.8731212442218594e-05,True,False,1.0,L1,0.9,66.73,60.057,0.5,0.0,0.25,3.211400740974448e-06,60.1,25.0,11.5,0.75,0.15,0.1,High,last engaged 548d ago; ICP industry (Financial Services); segment L1,Nurture,2,Add to long-term nurture sequence,False,Nurture
L00458,George,Wright,gwright@bastionnetworks.com,Manager of Something,Bastion Networks Inc.,Manager,,+1-555-4957,ACC0007,Energy,300.0,,,2024-01-01,Content Syndication,Disqualified,False,,False,True,False,False,,False,False,26.0,0.0,False,,,Lead,Orphan Lead,,,,L00458,Bastion Networks,bastionnetworks.com,False,True,False,69.3,United States,37.8,False,False,False,False,False,True,False,False,False,False,False,False,False,False,False,,0,,0.0,0.0,0,0,0.0,0.0,0.0,,0.0,0.0,0.0,0.0,0.0,0.0,0.0,0.0,0.0,0.0,True,False,0.65,L1,0.9,66.68,60.01200000000001,0.5,0.0,0.25,0.0,60.0,25.0,11.5,0.75,0.15,0.1,High,no engagement history; ICP industry (Energy); engagement discounted (automation-heavy); segment L1,Nurture,2,Email undeliverable — use phone or LinkedIn only | Note: email bounced — use phone/LinkedIn; engagement may be automation-inflated,False,Phone / LinkedIn
L00475,Daniel,Rivera,drivera@mantlesystems.com,Unknown Title,Mantle Systems Group,,,+1-555-2724,ACC0098,Telecommunications,2000.0,,,2024-01-01,Cold Call,Open,False,,False,False,False,False,,False,False,49.0,0.0,False,,,Lead,Orphan Lead,,,,L00475,Mantle Systems,mantlesystems.com,False,True,False,20.2,United States,617.5,False,False,False,False,False,False,False,False,False,False,False,False,False,False,False,,0,,7.0,5.0,2026-04-18 00:00:00,2023-10-30 00:00:00,40.0,6.0,0.7142857142857143,True,1.0,0.0,0.0,0.0,6.0997837304876806e-05,0.0,0.0,0.0,0.0,6.0997837304876806e-05,True,False,1.0,L1,0.9,67.02,60.318,0.5,0.0,0.25,5.057639241502127e-06,60.3,25.0,11.5,0.75,0.15,0.1,High,last engaged 40d ago; ICP industry (Telecommunications); engagement discounted (automation-heavy); segment L1,Nurture,2,Add to long-term nurture sequence | Note: engagement may be automation-inflated,False,Nurture
C00354,Barbara,Torres,btorres@atlasdynamics.com,Manager of Something,,Manager,,+1-555-6912,ACC0126,Telecommunications,75.0,,,2022-06-01,,,True,2023-11-26,False,True,False,False,,False,False,,,,,,Contact,Orphan Contact,,73.3,False,C00354,Atlas Dynamics,atlasdynamics.com,False,True,False,25.3,Canada,7.0,False,False,False,True,False,True,False,False,False,False,False,False,False,False,False,,1,orphan_contact,6.0,6.0,2026-05-01 00:00:00,2023-08-24 00:00:00,27.0,6.0,1.0,True,0.0,0.0,0.0,0.0,0.0,0.0,0.0,0.0,0.0,0.0,True,False,0.25,C2,0.55,56.28,30.954000000000004,0.5,0.0,0.25,0.0,31.0,25.0,11.5,0.6,0.25,0.15,High,last engaged 27d ago; ICP industry (Telecommunications); engagement discounted (automation-heavy); segment C2,Nurture,2,Email undeliverable — use phone or LinkedIn only | Note: email bounced — use phone/LinkedIn; engagement may be automation-inflated,False,Phone / LinkedIn
L00194,Lisa,Johnson,ljohnson@paragonnetworks.com,Manager of Something,,Manager,,+1-555-1185,ACC0080,Financial Services,25000.0,,,2024-01-01,Web,Working,False,,False,False,False,False,,False,False,48.0,0.0,False,,,Lead,Orphan Lead,,,,L00194,Paragon Networks,paragonnetworks.com,False,True,False,58.1,Germany,13337.7,False,False,False,False,False,False,False,False,False,False,False,False,False,False,False,,0,,10.0,9.0,2025-10-24 00:00:00,2023-01-31 00:00:00,216.0,10.0,0.9,True,0.0,0.0,0.0,0.0,0.0,0.0,0.0,0.0,0.0,0.0,True,False,0.65,L1,0.9,65.56,59.004000000000005,0.5,0.0,0.25,0.0,59.0,25.0,11.4,0.75,0.15,0.1,High,last engaged 216d ago; ICP industry (Financial Services); engagement discounted (automation-heavy); segment L1,Nurture,2,Add to long-term nurture sequence | Note: engagement may be automation-inflated,False,Nurture
C00106,Paul,Miller,pmiller@dynexlabs.com,Individual Contributor of Something,,Individual Contributor,Technical Buyer,+1-555-4311,ACC0158,Professional Services,500.0,,,2023-08-12,,,True,2023-05-17,False,False,False,False,,False,False,,,,,,Contact,Orphan Contact,,79.2,False,C00106,Dynex Labs,dynexlabs.com,False,False,False,51.8,Netherlands,146.0,False,False,False,True,False,False,False,False,False,False,False,False,False,False,False,,1,orphan_contact,0.0,0.0,0,0,0.0,0.0,0.0,,0.0,0.0,0.0,0.0,0.0,0.0,0.0,0.0,0.0,0.0,False,False,1.0,C2,0.55,20.18,11.099,0.3,0.85,0.575,0.0,11.1,57.5,11.4,0.6,0.25,0.15,High,no engagement history; engagement discounted (automation-heavy); segment C2,Nurture,2,Add to long-term nurture sequence | Note: engagement may be automation-inflated,False,Nurture
C00330,Richard,Lee,rlee@mantlegroup.com,,,,Technical Buyer,+1-555-8378,ACC0169,Retail,75.0,,,2023-02-09,,,False,,False,False,False,False,,False,False,,,,,,Contact,Orphan Contact,,99.1,False,C00330,Mantle Group,mantlegroup.com,False,False,False,55.4,United States,5.0,False,False,False,True,False,False,False,False,False,False,False,True,False,False,False,,2,"orphan_contact, missing_title",3.0,0.0,2025-03-29 00:00:00,2023-11-19 00:00:00,425.0,1.0,0.0,False,2.0,0.0,0.0,0.0,0.0271880712323101,0.0,0.0,6.337964243820724e-07,0.0,0.0271887050287345,False,False,0.25,C2,0.55,9.29,5.1095,0.5,0.85,0.675,0.0017745547996316,5.1,67.5,11.4,0.6,0.25,0.15,Medium,last engaged 425d ago; segment C2,Nurture,2,Add to long-term nurture sequence,False,Nurture
C00400,Betty,Anderson,banderson@bastionsolutions.com,Individual Contributor of Something,,Individual Contributor,,+1-555-9038,ACC0108,Healthcare,1500.0,,,2022-11-05,,,True,2023-06-11,False,False,False,False,,False,False,,,,,,Contact,Orphan Contact,,24.0,False,C00400,Bastion Solutions,bastionsolutions.com,False,True,False,11.1,United States,369.1,False,False,False,True,False,False,False,False,False,False,False,False,False,False,False,,1,orphan_contact,0.0,0.0,0,0,0.0,0.0,0.0,,0.0,0.0,0.0,0.0,0.0,0.0,0.0,0.0,0.0,0.0,True,False,1.0,C2,0.55,66.11,36.3605,0.3,0.0,0.15,0.0,36.4,15.0,11.4,0.6,0.25,0.15,High,no engagement history; ICP industry (Healthcare); engagement discounted (automation-heavy); segment C2,Nurture,2,Add to long-term nurture sequence | Note: engagement may be automation-inflated,False,Nurture
L00090,Ashley,Anderson,ashley.anderson@outlook.com,Manager of Something,Paragon Group Ltd,Manager,,+1-555-3087,ACC0011,Financial Services,10000.0,,,2024-01-01,Partner Referral,Nurturing,False,,False,True,False,False,,False,True,59.0,0.0,True,No Longer With Company,2023-02-05,Lead,Orphan Lead,,,,L00090,Paragon Group,paragongroup.com,False,True,False,0.4,United States,3252.0,False,False,False,False,False,True,False,False,False,True,False,False,False,False,False,,1,free_email_leakage,1.0,0.0,2024-05-09 00:00:00,2024-05-09 00:00:00,749.0,0.0,0.0,False,1.0,0.0,0.0,0.0,1.52494593262192e-05,0.0,0.0,0.0,0.0,1.52494593262192e-05,True,False,1.0,L1,0.9,65.04,58.53600000000001,0.5,0.0,0.25,1.2644098103755316e-06,58.5,25.0,11.3,0.75,0.15,0.1,High,last engaged 749d ago; ICP industry (Financial Services); segment L1,Nurture,2,Email undeliverable — use phone or LinkedIn only | Note: email bounced — use phone/LinkedIn,False,Phone / LinkedIn
L00596,Robert,Moore,rmoore@dynextechnologies.com,Manager of Something,Dynex Technologies Corp,Manager,,+1-555-5784,ACC0060,Financial Services,200.0,,,2023-04-24,Advertisement,MQL,True,2023-03-16,False,False,False,False,,False,False,45.0,3.0,False,,,Lead,Orphan Lead,,,,L00596,Dynex Technologies,dynextechnologies.com,False,True,False,51.7,United States,27.4,False,False,False,False,False,False,False,False,False,False,False,False,False,False,False,,0,,0.0,0.0,0,0,0.0,0.0,0.0,,0.0,0.0,0.0,0.0,0.0,0.0,0.0,0.0,0.0,0.0,True,False,0.65,L1,0.9,64.92,58.428,0.5,0.0,0.25,0.0,58.4,25.0,11.3,0.75,0.15,0.1,High,no engagement history; ICP industry (Financial Services); engagement discounted (automation-heavy); segment L1,Nurture,2,Add to long-term nurture sequence | Note: engagement may be automation-inflated,False,Nurture
C00162,Kevin,Wright,kwright@aethertechnologies.com,Manager of Something,,Manager,Financial Buyer,,ACC0089,Education,750.0,,,2022-06-01,,,False,,True,False,False,False,,False,False,,,,,,Contact,Orphan Contact,,37.9,False,C00162,Aether Technologies,aethertechnologies.com,False,False,False,16.3,Germany,244.2,False,False,False,True,True,False,False,False,False,False,False,False,True,False,False,,2,"orphan_contact, missing_phone",14.0,13.0,2026-05-28 00:00:00,2023-09-10 00:00:00,0.0,13.0,0.9285714285714286,True,1.0,0.0,0.0,0.0,0.0,1.0620340325121186e-05,0.0,0.0,0.0,1.0620340325121186e-05,False,False,1.0,C2,0.55,16.63,9.1465,0.5,0.7,0.6,6.931693097463535e-07,9.1,60.0,11.3,0.6,0.25,0.15,Medium,no engagement history; engagement discounted (automation-heavy); segment C2,Nurture,2,Add to long-term nurture sequence | Note: opted out — no email; engagement may be automation-inflated,False,Nurture
L00572,Sarah,Garcia,sgarcia@heliossolutions.com,Individual Contributor of Something,Helios Solutions & Co,Individual Contributor,,+1-555-9962,ACC0039,Software,10000.0,,,2023-10-13,Trade Show,MQL,True,2023-12-19,False,False,False,True,C00057,False,False,32.0,4.0,False,,,Lead,Converted Lead - linked,,,,C00057,Helios Solutions,heliossolutions.com,False,True,False,41.9,United States,3926.2,True,False,False,False,False,False,False,False,False,False,False,False,False,False,False,,1,duplicate_email,15.0,10.0,2025-11-28 00:00:00,2023-03-30 00:00:00,181.0,11.0,0.6666666666666666,False,4.0,0.0,0.0,0.0,5.920767837931243,0.0,8.75315917133498e-10,0.0,6.951637503033934e-07,5.9207685339703096,True,False,1.0,L1,0.9,69.19,62.271,0.3,0.0,0.15,0.4909208686791446,62.3,15.0,11.2,0.75,0.15,0.1,High,last engaged 181d ago; ICP industry (Software); segment L1,Nurture,2,Do not action — record converted to contact C00057 (work the contact record instead),True,Converted
L00024,Paul,White,pwhite@kryptonventures.com,Individual Contributor of Something,,Individual Contributor,,+1-555-1094,ACC0014,Financial Services,500.0,,,2024-01-01,Trade Show,Working,False,,False,False,False,False,,False,False,89.0,0.0,False,,,Lead,Orphan Lead,,,,L00024,Krypton Ventures,kryptonventures.com,False,True,False,58.5,United States,127.1,False,False,False,False,False,False,False,False,False,False,False,False,False,False,False,,0,,10.0,7.0,2025-12-27 00:00:00,2023-02-24 00:00:00,152.0,8.0,0.7,False,2.0,0.0,0.0,0.0,0.0,0.0,0.0012110908904786,0.0,0.0,0.0012110908904786,True,False,1.0,L1,0.9,70.85,63.76499999999999,0.3,0.0,0.15,0.0001004176718937,63.8,15.0,11.1,0.75,0.15,0.1,High,last engaged 152d ago; ICP industry (Financial Services); segment L1,Nurture,2,Add to long-term nurture sequence,False,Nurture
C00010,Kevin,Perez,kperez@unknown.com,Manager of Something,,Manager,Technical Buyer,,,,,,,2022-10-16,,,True,2022-12-09,False,False,False,False,,True,True,,,,,,Contact,Converted Contact,L00448,11.6,True,C00010,,,,,,,,,True,False,False,False,False,False,False,False,False,False,True,False,True,True,False,,4,"duplicate_email, missing_account, missing_phone, missing_industry",14.0,12.0,2026-01-09 00:00:00,2023-03-08 00:00:00,139.0,13.0,0.8571428571428571,True,1.0,0.0,0.0,2.912163640362762e-05,0.0,0.0,0.0,0.0,0.0,2.912163640362762e-05,False,False,0.25,C1,1.0,3.75,3.75,0.5,0.85,0.675,1.9007135352187028e-06,3.8,67.5,11.1,0.6,0.25,0.15,Low,last engaged 139d ago; engagement discounted (automation-heavy); segment C1,Nurture,2,Add to long-term nurture sequence | Note: engagement may be automation-inflated,False,Nurture
L00049,Ryan,Thomas,rthomas@vertexpartners.com,VP of Something,,VP,,+1-555-1571,ACC0023,Education,100.0,,,2024-01-01,Web,Working,False,,False,False,False,True,C00224,False,False,92.0,0.0,False,,,Lead,Converted Lead - linked,,,,C00224,Vertex Partners,vertexpartners.com,True,False,False,29.5,United States,11.0,True,False,False,False,False,False,False,False,False,False,False,False,False,False,False,,1,duplicate_email,3.0,0.0,2026-01-13 00:00:00,2023-08-19 00:00:00,135.0,0.0,0.0,False,3.0,0.0,0.0,5.154327776456618,22.09708691207961,0.0,0.0,0.0,3.4212946958246435e-09,27.251414691957525,False,True,0.65,L1,0.9,37.7,33.93000000000001,0.85,0.0,0.425,2.259552640261765,33.9,42.5,11.0,0.75,0.15,0.1,High,last engaged 135d ago; named account; segment L1,Nurture,2,Do not action — record converted to contact C00224 (work the contact record instead),True,Converted
L00155,Gary,Roberts,gary.roberts@hotmail.com,Individual Contributor of Something,Radiant,Individual Contributor,Financial Buyer,+1-555-6802,ACC0145,Professional Services,10000.0,,,2024-01-01,Event,Working,False,,False,False,False,True,C00243,False,True,52.0,0.0,False,,,Lead,Converted Lead - linked,,,,C00243,Radiant Dynamics,radiantdynamics.com,True,False,False,45.0,Canada,2634.7,True,False,False,False,False,False,False,False,False,True,False,False,False,False,False,,2,"duplicate_email, free_email_leakage",3.0,0.0,2026-05-06 00:00:00,2025-10-13 00:00:00,22.0,2.0,0.0,False,1.0,0.0,0.0,0.0,0.0,0.0,0.0,0.0,0.2637402238609748,0.2637402238609748,False,True,1.0,L1,0.9,44.5,40.05,0.3,0.7,0.5,0.0218680360599469,40.0,50.0,11.0,0.75,0.15,0.1,Medium,last engaged 22d ago; named account; segment L1,Nurture,2,Do not action — record converted to contact C00243 (work the contact record instead),True,Converted
L00407,John,Taylor,jtaylor@novasolutions.com,Director of Something,Nova Solutions LLC,Director,Technical Buyer,+1-555-8941,ACC0016,Retail,3500.0,,,2024-01-01,Cold Call,Nurturing,False,,False,False,False,False,,False,False,54.0,0.0,False,,,Lead,Orphan Lead,,,,L00407,Nova Solutions,novasolutions.com,False,False,False,89.7,Germany,890.6,False,False,False,False,False,False,False,False,False,False,False,False,False,False,False,,0,,1.0,0.0,2025-04-01 00:00:00,2025-04-01 00:00:00,422.0,0.0,0.0,False,1.0,0.0,0.0,0.0,0.0291394532443364,0.0,0.0,0.0,0.0,0.0291394532443364,False,False,1.0,L1,0.9,23.97,21.573,0.7,0.85,0.7749999999999999,0.0024160994670656,21.6,77.5,11.0,0.75,0.15,0.1,High,last engaged 422d ago; segment L1,Nurture,2,Add to long-term nurture sequence,False,Nurture
L00434,Donald,Thomas,dthomas@finessecorp.com,Manager of Something,Finesse Corp Inc.,Manager,CISO,+1-555-5113,ACC0114,Professional Services,7500.0,,,2024-01-01,Employee Referral,Working,False,,False,False,False,False,,False,False,66.0,0.0,False,,,Lead,Orphan Lead,,,,L00434,Finesse Corp,finessecorp.com,False,False,False,98.5,Germany,1867.7,False,False,False,False,False,False,False,False,False,False,False,False,False,False,False,,0,,2.0,0.0,2025-12-14 00:00:00,2023-12-18 00:00:00,165.0,0.0,0.0,False,2.0,0.0,0.0,0.0,5.602021869654392e-07,0.0,0.0,2.209708691207962,0.0,2.209709251410149,False,False,1.0,L1,0.9,24.85,22.365,0.5,1.0,0.75,0.1832181715948926,22.4,75.0,11.0,0.75,0.15,0.1,High,last engaged 165d ago; segment L1,Nurture,2,Add to long-term nurture sequence,False,Nurture
L00559,Richard,Smith,rsmith@eclipsenetworks.com,Manager of Something,Eclipse Networks Inc.,Manager,,,ACC0105,Healthcare,75.0,,,2024-01-01,Event,Disqualified,False,,True,False,False,False,,False,False,77.0,0.0,False,,,Lead,Orphan Lead,,,,L00559,Eclipse Networks,eclipsenetworks.com,False,True,False,95.9,Canada,3.0,False,False,False,False,True,False,False,False,False,False,False,False,True,False,False,,1,missing_phone,12.0,12.0,2026-05-10 00:00:00,2023-02-19 00:00:00,18.0,12.0,1.0,True,0.0,0.0,0.0,0.0,0.0,0.0,0.0,0.0,0.0,0.0,True,False,0.25,L1,0.9,63.34,57.00600000000001,0.5,0.0,0.25,0.0,57.0,25.0,11.0,0.75,0.15,0.1,High,last engaged 18d ago; ICP industry (Healthcare); engagement discounted (automation-heavy); segment L1,Nurture,2,Add to long-term nurture sequence | Note: opted out — no email; engagement may be automation-inflated,False,Nurture
L00259,Margaret,Sanchez,msanchez@emblemsolutions.com,Manager of Something,Emblem,Manager,,+1-555-8711,ACC0146,Software,300.0,,,2023-12-30,Web,Nurturing,False,,False,False,False,False,,False,False,57.0,0.0,False,,,Lead,Orphan Lead,,,,L00259,Emblem Solutions,emblemsolutions.com,False,True,False,24.5,Germany,36.4,False,False,False,False,False,False,False,False,False,False,False,False,False,False,False,,0,,2.0,0.0,2024-10-02 00:00:00,2024-05-24 00:00:00,603.0,1.0,0.0,False,1.0,0.0,0.0,0.0,2.1565992197996097e-05,0.0,0.0,0.0,0.0,2.1565992197996097e-05,True,False,0.65,L1,0.9,62.2,55.98,0.5,0.0,0.25,1.788145502230672e-06,56.0,25.0,10.9,0.75,0.15,0.1,High,last engaged 603d ago; ICP industry (Software); segment L1,Nurture,2,Add to long-term nurture sequence,False,Nurture
L00547,Rebecca,White,rwhite@unknown.com,Individual Contributor of Something,,Individual Contributor,CISO,+1-555-8146,,,,Healthcare,,2024-01-01,Advertisement,MQL,True,2023-02-20,False,True,False,True,C00362,False,False,76.0,1.0,False,,,Lead,Converted Lead - linked,,,,C00362,,,,,,,,,True,False,False,False,False,True,False,False,False,False,True,False,False,True,False,,3,"duplicate_email, missing_account, missing_industry",7.0,7.0,2025-10-15 00:00:00,2023-02-26 00:00:00,225.0,7.0,1.0,True,0.0,0.0,0.0,0.0,0.0,0.0,0.0,0.0,0.0,0.0,True,False,0.25,L2,0.55,53.75,29.562500000000004,0.3,1.0,0.65,0.0,29.6,65.0,10.9,0.75,0.15,0.1,Medium,last engaged 225d ago; ICP industry (nan); engagement discounted (automation-heavy); segment L2,Nurture,2,Do not action — record converted to contact C00362 (work the contact record instead),True,Converted
L00329,Jessica,Lopez,jlopez@mantlesolutions.com,Unknown Title,,,,,ACC0163,Energy,50000.0,,,2022-07-05,Partner Referral,MQL,True,2023-07-30,True,False,False,True,C00109,False,False,64.0,2.0,False,,,Lead,Converted Lead - linked,,,,C00109,Mantle Solutions,mantlesolutions.com,False,True,False,13.2,United States,27661.8,True,False,False,False,True,False,False,False,False,False,False,False,True,False,False,,2,"duplicate_email, missing_phone",10.0,6.0,2026-04-13 00:00:00,2023-03-15 00:00:00,45.0,8.0,0.6,False,2.0,0.0,0.0,0.0,0.0,0.0,3.6379788070917207e-10,8.553236739561621e-10,0.0,1.2191215546653343e-09,True,False,0.65,L1,0.9,61.07,54.963,0.5,0.0,0.25,1.0108353488367874e-10,55.0,25.0,10.8,0.75,0.15,0.1,Medium,last engaged 45d ago; ICP industry (Energy); segment L1,Nurture,2,Do not action — record converted to contact C00109 (work the contact record instead),True,Converted
C00189,Carol,Smith,csmith@aethersolutions.com,Individual Contributor of Something,,Individual Contributor,Financial Buyer,+1-555-9948,ACC0112,Education,1000.0,,,2024-01-01,,,False,,False,False,False,False,,False,False,,,,,,Contact,Orphan Contact,,95.8,False,C00189,Aether Solutions,aethersolutions.com,False,False,False,87.7,United States,333.0,False,False,False,True,False,False,False,False,False,False,False,False,False,False,False,,1,orphan_contact,14.0,13.0,2026-05-24 00:00:00,2023-03-19 00:00:00,4.0,14.0,0.9285714285714286,True,0.0,0.0,0.0,0.0,0.0,0.0,0.0,0.0,0.0,0.0,False,False,1.0,C2,0.55,23.77,13.0735,0.3,0.7,0.5,0.0,13.1,50.0,10.8,0.6,0.25,0.15,High,last engaged 4d ago; engagement discounted (automation-heavy); segment C2,Nurture,2,Add to long-term nurture sequence | Note: engagement may be automation-inflated,False,Nurture
L00485,Matthew,Young,myoung@quartzpartners.com,VP of Something,Quartz Partners & Co,VP,Technical Buyer,+1-555-4632,ACC0006,Manufacturing,1500.0,,,2023-01-29,Cold Call,MQL,True,2022-09-26,False,True,False,False,,False,False,0.0,3.0,False,,,Lead,Orphan Lead,,,,L00485,Quartz Partners,quartzpartners.com,False,False,False,14.4,United States,400.2,False,False,False,False,False,True,False,False,False,False,False,False,False,False,False,,0,,0.0,0.0,0,0,0.0,0.0,0.0,,0.0,0.0,0.0,0.0,0.0,0.0,0.0,0.0,0.0,0.0,False,False,1.0,L1,0.9,16.44,14.796,0.85,0.85,0.85,0.0,14.8,85.0,10.7,0.75,0.15,0.1,High,no engagement history; engagement discounted (automation-heavy); segment L1,Nurture,2,Email undeliverable — use phone or LinkedIn only | Note: email bounced — use phone/LinkedIn; engagement may be automation-inflated,False,Phone / LinkedIn
C00122,Angela,Martinez,amartinez@unknown.com,Individual Contributor of Something,,Individual Contributor,,+1-555-4173,,,,,,2023-04-26,,,False,,True,False,False,False,,False,False,,,,,,Contact,Orphan Contact,,22.1,False,C00122,,,,,,,,,True,False,False,True,True,False,False,False,False,False,True,False,False,True,False,,4,"duplicate_email, orphan_contact, missing_account, missing_industry",2.0,0.0,2026-04-29 00:00:00,2023-04-25 00:00:00,29.0,1.0,0.0,False,1.0,1.0,1.0,0.0,0.0,204.674778399355,0.0,0.0,0.0,204.674778399355,False,False,0.25,C3,0.45,3.75,1.6875,0.3,0.0,0.15,13.358731502227062,1.7,15.0,10.7,0.6,0.25,0.15,Low,last engaged 29d ago; segment C3,Nurture,2,Add to long-term nurture sequence | Note: opted out — no email,False,Nurture
C00221,Joseph,Nelson,jnelson@meridianlabs.com,Individual Contributor of Something,,Individual Contributor,,+1-555-6582,ACC0061,Education,100.0,,,2024-01-01,,,True,2023-11-25,False,True,False,False,,False,False,,,,,,Contact,Orphan Contact,,5.7,False,C00221,Meridian Labs,meridianlabs.com,False,False,False,74.2,United States,12.4,False,False,False,True,False,True,False,False,False,False,False,False,False,False,False,,1,orphan_contact,1.0,0.0,2026-04-17 00:00:00,2026-04-17 00:00:00,41.0,0.0,0.0,False,1.0,0.0,1.0,0.0,0.0,155.11447618337343,0.0,0.0,0.0,155.11447618337343,False,False,0.65,C2,0.55,17.17,9.443500000000002,0.3,0.0,0.15,10.12402532274494,9.4,15.0,10.7,0.6,0.25,0.15,High,last engaged 41d ago; segment C2,Nurture,2,Email undeliverable — use phone or LinkedIn only | Note: email bounced — use phone/LinkedIn,False,Phone / LinkedIn
C00223,George,White,gwhite@harborcorp.com,Manager of Something,,Manager,Financial Buyer,+1-555-2616,ACC0063,Education,25.0,,,2024-01-01,,,False,,False,True,False,False,,False,False,,,,,,Contact,Orphan Contact,,35.8,False,C00223,Harbor Corp,harborcorp.com,False,False,False,78.3,United States,2.3,False,False,False,True,False,True,False,False,False,False,False,False,False,False,False,,1,orphan_contact,3.0,0.0,2024-10-28 00:00:00,2023-02-01 00:00:00,577.0,0.0,0.0,False,3.0,0.0,0.0,0.0,0.0,0.0,0.0,0.0004867556539254,0.0,0.0004867556539254,False,False,0.25,C2,0.55,11.579999999999998,6.369,0.5,0.7,0.6,3.176961098398271e-05,6.4,60.0,10.6,0.6,0.25,0.15,High,last engaged 577d ago; segment C2,Nurture,2,Email undeliverable — use phone or LinkedIn only | Note: email bounced — use phone/LinkedIn,False,Phone / LinkedIn
C00291,Betty,Mitchell,bmitchell@quantumnetworks.com,,,Manager,Influencer,+1-555-2824,ACC0001,Government,2000.0,,,2022-05-07,,,True,2022-05-12,False,False,False,False,,False,False,,,,,,Contact,Orphan Contact,,83.7,False,C00291,Quantum Networks,quantumnetworks.com,False,False,False,73.9,United States,675.7,False,False,False,True,False,False,False,False,False,False,False,True,False,False,False,,2,"orphan_contact, missing_title",15.0,14.0,2026-05-15 00:00:00,2023-04-17 00:00:00,13.0,14.0,0.9333333333333332,True,1.0,0.0,0.0,0.0,0.0271880712323101,0.0,0.0,0.0,0.0,0.0271880712323101,False,False,1.0,C2,0.55,22.39,12.3145,0.5,0.5,0.5,0.0017745134329506,12.3,50.0,10.6,0.6,0.25,0.15,Medium,last engaged 13d ago; engagement discounted (automation-heavy); segment C2,Nurture,2,Add to long-term nurture sequence | Note: engagement may be automation-inflated,False,Nurture
C00305,Stephanie,Wright,swright@unknown.com,Unknown Title,,,Technical Buyer,+1-555-3869,,,,,,2024-01-01,,,True,2022-09-04,False,False,False,False,,False,False,,,,,,Contact,Orphan Contact,,48.2,False,C00305,,,,,,,,,True,False,False,True,False,False,False,False,False,False,True,False,False,True,False,,4,"duplicate_email, orphan_contact, missing_account, missing_industry",0.0,0.0,0,0,0.0,0.0,0.0,,0.0,0.0,0.0,0.0,0.0,0.0,0.0,0.0,0.0,0.0,False,False,0.25,C3,0.45,3.75,1.6875,0.5,0.85,0.675,0.0,1.7,67.5,10.6,0.6,0.25,0.15,Low,no engagement history; engagement discounted (automation-heavy); segment C3,Nurture,2,Add to long-term nurture sequence | Note: engagement may be automation-inflated,False,Nurture
L00498,Susan,Walker,swalker@nexusnetworks.com,Individual Contributor of Something,Nexus Networks Corp,Individual Contributor,,+1-555-5518,ACC0185,Energy,1000.0,,,2024-01-01,Advertisement,MQL,True,2022-04-20,True,False,False,False,,False,False,20.0,1.0,False,,,Lead,Orphan Lead,,,,L00498,Nexus Networks,nexusnetworks.com,False,True,False,15.3,United States,230.5,False,False,False,False,True,False,False,False,False,False,False,False,False,False,False,,0,,0.0,0.0,0,0,0.0,0.0,0.0,,0.0,0.0,0.0,0.0,0.0,0.0,0.0,0.0,0.0,0.0,True,False,1.0,L1,0.9,66.53,59.877,0.3,0.0,0.15,0.0,59.9,15.0,10.5,0.75,0.15,0.1,High,no engagement history; ICP industry (Energy); engagement discounted (automation-heavy); segment L1,Nurture,2,Add to long-term nurture sequence | Note: opted out — no email; engagement may be automation-inflated,False,Nurture
L00581,Betty,Allen,ballen@paragonnetworks.com,Individual Contributor of Something,Paragon Networks Ltd,Individual Contributor,,+1-555-4507,ACC0118,Software,1000.0,,,2024-01-01,Web,Disqualified,False,,True,False,False,False,,False,False,92.0,0.0,True,Duplicate,2022-02-25,Lead,Orphan Lead,,,,L00581,Paragon Networks,paragonnetworks.com,False,True,False,13.8,United Kingdom,278.7,True,False,False,False,True,False,False,False,False,False,False,False,False,False,False,,1,duplicate_email,0.0,0.0,0,0,0.0,0.0,0.0,,0.0,0.0,0.0,0.0,0.0,0.0,0.0,0.0,0.0,0.0,True,False,1.0,L1,0.9,66.38,59.742,0.3,0.0,0.15,0.0,59.7,15.0,10.5,0.75,0.15,0.1,High,no engagement history; ICP industry (Software); engagement discounted (automation-heavy); segment L1,Nurture,2,Add to long-term nurture sequence | Note: opted out — no email; engagement may be automation-inflated,False,Nurture
L00595,Cynthia,Nelson,cnelson@heliospartners.com,Manager of Something,Helios Partners Group,Manager,,+1-555-1951,ACC0100,Energy,50.0,,,2022-08-03,Trade Show,MQL,True,2022-10-28,True,False,False,False,,False,False,57.0,4.0,False,,,Lead,Orphan Lead,,,,L00595,Helios Partners,heliospartners.com,False,True,False,52.2,United States,2.8,True,False,False,False,True,False,False,False,False,False,False,False,False,False,False,,1,duplicate_email,4.0,0.0,2025-12-20 00:00:00,2023-02-15 00:00:00,159.0,0.0,0.0,False,4.0,0.0,0.0,0.0,0.0,5.3523161330670125e-05,1.9050169118065784e-10,1.2386409880858482e-06,1.269144369306619,1.269199131299439,True,False,0.25,L1,0.9,58.97,53.073,0.5,0.0,0.25,0.1052357200740826,53.1,25.0,10.5,0.75,0.15,0.1,High,last engaged 159d ago; ICP industry (Energy); segment L1,Nurture,2,Add to long-term nurture sequence | Note: opted out — no email,False,Nurture
C00275,Sandra,White,swhite@cascadetechnologies.com,Individual Contributor of Something,,Individual Contributor,,+1-555-4203,ACC0026,Financial Services,150.0,,,2023-11-24,,,True,2023-07-15,True,False,False,False,,False,False,,,,,,Contact,Orphan Contact,,0.0,False,C00275,Cascade Technologies,cascadetechnologies.com,False,True,False,1.8,Canada,15.4,False,False,False,True,True,False,False,False,False,False,False,False,False,False,False,,1,orphan_contact,0.0,0.0,0,0,0.0,0.0,0.0,,0.0,0.0,0.0,0.0,0.0,0.0,0.0,0.0,0.0,0.0,True,False,0.65,C2,0.55,59.93,32.9615,0.3,0.0,0.15,0.0,33.0,15.0,10.5,0.6,0.25,0.15,High,no engagement history; ICP industry (Financial Services); engagement discounted (automation-heavy); segment C2,Nurture,2,Add to long-term nurture sequence | Note: opted out — no email; engagement may be automation-inflated,False,Nurture
L00448,Kevin,Perez,kperez@unknown.com,Director of Something,,Director,Influencer,+1-555-7805,,,,Telecommunications,,2024-01-01,Event,Disqualified,False,,False,False,False,True,C00010,False,False,74.0,0.0,True,Competitor,2023-03-23,Lead,Converted Lead - linked,,,,C00010,,,,,,,,,True,False,False,False,False,False,False,False,False,False,True,False,False,True,False,,3,"duplicate_email, missing_account, missing_industry",14.0,12.0,2026-01-09 00:00:00,2023-03-08 00:00:00,139.0,13.0,0.8571428571428571,True,1.0,0.0,0.0,2.912163640362762e-05,0.0,0.0,0.0,0.0,0.0,2.912163640362762e-05,True,False,0.25,L2,0.55,53.75,29.562500000000004,0.7,0.5,0.6,2.414622182678078e-06,29.6,60.0,10.4,0.75,0.15,0.1,Medium,last engaged 139d ago; ICP industry (nan); engagement discounted (automation-heavy); segment L2,Nurture,2,Do not action — record converted to contact C00010 (work the contact record instead),True,Converted
L00267,Mark,Flores,newsletter@marketingblast.com,Individual Contributor of Something,Solaris Labs,Individual Contributor,,+1-555-5030,ACC0040,Telecommunications,50000.0,,,2024-01-01,Cold Call,Nurturing,False,,False,False,False,False,,False,False,0.0,0.0,True,Bad Data,2023-05-28,Lead,Orphan Lead,,,,L00267,Solaris Labs,solarislabs.com,False,True,False,51.5,United States,36823.5,True,True,False,False,False,False,False,False,False,False,False,False,False,False,False,,2,"duplicate_email, shared_email",0.0,0.0,0,0,0.0,0.0,0.0,,0.0,0.0,0.0,0.0,0.0,0.0,0.0,0.0,0.0,0.0,True,False,0.65,L1,0.9,64.9,58.41,0.3,0.0,0.15,0.0,58.4,15.0,10.3,0.75,0.15,0.1,Medium,no engagement history; ICP industry (Telecommunications); engagement discounted (automation-heavy); segment L1,Nurture,2,Add to long-term nurture sequence | Note: engagement may be automation-inflated,False,Nurture
C00243,Gary,Roberts,gary.roberts@hotmail.com,Individual Contributor of Something,,Individual Contributor,,+1-555-1947,ACC0187,Retail,25.0,,,2022-09-12,,,True,2022-09-28,False,False,False,False,,False,False,,,,,,Contact,Converted Contact,L00155,75.2,True,C00243,Lattice Group,latticegroup.com,True,False,False,34.1,France,1.4,True,False,False,False,False,False,False,False,False,False,False,False,False,False,False,,1,duplicate_email,3.0,0.0,2026-05-06 00:00:00,2025-10-13 00:00:00,22.0,2.0,0.0,False,1.0,0.0,0.0,0.0,0.0,0.0,0.0,0.0,0.2637402238609748,0.2637402238609748,False,True,0.25,C1,1.0,32.16,32.16,0.3,0.0,0.15,0.0172138202100387,32.2,15.0,10.3,0.6,0.25,0.15,High,last engaged 22d ago; named account; segment C1,Nurture,2,Add to long-term nurture sequence,False,Nurture
L00041,Emily,Nelson,enelson@unknown.com,Individual Contributor of Something,,Individual Contributor,Technical Buyer,+1-555-7140,,,,Energy,,2023-11-24,Web,Nurturing,False,,False,False,False,False,,False,False,0.0,0.0,False,,,Lead,Orphan Lead,,,,L00041,,,,,,,,,False,False,False,False,False,False,False,False,False,False,True,False,False,True,False,,2,"missing_account, missing_industry",0.0,0.0,0,0,0.0,0.0,0.0,,0.0,0.0,0.0,0.0,0.0,0.0,0.0,0.0,0.0,0.0,True,False,0.25,L2,0.55,53.75,29.562500000000004,0.3,0.85,0.575,0.0,29.6,57.5,10.2,0.75,0.15,0.1,Medium,no engagement history; ICP industry (nan); engagement discounted (automation-heavy); segment L2,Nurture,2,Add to long-term nurture sequence | Note: engagement may be automation-inflated,False,Nurture
L00561,Joshua,Perez,jperez@glacierdynamics.com,Unknown Title,Glacier Dynamics Group,,CISO,+1-555-5238,ACC0177,Government,750.0,,,2023-05-17,Event,Open,False,,True,False,False,False,,False,False,11.0,0.0,False,,,Lead,Orphan Lead,,,,L00561,Glacier Dynamics,glacierdynamics.com,False,False,False,46.5,Sweden,173.0,False,False,False,False,True,False,False,False,False,False,False,False,False,False,False,,0,,9.0,6.0,2026-01-10 00:00:00,2023-11-06 00:00:00,138.0,7.0,0.6666666666666666,False,2.0,0.0,0.0,0.0,0.0,0.0,6.337964243820745e-07,0.0,0.0,6.337964243820745e-07,False,False,1.0,L1,0.9,19.65,17.685,0.5,1.0,0.75,5.2551267531943025e-08,17.7,75.0,10.2,0.75,0.15,0.1,High,last engaged 138d ago; segment L1,Nurture,2,Add to long-term nurture sequence | Note: opted out — no email,False,Nurture
L00052,Christopher,Nguyen,cnguyen@meridianlabs.com,Director of Something,Meridian Labs Ltd,Director,Technical Buyer,,ACC0061,Education,100.0,,,2024-01-01,Advertisement,MQL,True,2022-05-07,True,False,False,False,,False,False,22.0,2.0,False,,,Lead,Orphan Lead,,,,L00052,Meridian Labs,meridianlabs.com,False,False,False,74.2,United States,12.4,False,False,False,False,True,False,False,False,False,False,False,False,True,False,False,,1,missing_phone,1.0,0.0,2024-09-10 00:00:00,2024-09-10 00:00:00,625.0,1.0,0.0,False,0.0,0.0,0.0,0.0,0.0,0.0,0.0,0.0,0.0,0.0,False,False,0.65,L1,0.9,17.17,15.453,0.7,0.85,0.7749999999999999,0.0,15.5,77.5,10.1,0.75,0.15,0.1,High,last engaged 625d ago; segment L1,Nurture,2,Add to long-term nurture sequence | Note: opted out — no email,False,Nurture
L00269,Margaret,Rivera,mrivera@quartzpartners.com,Director of Something,Quartz,Director,Technical Buyer,+1-555-2671,ACC0006,Manufacturing,1500.0,,,2024-01-01,Trade Show,Nurturing,False,,False,False,False,False,,False,False,3.0,0.0,False,,,Lead,Orphan Lead,,,,L00269,Quartz Partners,quartzpartners.com,False,False,False,14.4,United States,400.2,False,False,False,False,False,False,False,False,False,False,False,False,False,False,False,,0,,3.0,1.0,2024-05-01 00:00:00,2023-12-29 00:00:00,757.0,2.0,0.3333333333333333,False,1.0,0.0,0.0,1.4446161331923077e-06,0.0,0.0,0.0,0.0,0.0,1.4446161331923077e-06,False,False,1.0,L1,0.9,16.44,14.796,0.7,0.85,0.7749999999999999,1.1978043102777898e-07,14.8,77.5,10.0,0.75,0.15,0.1,High,last engaged 757d ago; segment L1,Nurture,2,Add to long-term nurture sequence,False,Nurture
L00415,Andrew,Miller,amiller@emblemgroup.com,Manager of Something,Emblem,Manager,CISO,+1-555-5073,ACC0068,Manufacturing,15000.0,,,2024-01-01,Webinar,Disqualified,False,,False,False,False,False,,False,False,27.0,0.0,False,,,Lead,Orphan Lead,,,,L00415,Emblem Group,emblemgroup.com,False,False,False,79.8,France,6955.9,False,False,False,False,False,False,False,False,False,False,False,False,False,False,False,,0,,15.0,14.0,2026-05-12 00:00:00,2023-02-26 00:00:00,16.0,14.0,0.9333333333333332,True,1.0,0.0,0.0,0.0,1.1035036685217667e-05,0.0,0.0,0.0,0.0,1.1035036685217667e-05,False,False,0.65,L1,0.9,17.73,15.957,0.5,1.0,0.75,9.149707110371648e-07,16.0,75.0,9.9,0.75,0.15,0.1,High,last engaged 16d ago; engagement discounted (automation-heavy); segment L1,Nurture,2,Add to long-term nurture sequence | Note: engagement may be automation-inflated,False,Nurture
L00470,Daniel,Nguyen,dnguyen@emblemsolutions.com,Individual Contributor of Something,Emblem Solutions Group,Individual Contributor,,+1-555-3607,ACC0146,Software,300.0,,,2024-01-01,Partner Referral,MQL,True,2023-04-21,False,False,False,False,,False,False,98.0,1.0,False,,,Lead,Orphan Lead,,,,L00470,Emblem Solutions,emblemsolutions.com,False,True,False,24.5,Germany,36.4,False,False,False,False,False,False,False,False,False,False,False,False,False,False,False,,0,,0.0,0.0,0,0,0.0,0.0,0.0,,0.0,0.0,0.0,0.0,0.0,0.0,0.0,0.0,0.0,0.0,True,False,0.65,L1,0.9,62.2,55.98,0.3,0.0,0.15,0.0,56.0,15.0,9.9,0.75,0.15,0.1,High,no engagement history; ICP industry (Software); engagement discounted (automation-heavy); segment L1,Nurture,2,Add to long-term nurture sequence | Note: engagement may be automation-inflated,False,Nurture
L00061,Timothy,Ramirez,tramirez@unknown.com,Director of Something,,Director,CISO,,,,,,,2024-01-01,Content Syndication,Open,False,,False,False,False,True,C00183,False,False,91.0,0.0,False,,,Lead,Converted Lead - linked,,,,C00183,,,,,,,,,True,False,False,False,False,False,False,False,False,False,True,False,True,True,False,,4,"duplicate_email, missing_account, missing_phone, missing_industry",4.0,0.0,2025-12-29 00:00:00,2023-08-21 00:00:00,150.0,2.0,0.0,False,2.0,0.0,0.0,0.7400959797414058,15.625000000000009,0.0,0.0,0.0,0.0,16.36509597974141,False,False,0.25,L3,0.45,3.75,1.6875,0.7,1.0,0.85,1.356912888638946,1.7,85.0,9.8,0.75,0.15,0.1,Low,last engaged 150d ago; segment L3,Nurture,2,Do not action — record converted to contact C00183 (work the contact record instead),True,Converted
L00290,Matthew,Martin,mmartin@mantlesolutions.com,Individual Contributor of Something,Mantle,Individual Contributor,,+1-555-2952,ACC0163,Energy,50000.0,,,2024-01-01,Partner Referral,Open,False,,False,False,False,False,,False,False,60.0,0.0,False,,,Lead,Orphan Lead,,,,L00290,Mantle Solutions,mantlesolutions.com,False,True,False,13.2,United States,27661.8,False,False,False,False,False,False,False,False,False,False,False,False,False,False,False,,0,,0.0,0.0,0,0,0.0,0.0,0.0,,0.0,0.0,0.0,0.0,0.0,0.0,0.0,0.0,0.0,0.0,True,False,0.65,L1,0.9,61.07,54.963,0.3,0.0,0.15,0.0,55.0,15.0,9.8,0.75,0.15,0.1,High,no engagement history; ICP industry (Energy); engagement discounted (automation-heavy); segment L1,Nurture,2,Add to long-term nurture sequence | Note: engagement may be automation-inflated,False,Nurture
C00077,Barbara,Rodriguez,brodriguez@helioslabs.com,VP of Something,,VP,,,ACC0186,Government,2000.0,,,2024-01-01,,,False,,False,True,False,False,,False,False,,,,,,Contact,Orphan Contact,,54.5,False,C00077,Helios Labs,helioslabs.com,False,False,False,92.1,United States,370.4,False,False,False,True,False,True,False,False,False,False,False,False,True,False,False,,2,"orphan_contact, missing_phone",1.0,0.0,2025-12-07 00:00:00,2025-12-07 00:00:00,172.0,1.0,0.0,False,0.0,0.0,0.0,0.0,0.0,0.0,0.0,0.0,0.0,0.0,False,False,1.0,C2,0.55,24.21,13.315500000000002,0.85,0.0,0.425,0.0,13.3,42.5,9.7,0.6,0.25,0.15,Medium,last engaged 172d ago; segment C2,Nurture,2,Email undeliverable — use phone or LinkedIn only | Note: email bounced — use phone/LinkedIn,False,Phone / LinkedIn
L00074,Ashley,Williams,awilliams@cascadetechnologies.com,Individual Contributor of Something,Cascade Technologies,Individual Contributor,,+1-555-9509,ACC0026,Financial Services,150.0,,,2024-01-01,Content Syndication,MQL,True,2023-05-21,False,True,False,False,,False,False,25.0,4.0,False,,,Lead,Orphan Lead,,,,L00074,Cascade Technologies,cascadetechnologies.com,False,True,False,1.8,Canada,15.4,False,False,False,False,False,True,False,False,False,False,False,False,False,False,False,,0,,0.0,0.0,0,0,0.0,0.0,0.0,,0.0,0.0,0.0,0.0,0.0,0.0,0.0,0.0,0.0,0.0,True,False,0.65,L1,0.9,59.93,53.937,0.3,0.0,0.15,0.0,53.9,15.0,9.6,0.75,0.15,0.1,High,no engagement history; ICP industry (Financial Services); engagement discounted (automation-heavy); segment L1,Nurture,2,Email undeliverable — use phone or LinkedIn only | Note: email bounced — use phone/LinkedIn; engagement may be automation-inflated,False,Phone / LinkedIn
L00103,Shirley,Perez,sperez@zenithdynamics.com,Director of Something,Zenith Dynamics Ltd,Director,Financial Buyer,+1-555-9831,ACC0038,Government,200.0,,,2024-01-01,Partner Referral,Working,False,,True,False,False,True,C00055,False,False,0.0,0.0,False,,,Lead,Converted Lead - linked,,,,C00055,Zenith Dynamics,zenithdynamics.com,False,False,False,98.3,United Kingdom,34.9,True,False,False,False,True,False,False,False,False,False,False,False,False,False,False,,1,duplicate_email,1.0,0.0,2023-03-14 00:00:00,2023-03-14 00:00:00,1171.0,0.0,0.0,False,1.0,0.0,0.0,0.0,0.0,0.0,0.0,0.0,8.887218140755487e-11,8.887218140755487e-11,False,False,0.65,L1,0.9,19.58,17.622,0.7,0.7,0.7,7.368842110223618e-12,17.6,70.0,9.6,0.75,0.15,0.1,High,last engaged 1171d ago; segment L1,Nurture,2,Do not action — record converted to contact C00055 (work the contact record instead),True,Converted
L00254,David,Perez,dperez@unknown.com,VP of Something,,VP,,+1-555-6422,,,,Financial Services,7500.0,2024-01-01,Cold Call,Nurturing,False,,False,False,False,False,,False,False,0.0,0.0,False,,,Lead,Orphan Lead,,,,L00254,,,,,,,,,False,False,False,False,False,False,False,False,False,False,True,False,False,True,False,,2,"missing_account, missing_industry",0.0,0.0,0,0,0.0,0.0,0.0,,0.0,0.0,0.0,0.0,0.0,0.0,0.0,0.0,0.0,0.0,True,False,1.0,L2,0.55,65.0,35.75,0.85,0.0,0.425,0.0,35.8,42.5,9.6,0.75,0.15,0.1,Medium,no engagement history; ICP industry (nan); engagement discounted (automation-heavy); segment L2,Nurture,2,Add to long-term nurture sequence | Note: engagement may be automation-inflated,False,Nurture
L00579,Sandra,Taylor,staylor@luminarynetworks.com,Unknown Title,Luminary Networks,,Technical Buyer,+1-555-8512,ACC0160,Professional Services,5000.0,,,2024-01-01,Web,Working,False,,True,False,False,True,,False,False,32.0,0.0,False,,,Lead,Converted Lead - broken link,,,,L00579,Luminary Networks,luminarynetworks.com,False,False,False,53.0,United States,1033.0,True,False,True,False,True,False,False,False,False,False,False,False,False,False,False,,2,"duplicate_email, broken_conversion_link",0.0,0.0,0,0,0.0,0.0,0.0,,0.0,0.0,0.0,0.0,0.0,0.0,0.0,0.0,0.0,0.0,False,False,1.0,L1,0.9,20.3,18.27,0.5,0.85,0.675,0.0,18.3,67.5,9.5,0.75,0.15,0.1,Medium,no engagement history; engagement discounted (automation-heavy); segment L1,Nurture,2,Add to long-term nurture sequence | Note: opted out — no email; broken conversion link (DQ-1); engagement may be automation-inflated,False,Nurture
L00427,Gary,Robinson,grobinson@luminarysolutions.com,Manager of Something,Luminary Solutions,Manager,Financial Buyer,+1-555-4364,ACC0192,Government,750.0,,,2022-03-22,Webinar,Nurturing,False,,False,False,False,True,C00100,False,False,0.0,0.0,False,,,Lead,Converted Lead - linked,,,,C00100,Luminary Solutions,luminarysolutions.com,False,False,False,75.1,United States,211.8,True,False,False,False,False,False,False,False,False,False,False,False,False,False,False,,1,duplicate_email,4.0,1.0,2025-12-01 00:00:00,2023-04-27 00:00:00,178.0,2.0,0.25,False,2.0,0.0,0.0,0.0,6.059159225913025,0.0,0.0,0.0,0.0,6.059159225913025,False,False,1.0,L1,0.9,22.51,20.259,0.5,0.7,0.6,0.502395540981537,20.3,60.0,9.4,0.75,0.15,0.1,High,last engaged 178d ago; segment L1,Nurture,2,Do not action — record converted to contact C00100 (work the contact record instead),True,Converted
L00502,Shirley,Williams,ctaylor@obsidiangroup.com,Unknown Title,,,Influencer,+1-555-1343,,,,Energy,,2024-01-01,Employee Referral,MQL,True,2023-05-06,False,False,False,True,C00096,False,False,99.0,2.0,False,,,Lead,Converted Lead - linked,,,,C00096,,,,,,,,,True,False,False,False,False,False,False,False,False,False,True,False,False,True,False,,3,"duplicate_email, missing_account, missing_industry",2.0,0.0,2023-11-02 00:00:00,2023-04-05 00:00:00,938.0,0.0,0.0,False,2.0,0.0,0.0,0.0,0.0,1.5483012351073118e-07,0.0,0.0,1.4774785019767228e-10,1.5497787136092885e-07,True,False,0.25,L2,0.55,53.75,29.562500000000004,0.5,0.5,0.5,1.2849999252298662e-08,29.6,50.0,9.4,0.75,0.15,0.1,Medium,last engaged 938d ago; ICP industry (nan); segment L2,Nurture,2,Do not action — record converted to contact C00096 (work the contact record instead),True,Converted
L00543,Karen,Campbell,kcampbell@paragonlabs.com,Director of Something,Paragon Labs Ltd,Director,Financial Buyer,+1-555-5095,ACC0102,Retail,2000.0,,,2022-09-21,Web,Nurturing,False,,True,False,False,False,,False,False,35.0,0.0,False,,,Lead,Orphan Lead,,,,L00543,Paragon Labs,paragonlabs.com,False,False,False,25.9,United States,670.7,False,False,False,False,True,False,False,False,False,False,False,False,False,False,False,,0,,0.0,0.0,0,0,0.0,0.0,0.0,,0.0,0.0,0.0,0.0,0.0,0.0,0.0,0.0,0.0,0.0,False,False,1.0,L1,0.9,17.59,15.831,0.7,0.7,0.7,0.0,15.8,70.0,9.4,0.75,0.15,0.1,High,no engagement history; engagement discounted (automation-heavy); segment L1,Nurture,2,Add to long-term nurture sequence | Note: opted out — no email; engagement may be automation-inflated,False,Nurture
C00397,Timothy,White,twhite@luminarynetworks.com,Director of Something,,Director,,,ACC0160,Professional Services,5000.0,,,2023-02-17,,,False,,False,False,False,False,,False,False,,,,,,Contact,Orphan Contact,,17.4,False,C00397,Luminary Networks,luminarynetworks.com,False,False,False,53.0,United States,1033.0,False,False,False,True,False,False,False,False,False,False,False,False,True,False,False,,2,"orphan_contact, missing_phone",2.0,0.0,2026-01-25 00:00:00,2025-10-05 00:00:00,123.0,0.0,0.0,False,2.0,0.0,0.0,4.38461737620849,29.15728098552524,0.0,0.0,0.0,0.0,33.54189836173373,False,False,1.0,C2,0.55,20.3,11.165,0.7,0.0,0.35,2.189215582855629,11.2,35.0,9.4,0.6,0.25,0.15,Medium,last engaged 123d ago; segment C2,Nurture,2,Add to long-term nurture sequence,False,Nurture
L00217,Cynthia,Nelson,cnelson@novanetworks.com,Unknown Title,,,,+1-555-7665,ACC0139,Manufacturing,7500.0,,,2024-01-01,Content Syndication,Open,False,,False,False,False,False,,False,False,0.0,0.0,False,,,Lead,Orphan Lead,,,,L00217,Nova Networks,novanetworks.com,True,False,False,89.6,United Kingdom,3707.6,False,False,False,False,False,False,False,False,False,False,False,False,False,False,False,,0,,5.0,0.0,2025-09-10 00:00:00,2023-05-13 00:00:00,260.0,1.0,0.0,False,4.0,0.0,0.0,0.0,3.6911749508638887,0.0,0.0,7.109774512604394e-10,0.0,3.691174951574866,False,True,1.0,L1,0.9,48.96,44.064,0.5,0.0,0.25,0.3060539866196566,44.1,25.0,9.3,0.75,0.15,0.1,High,last engaged 260d ago; named account; segment L1,Nurture,2,Add to long-term nurture sequence,False,Nurture
L00598,Jacob,Green,jgreen@aethergroup.com,Unknown Title,Aether Group Corp,,,+1-555-9473,ACC0113,Professional Services,5000.0,,,2024-01-01,Web,Nurturing,False,,False,False,False,False,,False,False,0.0,0.0,False,,,Lead,Orphan Lead,,,,L00598,Aether Group,aethergroup.com,True,False,False,90.2,United States,1511.3,False,False,False,False,False,False,False,False,False,False,False,False,False,False,False,,0,,3.0,0.0,2025-09-15 00:00:00,2024-04-29 00:00:00,255.0,1.0,0.0,False,2.0,0.0,0.0,0.0,2.762135864009952,0.0,0.0,0.0,0.0,2.762135864009952,False,True,1.0,L1,0.9,49.02,44.118,0.5,0.0,0.25,0.2290226564321194,44.1,25.0,9.3,0.75,0.15,0.1,High,last engaged 255d ago; named account; segment L1,Nurture,2,Add to long-term nurture sequence,False,Nurture
L00044,Edward,King,eking@unknown.com,VP of Something,,VP,,,,,,Healthcare,150.0,2023-01-17,Event,Working,False,,True,True,False,False,,False,False,49.0,0.0,False,,,Lead,Orphan Lead,,,,L00044,,,,,,,,,False,False,False,False,True,True,False,False,False,False,True,False,True,True,False,,3,"missing_account, missing_phone, missing_industry",1.0,0.0,2024-06-19 00:00:00,2024-06-19 00:00:00,708.0,0.0,0.0,False,1.0,0.0,0.0,0.0,3.932440014996815e-05,0.0,0.0,0.0,0.0,3.932440014996815e-05,True,False,0.65,L2,0.55,59.75,32.862500000000004,0.85,0.0,0.425,3.2605849343958595e-06,32.9,42.5,9.2,0.75,0.15,0.1,Medium,last engaged 708d ago; ICP industry (nan); segment L2,Nurture,2,Add to long-term nurture sequence | Note: opted out — no email; email bounced — use phone/LinkedIn,False,Nurture
L00186,Karen,Young,kyoung@emblemgroup.com,Manager of Something,Emblem Group & Co,Manager,Technical Buyer,+1-555-1430,ACC0068,Manufacturing,15000.0,,,2023-06-07,Content Syndication,Nurturing,False,,True,False,False,True,C00288,False,False,40.0,0.0,False,,,Lead,Converted Lead - linked,,,,C00288,Emblem Group,emblemgroup.com,False,False,False,79.8,France,6955.9,True,False,False,False,True,False,False,False,False,False,False,False,False,False,False,,1,duplicate_email,4.0,2.0,2025-05-03 00:00:00,2023-03-13 00:00:00,390.0,3.0,0.5,False,1.0,0.0,0.0,1.7368467595777815e-09,0.0,0.0,0.0,0.0,0.0,1.7368467595777815e-09,False,False,0.65,L1,0.9,17.73,15.957,0.5,0.85,0.675,1.4401075047646131e-10,16.0,67.5,9.2,0.75,0.15,0.1,High,last engaged 390d ago; segment L1,Nurture,2,Do not action — record converted to contact C00288 (work the contact record instead),True,Converted
L00314,Timothy,Hill,newsletter@marketingblast.com,,Umbra Corp LLC,Director,,+1-555-7102,ACC0135,Manufacturing,100.0,,,2024-01-01,Web,Nurturing,False,,False,False,False,False,,True,True,65.0,0.0,False,,,Lead,Orphan Lead,,,,L00314,Umbra Corp,umbracorp.com,True,False,False,77.2,United States,12.3,True,True,False,False,False,False,False,False,False,False,False,True,False,False,False,,3,"duplicate_email, shared_email, missing_title",2.0,0.0,2023-12-06 00:00:00,2023-11-28 00:00:00,904.0,0.0,0.0,False,2.0,0.0,0.0,0.0,4.245538676894357e-07,2.8232421102195973e-07,0.0,0.0,0.0,7.068780787113954e-07,False,True,0.65,L1,0.9,42.47,38.223,0.7,0.0,0.35,5.861083716754249e-08,38.2,35.0,9.2,0.75,0.15,0.1,Medium,last engaged 904d ago; named account; segment L1,Nurture,2,Add to long-term nurture sequence,False,Nurture
L00583,Anthony,Lee,alee@glaciertechnologies.com,Manager of Something,Glacier Technologies & Co,Manager,,+1-555-4405,ACC0155,Government,1500.0,,,2024-01-01,Trade Show,Open,False,,False,False,False,True,C00345,False,False,43.0,0.0,False,,,Lead,Converted Lead - linked,,,,C00345,Glacier Technologies,glaciertechnologies.com,True,False,False,94.0,United States,498.9,True,False,False,False,False,False,False,False,False,False,False,False,False,False,False,,1,duplicate_email,2.0,0.0,2023-11-14 00:00:00,2023-11-01 00:00:00,926.0,0.0,0.0,False,2.0,0.0,0.0,3.782344965060406e-07,0.0,0.0,0.0,0.0,2.5537446599794266e-08,4.037719431058349e-07,False,True,1.0,L1,0.9,49.4,44.46,0.5,0.0,0.25,3.3478774236908325e-08,44.5,25.0,9.2,0.75,0.15,0.1,High,last engaged 926d ago; named account; segment L1,Nurture,2,Do not action — record converted to contact C00345 (work the contact record instead),True,Converted
C00048,Betty,Lewis,blewis@paragonsystems.com,Unknown Title,,,Influencer,+1-555-7237,ACC0028,Professional Services,300.0,,,2022-11-18,,,False,,True,False,False,False,,False,False,,,,,,Contact,Orphan Contact,,34.2,False,C00048,Paragon Systems,paragonsystems.com,False,False,False,23.1,Canada,35.0,True,False,False,True,True,False,False,False,False,False,False,False,False,False,False,,2,"duplicate_email, orphan_contact",0.0,0.0,0,0,0.0,0.0,0.0,,0.0,0.0,0.0,0.0,0.0,0.0,0.0,0.0,0.0,0.0,False,False,0.65,C2,0.55,12.06,6.633000000000001,0.5,0.5,0.5,0.0,6.6,50.0,9.2,0.6,0.25,0.15,Medium,no engagement history; engagement discounted (automation-heavy); segment C2,Nurture,2,Add to long-term nurture sequence | Note: opted out — no email; engagement may be automation-inflated,False,Nurture
C00336,Laura,Taylor,contact@vendorlist.net,VP of Something,,VP,,+1-555-1002,ACC0199,Retail,200.0,,,2024-01-01,,,False,,False,False,False,False,,False,False,,,,,,Contact,Orphan Contact,,3.9,False,C00336,Prism Technologies,prismtechnologies.com,False,False,False,99.3,United States,27.0,True,False,False,True,False,False,False,False,False,False,False,False,False,False,False,,2,"duplicate_email, orphan_contact",10.0,6.0,2025-10-23 00:00:00,2023-02-10 00:00:00,217.0,8.0,0.6,False,2.0,0.0,0.0,1.228136121579329e-09,0.0,0.0,0.0,0.0,7.736772758570237e-11,1.3055038491650316e-09,False,False,0.65,C2,0.55,19.68,10.824,0.85,0.0,0.425,8.520774045784701e-11,10.8,42.5,9.1,0.6,0.25,0.15,Medium,last engaged 217d ago; segment C2,Nurture,2,Add to long-term nurture sequence,False,Nurture
C00247,Ronald,Rodriguez,newsletter@marketingblast.com,Manager of Something,,Manager,,+1-555-3529,ACC0089,Education,750.0,,,2024-01-01,,,True,2022-11-30,False,False,False,False,,False,False,,,,,,Contact,Converted Contact,L00142,35.1,True,C00247,Aether Technologies,aethertechnologies.com,False,False,False,16.3,Germany,244.2,True,True,False,False,False,False,False,False,False,False,False,False,False,False,False,,2,"duplicate_email, shared_email",2.0,0.0,2026-01-21 00:00:00,2025-05-04 00:00:00,127.0,0.0,0.0,False,2.0,0.0,0.0,0.0,26.583348779714253,0.0,0.0,0.0124923570800387,0.0,26.59584113679429,False,False,1.0,C1,1.0,16.63,16.63,0.5,0.0,0.25,1.735859706803229,16.6,25.0,8.9,0.6,0.25,0.15,Medium,last engaged 127d ago; segment C1,Nurture,2,Add to long-term nurture sequence,False,Nurture
L00586,Jeffrey,Davis,jdavis@forgeventures.com,Manager of Something,Forge Ventures Inc.,Manager,Technical Buyer,+1-555-7761,ACC0179,Professional Services,200.0,,,2024-01-01,Trade Show,Open,False,,False,False,False,False,,False,False,4.0,0.0,False,,,Lead,Orphan Lead,,,,L00586,Forge Ventures,forgeventures.com,False,False,False,53.2,United States,38.5,False,False,False,False,False,False,False,False,False,False,False,False,False,False,False,,0,,0.0,0.0,0,0,0.0,0.0,0.0,,0.0,0.0,0.0,0.0,0.0,0.0,0.0,0.0,0.0,0.0,False,False,0.65,L1,0.9,15.07,13.563,0.5,0.85,0.675,0.0,13.6,67.5,8.8,0.75,0.15,0.1,High,no engagement history; engagement discounted (automation-heavy); segment L1,Nurture,2,Add to long-term nurture sequence | Note: engagement may be automation-inflated,False,Nurture
C00268,Sharon,Flores,sflores@meridianpartners.com,Manager of Something,,Manager,,+1-555-5419,ACC0199,Retail,200.0,,,2022-09-01,,,False,,False,False,False,False,,False,False,,,,,,Contact,Converted Contact,L00181,1.7,True,C00268,Prism Technologies,prismtechnologies.com,False,False,False,99.3,United States,27.0,True,False,False,False,False,False,False,False,False,False,False,False,False,False,False,,1,duplicate_email,15.0,13.0,2026-05-03 00:00:00,2023-03-10 00:00:00,25.0,14.0,0.8666666666666667,True,1.0,0.0,0.0,1.3685178783298597e-07,0.0,0.0,0.0,0.0,0.0,1.3685178783298597e-07,False,False,0.65,C1,1.0,19.68,19.68,0.5,0.0,0.25,8.932054567532219e-09,19.7,25.0,8.7,0.6,0.25,0.15,High,last engaged 25d ago; engagement discounted (automation-heavy); segment C1,Nurture,2,Add to long-term nurture sequence | Note: engagement may be automation-inflated,False,Nurture
L00460,Rebecca,Mitchell,rmitchell@paragonsystems.com,Manager of Something,Paragon Systems Inc.,Manager,Technical Buyer,+1-555-6386,ACC0028,Professional Services,300.0,,,2024-01-01,Cold Call,Nurturing,False,,True,False,False,True,C00367,False,False,68.0,0.0,False,,,Lead,Converted Lead - linked,,,,C00367,Paragon Systems,paragonsystems.com,False,False,False,23.1,Canada,35.0,True,False,False,False,True,False,False,False,False,False,False,False,False,False,False,,1,duplicate_email,1.0,0.0,2025-10-19 00:00:00,2025-10-19 00:00:00,221.0,0.0,0.0,False,1.0,0.0,0.0,0.0,3.0295796129565127,0.0,0.0,0.0,0.0,3.0295796129565127,False,False,0.65,L1,0.9,12.06,10.854,0.5,0.85,0.675,0.2511977704907685,10.9,67.5,8.6,0.75,0.15,0.1,High,last engaged 221d ago; segment L1,Nurture,2,Do not action — record converted to contact C00367 (work the contact record instead),True,Converted
L00507,Margaret,Lopez,mlopez@latticegroup.com,VP of Something,Lattice Group LLC,VP,,+1-555-3797,ACC0187,Retail,25.0,,,2024-01-01,Trade Show,MQL,True,2023-12-06,False,True,False,False,,False,False,52.0,1.0,False,,,Lead,Orphan Lead,,,,L00507,Lattice Group,latticegroup.com,True,False,False,34.1,France,1.4,False,False,False,False,False,True,False,False,False,False,False,False,False,False,False,,0,,0.0,0.0,0,0,0.0,0.0,0.0,,0.0,0.0,0.0,0.0,0.0,0.0,0.0,0.0,0.0,0.0,False,True,0.25,L1,0.9,32.16,28.944,0.85,0.0,0.425,0.0,28.9,42.5,8.6,0.75,0.15,0.1,High,no engagement history; named account; engagement discounted (automation-heavy); segment L1,Nurture,2,Email undeliverable — use phone or LinkedIn only | Note: email bounced — use phone/LinkedIn; engagement may be automation-inflated,False,Phone / LinkedIn
L00335,Susan,Harris,sharris@paragonsystems.com,,Paragon Systems Group,Manager,Technical Buyer,+1-555-6451,ACC0028,Professional Services,300.0,,,2024-01-01,Partner Referral,Nurturing,False,,False,False,False,False,,False,False,22.0,0.0,False,,,Lead,Orphan Lead,,,,L00335,Paragon Systems,paragonsystems.com,False,False,False,23.1,Canada,35.0,False,False,False,False,False,False,False,False,False,False,False,True,False,False,False,,1,missing_title,1.0,0.0,2025-10-07 00:00:00,2025-10-07 00:00:00,233.0,0.0,0.0,False,1.0,0.0,0.0,0.0,2.295992004460175,0.0,0.0,0.0,0.0,2.295992004460175,False,False,0.65,L1,0.9,12.06,10.854,0.5,0.85,0.675,0.1903723111016675,10.9,67.5,8.5,0.75,0.15,0.1,High,last engaged 233d ago; segment L1,Nurture,2,Add to long-term nurture sequence,False,Nurture
L00553,Angela,Martinez,amartinez@dynexlabs.com,Director of Something,Dynex Labs Ltd,Director,,+1-555-7396,ACC0049,Manufacturing,50000.0,,,2024-01-01,Webinar,Nurturing,False,,True,False,False,True,C00210,False,False,23.0,0.0,False,,,Lead,Converted Lead - linked,,,,C00210,Dynex Labs,dynexlabs.com,True,False,False,14.9,United States,28992.7,True,False,False,False,True,False,False,False,False,False,False,False,False,False,False,,1,duplicate_email,18.0,12.0,2026-05-07 00:00:00,2023-03-18 00:00:00,21.0,15.0,0.6666666666666666,False,3.0,0.0,0.0,0.0,2.295992004460175,2.057951587446e-09,0.0,0.0,4.310561205163149e-09,2.295992010828688,False,True,0.65,L1,0.9,36.24,32.616,0.7,0.0,0.35,0.1903723116297131,32.6,35.0,8.5,0.75,0.15,0.1,High,last engaged 21d ago; named account; segment L1,Nurture,2,Do not action — record converted to contact C00210 (work the contact record instead),True,Converted
L00145,Shirley,Lee,slee@bastionnetworks.com,Manager of Something,Bastion Networks & Co,Manager,,+1-555-6950,ACC0189,Professional Services,1500.0,,,2024-01-01,Advertisement,Working,False,,False,False,False,False,,False,False,43.0,0.0,False,,,Lead,Orphan Lead,,,,L00145,Bastion Networks,bastionnetworks.com,True,False,False,34.2,United States,326.6,False,False,False,False,False,False,False,False,False,False,False,False,False,False,False,,0,,9.0,8.0,2025-10-17 00:00:00,2023-03-22 00:00:00,223.0,8.0,0.8888888888888888,True,1.0,0.0,0.0,0.0,0.0,0.0,5.2268712236982505e-08,0.0,0.0,5.2268712236982505e-08,False,True,1.0,L1,0.9,43.42,39.078,0.5,0.0,0.25,4.333863326846341e-09,39.1,25.0,8.4,0.75,0.15,0.1,High,last engaged 223d ago; named account; engagement discounted (automation-heavy); segment L1,Nurture,2,Add to long-term nurture sequence | Note: engagement may be automation-inflated,False,Nurture
L00265,Amanda,Martin,amartin@paragoncorp.com,Manager of Something,Paragon Corp,Manager,Influencer,+1-555-2370,ACC0058,Retail,3500.0,,,2024-01-01,Cold Call,Open,False,,False,False,False,False,,False,False,0.0,0.0,False,,,Lead,Orphan Lead,,,,L00265,Paragon Corp,paragoncorp.com,False,False,False,87.8,France,861.8,False,False,False,False,False,False,False,False,False,False,False,False,False,False,False,,0,,3.0,1.0,2025-08-08 00:00:00,2024-02-20 00:00:00,293.0,2.0,0.3333333333333333,False,1.0,0.0,0.0,1.147996002230087,0.0,0.0,0.0,0.0,0.0,1.147996002230087,False,False,1.0,L1,0.9,23.78,21.402,0.5,0.5,0.5,0.0951861555508337,21.4,50.0,8.3,0.75,0.15,0.1,High,last engaged 293d ago; segment L1,Nurture,2,Add to long-term nurture sequence,False,Nurture
L00369,Christopher,Lopez,clopez@unknown.com,Manager of Something,,Manager,CISO,+1-555-4453,,,,,25000.0,2024-01-01,Content Syndication,Nurturing,False,,False,False,False,False,,False,False,68.0,0.0,False,,,Lead,Orphan Lead,,,,L00369,,,,,,,,,False,False,False,False,False,False,False,False,False,False,True,False,False,True,False,,2,"missing_account, missing_industry",0.0,0.0,0,0,0.0,0.0,0.0,,0.0,0.0,0.0,0.0,0.0,0.0,0.0,0.0,0.0,0.0,False,False,0.65,L2,0.55,9.75,5.362500000000001,0.5,1.0,0.75,0.0,5.4,75.0,8.3,0.75,0.15,0.1,Medium,no engagement history; engagement discounted (automation-heavy); segment L2,Nurture,2,Add to long-term nurture sequence | Note: engagement may be automation-inflated,False,Nurture
C00392,Michelle,Hernandez,mhernandez@novaventures.com,Director of Something,,Director,,,ACC0030,Education,300.0,,,2024-01-01,,,False,,False,False,False,False,,False,False,,,,,,Contact,Converted Contact,L00471,55.4,True,C00392,Bastion Labs,bastionlabs.com,False,False,False,25.4,United States,58.7,True,False,False,False,False,False,False,False,False,False,False,False,True,False,False,,2,"duplicate_email, missing_phone",3.0,0.0,2025-12-07 00:00:00,2024-03-17 00:00:00,172.0,3.0,0.0,False,0.0,0.0,0.0,0.0,0.0,0.0,0.0,0.0,0.0,0.0,False,False,0.65,C1,1.0,12.29,12.29,0.7,0.0,0.35,0.0,12.3,35.0,8.3,0.6,0.25,0.15,Medium,last engaged 172d ago; segment C1,Nurture,2,Add to long-term nurture sequence,False,Nurture
L00125,Jeffrey,Johnson,snelson@unknown.com,Manager of Something,Obsidian Networks Corp,Manager,,+1-555-7519,ACC0055,Manufacturing,1500.0,,,2024-01-01,Event,MQL,True,2023-08-20,False,False,False,False,,False,False,57.0,1.0,False,,,Lead,Orphan Lead,,,,L00125,Obsidian Networks,obsidiannetworks.com,True,False,False,21.2,United States,437.9,True,False,False,False,False,False,False,False,False,False,False,False,False,False,False,,1,duplicate_email,12.0,12.0,2025-04-21 00:00:00,2023-04-29 00:00:00,402.0,12.0,1.0,True,0.0,0.0,0.0,0.0,0.0,0.0,0.0,0.0,0.0,0.0,False,True,1.0,L1,0.9,42.12,37.908,0.5,0.0,0.25,0.0,37.9,25.0,8.2,0.75,0.15,0.1,High,last engaged 402d ago; named account; engagement discounted (automation-heavy); segment L1,Nurture,2,Add to long-term nurture sequence | Note: engagement may be automation-inflated,False,Nurture
L00340,Laura,Green,lgreen@forgegroup.com,,Forge Group Ltd,Manager,Technical Buyer,+1-555-3473,ACC0094,Retail,25000.0,,,2024-01-01,Event,MQL,True,2022-02-02,True,False,False,False,,False,False,0.0,3.0,False,,,Lead,Orphan Lead,,,,L00340,Forge Group,forgegroup.com,False,False,False,9.9,United States,9738.3,False,False,False,False,True,False,False,False,False,False,False,True,False,False,False,,1,missing_title,1.0,0.0,2024-10-14 00:00:00,2024-10-14 00:00:00,591.0,0.0,0.0,False,1.0,0.0,0.0,0.0,0.0,0.0,0.0,0.0001174110806794,0.0,0.0001174110806794,False,False,0.65,L1,0.9,10.74,9.666,0.5,0.85,0.675,9.735146609596753e-06,9.7,67.5,8.2,0.75,0.15,0.1,High,last engaged 591d ago; segment L1,Nurture,2,Add to long-term nurture sequence | Note: opted out — no email,False,Nurture
L00402,Brian,Rodriguez,brodriguez@obsidiannetworks.com,Manager of Something,Obsidian Networks Group,Manager,,+1-555-8735,ACC0055,Manufacturing,1500.0,,,2023-11-08,Cold Call,Working,False,,False,False,False,False,,False,False,59.0,0.0,False,,,Lead,Orphan Lead,,,,L00402,Obsidian Networks,obsidiannetworks.com,True,False,False,21.2,United States,437.9,False,False,False,False,False,False,False,False,False,False,False,False,False,False,False,,0,,1.0,1.0,2024-02-26 00:00:00,2024-02-26 00:00:00,822.0,1.0,1.0,True,0.0,0.0,0.0,0.0,0.0,0.0,0.0,0.0,0.0,0.0,False,True,1.0,L1,0.9,42.12,37.908,0.5,0.0,0.25,0.0,37.9,25.0,8.2,0.75,0.15,0.1,High,last engaged 822d ago; named account; engagement discounted (automation-heavy); segment L1,Nurture,2,Add to long-term nurture sequence | Note: engagement may be automation-inflated,False,Nurture
C00053,Carol,Walker,cwalker@vortexnetworks.com,Individual Contributor of Something,,Individual Contributor,,+1-555-4112,ACC0112,Education,1000.0,,,2024-01-01,,,False,,False,False,False,False,,False,False,,,,,,Contact,Converted Contact,L00302,0.0,True,C00053,Aether Solutions,aethersolutions.com,False,False,False,87.7,United States,333.0,True,False,False,False,False,False,False,False,False,False,False,False,False,False,False,,1,duplicate_email,2.0,0.0,2024-05-20 00:00:00,2023-08-17 00:00:00,738.0,1.0,0.0,False,1.0,0.0,0.0,3.932440014996807e-05,0.0,0.0,0.0,0.0,0.0,3.932440014996807e-05,False,False,1.0,C1,1.0,23.77,23.77,0.3,0.0,0.15,2.56662841996372e-06,23.8,15.0,8.2,0.6,0.25,0.15,High,last engaged 738d ago; segment C1,Nurture,2,Add to long-term nurture sequence,False,Nurture
C00168,Andrew,Lewis,alewis@radianttechnologies.com,Unknown Title,,,,+1-555-8240,ACC0153,Professional Services,50.0,,,2022-12-26,,,True,2022-11-18,False,False,False,False,,False,False,,,,,,Contact,Orphan Contact,,45.1,False,C00168,Radiant Technologies,radianttechnologies.com,True,False,False,24.5,United States,4.8,False,False,False,True,False,False,False,False,False,False,False,False,False,False,False,,1,orphan_contact,10.0,7.0,2025-08-09 00:00:00,2023-10-20 00:00:00,292.0,7.0,0.7,False,3.0,0.0,0.0,2.866481461899625e-07,6.84677574036738e-05,0.0,0.0,0.0,0.0,6.875440554986376e-05,False,True,0.25,C2,0.55,31.2,17.16,0.5,0.0,0.25,4.487468610049095e-06,17.2,25.0,8.1,0.6,0.25,0.15,High,last engaged 292d ago; named account; segment C2,Nurture,2,Add to long-term nurture sequence,False,Nurture
L00425,Emily,Adams,eadams@unknown.com,Manager of Something,,Manager,CISO,+1-555-1765,,,,,,2024-01-01,Trade Show,MQL,True,2023-03-18,True,False,False,False,,False,False,20.0,2.0,False,,,Lead,Orphan Lead,,,,L00425,,,,,,,,,False,False,False,False,True,False,False,False,False,False,True,False,False,True,False,,2,"missing_account, missing_industry",1.0,0.0,2025-10-07 00:00:00,2025-10-07 00:00:00,233.0,0.0,0.0,False,1.0,0.0,0.0,4.591984008920349,0.0,0.0,0.0,0.0,0.0,4.591984008920349,False,False,0.25,L3,0.45,3.75,1.6875,0.5,1.0,0.75,0.3807446222033349,1.7,75.0,8.0,0.75,0.15,0.1,Medium,last engaged 233d ago; segment L3,Nurture,2,Add to long-term nurture sequence | Note: opted out — no email,False,Nurture
L00440,Gary,Lee,glee@heliostechnologies.com,Manager of Something,Helios Technologies LLC,Manager,Financial Buyer,+1-555-3184,ACC0084,Education,50000.0,,,2024-01-01,Paid Search,Working,False,,False,True,False,True,,False,False,12.0,0.0,False,,,Lead,Converted Lead - broken link,,,,L00440,Helios Technologies,heliostechnologies.com,False,False,False,46.8,United States,23573.6,True,False,True,False,False,True,False,False,False,False,False,False,False,False,False,,2,"duplicate_email, broken_conversion_link",1.0,0.0,2024-02-05 00:00:00,2024-02-05 00:00:00,843.0,0.0,0.0,False,1.0,0.0,0.0,0.0,1.7379093757584834e-06,0.0,0.0,0.0,0.0,1.7379093757584834e-06,False,False,0.65,L1,0.9,14.43,12.987,0.5,0.7,0.6,1.4409885735912525e-07,13.0,60.0,8.0,0.75,0.15,0.1,Medium,last engaged 843d ago; segment L1,Nurture,2,Email undeliverable — use phone or LinkedIn only | Note: email bounced — use phone/LinkedIn; broken conversion link (DQ-1),False,Phone / LinkedIn
L00538,Shirley,Lee,slee@latticegroup.com,Director of Something,,Director,,+1-555-8626,ACC0187,Retail,25.0,,,2024-01-01,Web,MQL,True,2023-05-28,False,False,False,False,,False,False,0.0,4.0,False,,,Lead,Orphan Lead,,,,L00538,Lattice Group,latticegroup.com,True,False,False,34.1,France,1.4,False,False,False,False,False,False,False,False,False,False,False,False,False,False,False,,0,,4.0,0.0,2025-07-23 00:00:00,2023-09-16 00:00:00,309.0,1.0,0.0,False,3.0,0.0,0.0,2.3796456924499108,0.0,0.0,0.0,0.0,0.0,2.3796456924499108,False,True,0.25,L1,0.9,32.16,28.944,0.7,0.0,0.35,0.19730846152547,28.9,35.0,8.0,0.75,0.15,0.1,High,last engaged 309d ago; named account; segment L1,Nurture,2,Add to long-term nurture sequence,False,Nurture
C00197,Anthony,Martinez,amartinez@unknown.com,Individual Contributor of Something,,Individual Contributor,,+1-555-5288,ACC0157,Education,7500.0,,,2024-01-01,,,True,2023-08-30,False,False,False,False,,False,False,,,,,,Contact,Converted Contact,L00175,37.9,True,C00197,Orbit Solutions,orbitsolutions.com,False,False,False,77.7,United States,2135.0,True,False,False,False,False,False,False,False,False,False,False,False,False,False,False,,1,duplicate_email,8.0,8.0,2026-01-06 00:00:00,2023-11-09 00:00:00,142.0,8.0,1.0,True,0.0,0.0,0.0,0.0,0.0,0.0,0.0,0.0,0.0,0.0,False,False,1.0,C1,1.0,22.77,22.77,0.3,0.0,0.15,0.0,22.8,15.0,8.0,0.6,0.25,0.15,High,last engaged 142d ago; engagement discounted (automation-heavy); segment C1,Nurture,2,Add to long-term nurture sequence | Note: engagement may be automation-inflated,False,Nurture
C00261,Carol,Nelson,cnelson@zenithdynamics.com,Unknown Title,,,Influencer,+1-555-8327,,,,,,2022-12-07,,,True,2023-01-01,False,False,False,False,,False,False,,,,,,Contact,Orphan Contact,,43.5,False,C00261,,,,,,,,,True,False,False,True,False,False,False,False,False,False,True,False,False,True,False,,4,"duplicate_email, orphan_contact, missing_account, missing_industry",16.0,12.0,2026-05-04 00:00:00,2023-02-16 00:00:00,24.0,12.0,0.75,True,4.0,0.0,0.0,1.2022894661571455,0.0231279993669189,0.0,1.9495445713551715e-10,0.0,0.0066944884014564,1.2321119541204757,False,False,0.25,C3,0.45,3.75,1.6875,0.5,0.5,0.5,0.0804175917741294,1.7,50.0,8.0,0.6,0.25,0.15,Low,last engaged 24d ago; engagement discounted (automation-heavy); segment C3,Nurture,2,Add to long-term nurture sequence | Note: engagement may be automation-inflated,False,Nurture
C00288,Karen,Young,kyoung@emblemgroup.com,,,Manager,,+1-555-2925,ACC0194,Government,10000.0,,,2024-01-01,,,False,,False,False,False,False,,False,False,,,,,,Contact,Converted Contact,L00186,3.0,True,C00288,Vertex Ventures,vertexventures.com,False,False,False,21.2,Canada,4442.8,True,False,False,False,False,False,False,False,False,False,False,True,False,False,False,,2,"duplicate_email, missing_title",4.0,2.0,2025-05-03 00:00:00,2023-03-13 00:00:00,390.0,3.0,0.5,False,1.0,0.0,0.0,1.7368467595777815e-09,0.0,0.0,0.0,0.0,0.0,1.7368467595777815e-09,False,False,1.0,C1,1.0,17.12,17.12,0.5,0.0,0.25,1.133606676072298e-10,17.1,25.0,8.0,0.6,0.25,0.15,Medium,last engaged 390d ago; segment C1,Nurture,2,Add to long-term nurture sequence,False,Nurture
L00534,Amy,Roberts,aroberts@orbitdynamics.com,,Orbit Dynamics Inc.,Individual Contributor,,+1-555-2631,ACC0111,Government,3500.0,,,2024-01-01,Advertisement,Disqualified,False,,False,False,False,False,,False,False,97.0,0.0,False,,,Lead,Orphan Lead,,,,L00534,Orbit Dynamics,orbitdynamics.com,True,False,False,76.5,United States,639.8,False,False,False,False,False,False,False,False,False,False,False,True,False,False,False,,1,missing_title,15.0,12.0,2026-04-13 00:00:00,2023-02-07 00:00:00,45.0,12.0,0.8,True,3.0,0.0,0.0,1.905016911806575e-09,0.0,0.0,2.8874656927077043e-10,0.0096887271238293,0.0,0.0096887293175928,False,True,1.0,L1,0.9,47.65,42.885,0.3,0.0,0.15,0.0008033415570461,42.9,15.0,7.9,0.75,0.15,0.1,High,last engaged 45d ago; named account; engagement discounted (automation-heavy); segment L1,Nurture,2,Add to long-term nurture sequence | Note: engagement may be automation-inflated,False,Nurture
C00327,Charles,Allen,callen@unknown.com,Individual Contributor of Something,,Individual Contributor,Financial Buyer,+1-555-2528,,,,,,2023-03-10,,,True,2022-11-23,False,False,False,False,,False,False,,,,,,Contact,Orphan Contact,,82.9,False,C00327,,,,,,,,,False,False,False,True,False,False,False,False,False,False,True,False,False,True,False,,3,"orphan_contact, missing_account, missing_industry",0.0,0.0,0,0,0.0,0.0,0.0,,0.0,0.0,0.0,0.0,0.0,0.0,0.0,0.0,0.0,0.0,False,False,0.25,C3,0.45,3.75,1.6875,0.3,0.7,0.5,0.0,1.7,50.0,7.9,0.6,0.25,0.15,Medium,no engagement history; engagement discounted (automation-heavy); segment C3,Nurture,2,Add to long-term nurture sequence | Note: engagement may be automation-inflated,False,Nurture
L00336,Laura,White,lwhite@unknown.com,Manager of Something,,Manager,CISO,+1-555-9180,,,,Manufacturing,50.0,2024-01-01,Event,Open,False,,True,False,False,False,,False,False,85.0,0.0,False,,,Lead,Orphan Lead,,,,L00336,,,,,,,,,False,False,False,False,True,False,False,False,False,False,True,False,False,True,False,,2,"missing_account, missing_industry",9.0,9.0,2025-10-22 00:00:00,2023-03-11 00:00:00,218.0,9.0,1.0,True,0.0,0.0,0.0,0.0,0.0,0.0,0.0,0.0,0.0,0.0,False,False,0.25,L2,0.55,3.75,2.0625,0.5,1.0,0.75,0.0,2.1,75.0,7.8,0.75,0.15,0.1,Medium,last engaged 218d ago; engagement discounted (automation-heavy); segment L2,Nurture,2,Add to long-term nurture sequence | Note: opted out — no email; engagement may be automation-inflated,False,Nurture
L00396,Richard,Carter,rcarter@fusionnetworks.com,,Fusion Networks,Individual Contributor,,+1-555-6693,ACC0056,Manufacturing,1500.0,,,2023-07-25,Advertisement,MQL,True,2023-12-20,False,False,False,False,,False,False,58.0,4.0,False,,,Lead,Orphan Lead,,,,L00396,Fusion Networks,fusionnetworks.com,True,False,False,47.0,United States,509.4,False,False,False,False,False,False,False,False,False,False,False,True,False,False,False,,1,missing_title,15.0,13.0,2025-12-18 00:00:00,2023-02-21 00:00:00,161.0,13.0,0.8666666666666667,True,2.0,0.0,0.0,0.0,4.487102949207169,0.0,0.0,0.0,0.0,4.487102949207169,False,True,1.0,L1,0.9,44.7,40.23,0.3,0.0,0.15,0.3720484030137195,40.2,15.0,7.8,0.75,0.15,0.1,High,last engaged 161d ago; named account; engagement discounted (automation-heavy); segment L1,Nurture,2,Add to long-term nurture sequence | Note: engagement may be automation-inflated,False,Nurture
L00028,Angela,Thompson,athompson@emblemdynamics.com,Individual Contributor of Something,Emblem Dynamics LLC,Individual Contributor,CISO,+1-555-1203,ACC0107,Manufacturing,25.0,,,2024-01-01,Web,Disqualified,False,,False,False,False,False,,False,False,4.0,0.0,True,No Longer With Company,2022-12-28,Lead,Orphan Lead,,,,L00028,Emblem Dynamics,emblemdynamics.com,False,False,False,49.6,United States,1.0,False,False,False,False,False,False,False,False,False,False,False,False,False,False,False,,0,,17.0,14.0,2026-05-11 00:00:00,2023-02-17 00:00:00,17.0,14.0,0.8235294117647058,True,3.0,0.0,0.0,3.0258759720483247e-06,0.0,0.0013911781136447,0.0,0.0,0.0,0.0013942039896167,False,False,0.25,L1,0.9,8.71,7.839000000000001,0.3,1.0,0.65,0.0001156005051998,7.8,65.0,7.7,0.75,0.15,0.1,High,last engaged 17d ago; engagement discounted (automation-heavy); segment L1,Nurture,2,Add to long-term nurture sequence | Note: engagement may be automation-inflated,False,Nurture
L00184,Joseph,Clark,joseph.clark@outlook.com,Director of Something,,Director,Financial Buyer,+1-555-1503,,,,,,2024-01-01,Event,MQL,True,2022-03-01,False,False,False,False,,False,True,10.0,2.0,False,,,Lead,Orphan Lead,,,,L00184,,,,,,,,,False,False,False,False,False,False,False,False,False,True,True,False,False,True,False,,3,"free_email_leakage, missing_account, missing_industry",6.0,5.0,2026-05-23 00:00:00,2023-12-20 00:00:00,5.0,5.0,0.8333333333333334,True,1.0,0.0,0.0,7.122831941861072,0.0,0.0,0.0,0.0,0.0,7.122831941861072,False,False,0.25,L3,0.45,3.75,1.6875,0.7,0.7,0.7,0.5905900263270673,1.7,70.0,7.7,0.75,0.15,0.1,Medium,last engaged 5d ago; engagement discounted (automation-heavy); segment L3,Nurture,2,Add to long-term nurture sequence | Note: engagement may be automation-inflated,False,Nurture
L00376,Nancy,Garcia,ngarcia@glacierdynamics.com,C-Level of Something,Glacier Dynamics LLC,C-Level,,+1-555-1343,ACC0177,Government,750.0,,,2024-01-01,Web,Working,False,,False,False,False,False,,False,False,44.0,0.0,True,Bad Data,2022-06-06,Lead,Orphan Lead,,,,L00376,Glacier Dynamics,glacierdynamics.com,False,False,False,46.5,Sweden,173.0,False,False,False,False,False,False,False,False,False,False,False,False,False,False,False,,0,,0.0,0.0,0,0,0.0,0.0,0.0,,0.0,0.0,0.0,0.0,0.0,0.0,0.0,0.0,0.0,0.0,False,False,1.0,L1,0.9,19.65,17.685,1.0,0.0,0.5,0.0,17.7,50.0,7.7,0.75,0.15,0.1,High,no engagement history; engagement discounted (automation-heavy); segment L1,Nurture,2,Add to long-term nurture sequence | Note: engagement may be automation-inflated,False,Nurture
C00078,George,Gonzalez,ggonzalez@vortexsolutions.com,,,Director,,+1-555-5864,ACC0171,Government,3500.0,,,2022-01-17,,,False,,True,False,False,False,,False,False,,,,,,Contact,Orphan Contact,,50.5,False,C00078,Vortex Solutions,vortexsolutions.com,False,False,False,25.3,United States,958.2,True,False,False,True,True,False,False,False,False,False,False,True,False,False,False,,3,"duplicate_email, orphan_contact, missing_title",14.0,11.0,2025-10-01 00:00:00,2023-10-22 00:00:00,239.0,11.0,0.7857142857142857,True,3.0,0.0,0.0,0.0,1.121775737301792,0.0,2.139617418864813e-07,0.0,0.1586430461633272,1.2804189974268612,False,False,1.0,C2,0.55,17.53,9.6415,0.7,0.0,0.35,0.0835705001404809,9.6,35.0,7.7,0.6,0.25,0.15,Medium,last engaged 239d ago; engagement discounted (automation-heavy); segment C2,Nurture,2,Add to long-term nurture sequence | Note: opted out — no email; engagement may be automation-inflated,False,Nurture
C00109,Jessica,Lopez,jlopez@mantlesolutions.com,Manager of Something,,Manager,,+1-555-6705,ACC0027,Professional Services,300.0,,,2022-01-27,,,False,,True,False,False,False,,False,False,,,,,,Contact,Converted Contact,L00329,84.7,True,C00109,Jasper Dynamics,jasperdynamics.com,False,False,False,59.6,United States,42.8,True,False,False,False,True,False,False,False,False,False,False,False,False,False,False,,1,duplicate_email,10.0,6.0,2026-04-13 00:00:00,2023-03-15 00:00:00,45.0,8.0,0.6,False,2.0,0.0,0.0,0.0,0.0,0.0,3.6379788070917207e-10,8.553236739561621e-10,0.0,1.2191215546653343e-09,False,False,0.65,C1,1.0,15.71,15.71,0.5,0.0,0.25,7.956973323589124e-11,15.7,25.0,7.7,0.6,0.25,0.15,High,last engaged 45d ago; segment C1,Nurture,2,Add to long-term nurture sequence | Note: opted out — no email,False,Nurture
L00375,Daniel,Scott,dscott@vertexpartners.com,,Vertex Partners Ltd,Manager,,,ACC0023,Education,100.0,,,2024-01-01,Advertisement,Working,False,,False,False,False,True,,False,False,31.0,0.0,False,,,Lead,Converted Lead - broken link,,,,L00375,Vertex Partners,vertexpartners.com,True,False,False,29.5,United States,11.0,True,False,True,False,False,False,False,False,False,False,False,True,True,False,False,,4,"duplicate_email, broken_conversion_link, missing_title, missing_phone",0.0,0.0,0,0,0.0,0.0,0.0,,0.0,0.0,0.0,0.0,0.0,0.0,0.0,0.0,0.0,0.0,False,True,0.65,L1,0.9,37.7,33.93000000000001,0.5,0.0,0.25,0.0,33.9,25.0,7.6,0.75,0.15,0.1,Low,no engagement history; named account; engagement discounted (automation-heavy); segment L1,Nurture,2,Add to long-term nurture sequence | Note: broken conversion link (DQ-1); engagement may be automation-inflated,False,Nurture
C00230,Edward,Miller,emiller@bastionnetworks.com,VP of Something,,VP,,+1-555-8901,ACC0159,Education,75.0,,,2022-05-23,,,True,2022-01-22,False,False,False,False,,False,False,,,,,,Contact,Orphan Contact,,36.3,False,C00230,Bastion Networks,bastionnetworks.com,False,False,False,49.1,United States,3.2,False,False,False,True,False,False,False,False,False,False,False,False,False,False,False,,1,orphan_contact,2.0,0.0,2024-09-16 00:00:00,2024-05-11 00:00:00,619.0,1.0,0.0,False,1.0,0.0,0.0,0.0,1.597066912854155e-05,0.0,0.0,0.0,0.0,1.597066912854155e-05,False,False,0.25,C2,0.55,8.66,4.763000000000001,0.85,0.0,0.425,1.0423750423357758e-06,4.8,42.5,7.6,0.6,0.25,0.15,High,last engaged 619d ago; segment C2,Nurture,2,Add to long-term nurture sequence,False,Nurture
L00368,Susan,Flores,sflores@jaspersolutions.com,Manager of Something,Jasper Solutions,Manager,,+1-555-5131,ACC0190,Professional Services,25.0,,,2024-01-01,Web,Disqualified,False,,False,False,False,False,,False,False,61.0,0.0,False,,,Lead,Orphan Lead,,,,L00368,Jasper Solutions,jaspersolutions.com,True,False,False,79.4,United States,0.8,False,False,False,False,False,False,False,False,False,False,False,False,False,False,False,,0,,12.0,11.0,2026-05-26 00:00:00,2023-02-04 00:00:00,2.0,11.0,0.9166666666666666,True,1.0,0.0,0.0,0.0,1.9963336410676976e-06,0.0,0.0,0.0,0.0,1.9963336410676976e-06,False,True,0.25,L1,0.9,36.69,33.021,0.5,0.0,0.25,1.6552612040537986e-07,33.0,25.0,7.5,0.75,0.15,0.1,High,last engaged 2d ago; named account; engagement discounted (automation-heavy); segment L1,Nurture,2,Add to long-term nurture sequence | Note: engagement may be automation-inflated,False,Nurture
C00055,Shirley,Perez,sperez@zenithdynamics.com,Manager of Something,,Manager,,,ACC0041,Government,3500.0,,,2022-07-30,,,False,,False,False,False,False,,False,False,,,,,,Contact,Converted Contact,L00103,57.0,True,C00055,Luminary Dynamics,luminarydynamics.com,False,False,False,1.2,United States,1005.5,True,False,False,False,False,False,False,False,False,False,False,False,True,False,False,,2,"duplicate_email, missing_phone",1.0,0.0,2023-03-14 00:00:00,2023-03-14 00:00:00,1171.0,0.0,0.0,False,1.0,0.0,0.0,0.0,0.0,0.0,0.0,0.0,8.887218140755487e-11,8.887218140755487e-11,False,False,1.0,C1,1.0,15.12,15.12,0.5,0.0,0.25,5.800517380428162e-12,15.1,25.0,7.5,0.6,0.25,0.15,Medium,last engaged 1171d ago; segment C1,Nurture,2,Add to long-term nurture sequence,False,Nurture
L00079,Joseph,Martinez,jmartinez@quantumcorp.com,Individual Contributor of Something,Quantum Corp & Co,Individual Contributor,,+1-555-2632,ACC0017,Government,150.0,,,2024-01-01,Employee Referral,MQL,True,2023-07-10,False,True,False,True,,False,False,30.0,2.0,False,,,Lead,Converted Lead - broken link,,,,L00079,Quantum Corp,quantumcorp.com,True,False,False,88.0,Netherlands,23.4,True,False,True,False,False,True,False,False,False,False,False,False,False,False,False,,2,"duplicate_email, broken_conversion_link",1.0,0.0,2026-05-03 00:00:00,2026-05-03 00:00:00,25.0,1.0,0.0,False,0.0,0.0,0.0,0.0,0.0,0.0,0.0,0.0,0.0,0.0,False,True,0.65,L1,0.9,43.55,39.195,0.3,0.0,0.15,0.0,39.2,15.0,7.4,0.75,0.15,0.1,Medium,last engaged 25d ago; named account; segment L1,Nurture,2,Email undeliverable — use phone or LinkedIn only | Note: email bounced — use phone/LinkedIn; broken conversion link (DQ-1),False,Phone / LinkedIn
L00245,Jessica,Clark,jclark@paragonlabs.com,Unknown Title,Paragon Labs,,Influencer,,ACC0102,Retail,2000.0,,,2024-01-01,Web,Working,False,,False,False,False,False,,False,False,36.0,0.0,False,,,Lead,Orphan Lead,,,,L00245,Paragon Labs,paragonlabs.com,False,False,False,25.9,United States,670.7,False,False,False,False,False,False,False,False,False,False,False,False,True,False,False,,1,missing_phone,1.0,0.0,2024-02-05 00:00:00,2024-02-05 00:00:00,843.0,0.0,0.0,False,1.0,0.0,0.0,0.0,1.7379093757584834e-06,0.0,0.0,0.0,0.0,1.7379093757584834e-06,False,False,1.0,L1,0.9,17.59,15.831,0.5,0.5,0.5,1.4409885735912525e-07,15.8,50.0,7.4,0.75,0.15,0.1,High,last engaged 843d ago; segment L1,Nurture,2,Add to long-term nurture sequence,False,Nurture
L00359,Jessica,Hall,jhall@apexpartners.com,Manager of Something,Apex Partners,Manager,Financial Buyer,+1-555-1218,ACC0191,Professional Services,50.0,,,2024-01-01,Content Syndication,Open,False,,False,False,False,False,,False,False,44.0,0.0,False,,,Lead,Orphan Lead,,,,L00359,Apex Partners,apexpartners.com,False,False,False,62.3,Canada,2.5,False,False,False,False,False,False,False,False,False,False,False,False,False,False,False,,0,,3.0,1.0,2025-04-24 00:00:00,2024-02-16 00:00:00,399.0,1.0,0.3333333333333333,False,2.0,0.0,0.0,0.0,2.2408087478617568e-06,0.0,0.0,0.0,6.193204940429241e-07,2.8601292419046808e-06,False,False,0.25,L1,0.9,9.98,8.982000000000001,0.5,0.7,0.6,2.371477830816195e-07,9.0,60.0,7.4,0.75,0.15,0.1,High,last engaged 399d ago; segment L1,Nurture,2,Add to long-term nurture sequence,False,Nurture
L00167,Daniel,Nguyen,dnguyen@meridianlabs.com,Unknown Title,Meridian Labs LLC,,Influencer,+1-555-7516,ACC0061,Education,100.0,,,2024-01-01,Employee Referral,Nurturing,False,,False,False,False,False,,False,False,0.0,0.0,False,,,Lead,Orphan Lead,,,,L00167,Meridian Labs,meridianlabs.com,False,False,False,74.2,United States,12.4,False,False,False,False,False,False,False,False,False,False,False,False,False,False,False,,0,,3.0,0.0,2023-12-09 00:00:00,2023-03-09 00:00:00,901.0,0.0,0.0,False,3.0,0.0,0.0,0.0,4.550255688066822e-07,0.0,3.167044499773065e-10,0.0,4.310561205163149e-09,4.5965283446182267e-07,False,False,0.65,L1,0.9,17.17,15.453,0.5,0.5,0.5,3.811214160630462e-08,15.5,50.0,7.3,0.75,0.15,0.1,High,last engaged 901d ago; segment L1,Nurture,2,Add to long-term nurture sequence,False,Nurture
L00384,John,Miller,jmiller@meridianlabs.com,Unknown Title,Meridian Labs Corp,,Influencer,,ACC0061,Education,100.0,,,2024-01-01,Web,Nurturing,False,,False,False,False,False,,False,False,88.0,0.0,False,,,Lead,Orphan Lead,,,,L00384,Meridian Labs,meridianlabs.com,False,False,False,74.2,United States,12.4,False,False,False,False,False,False,False,False,False,False,False,False,True,False,False,,1,missing_phone,2.0,1.0,2025-05-19 00:00:00,2024-06-18 00:00:00,374.0,1.0,0.5,False,1.0,0.0,0.0,0.0,3.842622960923848e-05,0.0,0.0,0.0,0.0,3.842622960923848e-05,False,False,0.65,L1,0.9,17.17,15.453,0.5,0.5,0.5,3.1861130715714317e-06,15.5,50.0,7.3,0.75,0.15,0.1,High,last engaged 374d ago; segment L1,Nurture,2,Add to long-term nurture sequence,False,Nurture
L00082,Charles,Lopez,charles.lopez@yahoo.com,Manager of Something,Cascade Dynamics & Co,Manager,Financial Buyer,,ACC0124,Professional Services,75.0,,,2024-01-01,Paid Search,Open,False,,False,False,False,False,,False,True,21.0,0.0,False,,,Lead,Orphan Lead,,,,L00082,Cascade Dynamics,cascadedynamics.com,False,False,False,54.2,Canada,2.4,False,False,False,False,False,False,False,False,False,True,False,False,True,False,False,,2,"free_email_leakage, missing_phone",1.0,0.0,2024-05-31 00:00:00,2024-05-31 00:00:00,727.0,0.0,0.0,False,1.0,0.0,0.0,0.0,2.535185697528294e-05,0.0,0.0,0.0,0.0,2.535185697528294e-05,False,False,0.25,L1,0.9,9.17,8.253,0.5,0.7,0.6,2.102050701277717e-06,8.3,60.0,7.2,0.75,0.15,0.1,Medium,last engaged 727d ago; segment L1,Nurture,2,Add to long-term nurture sequence,False,Nurture
L00347,Jessica,Mitchell,jmitchell@zenithdynamics.com,Manager of Something,Zenith Dynamics Corp,Manager,Influencer,+1-555-3685,ACC0088,Manufacturing,2000.0,,,2024-01-01,Web,MQL,True,2022-12-03,False,False,False,False,,False,False,75.0,4.0,False,,,Lead,Orphan Lead,,,,L00347,Zenith Dynamics,zenithdynamics.com,False,False,False,13.1,United States,612.1,False,False,False,False,False,False,False,False,False,False,False,False,False,False,False,,0,,2.0,0.0,2024-12-22 00:00:00,2024-03-13 00:00:00,522.0,1.0,0.0,False,1.0,0.0,0.0,0.0057819998417297,0.0,0.0,0.0,0.0,0.0,0.0057819998417297,False,False,1.0,L1,0.9,16.31,14.678999999999998,0.5,0.5,0.5,0.0004794148544599,14.7,50.0,7.2,0.75,0.15,0.1,High,last engaged 522d ago; segment L1,Nurture,2,Add to long-term nurture sequence,False,Nurture
L00356,Kathleen,Lopez,klopez@quantumlabs.com,Manager of Something,Quantum Labs,Manager,,+1-555-6731,ACC0004,Government,75.0,,,2022-06-17,Cold Call,Working,False,,False,False,False,False,,False,False,56.0,0.0,False,,,Lead,Orphan Lead,,,,L00356,Quantum Labs,quantumlabs.com,True,False,False,59.4,United Kingdom,7.2,False,False,False,False,False,False,False,False,False,False,False,False,False,False,False,,0,,6.0,6.0,2025-10-09 00:00:00,2023-06-01 00:00:00,231.0,6.0,1.0,True,0.0,0.0,0.0,0.0,0.0,0.0,0.0,0.0,0.0,0.0,False,True,0.25,L1,0.9,34.69,31.221,0.5,0.0,0.25,0.0,31.2,25.0,7.2,0.75,0.15,0.1,High,last engaged 231d ago; named account; engagement discounted (automation-heavy); segment L1,Nurture,2,Add to long-term nurture sequence | Note: engagement may be automation-inflated,False,Nurture
L00399,Timothy,Davis,tdavis@forgenetworks.com,Individual Contributor of Something,Forge Networks Group,Individual Contributor,Financial Buyer,+1-555-7745,ACC0021,Government,750.0,,,2024-01-01,Event,Open,False,,False,False,False,False,,False,False,22.0,0.0,False,,,Lead,Orphan Lead,,,,L00399,Forge Networks,forgenetworks.com,False,False,False,5.1,Germany,175.6,False,False,False,False,False,False,False,False,False,False,False,False,False,False,False,,0,,17.0,14.0,2026-04-29 00:00:00,2023-04-19 00:00:00,29.0,15.0,0.8235294117647058,True,2.0,0.0,0.0,2.655085081280296e-05,0.0,0.0,0.0,0.0,3.8402734521453255e-09,2.6554691086255107e-05,False,False,1.0,L1,0.9,15.51,13.959,0.3,0.7,0.5,2.2017837618166326e-06,14.0,50.0,7.1,0.75,0.15,0.1,High,last engaged 29d ago; engagement discounted (automation-heavy); segment L1,Nurture,2,Add to long-term nurture sequence | Note: engagement may be automation-inflated,False,Nurture
L00124,Donald,Hall,dhall@fusiongroup.com,Unknown Title,Fusion Group Group,,,+1-555-9295,ACC0200,Retail,750.0,,,2024-01-01,Web,Working,False,,False,False,False,True,C00115,False,False,84.0,0.0,False,,,Lead,Converted Lead - linked,,,,C00115,Fusion Group,fusiongroup.com,False,False,False,28.1,United Kingdom,188.7,True,False,False,False,False,False,False,False,False,False,False,False,False,False,False,,1,duplicate_email,18.0,14.0,2026-01-11 00:00:00,2023-03-09 00:00:00,137.0,15.0,0.7777777777777778,True,3.0,0.0,0.0,0.0,33.49292070425917,0.0,3.167044499773065e-10,0.0,0.0,33.49292070457587,False,False,1.0,L1,0.9,17.810000000000002,16.029000000000003,0.5,0.0,0.25,2.77706747570932,16.0,25.0,7.0,0.75,0.15,0.1,High,last engaged 137d ago; engagement discounted (automation-heavy); segment L1,Nurture,2,Do not action — record converted to contact C00115 (work the contact record instead),True,Converted
C00020,Mark,Taylor,mtaylor@solariscorp.com,Unknown Title,,,,+1-555-3790,ACC0066,Government,5000.0,,,2022-11-13,,,False,,False,False,False,False,,False,False,,,,,,Contact,Orphan Contact,,29.8,False,C00020,Solaris Corp,solariscorp.com,False,False,False,90.4,United States,2046.7,False,False,False,True,False,False,False,False,False,False,False,False,False,False,False,,1,orphan_contact,0.0,0.0,0,0,0.0,0.0,0.0,,0.0,0.0,0.0,0.0,0.0,0.0,0.0,0.0,0.0,0.0,False,False,1.0,C2,0.55,24.04,13.222,0.5,0.0,0.25,0.0,13.2,25.0,7.0,0.6,0.25,0.15,High,no engagement history; engagement discounted (automation-heavy); segment C2,Nurture,2,Add to long-term nurture sequence | Note: engagement may be automation-inflated,False,Nurture
L00008,Dorothy,White,dwhite@heliostechnologies.com,Individual Contributor of Something,Helios Technologies Ltd,Individual Contributor,,+1-555-2917,ACC0161,Manufacturing,100.0,,,2024-01-01,Advertisement,Disqualified,False,,False,False,False,False,,False,False,66.0,0.0,False,,,Lead,Orphan Lead,,,,L00008,Helios Technologies,heliostechnologies.com,True,False,False,53.7,United States,14.5,False,False,False,False,False,False,False,False,False,False,False,False,False,False,False,,0,,6.0,5.0,2025-04-24 00:00:00,2023-04-02 00:00:00,399.0,5.0,0.8333333333333334,True,1.0,0.0,0.0,0.0,0.0001014074279011,0.0,0.0,0.0,0.0,0.0001014074279011,False,True,0.65,L1,0.9,40.12,36.108,0.3,0.0,0.15,8.408202805108237e-06,36.1,15.0,6.9,0.75,0.15,0.1,High,last engaged 399d ago; named account; engagement discounted (automation-heavy); segment L1,Nurture,2,Add to long-term nurture sequence | Note: engagement may be automation-inflated,False,Nurture
L00130,Deborah,Torres,dtorres@heliostechnologies.com,Individual Contributor of Something,Helios Technologies Corp,Individual Contributor,,+1-555-4518,ACC0161,Manufacturing,100.0,,,2024-01-01,Employee Referral,MQL,True,2023-12-28,False,False,False,True,C00140,False,False,57.0,3.0,False,,,Lead,Converted Lead - linked,,,,C00140,Helios Technologies,heliostechnologies.com,True,False,False,53.7,United States,14.5,True,False,False,False,False,False,False,False,False,False,False,False,False,False,False,,1,duplicate_email,18.0,16.0,2025-09-21 00:00:00,2023-02-03 00:00:00,249.0,18.0,0.8888888888888888,True,0.0,0.0,0.0,0.0,0.0,0.0,0.0,0.0,0.0,0.0,False,True,0.65,L1,0.9,40.12,36.108,0.3,0.0,0.15,0.0,36.1,15.0,6.9,0.75,0.15,0.1,High,last engaged 249d ago; named account; engagement discounted (automation-heavy); segment L1,Nurture,2,Do not action — record converted to contact C00140 (work the contact record instead),True,Converted
L00330,Joshua,Rivera,jrivera@unknown.com,Individual Contributor of Something,,Individual Contributor,,+1-555-1259,,,,Energy,1500.0,2024-01-01,Cold Call,Nurturing,False,,False,False,False,False,,False,False,18.0,0.0,True,No Longer With Company,2022-11-03,Lead,Orphan Lead,,,,L00330,,,,,,,,,False,False,False,False,False,False,False,False,False,False,True,False,False,True,False,,2,"missing_account, missing_industry",0.0,0.0,0,0,0.0,0.0,0.0,,0.0,0.0,0.0,0.0,0.0,0.0,0.0,0.0,0.0,0.0,True,False,1.0,L2,0.55,65.0,35.75,0.3,0.0,0.15,0.0,35.8,15.0,6.9,0.75,0.15,0.1,Medium,no engagement history; ICP industry (nan); engagement discounted (automation-heavy); segment L2,Nurture,2,Add to long-term nurture sequence | Note: engagement may be automation-inflated,False,Nurture
L00403,Donna,Rivera,drivera@finessecorp.com,Director of Something,Finesse Corp Ltd,Director,,+1-555-1688,ACC0114,Professional Services,7500.0,,,2022-10-03,Web,Open,False,,False,False,False,False,,False,False,54.0,0.0,False,,,Lead,Orphan Lead,,,,L00403,Finesse Corp,finessecorp.com,False,False,False,98.5,Germany,1867.7,False,False,False,False,False,False,False,False,False,False,False,False,False,False,False,,0,,1.0,0.0,2024-05-13 00:00:00,2024-05-13 00:00:00,745.0,0.0,0.0,False,1.0,0.0,0.0,0.0,1.6725987915834377e-05,0.0,0.0,0.0,0.0,1.6725987915834377e-05,False,False,1.0,L1,0.9,24.85,22.365,0.7,0.0,0.35,1.3868362645908267e-06,22.4,35.0,6.9,0.75,0.15,0.1,High,last engaged 745d ago; segment L1,Nurture,2,Add to long-term nurture sequence,False,Nurture
L00476,Robert,Garcia,rgarcia@unknown.com,Manager of Something,,Manager,,+1-555-2909,,,,Financial Services,50.0,2024-01-01,Cold Call,Open,False,,False,False,False,False,,False,False,53.0,0.0,True,Duplicate,2023-03-23,Lead,Orphan Lead,,,,L00476,,,,,,,,,False,False,False,False,False,False,False,False,False,False,True,False,False,True,False,,2,"missing_account, missing_industry",0.0,0.0,0,0,0.0,0.0,0.0,,0.0,0.0,0.0,0.0,0.0,0.0,0.0,0.0,0.0,0.0,True,False,0.25,L2,0.55,53.75,29.562500000000004,0.5,0.0,0.25,0.0,29.6,25.0,6.9,0.75,0.15,0.1,Medium,no engagement history; ICP industry (nan); engagement discounted (automation-heavy); segment L2,Nurture,2,Add to long-term nurture sequence | Note: engagement may be automation-inflated,False,Nurture
L00523,Stephanie,Harris,sharris@unknown.com,Manager of Something,,Manager,,+1-555-4595,,,,Financial Services,,2024-01-01,Web,Open,False,,False,False,False,False,,False,False,81.0,0.0,False,,,Lead,Orphan Lead,,,,L00523,,,,,,,,,False,False,False,False,False,False,False,False,False,False,True,False,False,True,False,,2,"missing_account, missing_industry",0.0,0.0,0,0,0.0,0.0,0.0,,0.0,0.0,0.0,0.0,0.0,0.0,0.0,0.0,0.0,0.0,True,False,0.25,L2,0.55,53.75,29.562500000000004,0.5,0.0,0.25,0.0,29.6,25.0,6.9,0.75,0.15,0.1,Medium,no engagement history; ICP industry (nan); engagement discounted (automation-heavy); segment L2,Nurture,2,Add to long-term nurture sequence | Note: engagement may be automation-inflated,False,Nurture
L00011,Thomas,Hall,thall@dynexlabs.com,Individual Contributor of Something,,Individual Contributor,,+1-555-1515,ACC0049,Manufacturing,50000.0,,,2023-05-29,Event,Open,False,,False,False,False,True,C00350,False,False,80.0,0.0,False,,,Lead,Converted Lead - linked,,,,C00350,Dynex Labs,dynexlabs.com,True,False,False,14.9,United States,28992.7,True,False,False,False,False,False,False,False,False,False,False,False,False,False,False,,1,duplicate_email,16.0,12.0,2026-05-19 00:00:00,2023-04-30 00:00:00,9.0,13.0,0.75,True,3.0,0.0,0.0,0.0,2.0121782215955727e-05,0.0,0.0,6.396086824979844,0.0,6.39610694676206,False,True,0.65,L1,0.9,36.24,32.616,0.3,0.0,0.15,0.5303335809284802,32.6,15.0,6.8,0.75,0.15,0.1,High,last engaged 9d ago; named account; engagement discounted (automation-heavy); segment L1,Nurture,2,Do not action — record converted to contact C00350 (work the contact record instead),True,Converted
C00085,Sharon,King,sking@luminarysolutions.com,Manager of Something,,Manager,,,ACC0130,Government,3500.0,,,2022-09-28,,,False,,False,False,False,False,,True,True,,,,,,Contact,Orphan Contact,,12.6,False,C00085,Atlas Corp,atlascorp.com,False,False,False,73.5,Germany,954.5,True,False,False,True,False,False,False,False,False,False,False,False,True,False,False,,3,"duplicate_email, orphan_contact, missing_phone",0.0,0.0,0,0,0.0,0.0,0.0,,0.0,0.0,0.0,0.0,0.0,0.0,0.0,0.0,0.0,0.0,False,False,1.0,C2,0.55,22.35,12.292500000000002,0.5,0.0,0.25,0.0,12.3,25.0,6.8,0.6,0.25,0.15,Medium,no engagement history; engagement discounted (automation-heavy); segment C2,Nurture,2,Add to long-term nurture sequence | Note: engagement may be automation-inflated,False,Nurture
C00208,Linda,Harris,lharris@unknown.com,VP of Something,,VP,,+1-555-7997,,,,,,2024-01-01,,,True,2022-05-09,True,False,False,False,,False,False,,,,,,Contact,Orphan Contact,,84.0,False,C00208,,,,,,,,,False,False,False,True,True,False,False,False,False,False,True,False,False,True,False,,3,"orphan_contact, missing_account, missing_industry",0.0,0.0,0,0,0.0,0.0,0.0,,0.0,0.0,0.0,0.0,0.0,0.0,0.0,0.0,0.0,0.0,False,False,0.25,C3,0.45,3.75,1.6875,0.85,0.0,0.425,0.0,1.7,42.5,6.8,0.6,0.25,0.15,Medium,no engagement history; engagement discounted (automation-heavy); segment C3,Nurture,2,Add to long-term nurture sequence | Note: opted out — no email; engagement may be automation-inflated,False,Nurture
C00372,Susan,Wilson,swilson@junctioncorp.com,Manager of Something,,Manager,,+1-555-4244,ACC0090,Retail,7500.0,,,2023-10-20,,,False,,False,False,False,False,,False,False,,,,,,Contact,Orphan Contact,,81.0,False,C00372,Junction Corp,junctioncorp.com,False,False,False,68.5,United States,3126.8,False,False,False,True,False,False,False,False,False,False,False,False,False,False,False,,1,orphan_contact,7.0,6.0,2025-07-04 00:00:00,2024-01-04 00:00:00,328.0,6.0,0.8571428571428571,True,1.0,0.0,0.0,0.0,0.0,0.0,0.0,0.0,0.0255687041704254,0.0255687041704254,False,False,1.0,C2,0.55,21.85,12.017500000000002,0.5,0.0,0.25,0.0016688204406218,12.0,25.0,6.8,0.6,0.25,0.15,High,last engaged 328d ago; engagement discounted (automation-heavy); segment C2,Nurture,2,Add to long-term nurture sequence | Note: engagement may be automation-inflated,False,Nurture
L00512,Gary,Hill,whernandez@atlascorp.com,Director of Something,Dynex Labs Group,Director,,+1-555-6859,ACC0158,Professional Services,500.0,,,2024-01-01,Web,Open,False,,True,False,False,False,,False,False,13.0,0.0,False,,,Lead,Orphan Lead,,,,L00512,Dynex Labs,dynexlabs.com,False,False,False,51.8,Netherlands,146.0,False,False,False,False,True,False,False,False,False,False,False,False,False,False,False,,0,,3.0,0.0,2025-10-13 00:00:00,2024-01-19 00:00:00,227.0,0.0,0.0,False,3.0,0.0,0.0,0.0,5.274804477219497,0.0,0.0,0.0001699254452019,0.0,5.274974402664699,False,False,1.0,L1,0.9,20.18,18.162,0.7,0.0,0.35,0.4373748105771486,18.2,35.0,6.6,0.75,0.15,0.1,High,last engaged 227d ago; segment L1,Nurture,2,Add to long-term nurture sequence | Note: opted out — no email,False,Nurture
C00293,Sandra,Allen,sallen@xenontechnologies.com,Unknown Title,,,,+1-555-1329,ACC0129,Government,1000.0,,,2022-09-25,,,False,,False,False,False,False,,False,False,,,,,,Contact,Orphan Contact,,22.9,False,C00293,Xenon Technologies,xenontechnologies.com,False,False,False,58.4,United States,201.4,False,False,False,True,False,False,False,False,False,False,False,False,False,False,False,,1,orphan_contact,0.0,0.0,0,0,0.0,0.0,0.0,,0.0,0.0,0.0,0.0,0.0,0.0,0.0,0.0,0.0,0.0,False,False,1.0,C2,0.55,20.84,11.462000000000002,0.5,0.0,0.25,0.0,11.5,25.0,6.6,0.6,0.25,0.15,High,no engagement history; engagement discounted (automation-heavy); segment C2,Nurture,2,Add to long-term nurture sequence | Note: engagement may be automation-inflated,False,Nurture
C00357,Donald,Flores,dflores@luminarynetworks.com,Unknown Title,,,,,ACC0160,Professional Services,5000.0,,,2022-11-08,,,True,2022-09-22,False,False,False,False,,False,False,,,,,,Contact,Orphan Contact,,92.1,False,C00357,Luminary Networks,luminarynetworks.com,False,False,False,53.0,United States,1033.0,True,False,False,True,False,False,False,False,False,False,False,False,True,False,False,,3,"duplicate_email, orphan_contact, missing_phone",0.0,0.0,0,0,0.0,0.0,0.0,,0.0,0.0,0.0,0.0,0.0,0.0,0.0,0.0,0.0,0.0,False,False,1.0,C2,0.55,20.3,11.165,0.5,0.0,0.25,0.0,11.2,25.0,6.6,0.6,0.25,0.15,Medium,no engagement history; engagement discounted (automation-heavy); segment C2,Nurture,2,Add to long-term nurture sequence | Note: engagement may be automation-inflated,False,Nurture
L00017,Gary,White,gwhite@junctioncorp.com,,Junction Corp Group,Director,,+1-555-6009,ACC0090,Retail,7500.0,,,2024-01-01,Content Syndication,Working,False,,False,False,False,False,,False,False,69.0,0.0,False,,,Lead,Orphan Lead,,,,L00017,Junction Corp,junctioncorp.com,False,False,False,68.5,United States,3126.8,True,False,False,False,False,False,False,False,False,False,False,True,False,False,False,,2,"duplicate_email, missing_title",0.0,0.0,0,0,0.0,0.0,0.0,,0.0,0.0,0.0,0.0,0.0,0.0,0.0,0.0,0.0,0.0,False,False,1.0,L1,0.9,21.85,19.665000000000003,0.7,0.0,0.35,0.0,19.7,35.0,6.5,0.75,0.15,0.1,Medium,no engagement history; engagement discounted (automation-heavy); segment L1,Nurture,2,Add to long-term nurture sequence | Note: engagement may be automation-inflated,False,Nurture
C00350,Thomas,Hall,thall@dynexlabs.com,Director of Something,,Director,,+1-555-8927,,,,,,2022-09-08,,,False,,False,False,False,False,,False,False,,,,,,Contact,Converted Contact,L00011,89.7,True,C00350,,,,,,,,,True,False,False,False,False,False,False,False,False,False,True,False,False,True,False,,3,"duplicate_email, missing_account, missing_industry",16.0,12.0,2026-05-19 00:00:00,2023-04-30 00:00:00,9.0,13.0,0.75,True,3.0,0.0,0.0,0.0,2.0121782215955727e-05,0.0,0.0,6.396086824979844,0.0,6.39610694676206,False,False,0.25,C1,1.0,3.75,3.75,0.7,0.0,0.35,0.4174616727548534,3.8,35.0,6.5,0.6,0.25,0.15,Medium,last engaged 9d ago; engagement discounted (automation-heavy); segment C1,Nurture,2,Add to long-term nurture sequence | Note: engagement may be automation-inflated,False,Nurture
C00035,Gary,Rivera,gary.rivera@yahoo.com,,,,,+1-555-2821,ACC0102,Retail,2000.0,,,2022-07-12,,,False,,False,False,False,False,,False,True,,,,,,Contact,Orphan Contact,,64.3,False,C00035,Paragon Labs,paragonlabs.com,False,False,False,25.9,United States,670.7,False,False,False,True,False,False,False,False,False,True,False,True,False,False,False,,3,"orphan_contact, free_email_leakage, missing_title",11.0,8.0,2026-04-27 00:00:00,2023-02-09 00:00:00,31.0,8.0,0.7272727272727273,True,3.0,0.0,0.0,0.0,6.200785359250782,0.0,0.0,0.0,4.0538169597095177e-08,6.200785399788951,False,False,1.0,C2,0.55,17.59,9.6745,0.5,0.0,0.25,0.4047134087869193,9.7,25.0,6.4,0.6,0.25,0.15,Medium,last engaged 31d ago; engagement discounted (automation-heavy); segment C2,Nurture,2,Add to long-term nurture sequence | Note: engagement may be automation-inflated,False,Nurture
C00190,Amanda,Baker,amanda.baker@gmail.com,Individual Contributor of Something,,Individual Contributor,Influencer,+1-555-4008,,,,,,2023-08-30,,,False,,False,False,False,False,,True,True,,,,,,Contact,Orphan Contact,,49.5,False,C00190,,,,,,,,,False,False,False,True,False,False,False,False,False,False,True,False,False,True,False,,3,"orphan_contact, missing_account, missing_industry",0.0,0.0,0,0,0.0,0.0,0.0,,0.0,0.0,0.0,0.0,0.0,0.0,0.0,0.0,0.0,0.0,False,False,0.25,C3,0.45,3.75,1.6875,0.3,0.5,0.4,0.0,1.7,40.0,6.4,0.6,0.25,0.15,Medium,no engagement history; engagement discounted (automation-heavy); segment C3,Nurture,2,Add to long-term nurture sequence | Note: engagement may be automation-inflated,False,Nurture
C00333,Timothy,Gonzalez,tgonzalez@kineticsolutions.com,Manager of Something,,Manager,,+1-555-9966,ACC0077,Professional Services,2000.0,,,2024-01-01,,,False,,False,False,False,False,,False,False,,,,,,Contact,Orphan Contact,,95.7,False,C00333,Kinetic Solutions,kineticsolutions.com,False,False,False,39.5,United States,541.4,False,False,False,True,False,False,False,False,False,False,False,False,False,False,False,,1,orphan_contact,0.0,0.0,0,0,0.0,0.0,0.0,,0.0,0.0,0.0,0.0,0.0,0.0,0.0,0.0,0.0,0.0,False,False,1.0,C2,0.55,18.95,10.4225,0.5,0.0,0.25,0.0,10.4,25.0,6.4,0.6,0.25,0.15,High,no engagement history; engagement discounted (automation-heavy); segment C2,Nurture,2,Add to long-term nurture sequence | Note: engagement may be automation-inflated,False,Nurture
L00189,Jeffrey,Wilson,jeffrey.wilson@protonmail.com,Director of Something,Glacier Labs & Co,Director,,+1-555-8207,ACC0120,Manufacturing,2000.0,,,2024-01-01,Content Syndication,Open,False,,False,False,False,False,,False,True,0.0,0.0,False,,,Lead,Orphan Lead,,,,L00189,Glacier Labs,glacierlabs.com,False,False,False,55.3,United States,572.5,False,False,False,False,False,False,False,False,False,True,False,False,False,False,False,,1,free_email_leakage,3.0,0.0,2024-11-24 00:00:00,2024-01-09 00:00:00,550.0,0.0,0.0,False,3.0,0.0,0.0,3.04989186524384e-05,9.313225746154812e-07,0.0,0.0006055454452393,0.0,0.0,0.0006369756864663,False,False,1.0,L1,0.9,20.53,18.477,0.7,0.0,0.35,5.281487623327829e-05,18.5,35.0,6.3,0.75,0.15,0.1,High,last engaged 550d ago; segment L1,Nurture,2,Add to long-term nurture sequence,False,Nurture
C00163,Amy,Gonzalez,agonzalez@wardendynamics.com,,,,,+1-555-7906,ACC0002,Education,7500.0,,,2022-09-14,,,True,2022-12-07,True,False,False,False,,False,False,,,,,,Contact,Orphan Contact,,98.6,False,C00163,Warden Dynamics,wardendynamics.com,False,False,False,31.7,United States,1575.9,False,False,False,True,True,False,False,False,False,False,False,True,False,False,False,,2,"orphan_contact, missing_title",11.0,9.0,2026-05-23 00:00:00,2023-03-17 00:00:00,5.0,10.0,0.8181818181818182,True,1.0,0.0,0.0,8.107633919419034e-07,0.0,0.0,0.0,0.0,0.0,8.107633919419034e-07,False,False,1.0,C2,0.55,18.17,9.9935,0.5,0.0,0.25,5.2916976627448016e-08,10.0,25.0,6.3,0.6,0.25,0.15,Medium,last engaged 5d ago; engagement discounted (automation-heavy); segment C2,Nurture,2,Add to long-term nurture sequence | Note: opted out — no email; engagement may be automation-inflated,False,Nurture
L00420,Sharon,Jones,sjones@cascadetechnologies.com,VP of Something,Cascade Technologies LLC,VP,,+1-555-9644,ACC0196,Professional Services,200.0,,,2024-01-01,Web,Open,False,,False,False,False,True,C00032,False,False,6.0,0.0,False,,,Lead,Converted Lead - linked,,,,C00032,Cascade Technologies,cascadetechnologies.com,False,False,False,43.8,United States,34.8,True,False,False,False,False,False,False,False,False,False,False,False,False,False,False,,1,duplicate_email,4.0,1.0,2024-06-04 00:00:00,2023-05-05 00:00:00,723.0,1.0,0.25,False,3.0,0.0,0.0,0.0,5.561310002427148e-05,2.363965603162761e-09,0.0,0.0,0.0,5.561546398987465e-05,False,False,0.65,L1,0.9,14.13,12.717,0.85,0.0,0.425,4.611359443838015e-06,12.7,42.5,6.2,0.75,0.15,0.1,High,last engaged 723d ago; segment L1,Nurture,2,Do not action — record converted to contact C00032 (work the contact record instead),True,Converted
C00105,Linda,Moore,lmoore@aethernetworks.com,Director of Something,,Director,,+1-555-8730,,,,,,2022-01-08,,,False,,False,False,False,False,,False,False,,,,,,Contact,Converted Contact,L00395,0.0,True,C00105,,,,,,,,,True,False,False,False,False,False,False,False,False,False,True,False,False,True,False,,3,"duplicate_email, missing_account, missing_industry",5.0,1.0,2026-04-23 00:00:00,2024-05-21 00:00:00,35.0,3.0,0.2,False,2.0,0.0,0.0,0.0,2.0121782215955727e-05,0.0,0.0009178352631241,0.0,0.0,0.0009379570453401,False,False,0.25,C1,1.0,3.75,3.75,0.7,0.0,0.35,6.121866322421334e-05,3.8,35.0,6.2,0.6,0.25,0.15,Medium,last engaged 35d ago; segment C1,Nurture,2,Add to long-term nurture sequence,False,Nurture
C00233,David,Anderson,danderson@unknown.com,Director of Something,,Director,,+1-555-4029,,,,,,2023-05-20,,,False,,False,False,False,False,,False,False,,,,,,Contact,Converted Contact,L00481,35.6,True,C00233,,,,,,,,,True,False,False,False,False,False,False,False,False,False,True,False,False,True,False,,3,"duplicate_email, missing_account, missing_industry",2.0,0.0,2025-05-22 00:00:00,2023-12-31 00:00:00,371.0,0.0,0.0,False,2.0,0.0,0.0,1.5129379860241623e-06,0.0,0.0,0.0,0.0189348725809782,0.0,0.0189363855189642,False,False,0.25,C1,1.0,3.75,3.75,0.7,0.0,0.35,0.0012359416814753,3.8,35.0,6.2,0.6,0.25,0.15,Medium,last engaged 371d ago; segment C1,Nurture,2,Add to long-term nurture sequence,False,Nurture
C00376,Nancy,Torres,ntorres@emblemtechnologies.com,Manager of Something,,Manager,,+1-555-7234,ACC0131,Manufacturing,5000.0,,,2023-12-13,,,False,,True,False,False,False,,False,False,,,,,,Contact,Orphan Contact,,0.0,False,C00376,Emblem Technologies,emblemtechnologies.com,False,False,False,29.6,Canada,1931.9,False,False,False,True,True,False,False,False,False,False,False,False,False,False,False,,1,orphan_contact,0.0,0.0,0,0,0.0,0.0,0.0,,0.0,0.0,0.0,0.0,0.0,0.0,0.0,0.0,0.0,0.0,False,False,1.0,C2,0.55,17.96,9.878000000000002,0.5,0.0,0.25,0.0,9.9,25.0,6.2,0.6,0.25,0.15,High,no engagement history; engagement discounted (automation-heavy); segment C2,Nurture,2,Add to long-term nurture sequence | Note: opted out — no email; engagement may be automation-inflated,False,Nurture
L00158,Lisa,Allen,lallen@unknown.com,,,Individual Contributor,,,,,,Energy,,2024-01-01,Partner Referral,Working,False,,True,False,False,False,,False,False,41.0,0.0,False,,,Lead,Orphan Lead,,,,L00158,,,,,,,,,False,False,False,False,True,False,False,False,False,False,True,True,True,True,False,,4,"missing_account, missing_title, missing_phone, missing_industry",0.0,0.0,0,0,0.0,0.0,0.0,,0.0,0.0,0.0,0.0,0.0,0.0,0.0,0.0,0.0,0.0,True,False,0.25,L2,0.55,53.75,29.562500000000004,0.3,0.0,0.15,0.0,29.6,15.0,5.9,0.75,0.15,0.1,Low,no engagement history; ICP industry (nan); engagement discounted (automation-heavy); segment L2,Nurture,2,Add to long-term nurture sequence | Note: opted out — no email; engagement may be automation-inflated,False,Nurture
L00083,Cynthia,Green,cynthia.green@yahoo.com,,Emblem Systems Corp,Director,,+1-555-7543,ACC0052,Government,3500.0,,,2024-01-01,Event,MQL,True,2023-12-10,False,False,False,False,,False,True,88.0,1.0,False,,,Lead,Orphan Lead,,,,L00083,Emblem Systems,emblemsystems.com,False,False,False,20.0,United States,622.1,False,False,False,False,False,False,False,False,False,True,False,True,False,False,False,,2,"free_email_leakage, missing_title",0.0,0.0,0,0,0.0,0.0,0.0,,0.0,0.0,0.0,0.0,0.0,0.0,0.0,0.0,0.0,0.0,False,False,1.0,L1,0.9,17.0,15.3,0.7,0.0,0.35,0.0,15.3,35.0,5.8,0.75,0.15,0.1,Medium,no engagement history; engagement discounted (automation-heavy); segment L1,Nurture,2,Add to long-term nurture sequence | Note: engagement may be automation-inflated,False,Nurture
L00109,Sandra,Hill,shill@emblemsystems.com,Director of Something,Emblem Systems,Director,,+1-555-7253,ACC0052,Government,3500.0,,,2024-01-01,Advertisement,Nurturing,False,,False,False,False,False,,False,False,99.0,0.0,False,,,Lead,Orphan Lead,,,,L00109,Emblem Systems,emblemsystems.com,False,False,False,20.0,United States,622.1,False,False,False,False,False,False,False,False,False,False,False,False,False,False,False,,0,,17.0,15.0,2026-05-11 00:00:00,2023-02-22 00:00:00,17.0,15.0,0.8823529411764706,True,2.0,0.0,0.0,0.0,0.0,3.145952011997452e-05,0.0,0.0,0.8373230176064794,0.8373544771265994,False,False,1.0,L1,0.9,17.0,15.3,0.7,0.0,0.35,0.069429295360024,15.3,35.0,5.8,0.75,0.15,0.1,High,last engaged 17d ago; engagement discounted (automation-heavy); segment L1,Nurture,2,Add to long-term nurture sequence | Note: engagement may be automation-inflated,False,Nurture
L00295,Mary,White,mwhite@helioslabs.com,Manager of Something,,Manager,,,ACC0186,Government,2000.0,,,2024-01-01,Cold Call,Open,False,,True,False,False,False,,False,False,70.0,0.0,False,,,Lead,Orphan Lead,,,,L00295,Helios Labs,helioslabs.com,False,False,False,92.1,United States,370.4,False,False,False,False,True,False,False,False,False,False,False,False,True,False,False,,1,missing_phone,0.0,0.0,0,0,0.0,0.0,0.0,,0.0,0.0,0.0,0.0,0.0,0.0,0.0,0.0,0.0,0.0,False,False,1.0,L1,0.9,24.21,21.789,0.5,0.0,0.25,0.0,21.8,25.0,5.8,0.75,0.15,0.1,High,no engagement history; engagement discounted (automation-heavy); segment L1,Nurture,2,Add to long-term nurture sequence | Note: opted out — no email; engagement may be automation-inflated,False,Nurture
L00428,Angela,Jones,ajones@harborcorp.com,VP of Something,,VP,,+1-555-6091,ACC0063,Education,25.0,,,2024-01-01,Cold Call,Open,False,,False,False,False,False,,False,False,63.0,0.0,False,,,Lead,Orphan Lead,,,,L00428,Harbor Corp,harborcorp.com,False,False,False,78.3,United States,2.3,False,False,False,False,False,False,False,False,False,False,False,False,False,False,False,,0,,1.0,1.0,2023-02-11 00:00:00,2023-02-11 00:00:00,1202.0,1.0,1.0,True,0.0,0.0,0.0,0.0,0.0,0.0,0.0,0.0,0.0,0.0,False,False,0.25,L1,0.9,11.579999999999998,10.422,0.85,0.0,0.425,0.0,10.4,42.5,5.8,0.75,0.15,0.1,High,last engaged 1202d ago; engagement discounted (automation-heavy); segment L1,Nurture,2,Add to long-term nurture sequence | Note: engagement may be automation-inflated,False,Nurture
C00027,Michael,Thomas,mthomas@forgeventures.com,Unknown Title,,,,+1-555-1395,ACC0179,Professional Services,200.0,,,2022-06-19,,,True,2022-02-06,False,False,False,False,,False,False,,,,,,Contact,Orphan Contact,,6.6,False,C00027,Forge Ventures,forgeventures.com,False,False,False,53.2,United States,38.5,False,False,False,True,False,False,False,False,False,False,False,False,False,False,False,,1,orphan_contact,15.0,15.0,2026-05-13 00:00:00,2023-04-27 00:00:00,15.0,15.0,1.0,True,0.0,0.0,0.0,0.0,0.0,0.0,0.0,0.0,0.0,0.0,False,False,0.65,C2,0.55,15.07,8.2885,0.5,0.0,0.25,0.0,8.3,25.0,5.8,0.6,0.25,0.15,High,last engaged 15d ago; engagement discounted (automation-heavy); segment C2,Nurture,2,Add to long-term nurture sequence | Note: engagement may be automation-inflated,False,Nurture
C00348,Mary,Clark,mary.clark@gmail.com,Manager of Something,,Manager,,+1-555-3801,ACC0196,Professional Services,200.0,,,2023-07-16,,,False,,True,True,False,False,,False,False,,,,,,Contact,Orphan Contact,,82.4,False,C00348,Cascade Technologies,cascadetechnologies.com,False,False,False,43.8,United States,34.8,True,False,False,True,True,True,False,False,False,False,False,False,False,False,False,,2,"duplicate_email, orphan_contact",3.0,1.0,2025-10-13 00:00:00,2023-12-24 00:00:00,227.0,1.0,0.3333333333333333,False,2.0,0.0,0.0,0.0,2.6374022386097487,0.0,2.574013322531761e-07,0.0,0.0,2.637402496011081,False,False,0.65,C2,0.55,14.13,7.7715,0.5,0.0,0.25,0.1721382189004804,7.8,25.0,5.8,0.6,0.25,0.15,Medium,last engaged 227d ago; segment C2,Nurture,2,Add to long-term nurture sequence | Note: opted out — no email; email bounced — use phone/LinkedIn,False,Nurture
L00055,Gary,Walker,gwalker@radianttechnologies.com,Individual Contributor of Something,Radiant Technologies & Co,Individual Contributor,,+1-555-8286,ACC0153,Professional Services,50.0,,,2024-01-01,Web,Nurturing,False,,False,False,False,False,,False,False,6.0,0.0,False,,,Lead,Orphan Lead,,,,L00055,Radiant Technologies,radianttechnologies.com,True,False,False,24.5,United States,4.8,False,False,False,False,False,False,False,False,False,False,False,False,False,False,False,,0,,16.0,14.0,2025-12-11 00:00:00,2023-05-08 00:00:00,168.0,14.0,0.875,True,2.0,0.0,0.0,3.754857331201056e-05,0.0,0.0,0.0,0.0,4.245538676894357e-08,3.7591028698779504e-05,False,True,0.25,L1,0.9,31.2,28.08,0.3,0.0,0.15,3.1168623393173896e-06,28.1,15.0,5.7,0.75,0.15,0.1,High,last engaged 168d ago; named account; engagement discounted (automation-heavy); segment L1,Nurture,2,Add to long-term nurture sequence | Note: engagement may be automation-inflated,False,Nurture
L00377,Thomas,Young,tyoung@aethersolutions.com,Manager of Something,Aether Solutions Group,Manager,,+1-555-8133,ACC0112,Education,1000.0,,,2024-01-01,Web,Disqualified,False,,False,False,False,False,,False,False,81.0,0.0,False,,,Lead,Orphan Lead,,,,L00377,Aether Solutions,aethersolutions.com,False,False,False,87.7,United States,333.0,False,False,False,False,False,False,False,False,False,False,False,False,False,False,False,,0,,17.0,14.0,2026-01-24 00:00:00,2023-01-31 00:00:00,124.0,15.0,0.8235294117647058,True,2.0,0.0,0.0,0.0,0.0,0.0,6.951637503033946e-07,0.0,0.0,6.951637503033946e-07,False,False,1.0,L1,0.9,23.77,21.393,0.5,0.0,0.25,5.76395429436502e-08,21.4,25.0,5.7,0.75,0.15,0.1,High,last engaged 124d ago; engagement discounted (automation-heavy); segment L1,Nurture,2,Add to long-term nurture sequence | Note: engagement may be automation-inflated,False,Nurture
L00526,Sarah,Torres,storres@solariscorp.com,Unknown Title,Solaris Corp & Co,,,+1-555-7676,ACC0066,Government,5000.0,,,2023-10-23,Trade Show,Disqualified,False,,False,False,False,True,,False,False,75.0,0.0,False,,,Lead,Converted Lead - broken link,,,,L00526,Solaris Corp,solariscorp.com,False,False,False,90.4,United States,2046.7,True,False,True,False,False,False,False,False,False,False,False,False,False,False,False,,2,"duplicate_email, broken_conversion_link",2.0,0.0,2024-05-22 00:00:00,2023-10-22 00:00:00,736.0,0.0,0.0,False,2.0,0.0,0.0,3.0020491882217645e-07,2.059210658025413e-05,0.0,0.0,0.0,0.0,2.089231149907631e-05,False,False,1.0,L1,0.9,24.04,21.636,0.5,0.0,0.25,1.7322872277467852e-06,21.6,25.0,5.7,0.75,0.15,0.1,Medium,last engaged 736d ago; segment L1,Nurture,2,Add to long-term nurture sequence | Note: broken conversion link (DQ-1),False,Nurture
L00584,William,Anderson,wanderson@solariscorp.com,Manager of Something,Solaris Corp Corp,Manager,,+1-555-1122,ACC0066,Government,5000.0,,,2024-01-01,Web,Nurturing,False,,False,False,False,False,,False,False,58.0,0.0,False,,,Lead,Orphan Lead,,,,L00584,Solaris Corp,solariscorp.com,False,False,False,90.4,United States,2046.7,False,False,False,False,False,False,False,False,False,False,False,False,False,False,False,,0,,8.0,7.0,2024-12-01 00:00:00,2023-02-23 00:00:00,543.0,7.0,0.875,True,1.0,0.0,0.0,0.0,0.0,0.0014236953606213,0.0,0.0,0.0,0.0014236953606213,False,False,1.0,L1,0.9,24.04,21.636,0.5,0.0,0.25,0.0001180457839485,21.6,25.0,5.7,0.75,0.15,0.1,High,last engaged 543d ago; engagement discounted (automation-heavy); segment L1,Nurture,2,Add to long-term nurture sequence | Note: engagement may be automation-inflated,False,Nurture
C00280,Rebecca,Sanchez,rsanchez@unknown.com,Director of Something,,Director,,+1-555-7564,,,,,,2024-01-01,,,True,2022-06-10,True,False,False,False,,False,False,,,,,,Contact,Orphan Contact,,0.0,False,C00280,,,,,,,,,False,False,False,True,True,False,False,False,False,False,True,False,False,True,False,,3,"orphan_contact, missing_account, missing_industry",0.0,0.0,0,0,0.0,0.0,0.0,,0.0,0.0,0.0,0.0,0.0,0.0,0.0,0.0,0.0,0.0,False,False,0.25,C3,0.45,3.75,1.6875,0.7,0.0,0.35,0.0,1.7,35.0,5.7,0.6,0.25,0.15,Medium,no engagement history; engagement discounted (automation-heavy); segment C3,Nurture,2,Add to long-term nurture sequence | Note: opted out — no email; engagement may be automation-inflated,False,Nurture
L00025,Margaret,Harris,mharris@junctioncorp.com,Manager of Something,Junction Corp & Co,Manager,,+1-555-6690,ACC0090,Retail,7500.0,,,2024-01-01,Web,MQL,True,2023-07-29,True,False,False,False,,False,False,79.0,3.0,False,,,Lead,Orphan Lead,,,,L00025,Junction Corp,junctioncorp.com,False,False,False,68.5,United States,3126.8,False,False,False,False,True,False,False,False,False,False,False,False,False,False,False,,0,,12.0,10.0,2026-05-28 00:00:00,2023-03-08 00:00:00,0.0,10.0,0.8333333333333334,True,2.0,0.0,0.0,1.5361093808581322e-07,0.0,2.9103830456733766e-09,0.0,0.0,0.0,1.565213211314866e-07,False,False,1.0,L1,0.9,21.85,19.665000000000003,0.5,0.0,0.25,1.2977974480139012e-08,19.7,25.0,5.5,0.75,0.15,0.1,High,no engagement history; engagement discounted (automation-heavy); segment L1,Nurture,2,Add to long-term nurture sequence | Note: opted out — no email; engagement may be automation-inflated,False,Nurture
L00275,Cynthia,King,cking@atlascorp.com,,Atlas,Manager,,,ACC0130,Government,3500.0,,,2024-01-01,Event,Open,False,,False,False,False,False,,False,False,0.0,0.0,False,,,Lead,Orphan Lead,,,,L00275,Atlas Corp,atlascorp.com,False,False,False,73.5,Germany,954.5,False,False,False,False,False,False,False,False,False,False,False,True,True,False,False,,2,"missing_title, missing_phone",1.0,0.0,2024-04-30 00:00:00,2024-04-30 00:00:00,758.0,0.0,0.0,False,1.0,0.0,0.0,0.0,1.2386409880858503e-05,0.0,0.0,0.0,0.0,1.2386409880858503e-05,False,False,1.0,L1,0.9,22.35,20.115,0.5,0.0,0.25,1.02701989845386e-06,20.1,25.0,5.5,0.75,0.15,0.1,Medium,last engaged 758d ago; segment L1,Nurture,2,Add to long-term nurture sequence,False,Nurture
L00570,Steven,Carter,steven.carter@outlook.com,Manager of Something,Finesse Systems Ltd,Manager,,+1-555-9179,ACC0075,Retail,2000.0,,,2024-01-01,Web,Nurturing,False,,True,False,False,False,,True,True,20.0,0.0,False,,,Lead,Orphan Lead,,,,L00570,Finesse Systems,finessesystems.com,False,False,False,71.9,Sweden,385.6,False,False,False,False,True,False,False,False,False,False,False,False,False,False,False,,0,,15.0,10.0,2025-10-23 00:00:00,2023-08-13 00:00:00,217.0,11.0,0.6666666666666666,False,4.0,0.0,0.0,1.200819675288706e-06,0.0319608802130318,0.0,0.0,0.0,4.1814969789585945e-07,0.031962499182405,False,False,1.0,L1,0.9,22.19,19.971,0.5,0.0,0.25,0.0026501724858446,20.0,25.0,5.5,0.75,0.15,0.1,High,last engaged 217d ago; segment L1,Nurture,2,Add to long-term nurture sequence | Note: opted out — no email,False,Nurture
C00047,Sandra,Sanchez,ssanchez@paragoncorp.com,Individual Contributor of Something,,Individual Contributor,,,ACC0058,Retail,3500.0,,,2023-11-09,,,False,,False,False,False,False,,False,False,,,,,,Contact,Orphan Contact,,33.7,False,C00047,Paragon Corp,paragoncorp.com,False,False,False,87.8,France,861.8,False,False,False,True,False,False,False,False,False,False,False,False,True,False,False,,2,"orphan_contact, missing_phone",0.0,0.0,0,0,0.0,0.0,0.0,,0.0,0.0,0.0,0.0,0.0,0.0,0.0,0.0,0.0,0.0,False,False,1.0,C2,0.55,23.78,13.079000000000002,0.3,0.0,0.15,0.0,13.1,15.0,5.5,0.6,0.25,0.15,Medium,no engagement history; engagement discounted (automation-heavy); segment C2,Nurture,2,Add to long-term nurture sequence | Note: engagement may be automation-inflated,False,Nurture
L00312,David,Harris,dharris@cascadetechnologies.com,Manager of Something,Cascade Technologies LLC,Manager,,+1-555-4919,ACC0196,Professional Services,200.0,,,2024-01-01,Trade Show,Nurturing,False,,True,False,False,True,C00067,False,False,47.0,0.0,False,,,Lead,Converted Lead - linked,,,,C00067,Cascade Technologies,cascadetechnologies.com,False,False,False,43.8,United States,34.8,True,False,False,False,True,False,False,False,False,False,False,False,False,False,False,,1,duplicate_email,1.0,0.0,2026-01-01 00:00:00,2026-01-01 00:00:00,147.0,0.0,0.0,False,1.0,0.0,0.0,0.0,16.746460352129585,0.0,0.0,0.0,0.0,16.746460352129585,False,False,0.65,L1,0.9,14.13,12.717,0.5,0.0,0.25,1.38853373784153,12.7,25.0,5.4,0.75,0.15,0.1,High,last engaged 147d ago; segment L1,Nurture,2,Do not action — record converted to contact C00067 (work the contact record instead),True,Converted
L00019,Margaret,Jones,leads@databroker.io,Individual Contributor of Something,Lattice Dynamics,Individual Contributor,Influencer,,ACC0082,Professional Services,75.0,,,2024-01-01,Content Syndication,Disqualified,False,,False,False,False,True,C00205,False,False,26.0,0.0,False,,,Lead,Converted Lead - linked,,,,C00205,Lattice Dynamics,latticedynamics.com,False,False,False,60.2,United States,6.4,True,True,False,False,False,False,False,False,False,False,False,False,True,False,False,,3,"duplicate_email, shared_email, missing_phone",14.0,13.0,2026-05-16 00:00:00,2023-04-17 00:00:00,12.0,14.0,0.9285714285714286,True,0.0,0.0,0.0,0.0,0.0,0.0,0.0,0.0,0.0,0.0,False,False,0.25,L1,0.9,9.77,8.793,0.3,0.5,0.4,0.0,8.8,40.0,5.3,0.75,0.15,0.1,Medium,last engaged 12d ago; engagement discounted (automation-heavy); segment L1,Nurture,2,Do not action — record converted to contact C00205 (work the contact record instead),True,Converted
C00015,Matthew,Hall,mhall@xenondynamics.com,Individual Contributor of Something,,Individual Contributor,,,ACC0063,Education,25.0,,,2023-06-23,,,False,,False,False,False,False,,False,False,,,,,,Contact,Converted Contact,L00313,80.2,True,C00015,Harbor Corp,harborcorp.com,False,False,False,78.3,United States,2.3,True,False,False,False,False,False,False,False,False,False,False,False,True,False,False,,2,"duplicate_email, missing_phone",3.0,0.0,2025-09-23 00:00:00,2023-05-17 00:00:00,247.0,0.0,0.0,False,3.0,0.0,0.0,0.0,3.3229185974642816,0.0,0.0,7.7981782854207e-10,0.0,3.3229185982441,False,False,0.25,C1,1.0,11.579999999999998,11.579999999999998,0.3,0.0,0.15,0.2168805443682333,11.6,15.0,5.3,0.6,0.25,0.15,Medium,last engaged 247d ago; segment C1,Nurture,2,Add to long-term nurture sequence,False,Nurture
C00021,Sandra,Taylor,staylor@luminarynetworks.com,Individual Contributor of Something,,Individual Contributor,,+1-555-8074,ACC0130,Government,3500.0,,,2024-01-01,,,True,2023-12-16,True,False,False,False,,False,False,,,,,,Contact,Orphan Contact,,38.2,False,C00021,Atlas Corp,atlascorp.com,False,False,False,73.5,Germany,954.5,True,False,False,True,True,False,False,False,False,False,False,False,False,False,False,,2,"duplicate_email, orphan_contact",0.0,0.0,0,0,0.0,0.0,0.0,,0.0,0.0,0.0,0.0,0.0,0.0,0.0,0.0,0.0,0.0,False,False,1.0,C2,0.55,22.35,12.292500000000002,0.3,0.0,0.15,0.0,12.3,15.0,5.3,0.6,0.25,0.15,Medium,no engagement history; engagement discounted (automation-heavy); segment C2,Nurture,2,Add to long-term nurture sequence | Note: opted out — no email; engagement may be automation-inflated,False,Nurture
C00210,Angela,Martinez,amartinez@dynexlabs.com,Manager of Something,,Manager,,+1-555-6013,ACC0070,Government,75.0,,,2022-11-07,,,False,,False,False,False,False,,True,True,,,,,,Contact,Converted Contact,L00553,61.2,True,C00210,Ionic Dynamics,ionicdynamics.com,False,False,False,20.4,United Kingdom,7.4,True,False,False,False,False,False,False,False,False,False,False,False,False,False,False,,1,duplicate_email,18.0,12.0,2026-05-07 00:00:00,2023-03-18 00:00:00,21.0,15.0,0.6666666666666666,False,3.0,0.0,0.0,0.0,2.295992004460175,2.057951587446e-09,0.0,0.0,4.310561205163149e-09,2.295992010828688,False,False,0.25,C1,1.0,5.79,5.79,0.5,0.0,0.25,0.1498550092189351,5.8,25.0,5.3,0.6,0.25,0.15,High,last engaged 21d ago; segment C1,Nurture,2,Add to long-term nurture sequence,False,Nurture
L00260,Brian,King,bking@bastionlabs.com,Director of Something,Bastion Labs & Co,Director,,+1-555-7529,ACC0030,Education,300.0,,,2024-01-01,Content Syndication,Working,False,,False,False,False,False,,False,False,39.0,0.0,False,,,Lead,Orphan Lead,,,,L00260,Bastion Labs,bastionlabs.com,False,False,False,25.4,United States,58.7,False,False,False,False,False,False,False,False,False,False,False,False,False,False,False,,0,,2.0,0.0,2025-06-27 00:00:00,2023-08-17 00:00:00,335.0,0.0,0.0,False,2.0,0.0,0.0,0.0,0.0,0.0,0.0,0.0,0.0435009139716962,0.0435009139716962,False,False,0.65,L1,0.9,12.29,11.061,0.7,0.0,0.35,0.0036068808217708,11.1,35.0,5.2,0.75,0.15,0.1,High,last engaged 335d ago; segment L1,Nurture,2,Add to long-term nurture sequence,False,Nurture
L00568,Matthew,Hernandez,bmitchell@unknown.com,Unknown Title,Gravitas,,,+1-555-8310,ACC0149,Manufacturing,200.0,,,2023-03-30,Event,MQL,True,2022-04-12,False,False,False,False,,False,False,56.0,3.0,False,,,Lead,Orphan Lead,,,,L00568,Gravitas Dynamics,gravitasdynamics.com,False,False,False,87.5,United States,23.0,True,False,False,False,False,False,False,False,False,False,False,False,False,False,False,,1,duplicate_email,0.0,0.0,0,0,0.0,0.0,0.0,,0.0,0.0,0.0,0.0,0.0,0.0,0.0,0.0,0.0,0.0,False,False,0.65,L1,0.9,18.5,16.650000000000002,0.5,0.0,0.25,0.0,16.7,25.0,5.0,0.75,0.15,0.1,High,no engagement history; engagement discounted (automation-heavy); segment L1,Nurture,2,Add to long-term nurture sequence | Note: engagement may be automation-inflated,False,Nurture
L00496,Gary,Ramirez,gary.ramirez@protonmail.com,Unknown Title,Emblem Group Group,,,+1-555-2767,ACC0068,Manufacturing,15000.0,,,2024-01-01,Partner Referral,Nurturing,False,,False,False,False,True,C00009,False,True,59.0,0.0,False,,,Lead,Converted Lead - linked,,,,C00009,Emblem Group,emblemgroup.com,False,False,False,79.8,France,6955.9,True,False,False,False,False,False,False,False,False,True,False,False,False,False,False,,2,"duplicate_email, free_email_leakage",2.0,0.0,2023-12-25 00:00:00,2023-09-18 00:00:00,885.0,1.0,0.0,False,1.0,0.0,0.0,1.3170890159654409e-06,0.0,0.0,0.0,0.0,0.0,1.3170890159654409e-06,False,False,0.65,L1,0.9,17.73,15.957,0.5,0.0,0.25,1.0920651265722261e-07,16.0,25.0,4.9,0.75,0.15,0.1,Medium,last engaged 885d ago; segment L1,Nurture,2,Do not action — record converted to contact C00009 (work the contact record instead),True,Converted
L00058,Shirley,Perez,sperez@helioslabs.com,Individual Contributor of Something,Helios Labs,Individual Contributor,,+1-555-1114,ACC0186,Government,2000.0,,,2024-01-01,Cold Call,MQL,True,2022-04-16,True,False,False,False,,False,False,44.0,4.0,False,,,Lead,Orphan Lead,,,,L00058,Helios Labs,helioslabs.com,False,False,False,92.1,United States,370.4,False,False,False,False,True,False,False,False,False,False,False,False,False,False,False,,0,,12.0,12.0,2026-05-28 00:00:00,2023-02-27 00:00:00,0.0,12.0,1.0,True,0.0,0.0,0.0,0.0,0.0,0.0,0.0,0.0,0.0,0.0,False,False,1.0,L1,0.9,24.21,21.789,0.3,0.0,0.15,0.0,21.8,15.0,4.8,0.75,0.15,0.1,High,no engagement history; engagement discounted (automation-heavy); segment L1,Nurture,2,Add to long-term nurture sequence | Note: opted out — no email; engagement may be automation-inflated,False,Nurture
L00278,Carol,Flores,cflores@emblemsystems.com,Manager of Something,Emblem Systems Corp,Manager,,,ACC0052,Government,3500.0,,,2024-01-01,Partner Referral,Open,False,,False,False,False,True,C00141,False,False,0.0,0.0,False,,,Lead,Converted Lead - linked,,,,C00141,Emblem Systems,emblemsystems.com,False,False,False,20.0,United States,622.1,True,False,False,False,False,False,False,False,False,False,False,False,True,False,False,,2,"duplicate_email, missing_phone",2.0,0.0,2023-10-03 00:00:00,2023-03-29 00:00:00,968.0,0.0,0.0,False,2.0,0.0,0.0,1.935376543884143e-07,0.0,0.0,0.0,0.0,1.2568424426424623e-10,1.936633386326785e-07,False,False,1.0,L1,0.9,17.0,15.3,0.5,0.0,0.25,1.6057607029792836e-08,15.3,25.0,4.8,0.75,0.15,0.1,Medium,last engaged 968d ago; segment L1,Nurture,2,Do not action — record converted to contact C00141 (work the contact record instead),True,Converted
L00296,Donna,Brown,dbrown@beaconpartners.com,Unknown Title,Beacon Partners Inc.,,,+1-555-3884,ACC0170,Manufacturing,500.0,,,2024-01-01,Webinar,Open,False,,False,False,False,False,,False,False,41.0,0.0,False,,,Lead,Orphan Lead,,,,L00296,Beacon Partners,beaconpartners.com,False,False,False,20.8,United States,114.7,False,False,False,False,False,False,False,False,False,False,False,False,False,False,False,,0,,0.0,0.0,0,0,0.0,0.0,0.0,,0.0,0.0,0.0,0.0,0.0,0.0,0.0,0.0,0.0,0.0,False,False,1.0,L1,0.9,17.08,15.371999999999998,0.5,0.0,0.25,0.0,15.4,25.0,4.8,0.75,0.15,0.1,High,no engagement history; engagement discounted (automation-heavy); segment L1,Nurture,2,Add to long-term nurture sequence | Note: engagement may be automation-inflated,False,Nurture
L00491,Timothy,Miller,tmiller@emblemsystems.com,Manager of Something,Emblem Systems,Manager,,+1-555-7195,ACC0052,Government,3500.0,,,2024-01-01,Content Syndication,MQL,True,2023-07-22,True,False,False,True,C00116,False,False,23.0,3.0,False,,,Lead,Converted Lead - linked,,,,C00116,Emblem Systems,emblemsystems.com,False,False,False,20.0,United States,622.1,True,False,False,False,True,False,False,False,False,False,False,False,False,False,False,,1,duplicate_email,0.0,0.0,0,0,0.0,0.0,0.0,,0.0,0.0,0.0,0.0,0.0,0.0,0.0,0.0,0.0,0.0,False,False,1.0,L1,0.9,17.0,15.3,0.5,0.0,0.25,0.0,15.3,25.0,4.8,0.75,0.15,0.1,High,no engagement history; engagement discounted (automation-heavy); segment L1,Nurture,2,Do not action — record converted to contact C00116 (work the contact record instead),True,Converted
L00006,Rebecca,Young,rebecca.young@hotmail.com,Director of Something,,Director,,+1-555-6614,,,,,1000.0,2024-01-01,Web,Working,False,,False,False,False,True,C00239,False,True,0.0,0.0,False,,,Lead,Converted Lead - linked,,,,C00239,,,,,,,,,True,False,False,False,False,False,False,False,False,True,True,False,False,True,False,,4,"duplicate_email, free_email_leakage, missing_account, missing_industry",2.0,0.0,2025-06-02 00:00:00,2023-12-22 00:00:00,360.0,1.0,0.0,False,1.0,0.0,0.0,0.0,0.0,0.0,0.0,0.0244140625,0.0,0.0244140625,False,False,1.0,L2,0.55,15.0,8.25,0.7,0.0,0.35,0.0020242934176063,8.2,35.0,4.7,0.75,0.15,0.1,Low,last engaged 360d ago; segment L2,Nurture,2,Do not action — record converted to contact C00239 (work the contact record instead),True,Converted
L00459,Margaret,Taylor,margaret.taylor@gmail.com,Director of Something,,Director,,+1-555-2929,,,,Education,3500.0,2024-01-01,Web,MQL,True,2022-05-31,True,True,False,False,,True,True,78.0,1.0,False,,,Lead,Orphan Lead,,,,L00459,,,,,,,,,False,False,False,False,True,True,False,False,False,False,True,False,False,True,False,,2,"missing_account, missing_industry",0.0,0.0,0,0,0.0,0.0,0.0,,0.0,0.0,0.0,0.0,0.0,0.0,0.0,0.0,0.0,0.0,False,False,1.0,L2,0.55,15.0,8.25,0.7,0.0,0.35,0.0,8.2,35.0,4.7,0.75,0.15,0.1,Medium,no engagement history; engagement discounted (automation-heavy); segment L2,Nurture,2,Add to long-term nurture sequence | Note: opted out — no email; email bounced — use phone/LinkedIn; engagement may be automation-inflated,False,Nurture
L00480,Lisa,Gonzalez,lgonzalez@luminarysolutions.com,Individual Contributor of Something,,Individual Contributor,,+1-555-2427,ACC0192,Government,750.0,,,2024-01-01,Cold Call,Working,False,,True,False,False,False,,False,False,69.0,0.0,False,,,Lead,Orphan Lead,,,,L00480,Luminary Solutions,luminarysolutions.com,False,False,False,75.1,United States,211.8,False,False,False,False,True,False,False,False,False,False,False,False,False,False,False,,0,,12.0,10.0,2025-12-03 00:00:00,2023-02-10 00:00:00,176.0,11.0,0.8333333333333334,True,1.0,0.0,0.0,0.0,2.0454963336340373,0.0,0.0,0.0,0.0,2.0454963336340373,False,False,1.0,L1,0.9,22.51,20.259,0.3,0.0,0.15,0.1696024479298894,20.3,15.0,4.7,0.75,0.15,0.1,High,last engaged 176d ago; engagement discounted (automation-heavy); segment L1,Nurture,2,Add to long-term nurture sequence | Note: opted out — no email; engagement may be automation-inflated,False,Nurture
L00499,Joshua,Brown,jbrown@unknown.com,Director of Something,,Director,,+1-555-7211,,,,,500.0,2024-01-01,Web,Open,False,,False,False,False,False,,False,False,49.0,0.0,False,,,Lead,Orphan Lead,,,,L00499,,,,,,,,,False,False,False,False,False,False,False,False,False,False,True,False,False,True,False,,2,"missing_account, missing_industry",0.0,0.0,0,0,0.0,0.0,0.0,,0.0,0.0,0.0,0.0,0.0,0.0,0.0,0.0,0.0,0.0,False,False,1.0,L2,0.55,15.0,8.25,0.7,0.0,0.35,0.0,8.2,35.0,4.7,0.75,0.15,0.1,Medium,no engagement history; engagement discounted (automation-heavy); segment L2,Nurture,2,Add to long-term nurture sequence | Note: engagement may be automation-inflated,False,Nurture
L00524,Barbara,Jones,bjones@bastionnetworks.com,Director of Something,Bastion Networks Corp,Director,,+1-555-1852,ACC0159,Education,75.0,,,2024-01-01,Cold Call,MQL,True,2023-01-30,False,False,False,False,,False,False,30.0,2.0,False,,,Lead,Orphan Lead,,,,L00524,Bastion Networks,bastionnetworks.com,False,False,False,49.1,United States,3.2,False,False,False,False,False,False,False,False,False,False,False,False,False,False,False,,0,,1.0,0.0,2024-06-22 00:00:00,2024-06-22 00:00:00,705.0,0.0,0.0,False,1.0,0.0,0.0,0.0,0.0,3.371747880871531e-05,0.0,0.0,0.0,3.371747880871531e-05,False,False,0.25,L1,0.9,8.66,7.794,0.7,0.0,0.35,2.795686724024901e-06,7.8,35.0,4.7,0.75,0.15,0.1,High,last engaged 705d ago; segment L1,Nurture,2,Add to long-term nurture sequence,False,Nurture
C00096,Shirley,Williams,ctaylor@obsidiangroup.com,Manager of Something,,Manager,,+1-555-1030,,,,,,2023-01-12,,,True,2022-06-19,True,False,False,False,,False,False,,,,,,Contact,Converted Contact,L00502,90.7,True,C00096,,,,,,,,,True,False,False,False,True,False,False,False,False,False,True,False,False,True,False,,3,"duplicate_email, missing_account, missing_industry",2.0,0.0,2023-11-02 00:00:00,2023-04-05 00:00:00,938.0,0.0,0.0,False,2.0,0.0,0.0,0.0,0.0,1.5483012351073118e-07,0.0,0.0,1.4774785019767228e-10,1.5497787136092885e-07,False,False,0.25,C1,1.0,3.75,3.75,0.5,0.0,0.25,1.011510938713618e-08,3.8,25.0,4.7,0.6,0.25,0.15,Medium,last engaged 938d ago; segment C1,Nurture,2,Add to long-term nurture sequence | Note: opted out — no email,False,Nurture
C00229,Amy,Lopez,alopez@impulsesystems.com,Unknown Title,,,,+1-555-1846,,,,,,2023-09-08,,,True,2022-08-05,True,False,False,False,,False,False,,,,,,Contact,Converted Contact,L00298,0.0,True,C00229,,,,,,,,,True,False,False,False,True,False,False,False,False,False,True,False,False,True,False,,3,"duplicate_email, missing_account, missing_industry",9.0,9.0,2026-01-12 00:00:00,2023-05-17 00:00:00,136.0,9.0,1.0,True,0.0,0.0,0.0,0.0,0.0,0.0,0.0,0.0,0.0,0.0,False,False,0.25,C1,1.0,3.75,3.75,0.5,0.0,0.25,0.0,3.8,25.0,4.7,0.6,0.25,0.15,Medium,last engaged 136d ago; engagement discounted (automation-heavy); segment C1,Nurture,2,Add to long-term nurture sequence | Note: opted out — no email; engagement may be automation-inflated,False,Nurture
L00119,William,Smith,wsmith@jasperpartners.com,Unknown Title,Jasper Partners & Co,,,+1-555-1091,ACC0032,Education,300.0,,,2024-01-01,Employee Referral,Nurturing,False,,False,False,False,False,,False,False,35.0,0.0,False,,,Lead,Orphan Lead,,,,L00119,Jasper Partners,jasperpartners.com,False,False,False,55.4,United States,38.4,False,False,False,False,False,False,False,False,False,False,False,False,False,False,False,,0,,10.0,7.0,2026-05-28 00:00:00,2023-03-15 00:00:00,0.0,9.0,0.7,False,1.0,0.0,0.0,3.292722539913601e-07,0.0,0.0,0.0,0.0,0.0,3.292722539913601e-07,False,False,0.65,L1,0.9,15.29,13.761,0.5,0.0,0.25,2.7301628164305647e-08,13.8,25.0,4.6,0.75,0.15,0.1,High,no engagement history; segment L1,Nurture,2,Add to long-term nurture sequence,False,Nurture
L00357,Michael,Nguyen,mnguyen@jasperdynamics.com,Manager of Something,Jasper Dynamics LLC,Manager,,+1-555-6307,ACC0027,Professional Services,300.0,,,2024-01-01,Cold Call,Open,False,,True,False,False,False,,False,False,30.0,0.0,False,,,Lead,Orphan Lead,,,,L00357,Jasper Dynamics,jasperdynamics.com,False,False,False,59.6,United States,42.8,False,False,False,False,True,False,False,False,False,False,False,False,False,False,False,,0,,0.0,0.0,0,0,0.0,0.0,0.0,,0.0,0.0,0.0,0.0,0.0,0.0,0.0,0.0,0.0,0.0,False,False,0.65,L1,0.9,15.71,14.139,0.5,0.0,0.25,0.0,14.1,25.0,4.6,0.75,0.15,0.1,High,no engagement history; engagement discounted (automation-heavy); segment L1,Nurture,2,Add to long-term nurture sequence | Note: opted out — no email; engagement may be automation-inflated,False,Nurture
L00408,Jessica,Adams,jadams@jasperpartners.com,Unknown Title,Jasper Partners Group,,,,ACC0032,Education,300.0,,,2024-01-01,Content Syndication,MQL,True,2022-03-27,True,True,False,False,,False,False,5.0,2.0,False,,,Lead,Orphan Lead,,,,L00408,Jasper Partners,jasperpartners.com,False,False,False,55.4,United States,38.4,False,False,False,False,True,True,False,False,False,False,False,False,True,False,False,,1,missing_phone,17.0,15.0,2026-05-28 00:00:00,2023-03-21 00:00:00,0.0,16.0,0.8823529411764706,True,1.0,0.0,0.0,0.0,0.0,0.0,6.482141311719476e-10,0.0,0.0,6.482141311719476e-10,False,False,0.65,L1,0.9,15.29,13.761,0.5,0.0,0.25,5.374671253220543e-11,13.8,25.0,4.6,0.75,0.15,0.1,High,no engagement history; engagement discounted (automation-heavy); segment L1,Nurture,2,Add to long-term nurture sequence | Note: opted out — no email; email bounced — use phone/LinkedIn; engagement may be automation-inflated,False,Nurture
C00125,Gary,Mitchell,gmitchell@vortexsolutions.com,Individual Contributor of Something,,Individual Contributor,,+1-555-9020,ACC0171,Government,3500.0,,,2022-02-28,,,False,,False,False,False,False,,False,False,,,,,,Contact,Orphan Contact,,72.3,False,C00125,Vortex Solutions,vortexsolutions.com,False,False,False,25.3,United States,958.2,False,False,False,True,False,False,False,False,False,False,False,False,False,False,False,,1,orphan_contact,0.0,0.0,0,0,0.0,0.0,0.0,,0.0,0.0,0.0,0.0,0.0,0.0,0.0,0.0,0.0,0.0,False,False,1.0,C2,0.55,17.53,9.6415,0.3,0.0,0.15,0.0,9.6,15.0,4.6,0.6,0.25,0.15,High,no engagement history; engagement discounted (automation-heavy); segment C2,Nurture,2,Add to long-term nurture sequence | Note: engagement may be automation-inflated,False,Nurture
C00219,Timothy,Nguyen,tnguyen@impulsesystems.com,Individual Contributor of Something,,Individual Contributor,,+1-555-4360,ACC0124,Professional Services,75.0,,,2023-03-03,,,False,,False,False,False,False,,False,False,,,,,,Contact,Converted Contact,L00247,9.0,True,C00219,Cascade Dynamics,cascadedynamics.com,False,False,False,54.2,Canada,2.4,True,False,False,False,False,False,False,False,False,False,False,False,False,False,False,,1,duplicate_email,13.0,8.0,2026-05-20 00:00:00,2023-02-21 00:00:00,8.0,10.0,0.6153846153846154,False,3.0,0.0,0.0,0.0,6.0997837304876806e-05,0.0,0.0015980440106515,0.0,0.0,0.0016590418479564,False,False,0.25,C1,1.0,9.17,9.17,0.3,0.0,0.15,0.000108282489768,9.2,15.0,4.6,0.6,0.25,0.15,High,last engaged 8d ago; segment C1,Nurture,2,Add to long-term nurture sequence,False,Nurture
C00294,Kenneth,Martinez,kmartinez@vertexventures.com,,,Individual Contributor,,+1-555-7315,ACC0194,Government,10000.0,,,2022-03-16,,,False,,False,False,False,False,,False,False,,,,,,Contact,Orphan Contact,,33.1,False,C00294,Vertex Ventures,vertexventures.com,False,False,False,21.2,Canada,4442.8,False,False,False,True,False,False,False,False,False,False,False,True,False,False,False,,2,"orphan_contact, missing_title",0.0,0.0,0,0,0.0,0.0,0.0,,0.0,0.0,0.0,0.0,0.0,0.0,0.0,0.0,0.0,0.0,False,False,1.0,C2,0.55,17.12,9.416000000000002,0.3,0.0,0.15,0.0,9.4,15.0,4.6,0.6,0.25,0.15,Medium,no engagement history; engagement discounted (automation-heavy); segment C2,Nurture,2,Add to long-term nurture sequence | Note: engagement may be automation-inflated,False,Nurture
L00297,Patricia,Roberts,proberts@heliostechnologies.com,Unknown Title,Helios Technologies Group,,,+1-555-2143,ACC0084,Education,50000.0,,,2024-01-01,Event,Nurturing,False,,False,True,False,False,,False,False,57.0,0.0,False,,,Lead,Orphan Lead,,,,L00297,Helios Technologies,heliostechnologies.com,False,False,False,46.8,United States,23573.6,False,False,False,False,False,True,False,False,False,False,False,False,False,False,False,,0,,3.0,1.0,2024-04-23 00:00:00,2023-05-08 00:00:00,765.0,1.0,0.3333333333333333,False,2.0,0.0,0.0,0.0,3.695956086665858e-07,8.429369702178825e-06,0.0,0.0,0.0,8.79896531084541e-06,False,False,0.65,L1,0.9,14.43,12.987,0.5,0.0,0.25,7.295667224777125e-07,13.0,25.0,4.5,0.75,0.15,0.1,High,last engaged 765d ago; segment L1,Nurture,2,Email undeliverable — use phone or LinkedIn only | Note: email bounced — use phone/LinkedIn,False,Phone / LinkedIn
L00351,Richard,Nguyen,rnguyen@cascadepartners.com,Manager of Something,Cascade Partners Group,Manager,,+1-555-9939,ACC0104,Professional Services,100.0,,,2024-01-01,Employee Referral,Nurturing,False,,False,False,False,False,,False,False,65.0,0.0,False,,,Lead,Orphan Lead,,,,L00351,Cascade Partners,cascadepartners.com,False,False,False,48.1,United States,10.3,False,False,False,False,False,False,False,False,False,False,False,False,False,False,False,,0,,1.0,0.0,2023-10-31 00:00:00,2023-10-31 00:00:00,940.0,0.0,0.0,False,1.0,0.0,0.0,3.695956086665864e-07,0.0,0.0,0.0,0.0,0.0,3.695956086665864e-07,False,False,0.65,L1,0.9,14.56,13.104,0.5,0.0,0.25,3.0645041471487414e-08,13.1,25.0,4.5,0.75,0.15,0.1,High,last engaged 940d ago; segment L1,Nurture,2,Add to long-term nurture sequence,False,Nurture
L00521,Mary,White,mwhite@unknown.com,VP of Something,,VP,,,,,,,,2023-07-28,Content Syndication,Working,False,,False,False,False,True,C00176,False,False,78.0,0.0,False,,,Lead,Converted Lead - linked,,,,C00176,,,,,,,,,True,False,False,False,False,False,False,False,False,False,True,False,True,True,False,,4,"duplicate_email, missing_account, missing_phone, missing_industry",3.0,0.0,2024-12-18 00:00:00,2023-06-05 00:00:00,526.0,0.0,0.0,False,3.0,0.0,0.0,0.0,6.048051699637945e-09,0.0,0.002108631713818,0.0,0.0,0.0021086377618697,False,False,0.25,L3,0.45,3.75,1.6875,0.85,0.0,0.425,0.0001748378231385,1.7,42.5,4.5,0.75,0.15,0.1,Low,last engaged 526d ago; segment L3,Nurture,2,Do not action — record converted to contact C00176 (work the contact record instead),True,Converted
C00227,Amy,Thomas,athomas@zenithdynamics.com,Individual Contributor of Something,,Individual Contributor,,+1-555-7504,ACC0088,Manufacturing,2000.0,,,2022-05-26,,,False,,False,False,False,False,,False,False,,,,,,Contact,Orphan Contact,,0.0,False,C00227,Zenith Dynamics,zenithdynamics.com,False,False,False,13.1,United States,612.1,False,False,False,True,False,False,False,False,False,False,False,False,False,False,False,,1,orphan_contact,0.0,0.0,0,0,0.0,0.0,0.0,,0.0,0.0,0.0,0.0,0.0,0.0,0.0,0.0,0.0,0.0,False,False,1.0,C2,0.55,16.31,8.9705,0.3,0.0,0.15,0.0,9.0,15.0,4.5,0.6,0.25,0.15,High,no engagement history; engagement discounted (automation-heavy); segment C2,Nurture,2,Add to long-term nurture sequence | Note: engagement may be automation-inflated,False,Nurture
C00296,Betty,Moore,bmoore@quartzpartners.com,Individual Contributor of Something,,Individual Contributor,,+1-555-4450,ACC0006,Manufacturing,1500.0,,,2024-01-01,,,False,,False,False,False,False,,False,False,,,,,,Contact,Orphan Contact,,0.0,False,C00296,Quartz Partners,quartzpartners.com,False,False,False,14.4,United States,400.2,False,False,False,True,False,False,False,False,False,False,False,False,False,False,False,,1,orphan_contact,1.0,0.0,2026-05-11 00:00:00,2026-05-11 00:00:00,17.0,1.0,0.0,False,0.0,0.0,0.0,0.0,0.0,0.0,0.0,0.0,0.0,0.0,False,False,1.0,C2,0.55,16.44,9.042000000000002,0.3,0.0,0.15,0.0,9.0,15.0,4.5,0.6,0.25,0.15,High,last engaged 17d ago; segment C2,Nurture,2,Add to long-term nurture sequence,False,Nurture
L00115,Gary,Adams,gadams@luminarytechnologies.com,Unknown Title,Luminary Technologies Corp,,,+1-555-1465,ACC0091,Government,50000.0,,,2024-01-01,Content Syndication,MQL,True,2023-02-11,False,False,False,True,,False,False,37.0,4.0,False,,,Lead,Converted Lead - broken link,,,,L00115,Luminary Technologies,luminarytechnologies.com,False,False,False,33.9,United States,20930.6,True,False,True,False,False,False,False,False,False,False,False,False,False,False,False,,2,"duplicate_email, broken_conversion_link",0.0,0.0,0,0,0.0,0.0,0.0,,0.0,0.0,0.0,0.0,0.0,0.0,0.0,0.0,0.0,0.0,False,False,0.65,L1,0.9,13.14,11.826,0.5,0.0,0.25,0.0,11.8,25.0,4.3,0.75,0.15,0.1,Medium,no engagement history; engagement discounted (automation-heavy); segment L1,Nurture,2,Add to long-term nurture sequence | Note: broken conversion link (DQ-1); engagement may be automation-inflated,False,Nurture
L00576,George,Lee,leads@databroker.io,Manager of Something,Luminary Technologies Corp,Manager,,+1-555-6121,ACC0091,Government,50000.0,,,2024-01-01,Paid Search,Working,False,,False,False,False,False,,False,False,0.0,0.0,True,Bad Data,2022-01-20,Lead,Orphan Lead,,,,L00576,Luminary Technologies,luminarytechnologies.com,False,False,False,33.9,United States,20930.6,True,True,False,False,False,False,False,False,False,False,False,False,False,False,False,,2,"duplicate_email, shared_email",0.0,0.0,0,0,0.0,0.0,0.0,,0.0,0.0,0.0,0.0,0.0,0.0,0.0,0.0,0.0,0.0,False,False,0.65,L1,0.9,13.14,11.826,0.5,0.0,0.25,0.0,11.8,25.0,4.3,0.75,0.15,0.1,Medium,no engagement history; engagement discounted (automation-heavy); segment L1,Nurture,2,Add to long-term nurture sequence | Note: engagement may be automation-inflated,False,Nurture
C00367,Rebecca,Mitchell,rmitchell@paragonsystems.com,Individual Contributor of Something,,Individual Contributor,,,ACC0178,Manufacturing,75.0,,,2022-06-06,,,True,2022-06-22,False,False,False,False,,False,False,,,,,,Contact,Converted Contact,L00460,0.0,True,C00367,Mantle Partners,mantlepartners.com,False,False,False,40.0,United States,3.0,True,False,False,False,False,False,False,False,False,False,False,False,True,False,False,,2,"duplicate_email, missing_phone",1.0,0.0,2025-10-19 00:00:00,2025-10-19 00:00:00,221.0,0.0,0.0,False,1.0,0.0,0.0,0.0,3.0295796129565127,0.0,0.0,0.0,0.0,3.0295796129565127,False,False,0.25,C1,1.0,7.75,7.75,0.3,0.0,0.15,0.1977348695848622,7.8,15.0,4.3,0.6,0.25,0.15,Medium,last engaged 221d ago; segment C1,Nurture,2,Add to long-term nurture sequence,False,Nurture
L00182,David,Hernandez,dhernandez@bastionlabs.com,Manager of Something,Bastion Labs,Manager,,+1-555-3134,ACC0030,Education,300.0,,,2024-01-01,Web,Open,False,,False,False,False,False,,False,False,13.0,0.0,False,,,Lead,Orphan Lead,,,,L00182,Bastion Labs,bastionlabs.com,False,False,False,25.4,United States,58.7,False,False,False,False,False,False,False,False,False,False,False,False,False,False,False,,0,,8.0,8.0,2025-01-20 00:00:00,2023-02-17 00:00:00,493.0,8.0,1.0,True,0.0,0.0,0.0,0.0,0.0,0.0,0.0,0.0,0.0,0.0,False,False,0.65,L1,0.9,12.29,11.061,0.5,0.0,0.25,0.0,11.1,25.0,4.2,0.75,0.15,0.1,High,last engaged 493d ago; engagement discounted (automation-heavy); segment L1,Nurture,2,Add to long-term nurture sequence | Note: engagement may be automation-inflated,False,Nurture
L00372,Sarah,Moore,smoore@dynexlabs.com,Individual Contributor of Something,Dynex Labs,Individual Contributor,,+1-555-9909,ACC0158,Professional Services,500.0,,,2024-01-01,Advertisement,MQL,True,2022-08-21,False,False,False,False,,False,False,57.0,1.0,False,,,Lead,Orphan Lead,,,,L00372,Dynex Labs,dynexlabs.com,False,False,False,51.8,Netherlands,146.0,False,False,False,False,False,False,False,False,False,False,False,False,False,False,False,,0,,0.0,0.0,0,0,0.0,0.0,0.0,,0.0,0.0,0.0,0.0,0.0,0.0,0.0,0.0,0.0,0.0,False,False,1.0,L1,0.9,20.18,18.162,0.3,0.0,0.15,0.0,18.2,15.0,4.2,0.75,0.15,0.1,High,no engagement history; engagement discounted (automation-heavy); segment L1,Nurture,2,Add to long-term nurture sequence | Note: engagement may be automation-inflated,False,Nurture
L00530,Mark,Mitchell,mmitchell@luminarynetworks.com,Individual Contributor of Something,Luminary Networks LLC,Individual Contributor,,+1-555-7305,ACC0160,Professional Services,5000.0,,,2022-11-04,Web,Open,False,,False,False,False,False,,False,False,52.0,0.0,False,,,Lead,Orphan Lead,,,,L00530,Luminary Networks,luminarynetworks.com,False,False,False,53.0,United States,1033.0,False,False,False,False,False,False,False,False,False,False,False,False,False,False,False,,0,,0.0,0.0,0,0,0.0,0.0,0.0,,0.0,0.0,0.0,0.0,0.0,0.0,0.0,0.0,0.0,0.0,False,False,1.0,L1,0.9,20.3,18.27,0.3,0.0,0.15,0.0,18.3,15.0,4.2,0.75,0.15,0.1,High,no engagement history; engagement discounted (automation-heavy); segment L1,Nurture,2,Add to long-term nurture sequence | Note: engagement may be automation-inflated,False,Nurture
C00124,Jessica,Mitchell,jmitchell@unknown.com,Manager of Something,,Manager,,+1-555-8079,,,,,,2022-10-28,,,False,,False,False,False,False,,False,False,,,,,,Contact,Orphan Contact,,82.4,False,C00124,,,,,,,,,False,False,False,True,False,False,False,False,False,False,True,False,False,True,False,,3,"orphan_contact, missing_account, missing_industry",1.0,0.0,2024-12-05 00:00:00,2024-12-05 00:00:00,539.0,0.0,0.0,False,1.0,0.0,0.0,0.0,0.0,0.0,0.0007807723175024,0.0,0.0,0.0007807723175024,False,False,0.25,C3,0.45,3.75,1.6875,0.5,0.0,0.25,5.095951653376266e-05,1.7,25.0,4.2,0.6,0.25,0.15,Medium,last engaged 539d ago; segment C3,Nurture,2,Add to long-term nurture sequence,False,Nurture
C00153,Robert,Mitchell,rmitchell@forgeventures.com,Manager of Something,,Manager,,+1-555-2844,,,,,,2022-01-01,,,True,2022-09-14,False,False,False,False,,False,False,,,,,,Contact,Orphan Contact,,49.0,False,C00153,,,,,,,,,True,False,False,True,False,False,False,False,False,False,True,False,False,True,False,,4,"duplicate_email, orphan_contact, missing_account, missing_industry",0.0,0.0,0,0,0.0,0.0,0.0,,0.0,0.0,0.0,0.0,0.0,0.0,0.0,0.0,0.0,0.0,False,False,0.25,C3,0.45,3.75,1.6875,0.5,0.0,0.25,0.0,1.7,25.0,4.2,0.6,0.25,0.15,Low,no engagement history; engagement discounted (automation-heavy); segment C3,Nurture,2,Add to long-term nurture sequence | Note: engagement may be automation-inflated,False,Nurture
C00232,Dorothy,Johnson,dorothy.johnson@outlook.com,Manager of Something,,Manager,,,,,,,,2022-12-16,,,False,,False,False,False,False,,False,True,,,,,,Contact,Orphan Contact,,95.9,False,C00232,,,,,,,,,False,False,False,True,False,False,False,False,False,True,True,False,True,True,False,,5,"orphan_contact, free_email_leakage, missing_account, missing_phone, missing_industry",0.0,0.0,0,0,0.0,0.0,0.0,,0.0,0.0,0.0,0.0,0.0,0.0,0.0,0.0,0.0,0.0,False,False,0.25,C3,0.45,3.75,1.6875,0.5,0.0,0.25,0.0,1.7,25.0,4.2,0.6,0.25,0.15,Low,no engagement history; engagement discounted (automation-heavy); segment C3,Nurture,2,Add to long-term nurture sequence | Note: engagement may be automation-inflated,False,Nurture
C00250,George,Martinez,george.martinez@hotmail.com,Manager of Something,,Manager,,,,,,,,2023-10-14,,,False,,False,False,False,False,,True,True,,,,,,Contact,Orphan Contact,,14.1,False,C00250,,,,,,,,,False,False,False,True,False,False,False,False,False,False,True,False,True,True,False,,4,"orphan_contact, missing_account, missing_phone, missing_industry",1.0,0.0,2024-04-07 00:00:00,2024-04-07 00:00:00,781.0,0.0,0.0,False,1.0,0.0,0.0,0.0,0.0,5.824327280725514e-06,0.0,0.0,0.0,5.824327280725514e-06,False,False,0.25,C3,0.45,3.75,1.6875,0.5,0.0,0.25,3.8014270704374e-07,1.7,25.0,4.2,0.6,0.25,0.15,Low,last engaged 781d ago; segment C3,Nurture,2,Add to long-term nurture sequence,False,Nurture
C00267,Patricia,Jones,pjones@unknown.com,Manager of Something,,Manager,,+1-555-3625,,,,,,2023-04-17,,,False,,False,False,False,False,,False,False,,,,,,Contact,Orphan Contact,,86.2,False,C00267,,,,,,,,,True,False,False,True,False,False,False,False,False,False,True,False,False,True,False,,4,"duplicate_email, orphan_contact, missing_account, missing_industry",0.0,0.0,0,0,0.0,0.0,0.0,,0.0,0.0,0.0,0.0,0.0,0.0,0.0,0.0,0.0,0.0,False,False,0.25,C3,0.45,3.75,1.6875,0.5,0.0,0.25,0.0,1.7,25.0,4.2,0.6,0.25,0.15,Low,no engagement history; engagement discounted (automation-heavy); segment C3,Nurture,2,Add to long-term nurture sequence | Note: engagement may be automation-inflated,False,Nurture
C00394,Michael,Lewis,mlewis@apexventures.com,Unknown Title,,,,,,,,,,2022-12-20,,,False,,False,False,False,False,,False,False,,,,,,Contact,Orphan Contact,,64.0,False,C00394,,,,,,,,,True,False,False,True,False,False,False,False,False,False,True,False,True,True,False,,5,"duplicate_email, orphan_contact, missing_account, missing_phone, missing_industry",7.0,7.0,2025-12-04 00:00:00,2023-02-28 00:00:00,175.0,7.0,1.0,True,0.0,0.0,0.0,0.0,0.0,0.0,0.0,0.0,0.0,0.0,False,False,0.25,C3,0.45,3.75,1.6875,0.5,0.0,0.25,0.0,1.7,25.0,4.2,0.6,0.25,0.15,Low,last engaged 175d ago; engagement discounted (automation-heavy); segment C3,Nurture,2,Add to long-term nurture sequence | Note: engagement may be automation-inflated,False,Nurture
L00010,Stephanie,Thompson,sthompson@paragonsystems.com,Unknown Title,Paragon,,,+1-555-5803,ACC0028,Professional Services,300.0,,,2024-01-01,Paid Search,Disqualified,False,,False,True,False,False,,False,False,48.0,0.0,False,,,Lead,Orphan Lead,,,,L00010,Paragon Systems,paragonsystems.com,False,False,False,23.1,Canada,35.0,False,False,False,False,False,True,False,False,False,False,False,False,False,False,False,,0,,7.0,6.0,2026-05-02 00:00:00,2023-03-11 00:00:00,26.0,7.0,0.8571428571428571,True,0.0,0.0,0.0,0.0,0.0,0.0,0.0,0.0,0.0,0.0,False,False,0.65,L1,0.9,12.06,10.854,0.5,0.0,0.25,0.0,10.9,25.0,4.1,0.75,0.15,0.1,High,last engaged 26d ago; engagement discounted (automation-heavy); segment L1,Nurture,2,Email undeliverable — use phone or LinkedIn only | Note: email bounced — use phone/LinkedIn; engagement may be automation-inflated,False,Phone / LinkedIn
L00201,James,Nelson,jnelson@unknown.com,Unknown Title,,,,+1-555-1432,,,,Education,,2024-01-01,Event,Open,False,,True,False,False,False,,False,False,71.0,0.0,False,,,Lead,Orphan Lead,,,,L00201,,,,,,,,,False,False,False,False,True,False,False,False,False,False,True,False,False,True,False,,2,"missing_account, missing_industry",11.0,8.0,2026-05-12 00:00:00,2023-12-21 00:00:00,16.0,9.0,0.7272727272727273,True,2.0,0.0,0.0,0.0,20.14641106936843,3.003885864960852e-05,0.0,0.0,0.0,20.14644110822708,False,False,0.25,L2,0.55,3.75,2.0625,0.5,0.0,0.25,1.6704433407417618,2.1,25.0,4.1,0.75,0.15,0.1,Medium,last engaged 16d ago; engagement discounted (automation-heavy); segment L2,Nurture,2,Add to long-term nurture sequence | Note: opted out — no email; engagement may be automation-inflated,False,Nurture
L00580,Amy,Martin,amartin@paragonsystems.com,,Paragon Systems,,,+1-555-5345,ACC0028,Professional Services,300.0,,,2024-01-01,Advertisement,Disqualified,False,,False,False,False,False,,False,False,9.0,0.0,False,,,Lead,Orphan Lead,,,,L00580,Paragon Systems,paragonsystems.com,False,False,False,23.1,Canada,35.0,False,False,False,False,False,False,False,False,False,False,False,True,False,False,False,,1,missing_title,0.0,0.0,0,0,0.0,0.0,0.0,,0.0,0.0,0.0,0.0,0.0,0.0,0.0,0.0,0.0,0.0,False,False,0.65,L1,0.9,12.06,10.854,0.5,0.0,0.25,0.0,10.9,25.0,4.1,0.75,0.15,0.1,High,no engagement history; engagement discounted (automation-heavy); segment L1,Nurture,2,Add to long-term nurture sequence | Note: engagement may be automation-inflated,False,Nurture
L00064,Kenneth,Hernandez,khernandez@unknown.com,Director of Something,,Director,,+1-555-9983,,,,Government,25.0,2024-01-01,Web,Working,False,,False,False,False,False,,False,False,10.0,0.0,False,,,Lead,Orphan Lead,,,,L00064,,,,,,,,,False,False,False,False,False,False,False,False,False,False,True,False,False,True,False,,2,"missing_account, missing_industry",3.0,0.0,2025-08-07 00:00:00,2023-11-28 00:00:00,294.0,1.0,0.0,False,2.0,0.0,0.0,1.1217757373017927,4.990834102669242e-07,0.0,0.0,0.0,0.0,1.121776236385203,False,False,0.25,L2,0.55,3.75,2.0625,0.7,0.0,0.35,0.09301214213496,2.1,35.0,3.9,0.75,0.15,0.1,Medium,last engaged 294d ago; segment L2,Nurture,2,Add to long-term nurture sequence,False,Nurture
L00354,Mary,Clark,mary.clark@gmail.com,Manager of Something,Nova Solutions LLC,Manager,,+1-555-1044,ACC0103,Government,100.0,,,2024-01-01,Advertisement,Nurturing,False,,False,False,False,True,,False,True,58.0,0.0,False,,,Lead,Converted Lead - broken link,,,,L00354,Nova Solutions,novasolutions.com,False,False,False,4.5,United States,12.7,True,False,True,False,False,False,False,False,False,True,False,False,False,False,False,,3,"duplicate_email, broken_conversion_link, free_email_leakage",1.0,0.0,2025-08-30 00:00:00,2025-08-30 00:00:00,271.0,0.0,0.0,False,1.0,0.0,0.0,0.0,0.9542577816740688,0.0,0.0,0.0,0.0,0.9542577816740688,False,False,0.65,L1,0.9,10.2,9.18,0.5,0.0,0.25,0.0791223396819951,9.2,25.0,3.9,0.75,0.15,0.1,Medium,last engaged 271d ago; segment L1,Nurture,2,Add to long-term nurture sequence | Note: broken conversion link (DQ-1),False,Nurture
L00444,Mary,Rodriguez,mary.rodriguez@gmail.com,Manager of Something,Apex,Manager,,+1-555-3859,ACC0191,Professional Services,50.0,,,2024-01-01,Cold Call,Disqualified,False,,True,False,False,True,C00052,True,True,0.0,0.0,False,,,Lead,Converted Lead - linked,,,,C00052,Apex Partners,apexpartners.com,False,False,False,62.3,Canada,2.5,True,False,False,False,True,False,False,False,False,False,False,False,False,False,False,,1,duplicate_email,14.0,12.0,2025-05-14 00:00:00,2023-03-10 00:00:00,379.0,12.0,0.8571428571428571,True,2.0,0.0,0.0,1.7645263188872477e-07,0.0,0.0,0.0,0.0,0.0002958573840777,0.0002960338367096,False,False,0.25,L1,0.9,9.98,8.982000000000001,0.5,0.0,0.25,2.4545662854758315e-05,9.0,25.0,3.9,0.75,0.15,0.1,High,last engaged 379d ago; engagement discounted (automation-heavy); segment L1,Nurture,2,Do not action — record converted to contact C00052 (work the contact record instead),True,Converted
C00023,Richard,Clark,rclark@paragonsystems.com,Individual Contributor of Something,,Individual Contributor,,+1-555-2495,ACC0028,Professional Services,300.0,,,2024-01-01,,,True,2023-06-21,False,True,False,False,,False,False,,,,,,Contact,Orphan Contact,,35.9,False,C00023,Paragon Systems,paragonsystems.com,False,False,False,23.1,Canada,35.0,False,False,False,True,False,True,False,False,False,False,False,False,False,False,False,,1,orphan_contact,0.0,0.0,0,0,0.0,0.0,0.0,,0.0,0.0,0.0,0.0,0.0,0.0,0.0,0.0,0.0,0.0,False,False,0.65,C2,0.55,12.06,6.633000000000001,0.3,0.0,0.15,0.0,6.6,15.0,3.9,0.6,0.25,0.15,High,no engagement history; engagement discounted (automation-heavy); segment C2,Nurture,2,Email undeliverable — use phone or LinkedIn only | Note: email bounced — use phone/LinkedIn; engagement may be automation-inflated,False,Phone / LinkedIn
L00072,Lisa,Hill,lhill@unknown.com,Director of Something,,Director,,+1-555-3656,,,,,,2023-02-18,Content Syndication,MQL,True,2022-11-18,False,False,False,False,,False,False,48.0,2.0,False,,,Lead,Orphan Lead,,,,L00072,,,,,,,,,False,False,False,False,False,False,False,False,False,False,True,False,False,True,False,,2,"missing_account, missing_industry",0.0,0.0,0,0,0.0,0.0,0.0,,0.0,0.0,0.0,0.0,0.0,0.0,0.0,0.0,0.0,0.0,False,False,0.25,L3,0.45,3.75,1.6875,0.7,0.0,0.35,0.0,1.7,35.0,3.8,0.75,0.15,0.1,Medium,no engagement history; engagement discounted (automation-heavy); segment L3,Nurture,2,Add to long-term nurture sequence | Note: engagement may be automation-inflated,False,Nurture
L00139,Steven,Jackson,sjackson@unknown.com,Director of Something,,Director,,,,,,,,2024-01-01,Web,Disqualified,False,,True,False,False,False,,False,False,52.0,0.0,False,,,Lead,Orphan Lead,,,,L00139,,,,,,,,,False,False,False,False,True,False,False,False,False,False,True,False,True,True,False,,3,"missing_account, missing_phone, missing_industry",41.0,35.0,2026-05-25 00:00:00,2023-03-04 00:00:00,3.0,35.0,0.8536585365853658,True,6.0,0.0,0.0,9.530912078887011e-07,0.0001207306932957,0.0,0.0010067046438391,1.155692906553849e-06,0.0,0.0011295441212493,False,False,0.25,L3,0.45,3.75,1.6875,0.7,0.0,0.35,9.36562167619958e-05,1.7,35.0,3.8,0.75,0.15,0.1,Medium,last engaged 3d ago; engagement discounted (automation-heavy); segment L3,Nurture,2,Add to long-term nurture sequence | Note: opted out — no email; engagement may be automation-inflated,False,Nurture
L00170,Melissa,Lee,melissa.lee@gmail.com,Director of Something,,Director,,+1-555-8916,,,,Education,75.0,2024-01-01,Web,MQL,True,2022-02-23,False,False,False,False,,True,True,78.0,1.0,False,,,Lead,Orphan Lead,,,,L00170,,,,,,,,,False,False,False,False,False,False,False,False,False,False,True,False,False,True,False,,2,"missing_account, missing_industry",3.0,0.0,2024-03-10 00:00:00,2023-05-10 00:00:00,809.0,1.0,0.0,False,2.0,0.0,0.0,0.0,0.0,2.653461673058976e-09,0.0,7.624729663109601e-07,0.0,7.651264279840191e-07,False,False,0.25,L2,0.55,3.75,2.0625,0.7,0.0,0.35,6.344050244832105e-08,2.1,35.0,3.8,0.75,0.15,0.1,Medium,last engaged 809d ago; segment L2,Nurture,2,Add to long-term nurture sequence,False,Nurture
L00332,Rebecca,Taylor,rtaylor@unknown.com,Director of Something,,Director,,,,,,,,2024-01-01,Cold Call,Nurturing,False,,False,False,False,False,,False,False,61.0,0.0,False,,,Lead,Orphan Lead,,,,L00332,,,,,,,,,False,False,False,False,False,False,False,False,False,False,True,False,True,True,False,,3,"missing_account, missing_phone, missing_industry",0.0,0.0,0,0,0.0,0.0,0.0,,0.0,0.0,0.0,0.0,0.0,0.0,0.0,0.0,0.0,0.0,False,False,0.25,L3,0.45,3.75,1.6875,0.7,0.0,0.35,0.0,1.7,35.0,3.8,0.75,0.15,0.1,Medium,no engagement history; engagement discounted (automation-heavy); segment L3,Nurture,2,Add to long-term nurture sequence | Note: engagement may be automation-inflated,False,Nurture
L00389,Michael,Hernandez,mhernandez@unknown.com,Director of Something,,Director,,,,,,Manufacturing,,2024-01-01,Event,MQL,True,2022-10-27,False,False,False,False,,False,False,99.0,3.0,False,,,Lead,Orphan Lead,,,,L00389,,,,,,,,,False,False,False,False,False,False,False,False,False,False,True,False,True,True,False,,3,"missing_account, missing_phone, missing_industry",0.0,0.0,0,0,0.0,0.0,0.0,,0.0,0.0,0.0,0.0,0.0,0.0,0.0,0.0,0.0,0.0,False,False,0.25,L2,0.55,3.75,2.0625,0.7,0.0,0.35,0.0,2.1,35.0,3.8,0.75,0.15,0.1,Medium,no engagement history; engagement discounted (automation-heavy); segment L2,Nurture,2,Add to long-term nurture sequence | Note: engagement may be automation-inflated,False,Nurture
L00414,Jennifer,Martinez,jmartinez@mantlegroup.com,Unknown Title,Mantle Group LLC,,,+1-555-9417,ACC0169,Retail,75.0,,,2024-01-01,Cold Call,Working,False,,False,False,False,False,,False,False,0.0,0.0,False,,,Lead,Orphan Lead,,,,L00414,Mantle Group,mantlegroup.com,False,False,False,55.4,United States,5.0,False,False,False,False,False,False,False,False,False,False,False,False,False,False,False,,0,,11.0,10.0,2026-01-18 00:00:00,2023-11-18 00:00:00,130.0,10.0,0.9090909090909092,True,1.0,0.0,0.0,0.0,0.0,0.0,0.0,8.558469675459239e-07,0.0,8.558469675459239e-07,False,False,0.25,L1,0.9,9.29,8.360999999999999,0.5,0.0,0.25,7.096260128282927e-08,8.4,25.0,3.8,0.75,0.15,0.1,High,last engaged 130d ago; engagement discounted (automation-heavy); segment L1,Nurture,2,Add to long-term nurture sequence | Note: engagement may be automation-inflated,False,Nurture
L00418,Amy,Brown,amy.brown@protonmail.com,Director of Something,,Director,,,,,,,,2024-01-01,Cold Call,Open,False,,False,False,False,False,,False,True,62.0,0.0,False,,,Lead,Orphan Lead,,,,L00418,,,,,,,,,False,False,False,False,False,False,False,False,False,True,True,False,True,True,False,,4,"free_email_leakage, missing_account, missing_phone, missing_industry",0.0,0.0,0,0,0.0,0.0,0.0,,0.0,0.0,0.0,0.0,0.0,0.0,0.0,0.0,0.0,0.0,False,False,0.25,L3,0.45,3.75,1.6875,0.7,0.0,0.35,0.0,1.7,35.0,3.8,0.75,0.15,0.1,Low,no engagement history; engagement discounted (automation-heavy); segment L3,Nurture,2,Add to long-term nurture sequence | Note: engagement may be automation-inflated,False,Nurture
L00514,Carol,Nelson,cnelson@zenithdynamics.com,Individual Contributor of Something,Zenith Dynamics Corp,Individual Contributor,,+1-555-4041,ACC0088,Manufacturing,2000.0,,,2024-01-01,Webinar,Open,False,,True,False,False,True,,False,False,74.0,0.0,False,,,Lead,Converted Lead - broken link,,,,L00514,Zenith Dynamics,zenithdynamics.com,False,False,False,13.1,United States,612.1,True,False,True,False,True,False,False,False,False,False,False,False,False,False,False,,2,"duplicate_email, broken_conversion_link",0.0,0.0,0,0,0.0,0.0,0.0,,0.0,0.0,0.0,0.0,0.0,0.0,0.0,0.0,0.0,0.0,False,False,1.0,L1,0.9,16.31,14.678999999999998,0.3,0.0,0.15,0.0,14.7,15.0,3.7,0.75,0.15,0.1,Medium,no engagement history; engagement discounted (automation-heavy); segment L1,Nurture,2,Add to long-term nurture sequence | Note: opted out — no email; broken conversion link (DQ-1); engagement may be automation-inflated,False,Nurture
L00551,Paul,Thompson,pthompson@quartzpartners.com,Individual Contributor of Something,Quartz Partners,Individual Contributor,,+1-555-7388,ACC0006,Manufacturing,1500.0,,,2024-01-01,Web,Open,False,,True,True,False,False,,False,False,3.0,0.0,False,,,Lead,Orphan Lead,,,,L00551,Quartz Partners,quartzpartners.com,False,False,False,14.4,United States,400.2,True,False,False,False,True,True,False,False,False,False,False,False,False,False,False,,1,duplicate_email,0.0,0.0,0,0,0.0,0.0,0.0,,0.0,0.0,0.0,0.0,0.0,0.0,0.0,0.0,0.0,0.0,False,False,1.0,L1,0.9,16.44,14.796,0.3,0.0,0.15,0.0,14.8,15.0,3.7,0.75,0.15,0.1,High,no engagement history; engagement discounted (automation-heavy); segment L1,Nurture,2,Add to long-term nurture sequence | Note: opted out — no email; email bounced — use phone/LinkedIn; engagement may be automation-inflated,False,Nurture
L00088,John,Hill,jhill@delphiventures.com,Individual Contributor of Something,Delphi Ventures LLC,Individual Contributor,,+1-555-7763,ACC0045,Manufacturing,7500.0,,,2024-01-01,Cold Call,Nurturing,False,,False,False,False,False,,False,False,23.0,0.0,False,,,Lead,Orphan Lead,,,,L00088,Delphi Ventures,delphiventures.com,False,False,False,9.4,United States,3214.5,False,False,False,False,False,False,False,False,False,False,False,False,False,False,False,,0,,0.0,0.0,0,0,0.0,0.0,0.0,,0.0,0.0,0.0,0.0,0.0,0.0,0.0,0.0,0.0,0.0,False,False,1.0,L1,0.9,15.94,14.346,0.3,0.0,0.15,0.0,14.3,15.0,3.6,0.75,0.15,0.1,High,no engagement history; engagement discounted (automation-heavy); segment L1,Nurture,2,Add to long-term nurture sequence | Note: engagement may be automation-inflated,False,Nurture
L00590,Robert,Mitchell,rmitchell@forgeventures.com,Individual Contributor of Something,Forge Ventures Inc.,Individual Contributor,,+1-555-6466,ACC0179,Professional Services,200.0,,,2024-01-01,Event,MQL,True,2023-09-17,True,False,False,True,,False,False,18.0,1.0,False,,,Lead,Converted Lead - broken link,,,,L00590,Forge Ventures,forgeventures.com,False,False,False,53.2,United States,38.5,True,False,True,False,True,False,False,False,False,False,False,False,False,False,False,,2,"duplicate_email, broken_conversion_link",0.0,0.0,0,0,0.0,0.0,0.0,,0.0,0.0,0.0,0.0,0.0,0.0,0.0,0.0,0.0,0.0,False,False,0.65,L1,0.9,15.07,13.563,0.3,0.0,0.15,0.0,13.6,15.0,3.5,0.75,0.15,0.1,Medium,no engagement history; engagement discounted (automation-heavy); segment L1,Nurture,2,Add to long-term nurture sequence | Note: opted out — no email; broken conversion link (DQ-1); engagement may be automation-inflated,False,Nurture
L00151,Michael,Allen,mallen@fusionlabs.com,Manager of Something,Fusion Labs,Manager,,,ACC0020,Manufacturing,75.0,,,2024-01-01,Web,Open,False,,True,True,False,True,C00130,False,False,72.0,0.0,False,,,Lead,Converted Lead - linked,,,,C00130,Fusion Labs,fusionlabs.com,False,False,False,27.3,United States,2.7,True,False,False,False,True,True,False,False,False,False,False,False,True,False,False,,2,"duplicate_email, missing_phone",2.0,0.0,2025-05-11 00:00:00,2024-01-28 00:00:00,382.0,1.0,0.0,False,1.0,0.0,0.0,0.0,1.4446161331923109e-06,0.0,0.0,0.0,0.0,1.4446161331923109e-06,False,False,0.25,L1,0.9,6.48,5.832000000000001,0.5,0.0,0.25,1.1978043102777922e-07,5.8,25.0,3.4,0.75,0.15,0.1,Medium,last engaged 382d ago; segment L1,Nurture,2,Do not action — record converted to contact C00130 (work the contact record instead),True,Converted
C00116,Timothy,Miller,tmiller@emblemsystems.com,Individual Contributor of Something,,Individual Contributor,,+1-555-5125,,,,,,2022-03-11,,,True,2023-06-30,False,False,False,False,,False,False,,,,,,Contact,Converted Contact,L00491,9.8,True,C00116,,,,,,,,,True,False,False,False,False,False,False,False,False,False,True,False,False,True,False,,3,"duplicate_email, missing_account, missing_industry",0.0,0.0,0,0,0.0,0.0,0.0,,0.0,0.0,0.0,0.0,0.0,0.0,0.0,0.0,0.0,0.0,False,False,0.25,C1,1.0,3.75,3.75,0.3,0.0,0.15,0.0,3.8,15.0,3.2,0.6,0.25,0.15,Medium,no engagement history; engagement discounted (automation-heavy); segment C1,Nurture,2,Add to long-term nurture sequence | Note: engagement may be automation-inflated,False,Nurture
L00388,Timothy,Thomas,timothy.thomas@gmail.com,Individual Contributor of Something,Nova Solutions Corp,Individual Contributor,,+1-555-9236,ACC0103,Government,100.0,,,2023-03-22,Web,Disqualified,False,,False,False,False,False,,False,True,93.0,0.0,False,,,Lead,Orphan Lead,,,,L00388,Nova Solutions,novasolutions.com,False,False,False,4.5,United States,12.7,True,False,False,False,False,False,False,False,False,True,False,False,False,False,False,,2,"duplicate_email, free_email_leakage",0.0,0.0,0,0,0.0,0.0,0.0,,0.0,0.0,0.0,0.0,0.0,0.0,0.0,0.0,0.0,0.0,False,False,0.65,L1,0.9,10.2,9.18,0.3,0.0,0.15,0.0,9.2,15.0,2.9,0.75,0.15,0.1,Medium,no engagement history; engagement discounted (automation-heavy); segment L1,Nurture,2,Add to long-term nurture sequence | Note: engagement may be automation-inflated,False,Nurture
L00002,Angela,Young,ayoung@unknown.com,Manager of Something,,Manager,,+1-555-2534,,,,,,2024-01-01,Advertisement,Working,False,,False,False,False,False,,False,False,8.0,0.0,False,,,Lead,Orphan Lead,,,,L00002,,,,,,,,,False,False,False,False,False,False,False,False,False,False,True,False,False,True,False,,2,"missing_account, missing_industry",0.0,0.0,0,0,0.0,0.0,0.0,,0.0,0.0,0.0,0.0,0.0,0.0,0.0,0.0,0.0,0.0,False,False,0.25,L3,0.45,3.75,1.6875,0.5,0.0,0.25,0.0,1.7,25.0,2.8,0.75,0.15,0.1,Medium,no engagement history; engagement discounted (automation-heavy); segment L3,Nurture,2,Add to long-term nurture sequence | Note: engagement may be automation-inflated,False,Nurture
L00317,Donna,Hill,dhill@fusionsystems.com,Individual Contributor of Something,,Individual Contributor,,,ACC0150,Retail,75.0,,,2024-01-01,Partner Referral,Disqualified,False,,False,False,False,False,,False,False,98.0,0.0,True,Competitor,2023-01-18,Lead,Orphan Lead,,,,L00317,Fusion Systems,fusionsystems.com,False,False,False,33.9,United States,5.8,False,False,False,False,False,False,False,False,False,False,False,False,True,False,False,,1,missing_phone,13.0,10.0,2025-12-30 00:00:00,2023-03-22 00:00:00,149.0,10.0,0.7692307692307693,True,3.0,0.0,0.0,0.0,4.921566601151851,0.0,0.0,0.0,7.450580596923839e-07,4.921567346209911,False,False,0.25,L1,0.9,7.14,6.426,0.3,0.0,0.15,0.4080720438574737,6.4,15.0,2.8,0.75,0.15,0.1,High,last engaged 149d ago; engagement discounted (automation-heavy); segment L1,Nurture,2,Add to long-term nurture sequence | Note: engagement may be automation-inflated,False,Nurture
L00481,David,Anderson,danderson@unknown.com,,,Manager,,+1-555-3580,,,,Professional Services,,2024-01-01,Web,Open,False,,False,False,False,True,C00233,False,False,49.0,0.0,False,,,Lead,Converted Lead - linked,,,,C00233,,,,,,,,,True,False,False,False,False,False,False,False,False,False,True,True,False,True,False,,4,"duplicate_email, missing_account, missing_title, missing_industry",2.0,0.0,2025-05-22 00:00:00,2023-12-31 00:00:00,371.0,0.0,0.0,False,2.0,0.0,0.0,1.5129379860241623e-06,0.0,0.0,0.0,0.0189348725809782,0.0,0.0189363855189642,False,False,0.25,L2,0.55,3.75,2.0625,0.5,0.0,0.25,0.0015701115109087,2.1,25.0,2.8,0.75,0.15,0.1,Low,last engaged 371d ago; segment L2,Nurture,2,Do not action — record converted to contact C00233 (work the contact record instead),True,Converted
L00539,Betty,Sanchez,bsanchez@unknown.com,,,Manager,,+1-555-9184,,,,Retail,,2024-01-01,Trade Show,Disqualified,False,,False,False,False,True,C00320,False,False,60.0,0.0,True,No Longer With Company,2023-01-26,Lead,Converted Lead - linked,,,,C00320,,,,,,,,,True,False,False,False,False,False,False,False,False,False,True,True,False,True,False,,4,"duplicate_email, missing_account, missing_title, missing_industry",2.0,0.0,2025-01-16 00:00:00,2023-09-20 00:00:00,497.0,0.0,0.0,False,2.0,0.0,0.0,0.0206047049891386,0.0,0.0,0.0,0.0,0.0,0.0206047049891386,False,False,0.25,L2,0.55,3.75,2.0625,0.5,0.0,0.25,0.0017084403171833,2.1,25.0,2.8,0.75,0.15,0.1,Low,last engaged 497d ago; segment L2,Nurture,2,Do not action — record converted to contact C00320 (work the contact record instead),True,Converted
L00284,Thomas,Smith,tsmith@unknown.com,Individual Contributor of Something,,Individual Contributor,,,,,,,1500.0,2024-01-01,Event,MQL,True,2023-06-28,False,False,False,False,,False,False,52.0,3.0,False,,,Lead,Orphan Lead,,,,L00284,,,,,,,,,False,False,False,False,False,False,False,False,False,False,True,False,True,True,False,,3,"missing_account, missing_phone, missing_industry",0.0,0.0,0,0,0.0,0.0,0.0,,0.0,0.0,0.0,0.0,0.0,0.0,0.0,0.0,0.0,0.0,False,False,1.0,L2,0.55,15.0,8.25,0.3,0.0,0.15,0.0,8.2,15.0,2.7,0.75,0.15,0.1,Medium,no engagement history; engagement discounted (automation-heavy); segment L2,Nurture,2,Add to long-term nurture sequence | Note: engagement may be automation-inflated,False,Nurture
L00563,Jeffrey,Hill,jhill@nexustechnologies.com,Individual Contributor of Something,Nexus Technologies & Co,Individual Contributor,,+1-555-8654,ACC0059,Professional Services,50.0,,,2024-01-01,Webinar,Disqualified,False,,True,False,False,False,,False,False,52.0,0.0,False,,,Lead,Orphan Lead,,,,L00563,Nexus Technologies,nexustechnologies.com,False,False,False,37.9,Australia,1.8,False,False,False,False,True,False,False,False,False,False,False,False,False,False,False,,0,,2.0,0.0,2026-05-05 00:00:00,2025-12-29 00:00:00,23.0,1.0,0.0,False,1.0,0.0,0.0,0.0,0.0,0.0,0.0,3.1250000000000018,0.0,3.1250000000000018,False,False,0.25,L1,0.9,7.54,6.7860000000000005,0.3,0.0,0.15,0.2591095574536137,6.8,15.0,2.7,0.75,0.15,0.1,High,last engaged 23d ago; segment L1,Nurture,2,Add to long-term nurture sequence | Note: opted out — no email,False,Nurture
C00040,Shirley,Johnson,sjohnson@unknown.com,Individual Contributor of Something,,Individual Contributor,,+1-555-7063,,,,,,2024-01-01,,,True,2022-07-01,False,False,False,False,,False,False,,,,,,Contact,Orphan Contact,,39.5,False,C00040,,,,,,,,,False,False,False,True,False,False,False,False,False,False,True,False,False,True,False,,3,"orphan_contact, missing_account, missing_industry",0.0,0.0,0,0,0.0,0.0,0.0,,0.0,0.0,0.0,0.0,0.0,0.0,0.0,0.0,0.0,0.0,False,False,0.25,C3,0.45,3.75,1.6875,0.3,0.0,0.15,0.0,1.7,15.0,2.7,0.6,0.25,0.15,Medium,no engagement history; engagement discounted (automation-heavy); segment C3,Nurture,2,Add to long-term nurture sequence | Note: engagement may be automation-inflated,False,Nurture
C00061,Lisa,Martinez,lisa.martinez@outlook.com,Individual Contributor of Something,,Individual Contributor,,+1-555-7963,,,,,,2024-01-01,,,False,,False,False,False,False,,True,True,,,,,,Contact,Orphan Contact,,84.5,False,C00061,,,,,,,,,False,False,False,True,False,False,False,False,False,False,True,False,False,True,False,,3,"orphan_contact, missing_account, missing_industry",0.0,0.0,0,0,0.0,0.0,0.0,,0.0,0.0,0.0,0.0,0.0,0.0,0.0,0.0,0.0,0.0,False,False,0.25,C3,0.45,3.75,1.6875,0.3,0.0,0.15,0.0,1.7,15.0,2.7,0.6,0.25,0.15,Medium,no engagement history; engagement discounted (automation-heavy); segment C3,Nurture,2,Add to long-term nurture sequence | Note: engagement may be automation-inflated,False,Nurture
C00092,Matthew,Nguyen,mnguyen@latticegroup.com,,,Individual Contributor,,+1-555-9013,,,,,,2024-01-01,,,False,,False,False,False,False,,False,False,,,,,,Contact,Orphan Contact,,91.6,False,C00092,,,,,,,,,True,False,False,True,False,False,False,False,False,False,True,True,False,True,False,,5,"duplicate_email, orphan_contact, missing_account, missing_title, missing_industry",0.0,0.0,0,0,0.0,0.0,0.0,,0.0,0.0,0.0,0.0,0.0,0.0,0.0,0.0,0.0,0.0,False,False,0.25,C3,0.45,3.75,1.6875,0.3,0.0,0.15,0.0,1.7,15.0,2.7,0.6,0.25,0.15,Low,no engagement history; engagement discounted (automation-heavy); segment C3,Nurture,2,Add to long-term nurture sequence | Note: engagement may be automation-inflated,False,Nurture
C00206,Christopher,Campbell,ccampbell@unknown.com,Individual Contributor of Something,,Individual Contributor,,+1-555-3175,,,,,,2023-10-27,,,True,2022-09-04,False,False,False,False,,False,False,,,,,,Contact,Orphan Contact,,13.1,False,C00206,,,,,,,,,False,False,False,True,False,False,False,False,False,False,True,False,False,True,False,,3,"orphan_contact, missing_account, missing_industry",0.0,0.0,0,0,0.0,0.0,0.0,,0.0,0.0,0.0,0.0,0.0,0.0,0.0,0.0,0.0,0.0,False,False,0.25,C3,0.45,3.75,1.6875,0.3,0.0,0.15,0.0,1.7,15.0,2.7,0.6,0.25,0.15,Medium,no engagement history; engagement discounted (automation-heavy); segment C3,Nurture,2,Add to long-term nurture sequence | Note: engagement may be automation-inflated,False,Nurture
L00344,Donald,Nelson,dnelson@ionicdynamics.com,Individual Contributor of Something,Ionic Dynamics Inc.,Individual Contributor,,+1-555-7655,ACC0070,Government,75.0,,,2024-01-01,Partner Referral,Nurturing,False,,False,False,False,False,,False,False,1.0,0.0,False,,,Lead,Orphan Lead,,,,L00344,Ionic Dynamics,ionicdynamics.com,False,False,False,20.4,United Kingdom,7.4,False,False,False,False,False,False,False,False,False,False,False,False,False,False,False,,0,,2.0,0.0,2026-05-06 00:00:00,2023-12-29 00:00:00,22.0,1.0,0.0,False,1.0,0.0,0.0,1.4446161331923077e-06,0.0,0.0,0.0,0.0,0.0,1.4446161331923077e-06,False,False,0.25,L1,0.9,5.79,5.211,0.3,0.0,0.15,1.1978043102777898e-07,5.2,15.0,2.3,0.75,0.15,0.1,High,last engaged 22d ago; segment L1,Nurture,2,Add to long-term nurture sequence,False,Nurture
L00071,Charles,Mitchell,cmitchell@unknown.com,,,Individual Contributor,,+1-555-9218,,,,,,2024-01-01,Partner Referral,Open,False,,False,False,False,False,,False,False,0.0,0.0,False,,,Lead,Orphan Lead,,,,L00071,,,,,,,,,False,False,False,False,False,False,False,False,False,False,True,True,False,True,False,,3,"missing_account, missing_title, missing_industry",0.0,0.0,0,0,0.0,0.0,0.0,,0.0,0.0,0.0,0.0,0.0,0.0,0.0,0.0,0.0,0.0,False,False,0.25,L3,0.45,3.75,1.6875,0.3,0.0,0.15,0.0,1.7,15.0,1.8,0.75,0.15,0.1,Medium,no engagement history; engagement discounted (automation-heavy); segment L3,Nurture,2,Add to long-term nurture sequence | Note: engagement may be automation-inflated,False,Nurture
L00400,Michael,Wilson,mwilson@unknown.com,Individual Contributor of Something,,Individual Contributor,,+1-555-1484,,,,,50.0,2023-02-27,Web,MQL,True,2023-08-16,False,False,False,False,,False,False,84.0,2.0,False,,,Lead,Orphan Lead,,,,L00400,,,,,,,,,False,False,False,False,False,False,False,False,False,False,True,False,False,True,False,,2,"missing_account, missing_industry",0.0,0.0,0,0,0.0,0.0,0.0,,0.0,0.0,0.0,0.0,0.0,0.0,0.0,0.0,0.0,0.0,False,False,0.25,L2,0.55,3.75,2.0625,0.3,0.0,0.15,0.0,2.1,15.0,1.8,0.75,0.15,0.1,Medium,no engagement history; engagement discounted (automation-heavy); segment L2,Nurture,2,Add to long-term nurture sequence | Note: engagement may be automation-inflated,False,Nurture
L00455,Amy,Gonzalez,agonzalez@unknown.com,Individual Contributor of Something,,Individual Contributor,,+1-555-5651,,,,Government,,2024-01-01,Employee Referral,Nurturing,False,,False,False,False,False,,False,False,69.0,0.0,False,,,Lead,Orphan Lead,,,,L00455,,,,,,,,,False,False,False,False,False,False,False,False,False,False,True,False,False,True,False,,2,"missing_account, missing_industry",0.0,0.0,0,0,0.0,0.0,0.0,,0.0,0.0,0.0,0.0,0.0,0.0,0.0,0.0,0.0,0.0,False,False,0.25,L2,0.55,3.75,2.0625,0.3,0.0,0.15,0.0,2.1,15.0,1.8,0.75,0.15,0.1,Medium,no engagement history; engagement discounted (automation-heavy); segment L2,Nurture,2,Add to long-term nurture sequence | Note: engagement may be automation-inflated,False,Nurture
L00510,Ryan,Adams,cwright@novasolutions.com,Individual Contributor of Something,,Individual Contributor,,+1-555-7075,,,,,,2024-01-01,Cold Call,Disqualified,False,,False,False,False,False,,False,False,94.0,0.0,False,,,Lead,Orphan Lead,,,,L00510,,,,,,,,,True,False,False,False,False,False,False,False,False,False,True,False,False,True,False,,3,"duplicate_email, missing_account, missing_industry",0.0,0.0,0,0,0.0,0.0,0.0,,0.0,0.0,0.0,0.0,0.0,0.0,0.0,0.0,0.0,0.0,False,False,0.25,L3,0.45,3.75,1.6875,0.3,0.0,0.15,0.0,1.7,15.0,1.8,0.75,0.15,0.1,Medium,no engagement history; engagement discounted (automation-heavy); segment L3,Nurture,2,Add to long-term nurture sequence | Note: engagement may be automation-inflated,False,Nurture
L00382,Sharon,Garcia,dhernandez@unknown.com,VP of Something,,VP,CISO,+1-555-4729,ACC0123,Financial Services,15000.0,,,2022-12-19,Event,Nurturing,False,,True,False,False,True,C00031,False,False,54.0,0.0,False,,,Lead,Converted Lead - linked,,,,C00031,Vortex Systems,vortexsystems.com,True,True,True,61.7,United States,5203.5,True,False,False,False,True,False,False,False,True,False,False,False,False,False,True,account do-not-contact,1,duplicate_email,8.0,0.0,2026-04-27 00:00:00,2023-03-16 00:00:00,31.0,1.0,0.0,False,7.0,0.0,3.0,1465.7399526513689,445.4493590701697,0.0009837114779965,0.0,0.0,0.0,1911.190295433017,True,True,0.65,L1,0.9,90.92,81.828,0.85,1.0,0.925,100.0,81.8,92.5,96.5,0.75,0.15,0.1,High,last engaged 31d ago; ICP industry (Financial Services); named account; segment L1,Flagged,3,Do not action — record converted to contact C00031 (work the contact record instead),True,Converted
L00148,John,Nguyen,leads@databroker.io,VP of Something,Gravitas Group Group,VP,Influencer,+1-555-7740,ACC0047,Telecommunications,750.0,,,2024-01-01,Event,Disqualified,False,,False,False,False,True,,False,False,80.0,0.0,False,,,Lead,Converted Lead - broken link,,,,L00148,Gravitas Group,gravitasgroup.com,False,True,True,39.5,United Kingdom,140.2,True,True,True,False,False,False,False,False,True,False,False,False,False,False,True,account do-not-contact,3,"duplicate_email, shared_email, broken_conversion_link",14.0,10.0,2026-05-12 00:00:00,2023-03-13 00:00:00,16.0,10.0,0.7142857142857143,True,4.0,1.0,2.0,2025.524919252285,0.0,0.0,0.0,0.0,0.0,2025.524919252285,True,False,1.0,L1,0.9,68.95,62.05500000000001,0.85,0.5,0.675,100.0,62.1,67.5,91.1,0.75,0.15,0.1,Medium,last engaged 16d ago; ICP industry (Telecommunications); engagement discounted (automation-heavy); segment L1,Flagged,3,Review blocker: account do-not-contact | Note: broken conversion link (DQ-1),False,Blocked
L00300,Betty,Robinson,brobinson@gravitasgroup.com,Manager of Something,Gravitas Group Group,Manager,Financial Buyer,+1-555-6290,ACC0047,Telecommunications,750.0,,,2022-03-01,Web,Working,False,,False,False,False,True,C00070,False,False,81.0,0.0,False,,,Lead,Converted Lead - linked,,,,C00070,Gravitas Group,gravitasgroup.com,False,True,True,39.5,United Kingdom,140.2,True,False,False,False,False,False,False,False,True,False,False,False,False,False,True,account do-not-contact,1,duplicate_email,6.0,1.0,2026-05-08 00:00:00,2023-05-09 00:00:00,20.0,1.0,0.1666666666666666,False,5.0,1.0,1.0,1259.921049894873,3.9902260312178515e-09,0.0,7.058105275549005e-08,3.673587207136278,0.0,1263.5946371765806,True,False,1.0,L1,0.9,68.95,62.05500000000001,0.5,0.7,0.6,100.0,62.1,60.0,90.3,0.75,0.15,0.1,High,last engaged 20d ago; ICP industry (Telecommunications); segment L1,Flagged,3,Do not action — record converted to contact C00070 (work the contact record instead),True,Converted
L00121,Ronald,Lewis,rlewis@umbracorp.com,Unknown Title,Umbra,,Technical Buyer,+1-555-1638,ACC0135,Manufacturing,100.0,,,2024-01-01,Web,Open,False,,True,False,True,False,,False,False,54.0,0.0,False,,,Lead,Orphan Lead,,,,L00121,Umbra Corp,umbracorp.com,True,False,False,77.2,United States,12.3,False,False,False,False,True,False,True,False,False,False,False,False,False,False,True,no longer with company,0,,8.0,6.0,2026-05-16 00:00:00,2023-02-24 00:00:00,12.0,6.0,0.75,True,2.0,1.0,1.0,1515.716566510398,0.0,0.0,0.0,0.0,0.0,1515.716566510398,False,True,0.65,L1,0.9,42.47,38.223,0.5,0.85,0.675,100.0,38.2,67.5,87.5,0.75,0.15,0.1,High,last engaged 12d ago; named account; engagement discounted (automation-heavy); segment L1,Flagged,3,Review blocker: no longer with company,False,Blocked
C00292,Joshua,Gonzalez,jgonzalez@vortexsystems.com,C-Level of Something,,C-Level,Influencer,+1-555-5225,ACC0123,Financial Services,15000.0,,,2024-01-01,,,False,,False,False,False,False,,False,False,,,,,,Contact,Orphan Contact,,0.0,False,C00292,Vortex Systems,vortexsystems.com,True,True,True,61.7,United States,5203.5,False,False,False,True,False,False,False,False,True,False,False,False,False,False,True,account do-not-contact,1,orphan_contact,43.0,37.0,2026-05-28 00:00:00,2023-02-28 00:00:00,0.0,38.0,0.8604651162790697,True,5.0,2.0,4.0,0.0,989.6309330796709,527.8031643091578,0.0,0.0,0.0,1517.4340973888284,True,True,0.65,C2,0.55,90.92,50.00600000000001,1.0,0.5,0.75,99.04002260498116,50.0,75.0,83.2,0.6,0.25,0.15,High,2 meaningful engagements in last 30d; ICP industry (Financial Services); named account; engagement discounted (automation-heavy); segment C2,Flagged,3,Review blocker: account do-not-contact,False,Blocked
L00169,Ronald,Jones,rjones@vertexdynamics.com,,Vertex Dynamics & Co,Individual Contributor,Technical Buyer,+1-555-2314,ACC0035,Energy,100.0,,,2024-01-01,Web,MQL,True,2022-07-22,False,False,True,False,,False,False,70.0,4.0,False,,,Lead,Orphan Lead,,,,L00169,Vertex Dynamics,vertexdynamics.com,True,True,False,72.6,United Kingdom,16.7,False,False,False,False,False,False,True,False,False,False,False,True,False,False,True,no longer with company,1,missing_title,2.0,0.0,2026-05-28 00:00:00,2025-03-29 00:00:00,0.0,0.0,0.0,False,2.0,1.0,1.0,1000.0,0.0271880712323101,0.0,0.0,0.0,0.0,1000.0271880712322,True,True,0.65,L1,0.9,92.01,82.80900000000001,0.3,0.85,0.575,82.91731268566993,82.8,57.5,80.4,0.75,0.15,0.1,High,no engagement history; ICP industry (Energy); named account; segment L1,Flagged,3,Review blocker: no longer with company,False,Blocked
L00338,Michael,Thompson,mthompson@jaspercorp.com,Individual Contributor of Something,Jasper Corp,Individual Contributor,Technical Buyer,,ACC0197,Manufacturing,50000.0,,,2022-06-06,Event,Nurturing,False,,False,False,False,False,,False,False,66.0,0.0,False,,,Lead,Orphan Lead,,,,L00338,Jasper Corp,jaspercorp.com,False,False,True,63.9,United States,18881.2,False,False,False,False,False,False,False,False,True,False,False,False,True,False,True,account do-not-contact,1,missing_phone,3.0,0.0,2026-05-04 00:00:00,2023-05-12 00:00:00,24.0,0.0,0.0,False,3.0,1.0,1.0,1148.698354997035,0.0,0.0,0.0,6.947387038311129e-10,0.0,1148.6983549977297,False,False,0.65,L1,0.9,16.14,14.526000000000002,0.3,0.85,0.575,95.2443911715698,14.5,57.5,79.4,0.75,0.15,0.1,High,last engaged 24d ago; segment L1,Flagged,3,Review blocker: account do-not-contact,False,Blocked
L00366,Amanda,Flores,sales@megacorp.com,Individual Contributor of Something,,Individual Contributor,,+1-555-3602,,,,,150.0,2024-01-01,Advertisement,Working,False,,True,False,True,True,C00380,False,False,42.0,0.0,False,,,Lead,Converted Lead - linked,,,,C00380,,,,,,,,,True,True,False,False,True,False,True,False,False,False,True,False,False,True,True,no longer with company,4,"duplicate_email, shared_email, missing_account, missing_industry",28.0,18.0,2026-05-09 00:00:00,2023-03-16 00:00:00,19.0,20.0,0.6428571428571429,False,8.0,2.0,2.0,1934.055462659368,0.0,0.0,0.0,1.8774286656005285e-06,0.0,1934.055464536797,False,False,0.65,L2,0.55,9.75,5.362500000000001,0.3,0.0,0.15,100.0,5.4,15.0,77.3,0.75,0.15,0.1,Low,2 meaningful engagements in last 30d; segment L2,Flagged,3,Do not action — record converted to contact C00380 (work the contact record instead),True,Converted
L00022,Paul,Robinson,sales@cloudvendor.io,Unknown Title,,,Non-Prospect: Other,,,,,Manufacturing,,2023-04-18,Trade Show,Disqualified,False,,False,False,False,False,,False,False,54.0,0.0,False,,,Lead,Orphan Lead,,,,L00022,,,,,,,,,True,True,False,False,False,False,False,True,False,False,True,False,True,True,True,non-prospect persona,5,"duplicate_email, shared_email, missing_account, missing_phone, missing_industry",10.0,1.0,2026-05-28 00:00:00,2023-04-09 00:00:00,0.0,2.0,0.1,False,8.0,2.0,3.0,723.6346187201889,1000.0,219.36499593892523,6.486107135535218e-07,0.0,0.0088334304042991,1943.008448738129,False,False,0.25,L2,0.55,3.75,2.0625,0.5,0.0,0.25,100.0,0.0,0.0,75.0,0.75,0.15,0.1,Low,2 meaningful engagements in last 30d; segment L2,Flagged,3,Review blocker: non-prospect persona,False,Blocked
L00073,Thomas,Lee,tlee@nexustechnologies.com,VP of Something,Nexus,VP,Non-Prospect: Partner,+1-555-6735,ACC0193,Healthcare,5000.0,,,2024-01-01,Employee Referral,Working,False,,True,False,True,True,C00306,False,False,0.0,0.0,False,,,Lead,Converted Lead - linked,,,,C00306,Nexus Technologies,nexustechnologies.com,False,True,False,79.4,Canada,1158.4,True,False,False,False,True,False,True,True,False,False,False,False,False,False,True,"no longer with company, non-prospect persona",1,duplicate_email,7.0,0.0,2026-05-28 00:00:00,2023-04-28 00:00:00,0.0,1.0,0.0,False,6.0,1.0,1.0,0.0,1500.0,3.901474635379869e-07,1.0054739541139719e-09,0.0,0.0,1500.000000391153,True,False,1.0,L1,0.9,72.94,65.646,0.85,0.0,0.425,100.0,0.0,0.0,75.0,0.75,0.15,0.1,High,no engagement history; ICP industry (Healthcare); segment L1,Flagged,3,Do not action — record converted to contact C00306 (work the contact record instead),True,Converted
L00123,Karen,Roberts,kroberts@obsidiannetworks.com,Individual Contributor of Something,Obsidian Networks & Co,Individual Contributor,Non-Prospect: Partner,,ACC0055,Manufacturing,1500.0,,,2024-01-01,Webinar,Open,False,,False,False,False,False,,False,False,1.0,0.0,False,,,Lead,Orphan Lead,,,,L00123,Obsidian Networks,obsidiannetworks.com,True,False,False,21.2,United States,437.9,False,False,False,False,False,False,False,True,False,False,False,False,True,False,True,non-prospect persona,1,missing_phone,4.0,0.0,2026-05-24 00:00:00,2024-04-03 00:00:00,4.0,0.0,0.0,False,4.0,1.0,1.0,0.0,1367.5837328373252,0.0,0.0,0.0,6.63771270320073e-07,1367.5837335010965,False,True,1.0,L1,0.9,42.12,37.908,0.3,0.0,0.15,100.0,0.0,0.0,75.0,0.75,0.15,0.1,High,last engaged 4d ago; named account; segment L1,Flagged,3,Review blocker: non-prospect persona,False,Blocked
L00216,Robert,Walker,rwalker@delphilabs.com,Individual Contributor of Something,Delphi,Individual Contributor,Non-Prospect: Other,+1-555-8712,ACC0013,Healthcare,7500.0,,,2024-01-01,Web,Open,False,,False,True,False,False,,False,False,70.0,0.0,False,,,Lead,Orphan Lead,,,,L00216,Delphi Labs,delphilabs.com,True,True,False,99.3,Australia,2455.0,False,False,False,False,False,True,False,True,False,False,False,False,False,False,True,non-prospect persona,0,,3.0,0.0,2026-05-17 00:00:00,2023-03-24 00:00:00,11.0,0.0,0.0,False,3.0,1.0,1.0,1551.1447618337345,0.0,0.0,0.0,7.114124327230578e-07,0.0,1551.1447625451467,True,True,1.0,L1,0.9,99.93,89.93700000000001,0.3,0.0,0.15,100.0,0.0,0.0,75.0,0.75,0.15,0.1,High,last engaged 11d ago; ICP industry (Healthcare); named account; segment L1,Flagged,3,Review blocker: non-prospect persona,False,Blocked
L00249,Linda,Adams,sales@enterprisetech.com,Individual Contributor of Something,Emblem,Individual Contributor,Non-Prospect: Competitor,,ACC0052,Government,3500.0,,,2024-01-01,Web,MQL,True,2023-12-31,False,False,False,True,,False,False,75.0,1.0,False,,,Lead,Converted Lead - broken link,,,,L00249,Emblem Systems,emblemsystems.com,False,False,False,20.0,United States,622.1,True,True,True,False,False,False,False,True,False,False,False,False,True,False,True,non-prospect persona,4,"duplicate_email, shared_email, broken_conversion_link, missing_phone",55.0,38.0,2026-05-27 00:00:00,2023-04-25 00:00:00,1.0,41.0,0.6909090909090909,False,14.0,3.0,3.0,16.194291562122388,1954.319936868492,1105.5303039742207,0.0,0.0150286183269643,1.877428665600532e-06,3076.0595629005907,False,False,1.0,L1,0.9,17.0,15.3,0.3,0.0,0.15,100.0,0.0,0.0,75.0,0.75,0.15,0.1,Low,3 meaningful engagements in last 30d; segment L1,Flagged,3,Review blocker: non-prospect persona | Note: broken conversion link (DQ-1),False,Blocked
L00270,Susan,Flores,sflores@vortextechnologies.com,Director of Something,Vortex Technologies Inc.,Director,,+1-555-4774,ACC0050,Healthcare,15000.0,,,2022-02-08,Cold Call,Working,False,,False,False,True,False,,False,False,67.0,0.0,False,,,Lead,Orphan Lead,,,,L00270,Vortex Technologies,vortextechnologies.com,False,True,True,96.2,United States,7170.8,True,False,False,False,False,False,True,False,True,False,False,False,False,False,True,"no longer with company, account do-not-contact",1,duplicate_email,2.0,0.0,2026-05-28 00:00:00,2024-11-21 00:00:00,0.0,1.0,0.0,False,1.0,1.0,1.0,1000.0,0.0,0.0,0.0,0.0,0.0,1000.0,True,False,0.65,L1,0.9,69.37,62.43300000000001,0.7,0.0,0.35,82.91505838515633,62.4,35.0,75.0,0.75,0.15,0.1,High,no engagement history; ICP industry (Healthcare); segment L1,Flagged,3,"Review blocker: no longer with company, account do-not-contact",False,Blocked
L00383,Jeffrey,White,sales@cloudvendor.io,VP of Something,Radiant Systems & Co,VP,Non-Prospect: Employee,,ACC0176,Telecommunications,50000.0,,,2023-12-04,Web,Working,False,,False,False,False,False,,False,False,76.0,0.0,False,,,Lead,Orphan Lead,,,,L00383,Radiant Systems,radiantsystems.com,False,True,False,60.8,United States,37415.8,True,True,False,False,False,False,False,True,False,False,False,False,True,False,True,non-prospect persona,3,"duplicate_email, shared_email, missing_phone",10.0,1.0,2026-05-28 00:00:00,2023-04-09 00:00:00,0.0,2.0,0.1,False,8.0,2.0,3.0,723.6346187201889,1000.0,219.36499593892523,6.486107135535218e-07,0.0,0.0088334304042991,1943.008448738129,True,False,0.65,L1,0.9,65.83,59.247,0.85,0.0,0.425,100.0,0.0,0.0,75.0,0.75,0.15,0.1,Medium,2 meaningful engagements in last 30d; ICP industry (Telecommunications); segment L1,Flagged,3,Review blocker: non-prospect persona,False,Blocked
L00412,Ashley,Miller,admin@tradeshow.events,,Meridian Ventures,VP,Non-Prospect: Competitor,+1-555-9377,ACC0003,Telecommunications,7500.0,,,2022-06-02,Trade Show,Working,False,,False,False,False,True,C00358,False,False,46.0,0.0,False,,,Lead,Converted Lead - linked,,,,C00358,Meridian Ventures,meridianventures.com,False,True,False,89.0,United States,2028.1,True,False,False,False,False,False,False,True,False,False,False,True,False,False,True,non-prospect persona,2,"duplicate_email, missing_title",16.0,2.0,2026-05-05 00:00:00,2023-03-03 00:00:00,23.0,4.0,0.125,False,12.0,2.0,2.0,1.2885819441141553,1469.434882854511,0.0,5.514144746522653e-10,0.0,9.530912078887017e-08,1470.7234648944857,True,False,1.0,L1,0.9,73.9,66.51,0.85,0.0,0.425,100.0,0.0,0.0,75.0,0.75,0.15,0.1,Medium,2 meaningful engagements in last 30d; ICP industry (Telecommunications); segment L1,Flagged,3,Do not action — record converted to contact C00358 (work the contact record instead),True,Converted
L00445,Dorothy,White,dwhite@zenithgroup.com,Individual Contributor of Something,Zenith Group & Co,Individual Contributor,Non-Prospect: Competitor,+1-555-8329,ACC0022,Retail,1000.0,,,2024-01-01,Web,MQL,True,2023-04-14,False,False,False,True,C00253,False,False,69.0,1.0,False,,,Lead,Converted Lead - linked,,,,C00253,Zenith Group,zenithgroup.com,True,False,False,59.5,United States,305.0,True,False,False,False,False,False,False,True,False,False,False,False,False,False,True,non-prospect persona,1,duplicate_email,5.0,0.0,2026-05-05 00:00:00,2024-06-02 00:00:00,23.0,0.0,0.0,False,5.0,1.0,2.0,1175.5479062836089,2.655085081280292e-05,151.57165665103983,0.0,9.987775066572456e-05,0.0,1327.11968936325,False,True,1.0,L1,0.9,45.95,41.355,0.3,0.0,0.15,100.0,0.0,0.0,75.0,0.75,0.15,0.1,High,last engaged 23d ago; named account; segment L1,Flagged,3,Do not action — record converted to contact C00253 (work the contact record instead),True,Converted
L00464,Gary,Hall,sales@megacorp.com,Director of Something,Jasper Dynamics,Director,Non-Prospect: Other,+1-555-7084,ACC0027,Professional Services,300.0,,,2024-01-01,Advertisement,Open,False,,False,False,False,False,,False,False,35.0,0.0,False,,,Lead,Orphan Lead,,,,L00464,Jasper Dynamics,jasperdynamics.com,False,False,False,59.6,United States,42.8,True,True,False,False,False,False,False,True,False,False,False,False,False,False,True,non-prospect persona,2,"duplicate_email, shared_email",14.0,9.0,2026-05-09 00:00:00,2023-03-16 00:00:00,19.0,10.0,0.6428571428571429,False,4.0,1.0,1.0,1934.055462659368,0.0,0.0,0.0,9.38714332800264e-07,0.0,1934.0554635980825,False,False,0.65,L1,0.9,15.71,14.139,0.7,0.0,0.35,100.0,0.0,0.0,75.0,0.75,0.15,0.1,Medium,last engaged 19d ago; segment L1,Flagged,3,Review blocker: non-prospect persona,False,Blocked
L00230,Dorothy,Clark,dclark@vertexdynamics.com,VP of Something,Vertex Dynamics Ltd,VP,Non-Prospect: Employee,+1-555-5521,ACC0035,Energy,100.0,,,2024-01-01,Content Syndication,MQL,True,2023-09-29,False,False,False,True,C00087,False,False,76.0,3.0,False,,,Lead,Converted Lead - linked,,,,C00087,Vertex Dynamics,vertexdynamics.com,True,True,False,72.6,United Kingdom,16.7,True,False,False,False,False,False,False,True,False,False,False,False,False,False,True,non-prospect persona,1,duplicate_email,7.0,0.0,2026-05-06 00:00:00,2024-01-27 00:00:00,22.0,2.0,0.0,False,5.0,1.0,1.0,2.912163640362762e-05,1203.025036082117,0.0,0.0,0.0,0.0,1203.025065203753,True,True,0.65,L1,0.9,92.01,82.80900000000001,0.85,0.0,0.425,99.74889352017568,0.0,0.0,74.8,0.75,0.15,0.1,High,last engaged 22d ago; ICP industry (Energy); named account; segment L1,Flagged,3,Do not action — record converted to contact C00087 (work the contact record instead),True,Converted
L00205,Rebecca,Johnson,leads@databroker.io,VP of Something,Harbor Corp Inc.,VP,Non-Prospect: Vendor,+1-555-4562,ACC0063,Education,25.0,,,2024-01-01,Web,Nurturing,False,,False,False,False,True,C00226,True,True,78.0,0.0,False,,,Lead,Converted Lead - linked,,,,C00226,Harbor Corp,harborcorp.com,False,False,False,78.3,United States,2.3,True,True,False,False,False,False,False,True,False,False,False,False,False,False,True,non-prospect persona,2,"duplicate_email, shared_email",11.0,9.0,2026-05-26 00:00:00,2023-03-12 00:00:00,2.0,9.0,0.8181818181818182,True,2.0,2.0,2.0,659.753955386447,477.4208019552083,0.0,0.0,0.0,0.0,1137.174757341655,False,False,0.25,L1,0.9,11.579999999999998,10.422,0.85,0.0,0.425,94.28891139910932,0.0,0.0,70.7,0.75,0.15,0.1,Medium,2 meaningful engagements in last 30d; engagement discounted (automation-heavy); segment L1,Flagged,3,Do not action — record converted to contact C00226 (work the contact record instead),True,Converted
L00401,Edward,Carter,ecarter@wardendynamics.com,,Warden Dynamics Group,VP,Financial Buyer,,ACC0062,Financial Services,5000.0,,,2023-01-18,Advertisement,Working,False,,False,False,True,False,,False,False,0.0,0.0,False,,,Lead,Orphan Lead,,,,L00401,Warden Dynamics,wardendynamics.com,True,True,False,73.1,United States,1209.5,False,False,False,False,False,False,True,False,False,False,False,True,True,False,True,no longer with company,2,"missing_title, missing_phone",11.0,8.0,2026-05-28 00:00:00,2023-05-07 00:00:00,0.0,9.0,0.7272727272727273,True,2.0,1.0,2.0,629.9605249474365,0.0,170.13343219017116,0.0,0.0,0.0,800.0939571376077,True,True,1.0,L1,0.9,97.31,87.57900000000001,0.85,0.7,0.7749999999999999,66.3398371696755,87.6,77.5,70.6,0.75,0.15,0.1,Medium,no engagement history; ICP industry (Financial Services); named account; engagement discounted (automation-heavy); segment L1,Flagged,3,Review blocker: no longer with company,False,Blocked
L00076,Betty,Smith,bsmith@gravitasventures.com,Manager of Something,Gravitas Ventures,Manager,,+1-555-2889,ACC0181,Software,15000.0,,,2024-01-01,Partner Referral,MQL,True,2023-09-26,False,False,True,True,C00186,False,False,52.0,3.0,False,,,Lead,Converted Lead - linked,,,,C00186,Gravitas Ventures,gravitasventures.com,False,True,False,98.9,United States,6142.5,True,False,False,False,False,False,True,False,False,False,False,False,False,False,True,no longer with company,1,duplicate_email,6.0,0.0,2026-05-25 00:00:00,2023-11-02 00:00:00,3.0,1.0,0.0,False,5.0,2.0,2.0,0.0,933.0329915368076,0.0,0.0,0.0286999000557521,6.435033306329404e-08,933.0616915012135,True,False,0.65,L1,0.9,69.64,62.676,0.5,0.0,0.25,77.36486462777584,62.7,25.0,69.9,0.75,0.15,0.1,High,2 meaningful engagements in last 30d; ICP industry (Software); segment L1,Flagged,3,Do not action — record converted to contact C00186 (work the contact record instead),True,Converted
C00071,Linda,Ramirez,lramirez@impulsetechnologies.com,Manager of Something,,Manager,Technical Buyer,+1-555-1095,ACC0195,Telecommunications,750.0,,,2024-01-01,,,False,,True,False,False,False,,False,False,,,,,,Contact,Orphan Contact,,91.3,False,C00071,Impulse Technologies,impulsetechnologies.com,True,True,True,92.4,Canada,235.8,False,False,False,True,True,False,False,False,True,False,False,False,False,False,True,account do-not-contact,1,orphan_contact,7.0,0.0,2026-05-04 00:00:00,2023-05-14 00:00:00,24.0,1.0,0.0,False,6.0,1.0,2.0,0.0,415.6189480713939,689.2190129982212,0.0,0.0,0.1700294068937742,1105.007990476509,True,True,1.0,C2,0.55,99.24,54.582,0.5,0.85,0.675,72.12175905615969,54.6,67.5,67.0,0.6,0.25,0.15,High,last engaged 24d ago; ICP industry (Telecommunications); named account; segment C2,Flagged,3,Review blocker: account do-not-contact,False,Blocked
L00341,Donald,Baker,info@techconf.com,VP of Something,,VP,Non-Prospect: Competitor,+1-555-3256,,,,Telecommunications,15000.0,2022-05-11,Employee Referral,Nurturing,False,,False,False,False,True,C00059,False,False,0.0,0.0,False,,,Lead,Converted Lead - linked,,,,C00059,,,,,,,,,True,True,False,False,False,False,False,True,False,False,True,False,False,True,True,non-prospect persona,4,"duplicate_email, shared_email, missing_account, missing_industry",42.0,24.0,2026-05-10 00:00:00,2023-05-18 00:00:00,18.0,28.0,0.5714285714285714,False,14.0,2.0,2.0,1023.3738919967748,12.88581944114155,0.0,0.0,0.1121775737301793,0.0,1036.3718890116463,True,False,0.65,L2,0.55,59.75,32.862500000000004,0.85,0.0,0.425,85.93083568613541,0.0,0.0,64.4,0.75,0.15,0.1,Low,2 meaningful engagements in last 30d; ICP industry (nan); segment L2,Flagged,3,Do not action — record converted to contact C00059 (work the contact record instead),True,Converted
L00501,Kevin,Thompson,info@techconf.com,Manager of Something,Quartz Partners Ltd,Manager,Non-Prospect: Competitor,,ACC0006,Manufacturing,1500.0,,,2024-01-01,Event,Nurturing,False,,False,False,False,True,C00118,False,False,68.0,0.0,True,Duplicate,2023-05-15,Lead,Converted Lead - linked,,,,C00118,Quartz Partners,quartzpartners.com,False,False,False,14.4,United States,400.2,True,True,False,False,False,False,False,True,False,False,False,False,True,False,True,non-prospect persona,3,"duplicate_email, shared_email, missing_phone",42.0,24.0,2026-05-10 00:00:00,2023-05-18 00:00:00,18.0,28.0,0.5714285714285714,False,14.0,2.0,2.0,1023.3738919967748,12.88581944114155,0.0,0.0,0.1121775737301793,0.0,1036.3718890116463,False,False,1.0,L1,0.9,16.44,14.796,0.5,0.0,0.25,85.93083568613541,0.0,0.0,64.4,0.75,0.15,0.1,Medium,2 meaningful engagements in last 30d; segment L1,Flagged,3,Do not action — record converted to contact C00118 (work the contact record instead),True,Converted
L00343,Amy,Johnson,ajohnson@atlascorp.com,VP of Something,Atlas Corp Corp,VP,Financial Buyer,+1-555-6463,ACC0130,Government,3500.0,,,2024-01-01,Event,Nurturing,False,,False,False,True,True,,False,False,19.0,0.0,False,,,Lead,Converted Lead - broken link,,,,L00343,Atlas Corp,atlascorp.com,False,False,False,73.5,Germany,954.5,True,False,True,False,False,False,True,False,False,False,False,False,False,False,True,no longer with company,2,"duplicate_email, broken_conversion_link",41.0,36.0,2026-05-28 00:00:00,2023-02-27 00:00:00,0.0,36.0,0.8780487804878049,True,5.0,1.0,2.0,0.0,831.2378961427878,1.9650177945269277e-09,0.002108631713818,0.0,0.0,831.2400047764665,False,False,1.0,L1,0.9,22.35,20.115,0.85,0.7,0.7749999999999999,68.92231352811835,20.1,77.5,62.5,0.75,0.15,0.1,Medium,no engagement history; engagement discounted (automation-heavy); segment L1,Flagged,3,Review blocker: no longer with company | Note: broken conversion link (DQ-1),False,Blocked
L00021,Melissa,Smith,msmith@novatechnologies.com,,Nova Technologies LLC,Individual Contributor,Non-Prospect: Other,+1-555-8296,ACC0037,Manufacturing,150.0,,,2022-09-13,Partner Referral,Disqualified,False,,True,False,False,False,,False,False,42.0,0.0,False,,,Lead,Orphan Lead,,,,L00021,Nova Technologies,novatechnologies.com,True,False,False,75.8,United States,28.9,False,False,False,False,True,False,False,True,False,False,False,True,False,False,True,non-prospect persona,1,missing_title,1.0,0.0,2026-05-28 00:00:00,2026-05-28 00:00:00,0.0,0.0,0.0,False,1.0,1.0,1.0,1000.0,0.0,0.0,0.0,0.0,0.0,1000.0,False,True,0.65,L1,0.9,42.33,38.097,0.3,0.0,0.15,82.91505838515633,0.0,0.0,62.2,0.75,0.15,0.1,High,no engagement history; named account; segment L1,Flagged,3,Review blocker: non-prospect persona,False,Blocked
L00457,Amy,Nelson,anelson@xenontechnologies.com,,Xenon Technologies,Manager,,+1-555-6745,ACC0128,Financial Services,50.0,,,2022-04-06,Web,Nurturing,False,,False,False,True,False,,False,False,94.0,0.0,False,,,Lead,Orphan Lead,,,,L00457,Xenon Technologies,xenontechnologies.com,False,True,False,85.2,United States,3.2,False,False,False,False,False,False,True,False,False,False,False,True,False,False,True,no longer with company,1,missing_title,11.0,10.0,2026-05-18 00:00:00,2023-12-21 00:00:00,10.0,10.0,0.9090909090909092,True,1.0,1.0,1.0,793.7005259840996,0.0,0.0,0.0,0.0,0.0,793.7005259840996,True,False,0.25,L1,0.9,62.27,56.043,0.5,0.0,0.25,65.80972545230091,56.0,25.0,60.3,0.75,0.15,0.1,High,last engaged 10d ago; ICP industry (Financial Services); engagement discounted (automation-heavy); segment L1,Flagged,3,Review blocker: no longer with company,False,Blocked
C00174,Jason,Campbell,hello@sdrlists.com,Individual Contributor of Something,,Individual Contributor,Non-Prospect: Vendor,,ACC0021,Government,750.0,,,2022-09-22,,,False,,True,False,False,False,,False,True,,,,,,Contact,Converted Contact,L00324,85.7,True,C00174,Forge Networks,forgenetworks.com,False,False,False,5.1,Germany,175.6,True,False,False,False,True,False,False,True,False,True,False,False,True,False,True,non-prospect persona,3,"duplicate_email, free_email_leakage, missing_phone",32.0,20.0,2026-05-28 00:00:00,2023-03-16 00:00:00,0.0,22.0,0.625,False,10.0,2.0,4.0,3000.0,15.864304616332728,0.0,0.0,0.0,0.0,3015.864304616333,False,False,1.0,C1,1.0,15.51,15.51,0.3,0.0,0.15,100.0,0.0,0.0,60.0,0.6,0.25,0.15,Medium,2 meaningful engagements in last 30d; segment C1,Flagged,3,Review blocker: non-prospect persona,False,Blocked
C00216,Susan,Scott,gwhite@junctioncorp.com,VP of Something,,VP,Non-Prospect: Employee,+1-555-6085,ACC0019,Healthcare,50.0,,,2023-01-19,,,False,,False,False,False,False,,False,False,,,,,,Contact,Orphan Contact,,14.9,False,C00216,Harbor Ventures,harborventures.com,True,True,False,62.2,United States,2.6,True,False,False,True,False,False,False,True,False,False,False,False,False,False,True,non-prospect persona,2,"duplicate_email, orphan_contact",42.0,35.0,2026-05-18 00:00:00,2023-03-23 00:00:00,10.0,35.0,0.8333333333333334,True,7.0,1.0,2.0,0.0,1587.4010519681997,0.0,0.0001479286920388,0.0,0.1822330061595327,1587.5834329030513,True,True,0.25,C2,0.55,84.97,46.73350000000001,0.85,0.0,0.425,100.0,0.0,0.0,60.0,0.6,0.25,0.15,Medium,last engaged 10d ago; ICP industry (Healthcare); named account; engagement discounted (automation-heavy); segment C2,Flagged,3,Review blocker: non-prospect persona,False,Blocked
C00241,Betty,Johnson,leads@databroker.io,VP of Something,,VP,Non-Prospect: Other,+1-555-8563,ACC0182,Professional Services,3500.0,,,2023-01-08,,,False,,False,False,False,False,,True,True,,,,,,Contact,Converted Contact,L00371,28.9,True,C00241,Cobalt Ventures,cobaltventures.com,False,False,False,81.8,United States,528.7,True,True,False,False,False,False,False,True,False,False,False,False,False,False,True,non-prospect persona,2,"duplicate_email, shared_email",5.0,0.0,2026-05-06 00:00:00,2023-04-29 00:00:00,22.0,0.0,0.0,False,5.0,1.0,1.0,1804.537554123175,29.83880012220052,2.057951587446e-09,0.0,0.0,0.0,1834.3763542474333,False,False,1.0,C1,1.0,23.18,23.18,0.85,0.0,0.425,100.0,0.0,0.0,60.0,0.6,0.25,0.15,Medium,last engaged 22d ago; segment C1,Flagged,3,Review blocker: non-prospect persona,False,Blocked
C00257,David,Wilson,dwilson@junctiongroup.com,,,Director,Non-Prospect: Partner,+1-555-9629,ACC0150,Retail,75.0,,,2024-01-01,,,False,,False,False,False,False,,False,False,,,,,,Contact,Converted Contact,L00085,12.2,True,C00257,Fusion Systems,fusionsystems.com,False,False,False,33.9,United States,5.8,True,False,False,False,False,False,False,True,False,False,False,True,False,False,True,non-prospect persona,2,"duplicate_email, missing_title",3.0,0.0,2026-05-14 00:00:00,2023-12-22 00:00:00,14.0,0.0,0.0,False,3.0,1.0,1.0,2170.903856160567,0.0,0.0,0.0,0.0,0.0,2170.903856160567,False,False,0.25,C1,1.0,7.14,7.14,0.7,0.0,0.35,100.0,0.0,0.0,60.0,0.6,0.25,0.15,Medium,last engaged 14d ago; segment C1,Flagged,3,Review blocker: non-prospect persona,False,Blocked
C00380,Amanda,Flores,sales@megacorp.com,Individual Contributor of Something,,Individual Contributor,Non-Prospect: Employee,+1-555-3956,,,,,,2024-01-01,,,False,,False,False,False,False,,False,False,,,,,,Contact,Converted Contact,L00366,44.4,True,C00380,,,,,,,,,True,True,False,False,False,False,False,True,False,False,True,False,False,True,True,non-prospect persona,4,"duplicate_email, shared_email, missing_account, missing_industry",28.0,18.0,2026-05-09 00:00:00,2023-03-16 00:00:00,19.0,20.0,0.6428571428571429,False,8.0,2.0,2.0,1934.055462659368,0.0,0.0,0.0,1.8774286656005285e-06,0.0,1934.055464536797,False,False,0.25,C1,1.0,3.75,3.75,0.3,0.0,0.15,100.0,0.0,0.0,60.0,0.6,0.25,0.15,Low,2 meaningful engagements in last 30d; segment C1,Flagged,3,Review blocker: non-prospect persona,False,Blocked
L00392,Ashley,Adams,aadams@jaspersolutions.com,Director of Something,Jasper Solutions Ltd,Director,Non-Prospect: Vendor,,ACC0190,Professional Services,25.0,,,2024-01-01,Web,Open,False,,False,False,False,True,,False,False,43.0,0.0,True,Competitor,2023-10-02,Lead,Converted Lead - broken link,,,,L00392,Jasper Solutions,jaspersolutions.com,True,False,False,79.4,United States,0.8,True,False,True,False,False,False,False,True,False,False,False,False,True,False,True,non-prospect persona,3,"duplicate_email, broken_conversion_link, missing_phone",3.0,0.0,2026-04-26 00:00:00,2023-10-06 00:00:00,32.0,1.0,0.0,False,2.0,0.0,1.0,954.8416039104164,0.0,0.0,0.0,0.0,0.0,954.8416039104164,False,True,0.25,L1,0.9,36.69,33.021,0.7,0.0,0.35,79.17074733680849,0.0,0.0,59.4,0.75,0.15,0.1,Medium,last engaged 32d ago; named account; segment L1,Flagged,3,Review blocker: non-prospect persona | Note: broken conversion link (DQ-1),False,Blocked
L00360,Michael,Anderson,manderson@dynexlabs.com,,Dynex Labs Group,Manager,Non-Prospect: Partner,+1-555-4932,ACC0049,Manufacturing,50000.0,,,2024-01-01,Cold Call,MQL,True,2022-11-25,False,False,False,False,,False,False,0.0,1.0,False,,,Lead,Orphan Lead,,,,L00360,Dynex Labs,dynexlabs.com,True,False,False,14.9,United States,28992.7,False,False,False,False,False,False,False,True,False,False,False,True,False,False,True,non-prospect persona,1,missing_title,13.0,10.0,2026-05-25 00:00:00,2023-04-25 00:00:00,3.0,11.0,0.7692307692307693,True,2.0,1.0,1.0,0.0,933.0329915368076,0.0,0.0,0.0,0.0,933.0329915368076,False,True,0.65,L1,0.9,36.24,32.616,0.5,0.0,0.25,77.36248496855147,0.0,0.0,58.0,0.75,0.15,0.1,High,last engaged 3d ago; named account; engagement discounted (automation-heavy); segment L1,Flagged,3,Review blocker: non-prospect persona,False,Blocked
C00358,Ashley,Miller,admin@tradeshow.events,Director of Something,,Director,Non-Prospect: Competitor,+1-555-4135,ACC0122,Financial Services,25000.0,,,2023-08-01,,,False,,True,False,False,False,,False,False,,,,,,Contact,Converted Contact,L00412,77.9,True,C00358,Quantum Labs,quantumlabs.com,False,True,False,84.6,United States,14168.6,True,False,False,False,True,False,False,True,False,False,False,False,False,False,True,non-prospect persona,1,duplicate_email,16.0,2.0,2026-05-05 00:00:00,2023-03-03 00:00:00,23.0,4.0,0.125,False,12.0,2.0,2.0,1.2885819441141553,1469.434882854511,0.0,5.514144746522653e-10,0.0,9.530912078887017e-08,1470.7234648944857,True,False,0.65,C1,1.0,68.21,68.21,0.7,0.0,0.35,95.9913089204176,0.0,0.0,57.6,0.6,0.25,0.15,High,2 meaningful engagements in last 30d; ICP industry (Financial Services); segment C1,Flagged,3,Review blocker: non-prospect persona,False,Blocked
L00462,Karen,Allen,kallen@aethernetworks.com,Individual Contributor of Something,Aether,Individual Contributor,Non-Prospect: Competitor,+1-555-4495,ACC0008,Financial Services,1000.0,,,2024-01-01,Event,Working,False,,True,False,False,False,,False,False,69.0,0.0,False,,,Lead,Orphan Lead,,,,L00462,Aether Networks,aethernetworks.com,False,True,False,17.3,United States,301.0,False,False,False,False,True,False,False,True,False,False,False,False,False,False,True,non-prospect persona,0,,1.0,0.0,2026-05-24 00:00:00,2026-05-24 00:00:00,4.0,0.0,0.0,False,1.0,1.0,1.0,911.7224885582168,0.0,0.0,0.0,0.0,0.0,911.7224885582168,True,False,1.0,L1,0.9,66.73,60.057,0.3,0.0,0.15,75.59552336986457,0.0,0.0,56.7,0.75,0.15,0.1,High,last engaged 4d ago; ICP industry (Financial Services); segment L1,Flagged,3,Review blocker: non-prospect persona,False,Blocked
L00468,Charles,Hernandez,chernandez@delphisystems.com,Individual Contributor of Something,Delphi Systems Group,Individual Contributor,Non-Prospect: Competitor,+1-555-8499,ACC0125,Telecommunications,7500.0,,,2024-01-01,Advertisement,Nurturing,False,,True,False,False,True,C00172,False,False,13.0,0.0,False,,,Lead,Converted Lead - linked,,,,C00172,Delphi Systems,delphisystems.com,True,True,False,16.5,United States,2582.6,True,False,False,False,True,False,False,True,False,False,False,False,False,False,True,non-prospect persona,1,duplicate_email,3.0,0.0,2026-05-28 00:00:00,2023-04-29 00:00:00,0.0,0.0,0.0,False,3.0,1.0,2.0,406.1261981781177,500.0,0.0,1.028975793723e-09,0.0,0.0,906.1261981791466,True,True,1.0,L1,0.9,91.65,82.48500000000001,0.3,0.0,0.15,75.13150662634368,0.0,0.0,56.3,0.75,0.15,0.1,High,no engagement history; ICP industry (Telecommunications); named account; segment L1,Flagged,3,Do not action — record converted to contact C00172 (work the contact record instead),True,Converted
C00129,Anthony,Wright,awright@gravitasdynamics.com,Individual Contributor of Something,,Individual Contributor,Non-Prospect: Employee,+1-555-5806,ACC0069,Financial Services,25000.0,,,2023-11-08,,,False,,False,False,False,False,,False,False,,,,,,Contact,Converted Contact,L00077,60.3,True,C00129,Umbra Systems,umbrasystems.com,True,True,False,10.0,United States,15899.0,True,False,False,False,False,False,False,True,False,False,False,False,False,False,True,non-prospect persona,1,duplicate_email,5.0,0.0,2026-05-07 00:00:00,2023-12-05 00:00:00,21.0,1.0,0.0,False,4.0,2.0,2.0,1175.5479062836089,4.148570439500454e-07,246.2288826689833,0.0,0.0,0.0,1421.776789367449,True,True,0.65,C1,1.0,85.75,85.75,0.3,0.0,0.15,92.7966529818314,0.0,0.0,55.7,0.6,0.25,0.15,High,2 meaningful engagements in last 30d; ICP industry (Financial Services); named account; segment C1,Flagged,3,Review blocker: non-prospect persona,False,Blocked
L00183,Emily,Rivera,admin@tradeshow.events,Director of Something,Vortex Corp Group,Director,Non-Prospect: Competitor,,ACC0172,Energy,50000.0,,,2023-03-17,Content Syndication,Nurturing,False,,False,False,False,False,,False,False,68.0,0.0,False,,,Lead,Orphan Lead,,,,L00183,Vortex Corp,vortexcorp.com,False,True,False,3.0,United States,22738.5,True,False,False,False,False,False,False,True,False,False,False,False,True,False,True,non-prospect persona,2,"duplicate_email, missing_phone",8.0,1.0,2026-05-05 00:00:00,2023-03-03 00:00:00,23.0,2.0,0.125,False,6.0,1.0,1.0,0.6442909720570776,881.6609297127065,0.0,2.7570723732613276e-10,0.0,4.765456039443509e-08,882.3052207326939,True,False,0.65,L1,0.9,60.05,54.045,0.7,0.0,0.35,73.15638889057956,0.0,0.0,54.9,0.75,0.15,0.1,Medium,last engaged 23d ago; ICP industry (Energy); segment L1,Flagged,3,Review blocker: non-prospect persona,False,Blocked
L00477,Matthew,Anderson,leads@databroker.io,,,VP,Technical Buyer,+1-555-6473,ACC0194,Government,10000.0,,,2024-01-01,Cold Call,Nurturing,False,,False,True,True,False,,False,False,78.0,0.0,False,,,Lead,Orphan Lead,,,,L00477,Vertex Ventures,vertexventures.com,False,False,False,21.2,Canada,4442.8,True,True,False,False,False,True,True,False,False,False,False,True,False,False,True,no longer with company,3,"duplicate_email, shared_email, missing_title",3.0,0.0,2026-05-10 00:00:00,2023-10-31 00:00:00,18.0,0.0,0.0,False,3.0,1.0,1.0,659.753955386447,2.189628605327773e-06,0.0,7.391912173331728e-08,0.0,0.0,659.7539576499947,False,False,1.0,L1,0.9,17.12,15.408,0.85,0.85,0.85,54.70353791838727,15.4,85.0,51.8,0.75,0.15,0.1,Medium,last engaged 18d ago; segment L1,Flagged,3,Review blocker: no longer with company,False,Blocked
L00463,Mark,Nelson,leads@databroker.io,Director of Something,Harbor Ventures,Director,Non-Prospect: Other,+1-555-2946,ACC0019,Healthcare,50.0,,,2024-01-01,Web,Working,False,,False,False,False,True,C00373,False,False,85.0,0.0,False,,,Lead,Converted Lead - linked,,,,C00373,Harbor Ventures,harborventures.com,True,True,False,62.2,United States,2.6,True,True,False,False,False,False,False,True,False,False,False,False,False,False,True,non-prospect persona,2,"duplicate_email, shared_email",10.0,7.0,2026-05-20 00:00:00,2023-03-15 00:00:00,8.0,7.0,0.7,False,3.0,1.0,1.0,831.2378961427876,0.0,2.257212708112988e-09,0.0,0.0,0.0065415860750506,831.2444377311199,True,True,0.25,L1,0.9,84.97,76.473,0.7,0.0,0.35,68.92268108681225,0.0,0.0,51.7,0.75,0.15,0.1,Medium,last engaged 8d ago; ICP industry (Healthcare); named account; segment L1,Flagged,3,Do not action — record converted to contact C00373 (work the contact record instead),True,Converted
L00513,James,Lopez,newsletter@marketingblast.com,Manager of Something,,Manager,Non-Prospect: Partner,+1-555-1499,,,,Healthcare,5000.0,2024-01-01,Event,MQL,True,2022-11-07,False,False,False,False,,False,False,60.0,1.0,False,,,Lead,Orphan Lead,,,,L00513,,,,,,,,,True,True,False,False,False,False,False,True,False,False,True,False,False,True,True,non-prospect persona,4,"duplicate_email, shared_email, missing_account, missing_industry",3.0,0.0,2026-05-11 00:00:00,2024-04-10 00:00:00,17.0,0.0,0.0,False,3.0,1.0,2.0,488.5799842171229,337.5874865420475,0.0,0.0,0.0,7.802949270759727e-07,826.1674715394653,True,False,1.0,L2,0.55,65.0,35.75,0.5,0.0,0.25,68.50172413861173,0.0,0.0,51.4,0.75,0.15,0.1,Low,last engaged 17d ago; ICP industry (nan); segment L2,Flagged,3,Review blocker: non-prospect persona,False,Blocked
L00578,Ryan,Martinez,ryan.martinez@protonmail.com,C-Level of Something,Radiant,C-Level,,+1-555-9852,ACC0166,Healthcare,7500.0,,,2024-01-01,Web,Nurturing,False,,True,False,False,False,,True,True,64.0,0.0,False,,,Lead,Orphan Lead,,,,L00578,Radiant Group,radiantgroup.com,False,True,True,48.2,Canada,2732.2,False,False,False,False,True,False,False,False,True,False,False,False,False,False,True,account do-not-contact,0,,10.0,8.0,2026-05-05 00:00:00,2023-04-30 00:00:00,23.0,8.0,0.8,True,2.0,1.0,1.0,0.0,587.7739531418044,0.0,0.0,0.0,0.0,587.7739531418044,True,False,1.0,L1,0.9,69.82,62.838,1.0,0.0,0.5,48.73531164202685,62.8,50.0,51.0,0.75,0.15,0.1,High,last engaged 23d ago; ICP industry (Healthcare); engagement discounted (automation-heavy); segment L1,Flagged,3,Review blocker: account do-not-contact,False,Blocked
C00110,Mary,Young,myoung@bastionsolutions.com,Individual Contributor of Something,,Individual Contributor,Non-Prospect: Partner,+1-555-9405,ACC0109,Healthcare,1000.0,,,2023-10-27,,,True,2022-01-11,False,False,False,False,,False,False,,,,,,Contact,Converted Contact,L00056,44.7,True,C00110,Vertex Systems,vertexsystems.com,False,True,False,25.2,Canada,290.9,True,False,False,False,False,False,False,True,False,False,False,False,False,False,True,non-prospect persona,1,duplicate_email,3.0,0.0,2026-05-27 00:00:00,2023-12-02 00:00:00,1.0,1.0,0.0,False,2.0,2.0,2.0,977.1599684342456,307.7861033362291,0.0,0.0,0.0,0.0,1284.9460717704746,True,False,1.0,C1,1.0,67.52,67.52,0.3,0.0,0.15,83.86597362832296,0.0,0.0,50.3,0.6,0.25,0.15,High,2 meaningful engagements in last 30d; ICP industry (Healthcare); segment C1,Flagged,3,Review blocker: non-prospect persona,False,Blocked
C00117,Ronald,Hernandez,rhernandez@gravitasgroup.com,Director of Something,,Director,,+1-555-3748,ACC0047,Telecommunications,750.0,,,2023-07-31,,,True,2023-05-11,True,False,False,False,,False,False,,,,,,Contact,Orphan Contact,,94.6,False,C00117,Gravitas Group,gravitasgroup.com,False,True,True,39.5,United Kingdom,140.2,False,False,False,True,True,False,False,False,True,False,False,False,False,False,True,account do-not-contact,1,orphan_contact,4.0,0.0,2026-05-05 00:00:00,2023-05-16 00:00:00,23.0,0.0,0.0,False,4.0,1.0,2.0,0.0,881.6609297127065,0.0,0.0,0.0,4.876843294224829e-08,881.660929761475,True,False,1.0,C2,0.55,68.95,37.92250000000001,0.7,0.0,0.35,57.544323383640375,37.9,35.0,49.3,0.6,0.25,0.15,High,last engaged 23d ago; ICP industry (Telecommunications); segment C2,Flagged,3,Review blocker: account do-not-contact,False,Blocked
L00364,Robert,Lee,rlee@forgecorp.com,Individual Contributor of Something,Forge Corp Group,Individual Contributor,,+1-555-3481,ACC0144,Financial Services,200.0,,,2024-01-01,Event,Nurturing,False,,True,True,False,False,,False,False,32.0,0.0,False,,,Lead,Orphan Lead,,,,L00364,Forge Corp,forgecorp.com,False,True,True,41.4,United States,28.6,False,False,False,False,True,True,False,False,True,False,False,False,False,False,True,account do-not-contact,0,,2.0,0.0,2026-05-07 00:00:00,2024-02-13 00:00:00,21.0,0.0,0.0,False,2.0,1.0,1.0,0.0,615.5722066724582,0.0,0.0,0.0,0.0,615.5722066724582,True,False,0.65,L1,0.9,63.89,57.501000000000005,0.3,0.0,0.15,51.04020545652639,57.5,15.0,48.4,0.75,0.15,0.1,High,last engaged 21d ago; ICP industry (Financial Services); segment L1,Flagged,3,Review blocker: account do-not-contact,False,Blocked
L00422,Christopher,Johnson,cjohnson@umbrasystems.com,Individual Contributor of Something,,Individual Contributor,Non-Prospect: Employee,+1-555-4564,ACC0069,Financial Services,25000.0,,,2024-01-01,Event,Open,False,,True,False,False,True,C00069,False,False,66.0,0.0,False,,,Lead,Converted Lead - linked,,,,C00069,Umbra Systems,umbrasystems.com,True,True,False,10.0,United States,15899.0,True,False,False,False,True,False,False,True,False,False,False,False,False,False,True,non-prospect persona,1,duplicate_email,9.0,4.0,2026-04-17 00:00:00,2023-02-10 00:00:00,41.0,4.0,0.4444444444444444,False,5.0,0.0,1.0,775.5723809168671,0.000193656062211,2.866481461899635e-08,0.0,0.0,0.0,775.5725746015942,True,True,0.65,L1,0.9,85.75,77.175,0.3,0.0,0.15,64.3066453050172,0.0,0.0,48.2,0.75,0.15,0.1,High,last engaged 41d ago; ICP industry (Financial Services); named account; segment L1,Flagged,3,Do not action — record converted to contact C00069 (work the contact record instead),True,Converted
C00098,Paul,Davis,pdavis@umbrasystems.com,VP of Something,,VP,Technical Buyer,+1-555-1209,ACC0083,Healthcare,50000.0,,,2024-01-01,,,False,,False,False,False,False,,False,False,,,,,,Contact,Converted Contact,L00236,5.8,True,C00098,Lattice Ventures,latticeventures.com,False,True,True,93.5,Germany,35295.4,True,False,False,False,False,False,False,False,True,False,False,False,False,False,True,account do-not-contact,1,duplicate_email,18.0,13.0,2026-05-11 00:00:00,2023-02-19 00:00:00,17.0,13.0,0.7222222222222222,True,5.0,2.0,2.0,1.4005054674135948e-07,1.711693935091848e-05,400.0,0.0,0.0185023994935351,0.0,400.0185196564834,True,False,0.65,C1,1.0,69.1,69.1,0.85,0.85,0.85,26.10844404864952,69.1,85.0,45.7,0.6,0.25,0.15,High,2 meaningful engagements in last 30d; ICP industry (Healthcare); engagement discounted (automation-heavy); segment C1,Flagged,3,Review blocker: account do-not-contact,False,Blocked
L00327,James,Johnson,jjohnson@unknown.com,,,Individual Contributor,Non-Prospect: Other,+1-555-7570,,,,Telecommunications,75.0,2023-12-17,Web,Nurturing,False,,True,False,False,True,C00108,False,False,67.0,0.0,False,,,Lead,Converted Lead - linked,,,,C00108,,,,,,,,,True,False,False,False,True,False,False,True,False,False,True,True,False,True,True,non-prospect persona,4,"duplicate_email, missing_account, missing_title, missing_industry",6.0,0.0,2026-05-14 00:00:00,2023-03-13 00:00:00,14.0,2.0,0.0,False,4.0,1.0,1.0,0.0,723.634618720189,0.0,0.0009392886454352,1.0782996098998044e-06,0.0,723.6355590871341,True,False,0.25,L2,0.55,53.75,29.562500000000004,0.3,0.0,0.15,60.00028463128496,0.0,0.0,45.0,0.75,0.15,0.1,Low,last engaged 14d ago; ICP industry (nan); segment L2,Flagged,3,Do not action — record converted to contact C00108 (work the contact record instead),True,Converted
L00281,Amanda,Flores,aflores@harborventures.com,Unknown Title,Harbor Ventures Ltd,,Non-Prospect: Other,,ACC0019,Healthcare,50.0,,,2024-01-01,Event,MQL,True,2023-10-26,False,False,False,True,C00145,False,False,97.0,4.0,False,,,Lead,Converted Lead - linked,,,,C00145,Harbor Ventures,harborventures.com,True,True,False,62.2,United States,2.6,True,False,False,False,False,False,False,True,False,False,False,False,True,False,True,non-prospect persona,2,"duplicate_email, missing_phone",12.0,6.0,2026-05-12 00:00:00,2023-02-20 00:00:00,16.0,7.0,0.5,False,5.0,1.0,2.0,425.3335804754278,11.189550045825191,276.3825759935552,0.0,0.0,0.0,712.9057065148081,True,True,0.25,L1,0.9,84.97,76.473,0.5,0.0,0.25,59.11061827878643,0.0,0.0,44.3,0.75,0.15,0.1,Medium,last engaged 16d ago; ICP industry (Healthcare); named account; segment L1,Flagged,3,Do not action — record converted to contact C00145 (work the contact record instead),True,Converted
L00262,Jason,Sanchez,jsanchez@radianttechnologies.com,Individual Contributor of Something,Radiant Technologies,Individual Contributor,Non-Prospect: Other,+1-555-5466,ACC0029,Software,1000.0,,,2024-01-01,Advertisement,Disqualified,False,,False,True,True,False,,False,False,68.0,0.0,False,,,Lead,Orphan Lead,,,,L00262,Radiant Technologies,radianttechnologies.com,True,True,False,87.4,Australia,269.6,False,False,False,False,False,True,True,True,False,False,False,False,False,False,True,"no longer with company, non-prospect persona",0,,7.0,1.0,2026-05-13 00:00:00,2024-03-29 00:00:00,15.0,5.0,0.1428571428571428,False,2.0,1.0,2.0,0.0,707.1067811865476,0.0,0.0,0.0,0.0,707.1067811865476,True,True,1.0,L1,0.9,98.74,88.86600000000001,0.3,0.0,0.15,58.62980004662255,0.0,0.0,44.0,0.75,0.15,0.1,High,last engaged 15d ago; ICP industry (Software); named account; segment L1,Flagged,3,"Review blocker: no longer with company, non-prospect persona",False,Blocked
L00325,Robert,Adams,newsletter@marketingblast.com,Individual Contributor of Something,Quantum Corp Group,Individual Contributor,Financial Buyer,+1-555-1071,ACC0067,Financial Services,1000.0,,,2024-01-01,Web,Disqualified,False,,False,False,True,False,,True,True,68.0,0.0,False,,,Lead,Orphan Lead,,,,L00325,Quantum Corp,quantumcorp.com,False,True,False,86.6,United States,227.3,True,True,False,False,False,False,True,False,False,False,False,False,False,False,True,no longer with company,2,"duplicate_email, shared_email",1.0,0.0,2026-04-24 00:00:00,2026-04-24 00:00:00,34.0,0.0,0.0,False,1.0,0.0,1.0,455.8612442791084,0.0,0.0,0.0,0.0,0.0,455.8612442791084,True,False,1.0,L1,0.9,73.66,66.294,0.3,0.7,0.5,37.79776168493228,66.3,50.0,43.3,0.75,0.15,0.1,Medium,last engaged 34d ago; ICP industry (Financial Services); segment L1,Flagged,3,Review blocker: no longer with company,False,Blocked
L00435,William,Young,wyoung@unknown.com,,,VP,Non-Prospect: Vendor,,,,,Education,150.0,2024-01-01,Web,Open,False,,False,False,True,True,C00076,False,False,29.0,0.0,False,,,Lead,Converted Lead - linked,,,,C00076,,,,,,,,,True,False,False,False,False,False,True,True,False,False,True,True,True,True,True,"no longer with company, non-prospect persona",5,"duplicate_email, missing_account, missing_title, missing_phone, missing_industry",1.0,0.0,2026-05-12 00:00:00,2026-05-12 00:00:00,16.0,0.0,0.0,False,1.0,1.0,1.0,690.9564399838878,0.0,0.0,0.0,0.0,0.0,690.9564399838878,False,False,0.65,L2,0.55,9.75,5.362500000000001,0.85,0.0,0.425,57.290693562863815,0.0,0.0,43.0,0.75,0.15,0.1,Low,last engaged 16d ago; segment L2,Flagged,3,Do not action — record converted to contact C00076 (work the contact record instead),True,Converted
L00150,Michael,Clark,mclark@bastionsolutions.com,Individual Contributor of Something,Bastion Solutions Ltd,Individual Contributor,Non-Prospect: Competitor,,ACC0108,Healthcare,1500.0,,,2023-12-15,Web,Nurturing,False,,False,False,False,False,,False,False,19.0,0.0,False,,,Lead,Orphan Lead,,,,L00150,Bastion Solutions,bastionsolutions.com,False,True,False,11.1,United States,369.1,False,False,False,False,False,False,False,True,False,False,False,False,True,False,True,non-prospect persona,1,missing_phone,3.0,0.0,2026-04-23 00:00:00,2023-12-07 00:00:00,35.0,0.0,0.0,False,3.0,0.0,1.0,0.0,668.1740386052545,0.0,0.0,0.0,0.0,668.1740386052545,True,False,1.0,L1,0.9,66.11,59.499,0.3,0.0,0.15,55.40168942240038,0.0,0.0,41.6,0.75,0.15,0.1,High,last engaged 35d ago; ICP industry (Healthcare); segment L1,Flagged,3,Review blocker: non-prospect persona,False,Blocked
L00038,Jason,Martinez,jmartinez@glacierpartners.com,Individual Contributor of Something,,Individual Contributor,Financial Buyer,+1-555-6427,ACC0132,Financial Services,500.0,,,2024-01-01,Trade Show,Open,False,,False,True,True,False,,False,False,82.0,0.0,False,,,Lead,Orphan Lead,,,,L00038,Glacier Partners,glacierpartners.com,False,True,False,37.1,United States,137.7,False,False,False,False,False,True,True,False,False,False,False,False,False,False,True,no longer with company,0,,3.0,0.0,2026-04-22 00:00:00,2023-03-04 00:00:00,36.0,0.0,0.0,False,3.0,0.0,1.0,1.4107579425706167e-09,435.2752816480621,0.0,0.0,0.0,0.0,435.2752816494728,True,False,1.0,L1,0.9,68.71,61.839,0.3,0.7,0.5,36.0908753915814,61.8,50.0,41.3,0.75,0.15,0.1,High,last engaged 36d ago; ICP industry (Financial Services); segment L1,Flagged,3,Review blocker: no longer with company,False,Blocked
C00151,Margaret,Walker,mwalker@harborsolutions.com,Individual Contributor of Something,,Individual Contributor,,+1-555-5493,ACC0197,Manufacturing,50000.0,,,2022-02-04,,,True,2023-02-27,False,False,False,False,,False,False,,,,,,Contact,Converted Contact,L00110,44.3,True,C00151,Jasper Corp,jaspercorp.com,False,False,True,63.9,United States,18881.2,True,False,False,False,False,False,False,False,True,False,False,False,False,False,True,account do-not-contact,1,duplicate_email,14.0,12.0,2026-05-28 00:00:00,2023-02-18 00:00:00,0.0,12.0,0.8571428571428571,True,2.0,1.0,2.0,707.1067811865474,0.0,178.1797436280679,0.0,0.0,0.0,885.2865248146154,False,False,0.65,C1,1.0,16.14,16.14,0.3,0.0,0.15,57.78095904158257,16.1,15.0,40.9,0.6,0.25,0.15,High,no engagement history; engagement discounted (automation-heavy); segment C1,Flagged,3,Review blocker: account do-not-contact,False,Blocked
C00059,Donald,Baker,info@techconf.com,Individual Contributor of Something,,Individual Contributor,Non-Prospect: Employee,+1-555-7734,ACC0110,Healthcare,750.0,,,2022-07-04,,,True,2022-02-11,False,True,False,False,,False,False,,,,,,Contact,Converted Contact,L00341,57.7,True,C00059,Nova Partners,novapartners.com,True,True,False,29.5,Australia,157.1,True,True,False,False,False,True,False,True,False,False,False,False,False,False,True,non-prospect persona,2,"duplicate_email, shared_email",42.0,24.0,2026-05-10 00:00:00,2023-05-18 00:00:00,18.0,28.0,0.5714285714285714,False,14.0,2.0,2.0,1023.3738919967748,12.88581944114155,0.0,0.0,0.1121775737301793,0.0,1036.3718890116463,True,True,1.0,C1,1.0,92.95,92.95,0.3,0.0,0.15,67.64201192757258,0.0,0.0,40.6,0.6,0.25,0.15,Medium,2 meaningful engagements in last 30d; ICP industry (Healthcare); named account; segment C1,Flagged,3,Review blocker: non-prospect persona,False,Blocked
C00118,Kevin,Thompson,info@techconf.com,C-Level of Something,,C-Level,Non-Prospect: Employee,,ACC0088,Manufacturing,2000.0,,,2023-05-10,,,False,,False,False,False,False,,False,False,,,,,,Contact,Converted Contact,L00501,80.6,True,C00118,Zenith Dynamics,zenithdynamics.com,False,False,False,13.1,United States,612.1,True,True,False,False,False,False,False,True,False,False,False,False,True,False,True,non-prospect persona,3,"duplicate_email, shared_email, missing_phone",42.0,24.0,2026-05-10 00:00:00,2023-05-18 00:00:00,18.0,28.0,0.5714285714285714,False,14.0,2.0,2.0,1023.3738919967748,12.88581944114155,0.0,0.0,0.1121775737301793,0.0,1036.3718890116463,False,False,1.0,C1,1.0,16.31,16.31,1.0,0.0,0.5,67.64201192757258,0.0,0.0,40.6,0.6,0.25,0.15,Medium,2 meaningful engagements in last 30d; segment C1,Flagged,3,Review blocker: non-prospect persona,False,Blocked
L00136,Steven,Taylor,staylor@unknown.com,Manager of Something,,Manager,Non-Prospect: Employee,,,,,,,2023-02-22,Partner Referral,Nurturing,False,,False,False,False,True,C00194,False,False,27.0,0.0,False,,,Lead,Converted Lead - linked,,,,C00194,,,,,,,,,True,False,False,False,False,False,False,True,False,False,True,False,True,True,True,non-prospect persona,4,"duplicate_email, missing_account, missing_phone, missing_industry",1.0,0.0,2026-05-09 00:00:00,2026-05-09 00:00:00,19.0,0.0,0.0,False,1.0,1.0,1.0,644.6851542197893,0.0,0.0,0.0,0.0,0.0,644.6851542197893,False,False,0.25,L3,0.45,3.75,1.6875,0.5,0.0,0.25,53.45410720217734,0.0,0.0,40.1,0.75,0.15,0.1,Low,last engaged 19d ago; segment L3,Flagged,3,Do not action — record converted to contact C00194 (work the contact record instead),True,Converted
L00386,Brian,Brown,bbrown@xenonnetworks.com,Individual Contributor of Something,Xenon Networks,Individual Contributor,Non-Prospect: Competitor,+1-555-3158,ACC0025,Energy,2000.0,,,2024-01-01,Advertisement,Open,False,,True,False,False,False,,False,False,49.0,0.0,True,Competitor,2023-11-15,Lead,Orphan Lead,,,,L00386,Xenon Networks,xenonnetworks.com,False,True,False,83.6,United States,396.7,False,False,False,False,True,False,False,True,False,False,False,False,False,False,True,non-prospect persona,0,,2.0,0.0,2026-05-09 00:00:00,2023-04-28 00:00:00,19.0,0.0,0.0,False,2.0,1.0,1.0,644.6851542197893,0.0,0.0,1.0054739541139719e-09,0.0,0.0,644.6851542207947,True,False,1.0,L1,0.9,73.36,66.024,0.3,0.0,0.15,53.4541072022607,0.0,0.0,40.1,0.75,0.15,0.1,High,last engaged 19d ago; ICP industry (Energy); segment L1,Flagged,3,Review blocker: non-prospect persona,False,Blocked
L00387,Michael,Allen,mallen@impulsetechnologies.com,Director of Something,Impulse Technologies Corp,Director,,+1-555-9609,ACC0195,Telecommunications,750.0,,,2024-01-01,Content Syndication,Nurturing,False,,False,True,False,False,,False,False,94.0,0.0,False,,,Lead,Orphan Lead,,,,L00387,Impulse Technologies,impulsetechnologies.com,True,True,True,92.4,Canada,235.8,True,False,False,False,False,True,False,False,True,False,False,False,False,False,True,account do-not-contact,1,duplicate_email,5.0,0.0,2026-04-15 00:00:00,2023-05-19 00:00:00,43.0,1.0,0.0,False,4.0,0.0,1.0,370.27438807164106,3.529052637774496e-07,2.293185169519705e-07,0.0,0.0,7.280409100906893e-07,370.2743893819057,True,True,1.0,L1,0.9,99.24,89.316,0.7,0.0,0.35,30.701322614128816,89.3,35.0,39.9,0.75,0.15,0.1,High,last engaged 43d ago; ICP industry (Telecommunications); named account; segment L1,Flagged,3,Review blocker: account do-not-contact,False,Blocked
L00200,Joseph,Lee,jlee@vortexsolutions.com,,Vortex Solutions Inc.,Director,Non-Prospect: Vendor,,ACC0171,Government,3500.0,,,2024-01-01,Event,Disqualified,False,,False,False,False,True,C00139,False,False,34.0,0.0,False,,,Lead,Converted Lead - linked,,,,C00139,Vortex Solutions,vortexsolutions.com,False,False,False,25.3,United States,958.2,True,False,False,False,False,False,False,True,False,False,False,True,True,False,True,non-prospect persona,3,"duplicate_email, missing_title, missing_phone",2.0,0.0,2026-05-08 00:00:00,2024-05-26 00:00:00,20.0,0.0,0.0,False,2.0,1.0,1.0,0.0,629.9605249474366,0.0,0.0,0.0,0.0,629.9605249474366,False,False,1.0,L1,0.9,17.53,15.777,0.7,0.0,0.35,52.23321370636044,0.0,0.0,39.2,0.75,0.15,0.1,Medium,last engaged 20d ago; segment L1,Flagged,3,Do not action — record converted to contact C00139 (work the contact record instead),True,Converted
L00442,Sharon,Scott,sscott@radianttechnologies.com,Director of Something,Radiant Technologies & Co,Director,Non-Prospect: Employee,+1-555-8368,ACC0029,Software,1000.0,,,2024-01-01,Trade Show,Open,False,,False,False,False,False,,False,False,13.0,0.0,False,,,Lead,Orphan Lead,,,,L00442,Radiant Technologies,radianttechnologies.com,True,True,False,87.4,Australia,269.6,False,False,False,False,False,False,False,True,False,False,False,False,False,False,True,non-prospect persona,0,,7.0,1.0,2026-05-08 00:00:00,2023-03-04 00:00:00,20.0,1.0,0.1428571428571428,False,6.0,1.0,1.0,3.14402847124308e-07,629.9605249474366,1.086857901284954e-05,0.0,0.0,1.3785361866306664e-10,629.9605361305564,True,True,1.0,L1,0.9,98.74,88.86600000000001,0.7,0.0,0.35,52.23321463360947,0.0,0.0,39.2,0.75,0.15,0.1,High,last engaged 20d ago; ICP industry (Software); named account; segment L1,Flagged,3,Review blocker: non-prospect persona,False,Blocked
L00560,Amy,Allen,bcarter@atlaspartners.com,Individual Contributor of Something,Aether,Individual Contributor,,+1-555-4743,ACC0113,Professional Services,5000.0,,,2023-09-20,Employee Referral,Working,False,,False,False,True,False,,False,False,59.0,0.0,False,,,Lead,Orphan Lead,,,,L00560,Aether Group,aethergroup.com,True,False,False,90.2,United States,1511.3,True,False,False,False,False,False,True,False,False,False,False,False,False,False,True,no longer with company,1,duplicate_email,2.0,0.0,2026-05-28 00:00:00,2025-05-04 00:00:00,0.0,0.0,0.0,False,2.0,1.0,1.0,0.0,500.0,0.0,0.0,0.0124923570800387,0.0,500.01249235708,False,True,1.0,L1,0.9,49.02,44.118,0.3,0.0,0.15,41.45856499709482,44.1,15.0,39.2,0.75,0.15,0.1,High,no engagement history; named account; segment L1,Flagged,3,Review blocker: no longer with company,False,Blocked
C00074,Sharon,Lewis,slewis@ciphercorp.com,C-Level of Something,,C-Level,CISO,+1-555-4090,ACC0050,Healthcare,15000.0,,,2023-02-11,,,True,2023-01-23,False,False,False,False,,True,True,,,,,,Contact,Converted Contact,L00569,40.6,True,C00074,Vortex Technologies,vortextechnologies.com,False,True,True,96.2,United States,7170.8,True,False,False,False,False,False,False,False,True,False,False,False,False,False,True,account do-not-contact,1,duplicate_email,19.0,16.0,2026-05-07 00:00:00,2023-03-08 00:00:00,21.0,16.0,0.8421052631578947,True,3.0,0.0,1.0,1.905016911806575e-09,0.0,170.13343219017116,0.0,0.0,4.344773439396207e-08,170.1334322355239,True,False,0.65,C1,1.0,69.37,69.37,1.0,1.0,1.0,11.104283872007692,69.4,100.0,39.0,0.6,0.25,0.15,High,last engaged 21d ago; ICP industry (Healthcare); engagement discounted (automation-heavy); segment C1,Flagged,3,Review blocker: account do-not-contact,False,Blocked
L00473,Christopher,Wright,cwright@ionictechnologies.com,Unknown Title,,,,+1-555-1404,ACC0099,Government,25.0,,,2024-01-01,Employee Referral,Nurturing,False,,False,False,True,False,,False,False,79.0,0.0,False,,,Lead,Orphan Lead,,,,L00473,Ionic Technologies,ionictechnologies.com,False,False,False,18.6,United States,1.5,True,False,False,False,False,False,True,False,False,False,False,False,False,False,True,no longer with company,1,duplicate_email,13.0,9.0,2026-04-16 00:00:00,2023-03-11 00:00:00,42.0,9.0,0.6923076923076923,False,4.0,0.0,1.0,0.0,568.3937124413993,0.0,3.3168270913237197e-10,0.0,0.0,568.393712441731,False,False,0.25,L1,0.9,5.61,5.049,0.5,0.0,0.25,47.12839785286189,5.0,25.0,38.6,0.75,0.15,0.1,High,last engaged 42d ago; segment L1,Flagged,3,Review blocker: no longer with company,False,Blocked
C00089,Robert,Johnson,rjohnson@glacierventures.com,Individual Contributor of Something,,Individual Contributor,Non-Prospect: Vendor,+1-555-2818,ACC0167,Healthcare,2000.0,,,2023-05-30,,,False,,False,False,False,False,,False,False,,,,,,Contact,Orphan Contact,,39.4,False,C00089,Glacier Ventures,glacierventures.com,False,True,False,95.3,Netherlands,381.2,False,False,False,True,False,False,False,True,False,False,False,False,False,False,True,non-prospect persona,1,orphan_contact,4.0,0.0,2026-04-27 00:00:00,2023-12-19 00:00:00,31.0,1.0,0.0,False,3.0,0.0,1.0,977.1599684342458,0.0,0.0,0.0,0.0001121089845927,0.0,977.1600805432304,True,False,1.0,C2,0.55,74.53,40.9915,0.3,0.0,0.15,63.77737038611456,0.0,0.0,38.3,0.6,0.25,0.15,High,last engaged 31d ago; ICP industry (Healthcare); segment C2,Flagged,3,Review blocker: non-prospect persona,False,Blocked
L00492,Paul,Taylor,ptaylor@atlastechnologies.com,Individual Contributor of Something,Atlas Technologies,Individual Contributor,Financial Buyer,+1-555-1510,ACC0175,Software,15000.0,,,2024-01-01,Web,Open,False,,True,False,False,False,,False,False,69.0,0.0,False,,,Lead,Orphan Lead,,,,L00492,Atlas Technologies,atlastechnologies.com,False,True,True,32.2,United States,3319.3,False,False,False,False,True,False,False,False,True,False,False,False,False,False,True,account do-not-contact,0,,4.0,0.0,2026-04-17 00:00:00,2024-05-25 00:00:00,41.0,1.0,0.0,False,3.0,0.0,1.0,387.7861904584336,2.20700733704353e-05,0.0,0.0,3.673587207136278,0.0,391.4597997356432,True,False,0.65,L1,0.9,62.97,56.673,0.3,0.7,0.5,32.45791215052245,56.7,50.0,37.8,0.75,0.15,0.1,High,last engaged 41d ago; ICP industry (Software); segment L1,Flagged,3,Review blocker: account do-not-contact,False,Blocked
C00287,Ashley,Hill,ahill@nimbussolutions.com,VP of Something,,VP,,+1-555-7485,ACC0083,Healthcare,50000.0,,,2024-01-01,,,False,,False,False,False,False,,False,False,,,,,,Contact,Converted Contact,L00467,92.0,True,C00287,Lattice Ventures,latticeventures.com,False,True,True,93.5,Germany,35295.4,True,False,False,False,False,False,False,False,True,False,False,False,False,False,True,account do-not-contact,1,duplicate_email,4.0,0.0,2026-04-11 00:00:00,2023-11-25 00:00:00,47.0,1.0,0.0,False,3.0,0.0,1.0,0.0,337.5874865420475,0.0,0.0,0.0,3.870753087768288e-08,337.587486580755,True,False,0.65,C1,1.0,69.1,69.1,0.85,0.0,0.425,22.03368987137596,69.1,42.5,36.9,0.6,0.25,0.15,High,last engaged 47d ago; ICP industry (Healthcare); segment C1,Flagged,3,Review blocker: account do-not-contact,False,Blocked
L00416,Ryan,Martin,rmartin@delphilabs.com,,,Director,Non-Prospect: Other,,ACC0013,Healthcare,7500.0,,,2024-01-01,Cold Call,Working,False,,True,True,False,False,,False,False,5.0,0.0,False,,,Lead,Orphan Lead,,,,L00416,Delphi Labs,delphilabs.com,True,True,False,99.3,Australia,2455.0,False,False,False,False,True,True,False,True,False,False,False,True,True,False,True,non-prospect persona,2,"missing_title, missing_phone",7.0,0.0,2026-05-05 00:00:00,2023-11-08 00:00:00,23.0,2.0,0.0,False,5.0,1.0,1.0,4.4463277045191243e-07,587.7739531418044,0.0,2.8232421102196026e-07,0.0,5.391498049499022e-07,587.7739544079112,True,True,1.0,L1,0.9,99.93,89.93700000000001,0.7,0.0,0.35,48.73531174700617,0.0,0.0,36.6,0.75,0.15,0.1,Medium,last engaged 23d ago; ICP industry (Healthcare); named account; segment L1,Flagged,3,Review blocker: non-prospect persona,False,Blocked
L00190,Ryan,Garcia,rgarcia@meridianlabs.com,Individual Contributor of Something,,Individual Contributor,Non-Prospect: Competitor,+1-555-3708,ACC0061,Education,100.0,,,2024-01-01,Advertisement,Open,False,,True,False,False,False,,False,False,7.0,0.0,False,,,Lead,Orphan Lead,,,,L00190,Meridian Labs,meridianlabs.com,False,False,False,74.2,United States,12.4,False,False,False,False,True,False,False,True,False,False,False,False,False,False,True,non-prospect persona,0,,2.0,0.0,2026-05-04 00:00:00,2025-09-02 00:00:00,24.0,0.0,0.0,False,2.0,1.0,1.0,0.0,574.3491774985175,0.0,0.0,0.0,0.0,574.3491774985175,False,False,0.65,L1,0.9,17.17,15.453,0.3,0.0,0.15,47.622195585756096,0.0,0.0,35.7,0.75,0.15,0.1,High,last engaged 24d ago; segment L1,Flagged,3,Review blocker: non-prospect persona,False,Blocked
L00528,Richard,Campbell,leads@databroker.io,Individual Contributor of Something,Impulse Technologies,Individual Contributor,Non-Prospect: Employee,,ACC0195,Telecommunications,750.0,,,2024-01-01,Web,Open,False,,True,False,False,False,,False,False,97.0,0.0,False,,,Lead,Orphan Lead,,,,L00528,Impulse Technologies,impulsetechnologies.com,True,True,True,92.4,Canada,235.8,True,True,False,False,True,False,False,True,True,False,False,False,True,False,True,"account do-not-contact, non-prospect persona",3,"duplicate_email, shared_email, missing_phone",3.0,0.0,2026-05-04 00:00:00,2023-04-26 00:00:00,24.0,1.0,0.0,False,2.0,1.0,1.0,574.3491774985175,0.0,1.920136726072661e-09,0.0,0.0,0.0,574.3491775004377,True,True,1.0,L1,0.9,99.24,89.316,0.3,0.0,0.15,47.62219558591531,0.0,0.0,35.7,0.75,0.15,0.1,Medium,last engaged 24d ago; ICP industry (Telecommunications); named account; segment L1,Flagged,3,"Review blocker: account do-not-contact, non-prospect persona",False,Blocked
C00298,Jacob,Jones,jjones@zenithlabs.com,,,Director,Non-Prospect: Competitor,,ACC0149,Manufacturing,200.0,,,2023-04-04,,,False,,False,False,False,False,,False,False,,,,,,Contact,Converted Contact,L00413,13.2,True,C00298,Gravitas Dynamics,gravitasdynamics.com,False,False,False,87.5,United States,23.0,True,False,False,False,False,False,False,True,False,False,False,True,True,False,True,non-prospect persona,3,"duplicate_email, missing_title, missing_phone",3.0,0.0,2026-05-06 00:00:00,2024-05-18 00:00:00,22.0,0.0,0.0,False,3.0,1.0,1.0,0.0,902.2687770615876,0.0,0.0,0.0,0.0,902.2687770615876,False,False,0.65,C1,1.0,18.5,18.5,0.7,0.0,0.35,58.88935818017965,0.0,0.0,35.3,0.6,0.25,0.15,Medium,last engaged 22d ago; segment C1,Flagged,3,Review blocker: non-prospect persona,False,Blocked
C00120,Matthew,Davis,mdavis@delphilabs.com,Individual Contributor of Something,,Individual Contributor,Non-Prospect: Partner,,ACC0013,Healthcare,7500.0,,,2024-01-01,,,True,2023-06-30,False,False,False,False,,False,False,,,,,,Contact,Orphan Contact,,68.7,False,C00120,Delphi Labs,delphilabs.com,True,True,False,99.3,Australia,2455.0,False,False,False,True,False,False,False,True,False,False,False,False,True,False,True,non-prospect persona,2,"orphan_contact, missing_phone",4.0,0.0,2026-05-22 00:00:00,2024-08-07 00:00:00,6.0,0.0,0.0,False,4.0,1.0,1.0,7.812500000000001,870.5505632961241,0.0,0.0,0.0,0.0300572366539286,878.393120532778,True,True,1.0,C2,0.55,99.93,54.96150000000001,0.3,0.0,0.15,57.33103972246798,0.0,0.0,34.4,0.6,0.25,0.15,Medium,last engaged 6d ago; ICP industry (Healthcare); named account; segment C2,Flagged,3,Review blocker: non-prospect persona,False,Blocked
L00495,Edward,King,eking@forgecorp.com,Manager of Something,Forge Corp Inc.,Manager,Financial Buyer,+1-555-3018,ACC0144,Financial Services,200.0,,,2024-01-01,Cold Call,Open,False,,False,False,True,False,,False,False,22.0,0.0,False,,,Lead,Orphan Lead,,,,L00495,Forge Corp,forgecorp.com,False,True,True,41.4,United States,28.6,False,False,False,False,False,False,True,False,True,False,False,False,False,False,True,"no longer with company, account do-not-contact",0,,17.0,16.0,2026-05-20 00:00:00,2023-05-02 00:00:00,8.0,16.0,0.9411764705882352,True,1.0,1.0,1.0,0.0,314.9802624737183,0.0,0.0,0.0,0.0,314.9802624737183,True,False,0.65,L1,0.9,63.89,57.501000000000005,0.5,0.7,0.6,26.11660685318022,57.5,60.0,34.2,0.75,0.15,0.1,High,last engaged 8d ago; ICP industry (Financial Services); engagement discounted (automation-heavy); segment L1,Flagged,3,"Review blocker: no longer with company, account do-not-contact",False,Blocked
L00331,Kathleen,Scott,kscott@apexventures.com,Individual Contributor of Something,Apex Ventures Corp,Individual Contributor,Non-Prospect: Competitor,+1-555-5337,ACC0152,Telecommunications,75.0,,,2024-01-01,Advertisement,Open,False,,True,False,False,False,,False,False,49.0,0.0,True,Competitor,2022-06-18,Lead,Orphan Lead,,,,L00331,Apex Ventures,apexventures.com,True,True,False,24.8,United States,2.9,False,False,False,False,True,False,False,True,False,False,False,False,False,False,True,non-prospect persona,0,,4.0,1.0,2026-05-02 00:00:00,2023-12-22 00:00:00,26.0,1.0,0.25,False,3.0,1.0,1.0,548.4124898473129,7.685245921847695e-05,0.0,0.0,0.0,0.0,548.4125666997721,True,True,0.25,L1,0.9,81.23,73.107,0.3,0.0,0.15,45.471659987065046,0.0,0.0,34.1,0.75,0.15,0.1,High,last engaged 26d ago; ICP industry (Telecommunications); named account; segment L1,Flagged,3,Review blocker: non-prospect persona,False,Blocked
L00348,Donald,Baker,dbaker@junctionsolutions.com,Individual Contributor of Something,Junction Solutions Group,Individual Contributor,Non-Prospect: Employee,+1-555-2656,ACC0048,Government,1500.0,,,2022-04-06,Web,MQL,True,2023-07-21,False,False,False,False,,False,False,71.0,2.0,False,,,Lead,Orphan Lead,,,,L00348,Junction Solutions,junctionsolutions.com,False,False,False,68.3,Canada,289.4,False,False,False,False,False,False,False,True,False,False,False,False,False,False,True,non-prospect persona,0,,3.0,0.0,2026-05-02 00:00:00,2024-09-09 00:00:00,26.0,1.0,0.0,False,2.0,1.0,1.0,548.4124898473129,0.0,0.0,0.0,0.0,2.6150345318189305e-05,548.4125159976583,False,False,1.0,L1,0.9,21.83,19.647,0.3,0.0,0.15,45.47165578309632,0.0,0.0,34.1,0.75,0.15,0.1,High,last engaged 26d ago; segment L1,Flagged,3,Review blocker: non-prospect persona,False,Blocked
C00251,Dorothy,Nelson,dnelson@novaventures.com,Individual Contributor of Something,,Individual Contributor,Non-Prospect: Competitor,+1-555-9873,ACC0168,Healthcare,1000.0,,,2024-01-01,,,False,,False,False,False,False,,False,False,,,,,,Contact,Orphan Contact,,12.6,False,C00251,Nova Ventures,novaventures.com,True,True,True,16.4,United States,234.1,False,False,False,True,False,False,False,True,True,False,False,False,False,False,True,"account do-not-contact, non-prospect persona",1,orphan_contact,2.0,0.0,2026-05-21 00:00:00,2024-02-08 00:00:00,7.0,0.0,0.0,False,2.0,1.0,1.0,0.0,850.6671609508556,0.0,0.0,0.0,0.0,850.6671609508556,True,True,1.0,C2,0.55,91.64,50.402,0.3,0.0,0.15,55.52141934523801,0.0,0.0,33.3,0.6,0.25,0.15,High,last engaged 7d ago; ICP industry (Healthcare); named account; segment C2,Flagged,3,"Review blocker: account do-not-contact, non-prospect persona",False,Blocked
L00397,Jason,Lewis,jlewis@heliostechnologies.com,VP of Something,Helios Technologies,VP,Non-Prospect: Employee,+1-555-4945,ACC0161,Manufacturing,100.0,,,2024-01-01,Event,Disqualified,False,,True,False,False,False,,False,False,21.0,0.0,True,Bad Data,2022-01-02,Lead,Orphan Lead,,,,L00397,Helios Technologies,heliostechnologies.com,True,False,False,53.7,United States,14.5,False,False,False,False,True,False,False,True,False,False,False,False,False,False,True,non-prospect persona,0,,4.0,1.0,2026-04-29 00:00:00,2023-03-25 00:00:00,29.0,1.0,0.25,False,3.0,1.0,1.0,511.6869459983874,3.3229185974642816,0.0,0.0,0.0,1.1458915195315752e-10,515.0098645959663,False,True,0.65,L1,0.9,40.12,36.108,0.85,0.0,0.425,42.702072991906,0.0,0.0,32.0,0.75,0.15,0.1,High,last engaged 29d ago; named account; segment L1,Flagged,3,Review blocker: non-prospect persona,False,Blocked
L00131,Laura,Green,lgreen@quantumcorp.com,Individual Contributor of Something,Quantum Corp LLC,Individual Contributor,Non-Prospect: Competitor,,ACC0067,Financial Services,1000.0,,,2024-01-01,Event,Open,False,,False,False,False,False,,False,False,90.0,0.0,False,,,Lead,Orphan Lead,,,,L00131,Quantum Corp,quantumcorp.com,False,True,False,86.6,United States,227.3,False,False,False,False,False,False,False,True,False,False,False,False,True,False,True,non-prospect persona,1,missing_phone,1.0,0.0,2026-05-28 00:00:00,2026-05-28 00:00:00,0.0,0.0,0.0,False,1.0,1.0,1.0,0.0,500.0,0.0,0.0,0.0,0.0,500.0,True,False,1.0,L1,0.9,73.66,66.294,0.3,0.0,0.15,41.45752919257816,0.0,0.0,31.1,0.75,0.15,0.1,High,no engagement history; ICP industry (Financial Services); segment L1,Flagged,3,Review blocker: non-prospect persona,False,Blocked
L00417,Sharon,Brown,abrown@unknown.com,VP of Something,Meridian Ventures Inc.,VP,Non-Prospect: Competitor,+1-555-5778,ACC0046,Retail,300.0,,,2024-01-01,Webinar,MQL,True,2023-03-16,False,False,False,False,,False,False,41.0,4.0,False,,,Lead,Orphan Lead,,,,L00417,Meridian Ventures,meridianventures.com,False,False,False,89.0,United Kingdom,40.5,True,False,False,False,False,False,False,True,False,False,False,False,False,False,True,non-prospect persona,1,duplicate_email,2.0,0.0,2026-05-28 00:00:00,2023-08-13 00:00:00,0.0,1.0,0.0,False,1.0,1.0,1.0,0.0,500.0,0.0,0.0,0.0,0.0,500.0,False,False,0.65,L1,0.9,18.65,16.785,0.85,0.0,0.425,41.45752919257816,0.0,0.0,31.1,0.75,0.15,0.1,High,no engagement history; segment L1,Flagged,3,Review blocker: non-prospect persona,False,Blocked
C00313,Stephanie,Thompson,sthompson@impulsetechnologies.com,Individual Contributor of Something,,Individual Contributor,Technical Buyer,+1-555-2455,ACC0195,Telecommunications,750.0,,,2023-05-05,,,False,,False,False,False,False,,False,False,,,,,,Contact,Orphan Contact,,67.3,False,C00313,Impulse Technologies,impulsetechnologies.com,True,True,True,92.4,Canada,235.8,False,False,False,True,False,False,False,False,True,False,False,False,False,False,True,account do-not-contact,1,orphan_contact,1.0,0.0,2026-05-02 00:00:00,2026-05-02 00:00:00,26.0,0.0,0.0,False,1.0,1.0,1.0,0.0,0.0,219.36499593892523,0.0,0.0,0.0,219.36499593892523,True,True,1.0,C2,0.55,99.24,54.582,0.3,0.85,0.575,14.317533917234554,54.6,57.5,30.9,0.6,0.25,0.15,High,last engaged 26d ago; ICP industry (Telecommunications); named account; segment C2,Flagged,3,Review blocker: account do-not-contact,False,Blocked
L00272,Jacob,Hill,jhill@mantlesystems.com,Individual Contributor of Something,Mantle Systems Inc.,Individual Contributor,Non-Prospect: Employee,+1-555-7067,ACC0098,Telecommunications,2000.0,,,2024-01-01,Trade Show,Working,False,,False,True,False,False,,False,False,0.0,0.0,False,,,Lead,Orphan Lead,,,,L00272,Mantle Systems,mantlesystems.com,False,True,False,20.2,United States,617.5,False,False,False,False,False,True,False,True,False,False,False,False,False,False,True,non-prospect persona,0,,1.0,0.0,2026-04-26 00:00:00,2026-04-26 00:00:00,32.0,0.0,0.0,False,1.0,0.0,1.0,477.42080195520816,0.0,0.0,0.0,0.0,0.0,477.42080195520816,True,False,1.0,L1,0.9,67.02,60.318,0.3,0.0,0.15,39.58537366840424,0.0,0.0,29.7,0.75,0.15,0.1,High,last engaged 32d ago; ICP industry (Telecommunications); segment L1,Flagged,3,Review blocker: non-prospect persona,False,Blocked
C00311,Sarah,Robinson,srobinson@novasolutions.com,Individual Contributor of Something,,Individual Contributor,Non-Prospect: Employee,+1-555-1395,ACC0198,Education,750.0,,,2022-11-21,,,True,2022-12-06,True,False,False,False,,False,False,,,,,,Contact,Converted Contact,L00552,23.6,True,C00311,Aether Ventures,aetherventures.com,False,False,False,0.2,United States,181.2,True,False,False,False,True,False,False,True,False,False,False,False,False,False,True,non-prospect persona,1,duplicate_email,10.0,7.0,2026-05-16 00:00:00,2023-05-17 00:00:00,12.0,8.0,0.7,False,2.0,1.0,1.0,757.858283255199,0.0,0.0,0.0,0.0,4.310561205163149e-09,757.8582832595096,False,False,1.0,C1,1.0,15.02,15.02,0.3,0.0,0.15,49.463961324286124,0.0,0.0,29.7,0.6,0.25,0.15,High,last engaged 12d ago; segment C1,Flagged,3,Review blocker: non-prospect persona,False,Blocked
C00359,Kenneth,Nelson,knelson@zenithlabs.com,Manager of Something,,Manager,Non-Prospect: Vendor,+1-555-9068,ACC0046,Retail,300.0,,,2023-07-31,,,False,,False,False,False,False,,False,False,,,,,,Contact,Converted Contact,L00116,86.6,True,C00359,Meridian Ventures,meridianventures.com,False,False,False,89.0,United Kingdom,40.5,True,False,False,False,False,False,False,True,False,False,False,False,False,False,True,non-prospect persona,1,duplicate_email,5.0,1.0,2026-04-16 00:00:00,2023-05-13 00:00:00,42.0,1.0,0.2,False,4.0,0.0,1.0,757.858283255199,3.396430941515486e-06,0.0,0.0,0.0,0.0,757.85828665163,False,False,0.65,C1,1.0,18.65,18.65,0.5,0.0,0.25,49.46396154568335,0.0,0.0,29.7,0.6,0.25,0.15,High,last engaged 42d ago; segment C1,Flagged,3,Review blocker: non-prospect persona,False,Blocked
L00529,Ashley,Harris,aharris@delphinetworks.com,Manager of Something,Delphi Networks Group,Manager,Non-Prospect: Employee,+1-555-9207,ACC0087,Telecommunications,500.0,,,2024-01-01,Advertisement,Open,False,,False,True,True,False,,False,False,0.0,0.0,False,,,Lead,Orphan Lead,,,,L00529,Delphi Networks,delphinetworks.com,False,True,False,39.4,United States,120.6,False,False,False,False,False,True,True,True,False,False,False,False,False,False,True,"no longer with company, non-prospect persona",0,,16.0,14.0,2026-04-28 00:00:00,2023-03-02 00:00:00,30.0,14.0,0.875,True,2.0,0.0,1.0,455.8612442791084,5.22687122369825e-07,0.0,0.0,0.0,0.0,455.8612448017955,True,False,1.0,L1,0.9,68.94,62.046,0.5,0.0,0.25,37.79776172827092,0.0,0.0,28.3,0.75,0.15,0.1,High,last engaged 30d ago; ICP industry (Telecommunications); engagement discounted (automation-heavy); segment L1,Flagged,3,"Review blocker: no longer with company, non-prospect persona",False,Blocked
C00239,Rebecca,Young,rebecca.young@hotmail.com,Director of Something,,Director,Financial Buyer,+1-555-7384,ACC0166,Healthcare,7500.0,,,2023-02-19,,,False,,True,False,False,False,,False,False,,,,,,Contact,Converted Contact,L00006,41.5,True,C00239,Radiant Group,radiantgroup.com,False,True,True,48.2,Canada,2732.2,True,False,False,False,True,False,False,False,True,False,False,False,False,False,True,account do-not-contact,1,duplicate_email,2.0,0.0,2025-06-02 00:00:00,2023-12-22 00:00:00,360.0,1.0,0.0,False,1.0,0.0,0.0,0.0,0.0,0.0,0.0,0.0244140625,0.0,0.0244140625,True,False,1.0,C1,1.0,69.82,69.82,0.7,0.7,0.7,0.0015934591861618,69.8,70.0,28.0,0.6,0.25,0.15,High,last engaged 360d ago; ICP industry (Healthcare); segment C1,Flagged,3,Review blocker: account do-not-contact,False,Blocked
C00145,Amanda,Flores,aflores@harborventures.com,Individual Contributor of Something,,Individual Contributor,Non-Prospect: Vendor,+1-555-5576,,,,,,2024-01-01,,,True,2023-02-12,False,False,False,False,,False,False,,,,,,Contact,Converted Contact,L00281,16.3,True,C00145,,,,,,,,,True,False,False,False,False,False,False,True,False,False,True,False,False,True,True,non-prospect persona,3,"duplicate_email, missing_account, missing_industry",12.0,6.0,2026-05-12 00:00:00,2023-02-20 00:00:00,16.0,7.0,0.5,False,5.0,1.0,2.0,425.3335804754278,11.189550045825191,276.3825759935552,0.0,0.0,0.0,712.9057065148081,False,False,0.25,C1,1.0,3.75,3.75,0.3,0.0,0.15,46.52999257756528,0.0,0.0,27.9,0.6,0.25,0.15,Medium,last engaged 16d ago; segment C1,Flagged,3,Review blocker: non-prospect persona,False,Blocked
C00279,Jason,Anderson,janderson@forgecorp.com,Individual Contributor of Something,,Individual Contributor,Technical Buyer,+1-555-3783,ACC0144,Financial Services,200.0,,,2023-10-10,,,False,,False,True,False,False,,False,False,,,,,,Contact,Orphan Contact,,68.7,False,C00279,Forge Corp,forgecorp.com,False,True,True,41.4,United States,28.6,False,False,False,True,False,True,False,False,True,False,False,False,False,False,True,account do-not-contact,1,orphan_contact,2.0,0.0,2026-05-01 00:00:00,2023-05-19 00:00:00,27.0,0.0,0.0,False,2.0,1.0,1.0,0.0,267.9433656340733,3.266794514811411e-09,0.0,0.0,0.0,267.9433656373401,True,False,0.65,C2,0.55,63.89,35.139500000000005,0.3,0.85,0.575,17.488151238489667,35.1,57.5,27.9,0.6,0.25,0.15,High,last engaged 27d ago; ICP industry (Financial Services); segment C2,Flagged,3,Review blocker: account do-not-contact,False,Blocked
C00274,Kathleen,Lee,klee@nexussolutions.com,,,Individual Contributor,Non-Prospect: Partner,+1-555-4478,ACC0074,Energy,50.0,,,2024-01-01,,,False,,True,False,False,False,,False,False,,,,,,Contact,Orphan Contact,,41.1,False,C00274,Nexus Solutions,nexussolutions.com,True,True,False,37.7,Germany,2.9,False,False,False,True,True,False,False,True,False,False,False,True,False,False,True,non-prospect persona,2,"orphan_contact, missing_title",1.0,0.0,2026-05-13 00:00:00,2026-05-13 00:00:00,15.0,0.0,0.0,False,1.0,1.0,1.0,707.1067811865474,0.0,0.0,0.0,0.0,0.0,707.1067811865474,True,True,0.25,C2,0.55,82.52,45.386,0.3,0.0,0.15,46.15150780739712,0.0,0.0,27.7,0.6,0.25,0.15,Medium,last engaged 15d ago; ICP industry (Energy); named account; segment C2,Flagged,3,Review blocker: non-prospect persona,False,Blocked
L00320,Mark,Lopez,sking@luminarygroup.com,Individual Contributor of Something,Vortex Systems,Individual Contributor,,+1-555-6740,ACC0123,Financial Services,15000.0,,,2024-01-01,Trade Show,Disqualified,False,,False,False,False,True,C00058,False,False,0.0,0.0,True,Competitor,2022-09-03,Lead,Converted Lead - linked,,,,C00058,Vortex Systems,vortexsystems.com,True,True,True,61.7,United States,5203.5,True,False,False,False,False,False,False,False,True,False,False,False,False,False,True,account do-not-contact,1,duplicate_email,6.0,0.0,2026-04-22 00:00:00,2023-12-22 00:00:00,36.0,1.0,0.0,False,5.0,0.0,1.0,0.0,217.63764082403105,0.0,0.0001121089845927,4.379257210655546e-07,6.144437523432522e-08,217.6377534323857,True,True,0.65,L1,0.9,90.92,81.828,0.3,0.0,0.15,18.04544703266052,81.8,15.0,27.3,0.75,0.15,0.1,High,last engaged 36d ago; ICP industry (Financial Services); named account; segment L1,Flagged,3,Do not action — record converted to contact C00058 (work the contact record instead),True,Converted
L00319,Christopher,Taylor,ctaylor@nimbussolutions.com,C-Level of Something,,C-Level,Technical Buyer,+1-555-3381,ACC0071,Education,50000.0,,,2024-01-01,Webinar,Open,False,,False,False,True,True,C00390,False,False,28.0,0.0,False,,,Lead,Converted Lead - linked,,,,C00390,Nimbus Solutions,nimbussolutions.com,False,False,False,74.4,United States,37672.9,True,False,False,False,False,False,True,False,False,False,False,False,False,False,True,no longer with company,1,duplicate_email,6.0,0.0,2026-04-26 00:00:00,2023-02-07 00:00:00,32.0,1.0,0.0,False,5.0,0.0,1.0,0.0,238.7104009776041,0.0,0.0,0.0392495164503037,0.0003398508904038,238.74999034494485,False,False,0.65,L1,0.9,17.19,15.471000000000002,1.0,0.85,0.925,19.795969388906613,15.5,92.5,26.4,0.75,0.15,0.1,High,last engaged 32d ago; segment L1,Flagged,3,Do not action — record converted to contact C00390 (work the contact record instead),True,Converted
C00160,Ashley,Adams,aadams@jaspersolutions.com,Individual Contributor of Something,,Individual Contributor,Non-Prospect: Other,+1-555-1095,ACC0089,Education,750.0,,,2023-07-10,,,False,,False,False,False,False,,False,False,,,,,,Contact,Orphan Contact,,80.5,False,C00160,Aether Technologies,aethertechnologies.com,False,False,False,16.3,Germany,244.2,True,False,False,True,False,False,False,True,False,False,False,False,False,False,True,non-prospect persona,2,"duplicate_email, orphan_contact",3.0,0.0,2026-05-11 00:00:00,2023-10-22 00:00:00,17.0,0.0,0.0,False,3.0,1.0,1.0,675.1749730840949,0.0,0.0,6.004098376443533e-08,0.0001147294078905,0.0,675.1750878735437,False,False,1.0,C2,0.55,16.63,9.1465,0.3,0.0,0.15,44.06738722978705,0.0,0.0,26.4,0.6,0.25,0.15,Medium,last engaged 17d ago; segment C2,Flagged,3,Review blocker: non-prospect persona,False,Blocked
C00140,Deborah,Torres,dtorres@heliostechnologies.com,Manager of Something,,Manager,Technical Buyer,+1-555-7288,ACC0175,Software,15000.0,,,2023-08-13,,,True,2023-05-23,False,False,False,False,,False,False,,,,,,Contact,Converted Contact,L00130,64.2,True,C00140,Atlas Technologies,atlastechnologies.com,False,True,True,32.2,United States,3319.3,True,False,False,False,False,False,False,False,True,False,False,False,False,False,True,account do-not-contact,1,duplicate_email,18.0,16.0,2025-09-21 00:00:00,2023-02-03 00:00:00,249.0,18.0,0.8888888888888888,True,0.0,0.0,0.0,0.0,0.0,0.0,0.0,0.0,0.0,0.0,True,False,0.65,C1,1.0,62.97,62.97,0.5,0.85,0.675,0.0,63.0,67.5,25.9,0.6,0.25,0.15,High,last engaged 249d ago; ICP industry (Software); engagement discounted (automation-heavy); segment C1,Flagged,3,Review blocker: account do-not-contact,False,Blocked
L00326,Betty,Mitchell,bmitchell@unknown.com,Manager of Something,,Manager,Non-Prospect: Employee,,,,,Government,300.0,2024-01-01,Web,MQL,True,2023-04-13,True,False,False,True,,False,False,9.0,2.0,False,,,Lead,Converted Lead - broken link,,,,L00326,,,,,,,,,True,False,True,False,True,False,False,True,False,False,True,False,True,True,True,non-prospect persona,5,"duplicate_email, broken_conversion_link, missing_account, missing_phone, missing_industry",2.0,0.0,2026-05-20 00:00:00,2023-09-02 00:00:00,8.0,1.0,0.0,False,1.0,1.0,1.0,0.0,415.6189480713939,0.0,0.0,0.0,0.0,415.6189480713939,False,False,0.65,L2,0.55,9.75,5.362500000000001,0.5,0.0,0.25,34.46106934531688,0.0,0.0,25.8,0.75,0.15,0.1,Low,last engaged 8d ago; segment L2,Flagged,3,Review blocker: non-prospect persona | Note: broken conversion link (DQ-1),False,Blocked
C00139,Joseph,Lee,jlee@vortexsolutions.com,Manager of Something,,Manager,Non-Prospect: Partner,,ACC0018,Financial Services,200.0,,,2024-01-01,,,False,,False,False,False,False,,False,False,,,,,,Contact,Converted Contact,L00200,0.0,True,C00139,Impulse Systems,impulsesystems.com,False,True,False,53.6,United States,23.1,True,False,False,False,False,False,False,True,False,False,False,False,True,False,True,non-prospect persona,2,"duplicate_email, missing_phone",2.0,0.0,2026-05-08 00:00:00,2024-05-26 00:00:00,20.0,0.0,0.0,False,2.0,1.0,1.0,0.0,629.9605249474366,0.0,0.0,0.0,0.0,629.9605249474366,True,False,0.65,C1,1.0,65.11,65.11,0.5,0.0,0.25,41.11631914585397,0.0,0.0,24.7,0.6,0.25,0.15,Medium,last engaged 20d ago; ICP industry (Financial Services); segment C1,Flagged,3,Review blocker: non-prospect persona,False,Blocked
L00231,Thomas,Nguyen,tnguyen@meridianpartners.com,Unknown Title,Meridian Partners Inc.,,Non-Prospect: Employee,+1-555-9350,ACC0143,Financial Services,3500.0,,,2024-01-01,Event,Working,False,,True,False,False,True,C00315,False,False,13.0,0.0,False,,,Lead,Converted Lead - linked,,,,C00315,Meridian Partners,meridianpartners.com,False,True,False,17.9,United States,1205.3,True,False,False,False,True,False,False,True,False,False,False,False,False,False,True,non-prospect persona,1,duplicate_email,3.0,1.0,2026-04-17 00:00:00,2024-01-22 00:00:00,41.0,1.0,0.3333333333333333,False,2.0,0.0,1.0,0.0,387.7861904584336,0.0,0.0,0.0,0.0,387.7861904584336,True,False,1.0,L1,0.9,66.79,60.111,0.5,0.0,0.25,32.15331462281837,0.0,0.0,24.1,0.75,0.15,0.1,High,last engaged 41d ago; ICP industry (Financial Services); segment L1,Flagged,3,Do not action — record converted to contact C00315 (work the contact record instead),True,Converted
L00152,Melissa,Torres,wwilliams@luminarysolutions.com,Individual Contributor of Something,,Individual Contributor,Technical Buyer,+1-555-7540,,,,,,2024-01-01,Advertisement,MQL,True,2022-10-24,False,False,True,False,,False,False,6.0,2.0,False,,,Lead,Orphan Lead,,,,L00152,,,,,,,,,False,False,False,False,False,False,True,False,False,False,True,False,False,True,True,no longer with company,2,"missing_account, missing_industry",3.0,1.0,2026-05-09 00:00:00,2023-05-14 00:00:00,19.0,1.0,0.3333333333333333,False,2.0,1.0,1.0,0.0,29.83880012220052,257.8740616879158,0.0,0.0,0.0,287.7128618101163,False,False,0.25,L3,0.45,3.75,1.6875,0.3,0.85,0.575,23.855728735146204,1.7,57.5,23.9,0.75,0.15,0.1,Medium,last engaged 19d ago; segment L3,Flagged,3,Review blocker: no longer with company,False,Blocked
L00508,Michael,Taylor,mtaylor@umbrapartners.com,Individual Contributor of Something,Umbra Partners & Co,Individual Contributor,Non-Prospect: Employee,+1-555-4901,ACC0162,Software,1500.0,,,2024-01-01,Content Syndication,Nurturing,False,,False,False,False,True,,False,False,40.0,0.0,False,,,Lead,Converted Lead - broken link,,,,L00508,Umbra Partners,umbrapartners.com,False,True,False,43.5,United States,382.2,True,False,True,False,False,False,False,True,False,False,False,False,False,False,True,non-prospect persona,2,"duplicate_email, broken_conversion_link",1.0,0.0,2026-04-15 00:00:00,2026-04-15 00:00:00,43.0,0.0,0.0,False,1.0,0.0,1.0,370.27438807164106,0.0,0.0,0.0,0.0,0.0,370.27438807164106,True,False,1.0,L1,0.9,69.35,62.415,0.3,0.0,0.15,30.70132250548815,0.0,0.0,23.0,0.75,0.15,0.1,Medium,last engaged 43d ago; ICP industry (Software); segment L1,Flagged,3,Review blocker: non-prospect persona | Note: broken conversion link (DQ-1),False,Blocked
L00535,Nancy,Torres,ntorres@ciphercorp.com,Individual Contributor of Something,Cipher Corp,Individual Contributor,Non-Prospect: Vendor,,ACC0121,Telecommunications,75.0,,,2022-10-08,Employee Referral,MQL,True,2023-05-09,False,False,False,False,,False,False,32.0,1.0,False,,,Lead,Orphan Lead,,,,L00535,Cipher Corp,ciphercorp.com,False,True,False,9.7,United States,3.2,False,False,False,False,False,False,False,True,False,False,False,False,True,False,True,non-prospect persona,1,missing_phone,2.0,0.0,2026-05-13 00:00:00,2023-12-26 00:00:00,15.0,0.0,0.0,False,2.0,1.0,1.0,0.0,353.5533905932738,0.0,0.0,0.0,6.739372561873767e-08,353.5533906606675,True,False,0.25,L1,0.9,54.72,49.248,0.3,0.0,0.15,29.31490002889923,0.0,0.0,22.0,0.75,0.15,0.1,High,last engaged 15d ago; ICP industry (Telecommunications); segment L1,Flagged,3,Review blocker: non-prospect persona,False,Blocked
C00323,Barbara,Gonzalez,bgonzalez@meridianlabs.com,,,,Non-Prospect: Competitor,+1-555-3388,ACC0109,Healthcare,1000.0,,,2022-05-20,,,False,,False,True,False,False,,False,False,,,,,,Contact,Converted Contact,L00107,61.2,True,C00323,Vertex Systems,vertexsystems.com,False,True,False,25.2,Canada,290.9,True,False,False,False,False,True,False,True,False,False,False,True,False,False,True,non-prospect persona,2,"duplicate_email, missing_title",6.0,0.0,2026-05-03 00:00:00,2023-04-24 00:00:00,25.0,0.0,0.0,False,6.0,1.0,1.0,0.0,561.2310241546866,0.0,5.646484220439205e-07,0.0,2.5351856975282898e-06,561.2310272545207,True,False,1.0,C1,1.0,67.52,67.52,0.5,0.0,0.25,36.63047622401064,0.0,0.0,22.0,0.6,0.25,0.15,Medium,last engaged 25d ago; ICP industry (Healthcare); segment C1,Flagged,3,Review blocker: non-prospect persona,False,Blocked
C00326,Margaret,Taylor,mtaylor@eclipsenetworks.com,Director of Something,,Director,Non-Prospect: Employee,+1-555-7143,ACC0106,Energy,1500.0,,,2024-01-01,,,False,,True,True,False,False,,False,False,,,,,,Contact,Orphan Contact,,43.5,False,C00326,Eclipse Networks,eclipsenetworks.com,False,True,False,65.3,Netherlands,283.8,False,False,False,True,True,True,False,True,False,False,False,False,False,False,True,non-prospect persona,1,orphan_contact,1.0,0.0,2026-05-03 00:00:00,2026-05-03 00:00:00,25.0,0.0,0.0,False,1.0,1.0,1.0,561.2310241546865,0.0,0.0,0.0,0.0,0.0,561.2310241546865,True,False,1.0,C2,0.55,71.53,39.3415,0.7,0.0,0.35,36.630476021690384,0.0,0.0,22.0,0.6,0.25,0.15,High,last engaged 25d ago; ICP industry (Energy); segment C2,Flagged,3,Review blocker: non-prospect persona,False,Blocked
L00310,Daniel,Walker,dwalker@impulsetechnologies.com,Director of Something,Impulse Technologies Inc.,Director,Technical Buyer,+1-555-1630,ACC0195,Telecommunications,750.0,,,2024-01-01,Webinar,Open,False,,False,True,False,True,C00386,False,False,41.0,0.0,False,,,Lead,Converted Lead - linked,,,,C00386,Impulse Technologies,impulsetechnologies.com,True,True,True,92.4,Canada,235.8,True,False,False,False,False,True,False,False,True,False,False,False,False,False,True,account do-not-contact,1,duplicate_email,17.0,14.0,2026-04-29 00:00:00,2023-04-23 00:00:00,29.0,15.0,0.8235294117647058,True,2.0,0.0,0.0,0.0,4.730823790932309e-05,5.3523161330670125e-05,0.0,0.0,0.0,0.0001008313992399,True,True,1.0,L1,0.9,99.24,89.316,0.7,0.85,0.7749999999999999,8.360441355033315e-06,89.3,77.5,21.1,0.75,0.15,0.1,High,last engaged 29d ago; ICP industry (Telecommunications); named account; engagement discounted (automation-heavy); segment L1,Flagged,3,Do not action — record converted to contact C00386 (work the contact record instead),True,Converted
L00574,Kenneth,Carter,kcarter@vertexsystems.com,Individual Contributor of Something,,Individual Contributor,Non-Prospect: Partner,+1-555-5668,ACC0140,Software,25000.0,,,2024-01-01,Cold Call,MQL,True,2023-06-16,False,False,True,True,C00065,False,False,92.0,3.0,False,,,Lead,Converted Lead - linked,,,,C00065,Vertex Systems,vertexsystems.com,False,True,False,10.0,United States,13363.2,True,False,False,False,False,False,True,True,False,False,False,False,False,False,True,"no longer with company, non-prospect persona",1,duplicate_email,8.0,6.0,2026-05-20 00:00:00,2023-08-25 00:00:00,8.0,6.0,0.75,True,2.0,1.0,1.0,0.0,337.5874865420475,3.1440284712430856e-08,0.0,0.0,0.0,337.5874865734877,True,False,0.65,L1,0.9,60.75,54.675,0.3,0.0,0.15,27.991086159338906,0.0,0.0,21.0,0.75,0.15,0.1,High,last engaged 8d ago; ICP industry (Software); engagement discounted (automation-heavy); segment L1,Flagged,3,Do not action — record converted to contact C00065 (work the contact record instead),True,Converted
C00278,Matthew,Wilson,mwilson@atlascorp.com,Unknown Title,,,,+1-555-1193,ACC0047,Telecommunications,750.0,,,2024-01-01,,,False,,False,False,False,False,,False,False,,,,,,Contact,Converted Contact,L00101,0.0,True,C00278,Gravitas Group,gravitasgroup.com,False,True,True,39.5,United Kingdom,140.2,True,False,False,False,False,False,False,False,True,False,False,False,False,False,True,account do-not-contact,1,duplicate_email,0.0,0.0,0,0,0.0,0.0,0.0,,0.0,0.0,0.0,0.0,0.0,0.0,0.0,0.0,0.0,0.0,True,False,1.0,C1,1.0,68.95,68.95,0.5,0.0,0.25,0.0,69.0,25.0,21.0,0.6,0.25,0.15,High,no engagement history; ICP industry (Telecommunications); engagement discounted (automation-heavy); segment C1,Flagged,3,Review blocker: account do-not-contact,False,Blocked
C00285,Kevin,Clark,kclark@vortexsolutions.com,Individual Contributor of Something,,Individual Contributor,Non-Prospect: Employee,+1-555-5327,ACC0171,Government,3500.0,,,2023-07-09,,,True,2023-02-07,True,False,False,False,,False,False,,,,,,Contact,Orphan Contact,,51.1,False,C00285,Vortex Solutions,vortexsolutions.com,False,False,False,25.3,United States,958.2,False,False,False,True,True,False,False,True,False,False,False,False,False,False,True,non-prospect persona,1,orphan_contact,3.0,0.0,2026-05-01 00:00:00,2024-04-06 00:00:00,27.0,1.0,0.0,False,2.0,1.0,1.0,535.8867312681464,0.0,4.5530395694275705e-05,0.0,0.0,0.0,535.8867767985421,False,False,1.0,C2,0.55,17.53,9.6415,0.3,0.0,0.15,34.976305448234775,0.0,0.0,21.0,0.6,0.25,0.15,High,last engaged 27d ago; segment C2,Flagged,3,Review blocker: non-prospect persona,False,Blocked
L00571,Donald,Davis,ddavis@jasperpartners.com,Individual Contributor of Something,Jasper Partners,Individual Contributor,Non-Prospect: Vendor,+1-555-2661,ACC0032,Education,300.0,,,2023-02-10,Event,Disqualified,False,,False,False,False,False,,False,False,0.0,0.0,False,,,Lead,Orphan Lead,,,,L00571,Jasper Partners,jasperpartners.com,False,False,False,55.4,United States,38.4,False,False,False,False,False,False,False,True,False,False,False,False,False,False,True,non-prospect persona,0,,3.0,0.0,2026-04-20 00:00:00,2024-04-09 00:00:00,38.0,0.0,0.0,False,3.0,0.0,1.0,0.0,3.932440014996815e-05,332.4951584571152,0.0,0.0,0.0,332.49519778151534,False,False,0.65,L1,0.9,15.29,13.761,0.3,0.0,0.15,27.568858736838447,0.0,0.0,20.7,0.75,0.15,0.1,High,last engaged 38d ago; segment L1,Flagged,3,Review blocker: non-prospect persona,False,Blocked
L00370,Daniel,Lee,dlee@meridianpartners.com,Individual Contributor of Something,Meridian Partners Corp,Individual Contributor,Non-Prospect: Vendor,+1-555-2134,ACC0143,Financial Services,3500.0,,,2024-01-01,Webinar,Working,False,,False,True,True,False,,False,False,0.0,0.0,False,,,Lead,Orphan Lead,,,,L00370,Meridian Partners,meridianpartners.com,False,True,False,17.9,United States,1205.3,False,False,False,False,False,True,True,True,False,False,False,False,False,False,True,"no longer with company, non-prospect persona",0,,2.0,0.0,2026-05-09 00:00:00,2023-03-15 00:00:00,19.0,0.0,0.0,False,2.0,1.0,1.0,0.0,322.3425771098948,0.0,3.6379788070917207e-10,0.0,0.0,322.34257711025856,True,False,1.0,L1,0.9,66.79,60.111,0.3,0.0,0.15,26.727053601118843,0.0,0.0,20.0,0.75,0.15,0.1,High,last engaged 19d ago; ICP industry (Financial Services); segment L1,Flagged,3,"Review blocker: no longer with company, non-prospect persona",False,Blocked
C00179,Linda,Hall,linda.hall@gmail.com,C-Level of Something,,C-Level,Non-Prospect: Partner,+1-555-8369,ACC0136,Financial Services,3500.0,,,2024-01-01,,,True,2023-05-10,False,False,False,False,,False,False,,,,,,Contact,Converted Contact,L00391,26.0,True,C00179,Fusion Systems,fusionsystems.com,False,True,False,20.7,United States,906.7,True,False,False,False,False,False,False,True,False,False,False,False,False,False,True,non-prospect persona,1,duplicate_email,1.0,0.0,2026-04-26 00:00:00,2026-04-26 00:00:00,32.0,0.0,0.0,False,1.0,0.0,1.0,477.42080195520816,0.0,0.0,0.0,0.0,0.0,477.42080195520816,True,False,1.0,C1,1.0,67.07,67.07,1.0,0.0,0.5,31.160343041649742,0.0,0.0,18.7,0.6,0.25,0.15,High,last engaged 32d ago; ICP industry (Financial Services); segment C1,Flagged,3,Review blocker: non-prospect persona,False,Blocked
C00364,Jessica,Gonzalez,jgonzalez@gravitasgroup.com,Manager of Something,,Manager,Financial Buyer,+1-555-3852,ACC0047,Telecommunications,750.0,,,2023-11-23,,,False,,False,False,False,False,,False,False,,,,,,Contact,Orphan Contact,,2.4,False,C00364,Gravitas Group,gravitasgroup.com,False,True,True,39.5,United Kingdom,140.2,False,False,False,True,False,False,False,False,True,False,False,False,False,False,True,account do-not-contact,1,orphan_contact,1.0,1.0,2025-05-15 00:00:00,2025-05-15 00:00:00,378.0,1.0,1.0,True,0.0,0.0,0.0,0.0,0.0,0.0,0.0,0.0,0.0,0.0,True,False,1.0,C2,0.55,68.95,37.92250000000001,0.5,0.7,0.6,0.0,37.9,60.0,18.5,0.6,0.25,0.15,High,last engaged 378d ago; ICP industry (Telecommunications); engagement discounted (automation-heavy); segment C2,Flagged,3,Review blocker: account do-not-contact,False,Blocked
L00050,Angela,Miller,amiller@vortextechnologies.com,,Vortex Technologies,Director,CISO,+1-555-9638,ACC0050,Healthcare,15000.0,,,2024-01-01,Event,Nurturing,False,,False,False,False,True,,False,False,92.0,0.0,False,,,Lead,Converted Lead - broken link,,,,L00050,Vortex Technologies,vortextechnologies.com,False,True,True,96.2,United States,7170.8,True,False,True,False,False,False,False,False,True,False,False,True,False,False,True,account do-not-contact,3,"duplicate_email, broken_conversion_link, missing_title",4.0,1.0,2025-05-04 00:00:00,2023-03-06 00:00:00,389.0,1.0,0.25,False,3.0,0.0,0.0,0.0067970178080775,0.0163539651876265,0.0,2.9549570039534507e-10,0.0,0.0,0.0231509832911998,True,False,0.65,L1,0.9,69.37,62.43300000000001,0.7,1.0,0.85,0.0019195651312636,62.4,85.0,17.9,0.75,0.15,0.1,Medium,last engaged 389d ago; ICP industry (Healthcare); segment L1,Flagged,3,Review blocker: account do-not-contact | Note: broken conversion link (DQ-1),False,Blocked
L00239,Ashley,Torres,atorres@nimbuspartners.com,Individual Contributor of Something,Nimbus Partners Corp,Individual Contributor,Non-Prospect: Employee,+1-555-6315,ACC0174,Software,5000.0,,,2024-01-01,Event,Disqualified,False,,False,False,False,True,C00207,False,False,19.0,0.0,False,,,Lead,Converted Lead - linked,,,,C00207,Nimbus Partners,nimbuspartners.com,False,True,False,91.7,United States,2150.6,True,False,False,False,False,False,False,True,False,False,False,False,False,False,True,non-prospect persona,1,duplicate_email,1.0,0.0,2026-05-12 00:00:00,2026-05-12 00:00:00,16.0,0.0,0.0,False,1.0,1.0,1.0,0.0,0.0,276.3825759935552,0.0,0.0,0.0,276.3825759935552,True,False,1.0,L1,0.9,74.17,66.753,0.3,0.0,0.15,22.91627742514553,0.0,0.0,17.2,0.75,0.15,0.1,High,last engaged 16d ago; ICP industry (Software); segment L1,Flagged,3,Do not action — record converted to contact C00207 (work the contact record instead),True,Converted
L00289,Michelle,Roberts,krobinson@umbragroup.com,Unknown Title,Nexus Networks,,CISO,+1-555-2037,ACC0185,Energy,1000.0,,,2022-06-12,Content Syndication,MQL,True,2023-05-08,False,False,True,False,,False,False,10.0,4.0,False,,,Lead,Orphan Lead,,,,L00289,Nexus Networks,nexusnetworks.com,False,True,False,15.3,United States,230.5,False,False,False,False,False,False,True,False,False,False,False,False,False,False,True,no longer with company,0,,3.0,0.0,2025-01-12 00:00:00,2023-04-22 00:00:00,501.0,1.0,0.0,False,2.0,0.0,0.0,3.6690962712315285e-05,0.0,0.0,8.75315917133498e-10,0.0,0.0,3.669183802823242e-05,True,False,1.0,L1,0.9,66.53,59.877,0.5,1.0,0.75,3.04230589236959e-06,59.9,75.0,16.5,0.75,0.15,0.1,High,last engaged 501d ago; ICP industry (Energy); segment L1,Flagged,3,Review blocker: no longer with company,False,Blocked
L00118,Jacob,King,jking@kineticnetworks.com,Unknown Title,,,Technical Buyer,+1-555-2264,ACC0031,Software,7500.0,,,2024-01-01,Content Syndication,Nurturing,False,,False,False,True,False,,False,False,14.0,0.0,False,,,Lead,Orphan Lead,,,,L00118,Kinetic Networks,kineticnetworks.com,False,True,False,61.1,United States,3297.4,False,False,False,False,False,False,True,False,False,False,False,False,False,False,True,no longer with company,0,,16.0,13.0,2025-12-08 00:00:00,2023-03-20 00:00:00,171.0,14.0,0.8125,True,2.0,0.0,0.0,2.0269084798547585e-07,0.0,1.0620340325121186e-05,0.0,0.0,0.0,1.0823031173106662e-05,True,False,1.0,L1,0.9,71.11,63.999,0.5,0.85,0.675,8.973922616225059e-07,64.0,67.5,16.4,0.75,0.15,0.1,High,last engaged 171d ago; ICP industry (Software); engagement discounted (automation-heavy); segment L1,Flagged,3,Review blocker: no longer with company,False,Blocked
L00047,Sarah,Hall,shall@delphiventures.com,Individual Contributor of Something,Delphi Ventures,Individual Contributor,Non-Prospect: Employee,+1-555-7417,ACC0045,Manufacturing,7500.0,,,2023-10-22,Webinar,MQL,True,2022-08-24,False,False,False,False,,False,False,11.0,1.0,False,,,Lead,Orphan Lead,,,,L00047,Delphi Ventures,delphiventures.com,False,False,False,9.4,United States,3214.5,False,False,False,False,False,False,False,True,False,False,False,False,False,False,True,non-prospect persona,0,,2.0,0.0,2026-04-30 00:00:00,2024-05-05 00:00:00,28.0,0.0,0.0,False,2.0,1.0,1.0,2.7806550012135786e-05,261.82353070515666,0.0,0.0,0.0,0.0,261.82355851170666,False,False,1.0,L1,0.9,15.94,14.346,0.3,0.0,0.15,21.70911564060755,0.0,0.0,16.3,0.75,0.15,0.1,High,last engaged 28d ago; segment L1,Flagged,3,Review blocker: non-prospect persona,False,Blocked
L00009,Carol,Walker,cwalker@aethertechnologies.com,,Aether Technologies LLC,Individual Contributor,Non-Prospect: Competitor,+1-555-2261,ACC0089,Education,750.0,,,2023-08-29,Web,Nurturing,False,,True,False,False,False,,False,False,0.0,0.0,False,,,Lead,Orphan Lead,,,,L00009,Aether Technologies,aethertechnologies.com,False,False,False,16.3,Germany,244.2,False,False,False,False,True,False,False,True,False,False,False,True,False,False,True,non-prospect persona,1,missing_title,3.0,0.0,2026-04-29 00:00:00,2024-05-06 00:00:00,29.0,1.0,0.0,False,2.0,1.0,1.0,2.8456497308922307e-05,255.8434729991937,0.0,0.0,0.0,0.0,255.84350145569107,False,False,1.0,L1,0.9,16.63,14.967,0.3,0.0,0.15,21.21327886066145,0.0,0.0,15.9,0.75,0.15,0.1,High,last engaged 29d ago; segment L1,Flagged,3,Review blocker: non-prospect persona,False,Blocked
L00146,Mary,Perez,mperez@xenonnetworks.com,Individual Contributor of Something,Xenon Networks Group,Individual Contributor,Technical Buyer,+1-555-9836,ACC0025,Energy,2000.0,,,2024-01-01,Event,MQL,True,2023-04-24,False,False,True,False,,False,False,87.0,4.0,False,,,Lead,Orphan Lead,,,,L00146,Xenon Networks,xenonnetworks.com,False,True,False,83.6,United States,396.7,False,False,False,False,False,False,True,False,False,False,False,False,False,False,True,no longer with company,0,,14.0,10.0,2026-04-29 00:00:00,2023-03-09 00:00:00,29.0,12.0,0.7142857142857143,True,2.0,0.0,0.0,0.0,0.0,0.0,0.0001445499960432,0.0,0.0,0.0001445499960432,True,False,1.0,L1,0.9,73.36,66.024,0.3,0.85,0.575,1.1985371361496045e-05,66.0,57.5,15.7,0.75,0.15,0.1,High,last engaged 29d ago; ICP industry (Energy); engagement discounted (automation-heavy); segment L1,Flagged,3,Review blocker: no longer with company,False,Blocked
C00042,Jeffrey,Young,jyoung@eclipsenetworks.com,VP of Something,,VP,Non-Prospect: Employee,+1-555-5714,ACC0106,Energy,1500.0,,,2022-06-22,,,False,,False,False,False,False,,False,False,,,,,,Contact,Orphan Contact,,5.2,False,C00042,Eclipse Networks,eclipsenetworks.com,False,True,False,65.3,Netherlands,283.8,False,False,False,True,False,False,False,True,False,False,False,False,False,False,True,non-prospect persona,1,orphan_contact,1.0,0.0,2026-04-17 00:00:00,2026-04-17 00:00:00,41.0,0.0,0.0,False,1.0,0.0,1.0,387.7861904584336,0.0,0.0,0.0,0.0,0.0,387.7861904584336,True,False,1.0,C2,0.55,71.53,39.3415,0.85,0.0,0.425,25.31006330686236,0.0,0.0,15.2,0.6,0.25,0.15,High,last engaged 41d ago; ICP industry (Energy); segment C2,Flagged,3,Review blocker: non-prospect persona,False,Blocked
L00599,Donna,Lopez,dlopez@aethergroup.com,Individual Contributor of Something,Aether,Individual Contributor,Non-Prospect: Vendor,+1-555-6931,ACC0113,Professional Services,5000.0,,,2024-01-01,Partner Referral,Nurturing,False,,False,False,False,False,,False,False,28.0,0.0,False,,,Lead,Orphan Lead,,,,L00599,Aether Group,aethergroup.com,True,False,False,90.2,United States,1511.3,False,False,False,False,False,False,False,True,False,False,False,False,False,False,True,non-prospect persona,0,,3.0,0.0,2026-05-06 00:00:00,2023-03-13 00:00:00,22.0,1.0,0.0,False,2.0,1.0,1.0,0.0,4.344773439396209e-07,240.60500721642336,0.0,0.0,0.0,240.60500765090072,False,True,1.0,L1,0.9,49.02,44.118,0.3,0.0,0.15,19.949778257135417,0.0,0.0,15.0,0.75,0.15,0.1,High,last engaged 22d ago; named account; segment L1,Flagged,3,Review blocker: non-prospect persona,False,Blocked
L00162,Jessica,Brown,jbrown@radiantdynamics.com,Unknown Title,Radiant Dynamics & Co,,,,ACC0015,Software,5000.0,,,2022-08-05,Event,Working,False,,False,False,True,False,,False,False,86.0,0.0,False,,,Lead,Orphan Lead,,,,L00162,Radiant Dynamics,radiantdynamics.com,True,True,False,12.7,United States,1293.3,False,False,False,False,False,False,True,False,False,False,False,False,True,False,True,no longer with company,1,missing_phone,0.0,0.0,0,0,0.0,0.0,0.0,,0.0,0.0,0.0,0.0,0.0,0.0,0.0,0.0,0.0,0.0,True,True,1.0,L1,0.9,91.27,82.143,0.5,0.0,0.25,0.0,82.1,25.0,14.8,0.75,0.15,0.1,High,no engagement history; ICP industry (Software); named account; engagement discounted (automation-heavy); segment L1,Flagged,3,Review blocker: no longer with company,False,Blocked
L00277,Richard,Clark,rclark@meridianlabs.com,Director of Something,Meridian,Director,Influencer,+1-555-4444,ACC0078,Software,50.0,,,2024-01-01,Web,Nurturing,False,,False,True,True,False,,False,False,15.0,0.0,False,,,Lead,Orphan Lead,,,,L00277,Meridian Labs,meridianlabs.com,False,True,False,31.9,United States,4.7,False,False,False,False,False,True,True,False,False,False,False,False,False,False,True,no longer with company,0,,3.0,0.0,2026-01-04 00:00:00,2024-08-18 00:00:00,144.0,0.0,0.0,False,3.0,0.0,0.0,0.6593505596524367,17.94841179682868,0.0,6.291904023994905e-05,0.0,0.0,18.60782527552136,True,False,0.25,L1,0.9,56.94,51.246,0.7,0.5,0.6,1.5428689191406413,51.2,60.0,14.8,0.75,0.15,0.1,High,last engaged 144d ago; ICP industry (Software); segment L1,Flagged,3,Review blocker: no longer with company,False,Blocked
C00349,William,Sanchez,wsanchez@quantumlabs.com,Manager of Something,,Manager,Non-Prospect: Other,+1-555-7761,ACC0004,Government,75.0,,,2024-01-01,,,False,,False,False,False,False,,False,False,,,,,,Contact,Orphan Contact,,72.3,False,C00349,Quantum Labs,quantumlabs.com,True,False,False,59.4,United Kingdom,7.2,False,False,False,True,False,False,False,True,False,False,False,False,False,False,True,non-prospect persona,1,orphan_contact,3.0,0.0,2026-04-16 00:00:00,2023-05-03 00:00:00,42.0,0.0,0.0,False,3.0,0.0,1.0,378.9291416275995,0.0,2.86823519726305e-05,1.128606354056494e-09,0.0,0.0,378.9291703110801,False,True,0.25,C2,0.55,34.69,19.0795,0.5,0.0,0.25,24.73198253411833,0.0,0.0,14.8,0.6,0.25,0.15,High,last engaged 42d ago; named account; segment C2,Flagged,3,Review blocker: non-prospect persona,False,Blocked
L00237,Timothy,Campbell,timothy.campbell@outlook.com,Manager of Something,Quartz Technologies & Co,Manager,Non-Prospect: Partner,+1-555-1983,ACC0009,Government,50000.0,,,2024-01-01,Event,MQL,True,2022-04-03,True,False,False,False,,True,True,8.0,4.0,False,,,Lead,Orphan Lead,,,,L00237,Quartz Technologies,quartztechnologies.com,True,False,False,50.7,United States,16429.1,False,False,False,False,True,False,False,True,False,False,False,False,False,False,True,non-prospect persona,0,,4.0,1.0,2026-05-04 00:00:00,2025-01-14 00:00:00,24.0,1.0,0.25,False,3.0,1.0,1.0,0.0,0.0,229.73967099940705,0.0,2.915728098552525,0.0004918557389982,232.6558909536986,False,True,0.65,L1,0.9,39.82,35.838,0.5,0.0,0.25,19.29067678207648,0.0,0.0,14.5,0.75,0.15,0.1,High,last engaged 24d ago; named account; segment L1,Flagged,3,Review blocker: non-prospect persona,False,Blocked
L00318,David,Hernandez,dhernandez@unknown.com,Manager of Something,,Manager,Non-Prospect: Competitor,+1-555-3157,,,,Healthcare,,2024-01-01,Webinar,Nurturing,False,,False,False,False,True,C00199,False,False,94.0,0.0,False,,,Lead,Converted Lead - linked,,,,C00199,,,,,,,,,True,False,False,False,False,False,False,True,False,False,True,False,False,True,True,non-prospect persona,3,"duplicate_email, missing_account, missing_industry",4.0,0.0,2026-04-25 00:00:00,2023-04-23 00:00:00,33.0,1.0,0.0,False,3.0,0.0,1.0,0.0,233.25824788420184,0.0,1.8201022752267254e-07,0.0,0.0,233.2582480662121,True,False,0.25,L2,0.55,53.75,29.562500000000004,0.5,0.0,0.25,19.34062125722925,0.0,0.0,14.5,0.75,0.15,0.1,Medium,last engaged 33d ago; ICP industry (nan); segment L2,Flagged,3,Do not action — record converted to contact C00199 (work the contact record instead),True,Converted
C00325,Nancy,Lee,nlee@junctiongroup.com,Individual Contributor of Something,,Individual Contributor,Non-Prospect: Competitor,+1-555-7524,,,,,,2022-08-17,,,True,2022-04-26,False,False,False,False,,False,False,,,,,,Contact,Orphan Contact,,30.3,False,C00325,,,,,,,,,True,False,False,True,False,False,False,True,False,False,True,False,False,True,True,non-prospect persona,4,"duplicate_email, orphan_contact, missing_account, missing_industry",2.0,0.0,2026-04-24 00:00:00,2023-04-22 00:00:00,34.0,0.0,0.0,False,2.0,0.0,1.0,0.0,0.0,364.6889954232868,0.0,0.0,0.0,364.6889954232868,False,False,0.25,C3,0.45,3.75,1.6875,0.3,0.0,0.15,23.80255354263012,0.0,0.0,14.3,0.6,0.25,0.15,Low,last engaged 34d ago; segment C3,Flagged,3,Review blocker: non-prospect persona,False,Blocked
C00382,Amy,Johnson,ajohnson@atlascorp.com,Unknown Title,,,CISO,,ACC0033,Professional Services,750.0,,,2022-10-12,,,False,,False,False,False,False,,False,False,,,,,,Contact,Orphan Contact,,1.4,False,C00382,Lattice Group,latticegroup.com,False,False,True,39.6,United States,153.8,True,False,False,True,False,False,False,False,True,False,False,False,True,False,True,account do-not-contact,3,"duplicate_email, orphan_contact, missing_phone",6.0,5.0,2025-07-30 00:00:00,2023-08-27 00:00:00,302.0,5.0,0.8333333333333334,True,1.0,0.0,0.0,0.0,0.0,0.0,0.0007990220053257,0.0,0.0,0.0007990220053257,False,False,1.0,C2,0.55,18.96,10.428,0.5,1.0,0.75,5.215063876942594e-05,10.4,75.0,13.9,0.6,0.25,0.15,Medium,last engaged 302d ago; engagement discounted (automation-heavy); segment C2,Flagged,3,Review blocker: account do-not-contact,False,Blocked
L00212,Nancy,Rodriguez,nrodriguez@paragongroup.com,Individual Contributor of Something,,Individual Contributor,Financial Buyer,,ACC0011,Financial Services,10000.0,,,2024-01-01,Web,Working,False,,False,False,True,False,,False,False,0.0,0.0,False,,,Lead,Orphan Lead,,,,L00212,Paragon Group,paragongroup.com,False,True,False,0.4,United States,3252.0,False,False,False,False,False,False,True,False,False,False,False,False,True,False,True,no longer with company,1,missing_phone,7.0,7.0,2025-10-29 00:00:00,2023-03-13 00:00:00,211.0,7.0,1.0,True,0.0,0.0,0.0,0.0,0.0,0.0,0.0,0.0,0.0,0.0,True,False,1.0,L1,0.9,65.04,58.53600000000001,0.3,0.7,0.5,0.0,58.5,50.0,13.8,0.75,0.15,0.1,High,last engaged 211d ago; ICP industry (Financial Services); engagement discounted (automation-heavy); segment L1,Flagged,3,Review blocker: no longer with company,False,Blocked
L00398,Angela,Miller,amiller@impulsesystems.com,Manager of Something,Impulse Systems Ltd,Manager,Influencer,+1-555-9812,ACC0018,Financial Services,200.0,,,2024-01-01,Web,MQL,True,2022-06-25,False,False,True,False,,False,False,73.0,1.0,False,,,Lead,Orphan Lead,,,,L00398,Impulse Systems,impulsesystems.com,False,True,False,53.6,United States,23.1,False,False,False,False,False,False,True,False,False,False,False,False,False,False,True,no longer with company,0,,9.0,8.0,2026-04-19 00:00:00,2023-04-26 00:00:00,39.0,8.0,0.8888888888888888,True,1.0,0.0,0.0,0.0,0.0,0.0,0.0,0.0,3.870753087768288e-08,3.870753087768288e-08,True,False,0.65,L1,0.9,65.11,58.599,0.5,0.5,0.5,3.2094371826683166e-09,58.6,50.0,13.8,0.75,0.15,0.1,High,last engaged 39d ago; ICP industry (Financial Services); engagement discounted (automation-heavy); segment L1,Flagged,3,Review blocker: no longer with company,False,Blocked
L00349,Dorothy,Williams,dwilliams@vertexpartners.com,Individual Contributor of Something,Vertex Partners,Individual Contributor,Non-Prospect: Employee,+1-555-4390,ACC0023,Education,100.0,,,2024-01-01,Advertisement,MQL,True,2022-05-06,False,False,False,False,,False,False,82.0,4.0,False,,,Lead,Orphan Lead,,,,L00349,Vertex Partners,vertexpartners.com,True,False,False,29.5,United States,11.0,False,False,False,False,False,False,False,True,False,False,False,False,False,False,True,non-prospect persona,0,,2.0,0.0,2026-04-20 00:00:00,2025-10-03 00:00:00,38.0,0.0,0.0,False,2.0,0.0,1.0,4.186615088032395,207.8094740356969,0.0,0.0,0.0,0.0,211.9960891237293,False,True,0.65,L1,0.9,37.7,33.93000000000001,0.3,0.0,0.15,17.57766810711882,0.0,0.0,13.2,0.75,0.15,0.1,High,last engaged 38d ago; named account; segment L1,Flagged,3,Review blocker: non-prospect persona,False,Blocked
C00065,Kenneth,Carter,kcarter@vertexsystems.com,Unknown Title,,,Non-Prospect: Competitor,+1-555-9235,ACC0054,Software,10000.0,,,2024-01-01,,,False,,True,False,False,False,,True,True,,,,,,Contact,Converted Contact,L00574,0.0,True,C00065,Delphi Labs,delphilabs.com,True,True,False,91.3,United States,4868.6,True,False,False,False,True,False,False,True,False,False,False,False,False,False,True,non-prospect persona,1,duplicate_email,8.0,6.0,2026-05-20 00:00:00,2023-08-25 00:00:00,8.0,6.0,0.75,True,2.0,1.0,1.0,0.0,337.5874865420475,3.1440284712430856e-08,0.0,0.0,0.0,337.5874865734877,True,True,1.0,C1,1.0,99.13,99.13,0.5,0.0,0.25,22.03368987090164,0.0,0.0,13.2,0.6,0.25,0.15,High,last engaged 8d ago; ICP industry (Software); named account; engagement discounted (automation-heavy); segment C1,Flagged,3,Review blocker: non-prospect persona,False,Blocked
L00068,Joshua,Nguyen,cwright@ionictechnologies.com,,,Manager,Non-Prospect: Vendor,,ACC0034,Financial Services,500.0,,,2024-01-01,Web,Disqualified,False,,False,False,False,False,,False,False,91.0,0.0,False,,,Lead,Orphan Lead,,,,L00068,Junction Group,junctiongroup.com,False,True,False,67.8,United States,114.5,True,False,False,False,False,False,False,True,False,False,False,True,True,False,True,non-prospect persona,3,"duplicate_email, missing_title, missing_phone",3.0,0.0,2026-04-20 00:00:00,2023-04-25 00:00:00,38.0,1.0,0.0,False,2.0,0.0,1.0,0.0,207.8094740356969,1.876280742638602e-09,0.0,0.0,0.0,207.80947403757324,True,False,1.0,L1,0.9,71.78,64.602,0.5,0.0,0.25,17.230534672814013,0.0,0.0,12.9,0.75,0.15,0.1,Medium,last engaged 38d ago; ICP industry (Financial Services); segment L1,Flagged,3,Review blocker: non-prospect persona,False,Blocked
C00195,Daniel,Rivera,drivera@prismtechnologies.com,Individual Contributor of Something,,Individual Contributor,Non-Prospect: Other,+1-555-7122,ACC0199,Retail,200.0,,,2022-05-15,,,True,2022-03-23,False,False,False,False,,False,False,,,,,,Contact,Orphan Contact,,8.2,False,C00195,Prism Technologies,prismtechnologies.com,False,False,False,99.3,United States,27.0,False,False,False,True,False,False,False,True,False,False,False,False,False,False,True,non-prospect persona,1,orphan_contact,1.0,0.0,2026-05-09 00:00:00,2026-05-09 00:00:00,19.0,0.0,0.0,False,1.0,1.0,1.0,0.0,322.3425771098948,0.0,0.0,0.0,0.0,322.3425771098948,False,False,0.65,C2,0.55,19.68,10.824,0.3,0.0,0.15,21.038683774437043,0.0,0.0,12.6,0.6,0.25,0.15,High,last engaged 19d ago; segment C2,Flagged,3,Review blocker: non-prospect persona,False,Blocked
C00113,Jacob,Ramirez,jacob.ramirez@yahoo.com,Individual Contributor of Something,,Individual Contributor,Non-Prospect: Vendor,,ACC0011,Financial Services,10000.0,,,2022-01-26,,,True,2023-05-07,True,False,False,False,,True,True,,,,,,Contact,Orphan Contact,,3.4,False,C00113,Paragon Group,paragongroup.com,False,True,False,0.4,United States,3252.0,False,False,False,True,True,False,False,True,False,False,False,False,True,False,True,non-prospect persona,2,"orphan_contact, missing_phone",2.0,0.0,2026-05-08 00:00:00,2023-04-24 00:00:00,20.0,0.0,0.0,False,2.0,1.0,1.0,0.0,314.9802624737183,0.0,9.167132156252587e-10,0.0,0.0,314.980262474635,True,False,1.0,C2,0.55,65.04,35.772000000000006,0.3,0.0,0.15,20.558159572986813,0.0,0.0,12.3,0.6,0.25,0.15,Medium,last engaged 20d ago; ICP industry (Financial Services); segment C2,Flagged,3,Review blocker: non-prospect persona,False,Blocked
L00188,Andrew,Walker,awalker@junctiongroup.com,Unknown Title,Junction Group Ltd,,,+1-555-9004,ACC0034,Financial Services,500.0,,,2024-01-01,Content Syndication,MQL,True,2023-07-25,False,False,True,False,,False,False,72.0,1.0,False,,,Lead,Orphan Lead,,,,L00188,Junction Group,junctiongroup.com,False,True,False,67.8,United States,114.5,False,False,False,False,False,False,True,False,False,False,False,False,False,False,True,no longer with company,0,,15.0,13.0,2026-05-24 00:00:00,2023-05-04 00:00:00,4.0,13.0,0.8666666666666667,True,2.0,0.0,0.0,8.491077353788711e-07,0.0,3.4484489641305195e-08,0.0,0.0,0.0,8.835922250201763e-07,True,False,1.0,L1,0.9,71.78,64.602,0.5,0.0,0.25,7.32631009262181e-08,64.6,25.0,12.2,0.75,0.15,0.1,High,last engaged 4d ago; ICP industry (Financial Services); engagement discounted (automation-heavy); segment L1,Flagged,3,Review blocker: no longer with company,False,Blocked
C00082,Cynthia,Wright,cwright@novasolutions.com,Individual Contributor of Something,,Individual Contributor,Non-Prospect: Vendor,+1-555-4742,ACC0016,Retail,3500.0,,,2024-01-01,,,False,,False,False,False,False,,False,False,,,,,,Contact,Orphan Contact,,2.9,False,C00082,Nova Solutions,novasolutions.com,False,False,False,89.7,Germany,890.6,True,False,False,True,False,False,False,True,False,False,False,False,False,False,True,non-prospect persona,2,"duplicate_email, orphan_contact",1.0,0.0,2026-05-06 00:00:00,2026-05-06 00:00:00,22.0,0.0,0.0,False,1.0,1.0,1.0,0.0,300.7562590205292,0.0,0.0,0.0,0.0,300.7562590205292,False,False,1.0,C2,0.55,23.97,13.1835,0.3,0.0,0.15,19.629786060059885,0.0,0.0,11.8,0.6,0.25,0.15,Medium,last engaged 22d ago; segment C2,Flagged,3,Review blocker: non-prospect persona,False,Blocked
C00242,Joseph,Martinez,jmartinez@quantumcorp.com,Unknown Title,,,Non-Prospect: Employee,+1-555-1582,ACC0035,Energy,100.0,,,2024-01-01,,,False,,False,False,False,False,,False,False,,,,,,Contact,Orphan Contact,,80.2,False,C00242,Vertex Dynamics,vertexdynamics.com,True,True,False,72.6,United Kingdom,16.7,True,False,False,True,False,False,False,True,False,False,False,False,False,False,True,non-prospect persona,2,"duplicate_email, orphan_contact",5.0,0.0,2026-05-04 00:00:00,2023-03-04 00:00:00,24.0,1.0,0.0,False,4.0,1.0,1.0,2.6957490247495054e-06,287.1745887492588,0.0,0.0,0.0130831721501012,0.0,287.1876746171579,True,True,0.65,C2,0.55,92.01,50.605500000000006,0.5,0.0,0.25,18.74419049558698,0.0,0.0,11.2,0.6,0.25,0.15,Medium,last engaged 24d ago; ICP industry (Energy); named account; segment C2,Flagged,3,Review blocker: non-prospect persona,False,Blocked
L00127,Kevin,Hernandez,kevin.hernandez@hotmail.com,,Lattice Group Ltd,Director,CISO,+1-555-2511,ACC0033,Professional Services,750.0,,,2024-01-01,Trade Show,MQL,True,2023-12-11,False,False,False,True,C00132,False,True,75.0,2.0,False,,,Lead,Converted Lead - linked,,,,C00132,Lattice Group,latticegroup.com,False,False,True,39.6,United States,153.8,True,False,False,False,False,False,False,False,True,True,False,True,False,False,True,account do-not-contact,3,"duplicate_email, free_email_leakage, missing_title",14.0,10.0,2026-04-30 00:00:00,2023-02-26 00:00:00,28.0,13.0,0.7142857142857143,True,1.0,0.0,0.0,0.0,6.435033306329403e-07,0.0,0.0,0.0,0.0,6.435033306329403e-07,False,False,1.0,L1,0.9,18.96,17.064,0.7,1.0,0.85,5.33561162304728e-08,17.1,85.0,11.1,0.75,0.15,0.1,Medium,last engaged 28d ago; engagement discounted (automation-heavy); segment L1,Flagged,3,Do not action — record converted to contact C00132 (work the contact record instead),True,Converted
L00067,Sarah,Martinez,smartinez@atlastechnologies.com,Unknown Title,Atlas Technologies Corp,,,+1-555-7518,ACC0175,Software,15000.0,,,2024-01-01,Advertisement,MQL,True,2023-05-28,False,False,False,False,,False,False,0.0,4.0,False,,,Lead,Orphan Lead,,,,L00067,Atlas Technologies,atlastechnologies.com,False,True,True,32.2,United States,3319.3,False,False,False,False,False,False,False,False,True,False,False,False,False,False,True,account do-not-contact,0,,0.0,0.0,0,0,0.0,0.0,0.0,,0.0,0.0,0.0,0.0,0.0,0.0,0.0,0.0,0.0,0.0,True,False,0.65,L1,0.9,62.97,56.673,0.5,0.0,0.25,0.0,56.7,25.0,11.0,0.75,0.15,0.1,High,no engagement history; ICP industry (Software); engagement discounted (automation-heavy); segment L1,Flagged,3,Review blocker: account do-not-contact,False,Blocked
L00337,Jeffrey,Williams,jwilliams@umbrapartners.com,Individual Contributor of Something,Umbra Partners Group,Individual Contributor,,+1-555-8241,ACC0162,Software,1500.0,,,2024-01-01,Advertisement,MQL,True,2022-05-02,False,False,True,False,,False,False,46.0,2.0,False,,,Lead,Orphan Lead,,,,L00337,Umbra Partners,umbrapartners.com,False,True,False,43.5,United States,382.2,False,False,False,False,False,False,True,False,False,False,False,False,False,False,True,no longer with company,0,,0.0,0.0,0,0,0.0,0.0,0.0,,0.0,0.0,0.0,0.0,0.0,0.0,0.0,0.0,0.0,0.0,True,False,1.0,L1,0.9,69.35,62.415,0.3,0.0,0.15,0.0,62.4,15.0,10.9,0.75,0.15,0.1,High,no engagement history; ICP industry (Software); engagement discounted (automation-heavy); segment L1,Flagged,3,Review blocker: no longer with company,False,Blocked
L00564,Dorothy,Clark,dclark@gravitasventures.com,Individual Contributor of Something,Gravitas Ventures Group,Individual Contributor,,+1-555-5592,ACC0181,Software,15000.0,,,2024-01-01,Cold Call,MQL,True,2023-10-21,False,False,True,False,,False,False,71.0,1.0,False,,,Lead,Orphan Lead,,,,L00564,Gravitas Ventures,gravitasventures.com,False,True,False,98.9,United States,6142.5,False,False,False,False,False,False,True,False,False,False,False,False,False,False,True,no longer with company,0,,14.0,11.0,2026-01-02 00:00:00,2023-02-07 00:00:00,146.0,12.0,0.7857142857142857,True,2.0,0.0,0.0,0.0,0.0,4.765456039443497e-08,7.391912173331728e-08,0.0,0.0,1.2157368212775225e-07,True,False,0.65,L1,0.9,69.64,62.676,0.3,0.0,0.15,1.0080288951721014e-08,62.7,15.0,10.9,0.75,0.15,0.1,High,last engaged 146d ago; ICP industry (Software); engagement discounted (automation-heavy); segment L1,Flagged,3,Review blocker: no longer with company,False,Blocked
L00238,Deborah,Garcia,dgarcia@unknown.com,Individual Contributor of Something,,Individual Contributor,Non-Prospect: Competitor,+1-555-2458,,,,Government,300.0,2023-12-07,Partner Referral,Open,False,,False,False,False,True,C00104,False,False,0.0,0.0,False,,,Lead,Converted Lead - linked,,,,C00104,,,,,,,,,True,False,False,False,False,False,False,True,False,False,True,False,False,True,True,non-prospect persona,3,"duplicate_email, missing_account, missing_industry",3.0,0.0,2026-04-22 00:00:00,2024-03-02 00:00:00,36.0,1.0,0.0,False,2.0,0.0,1.0,0.0,0.0,174.11011265922485,0.0,6.337964243820724e-07,0.0,174.11011329302127,False,False,0.65,L2,0.55,9.75,5.362500000000001,0.3,0.0,0.15,14.43635020913704,0.0,0.0,10.8,0.75,0.15,0.1,Medium,last engaged 36d ago; segment L2,Flagged,3,Do not action — record converted to contact C00104 (work the contact record instead),True,Converted
L00232,Christopher,Walker,cwalker@aethersolutions.com,Individual Contributor of Something,Aether Solutions LLC,Individual Contributor,Non-Prospect: Vendor,+1-555-5991,ACC0112,Education,1000.0,,,2023-04-27,Trade Show,Working,False,,False,False,False,False,,False,False,0.0,0.0,False,,,Lead,Orphan Lead,,,,L00232,Aether Solutions,aethersolutions.com,False,False,False,87.7,United States,333.0,True,False,False,False,False,False,False,True,False,False,False,False,False,False,True,non-prospect persona,1,duplicate_email,2.0,0.0,2026-04-21 00:00:00,2025-01-13 00:00:00,37.0,0.0,0.0,False,2.0,0.0,1.0,0.0,0.0,170.13343219017116,0.0,0.0,0.0004806217383937,170.13391281190957,False,False,1.0,L1,0.9,23.77,21.393,0.3,0.0,0.15,14.106663314094575,0.0,0.0,10.6,0.75,0.15,0.1,High,last engaged 37d ago; segment L1,Flagged,3,Review blocker: non-prospect persona,False,Blocked
C00225,David,Sanchez,subscribe@vendorblast.com,,,Director,Non-Prospect: Other,+1-555-5798,ACC0194,Government,10000.0,,,2024-01-01,,,False,,False,False,False,False,,False,False,,,,,,Contact,Orphan Contact,,0.0,False,C00225,Vertex Ventures,vertexventures.com,False,False,False,21.2,Canada,4442.8,True,False,False,True,False,False,False,True,False,False,False,True,False,False,True,non-prospect persona,3,"duplicate_email, orphan_contact, missing_title",2.0,0.0,2026-05-01 00:00:00,2023-12-11 00:00:00,27.0,1.0,0.0,False,1.0,1.0,1.0,0.0,267.9433656340733,0.0,0.0,0.0,0.0,267.9433656340733,False,False,1.0,C2,0.55,17.12,9.416000000000002,0.7,0.0,0.35,17.488151238276455,0.0,0.0,10.5,0.6,0.25,0.15,Medium,last engaged 27d ago; segment C2,Flagged,3,Review blocker: non-prospect persona,False,Blocked
L00556,Ronald,Davis,rdavis@zenithdynamics.com,Manager of Something,Zenith Dynamics Ltd,Manager,Non-Prospect: Competitor,+1-555-4724,ACC0038,Government,200.0,,,2024-01-01,Web,Nurturing,False,,False,False,False,False,,False,False,71.0,0.0,False,,,Lead,Orphan Lead,,,,L00556,Zenith Dynamics,zenithdynamics.com,False,False,False,98.3,United Kingdom,34.9,False,False,False,False,False,False,False,True,False,False,False,False,False,False,True,non-prospect persona,0,,8.0,7.0,2026-04-20 00:00:00,2023-04-02 00:00:00,38.0,7.0,0.875,True,1.0,0.0,1.0,0.0,0.0,166.24757922855758,0.0,0.0,0.0,166.24757922855758,False,False,0.65,L1,0.9,19.58,17.622,0.5,0.0,0.25,13.784427738126752,0.0,0.0,10.3,0.75,0.15,0.1,High,last engaged 38d ago; engagement discounted (automation-heavy); segment L1,Flagged,3,Review blocker: non-prospect persona,False,Blocked
L00207,John,Rodriguez,jrodriguez@jaspercorp.com,VP of Something,Jasper Corp LLC,VP,Financial Buyer,+1-555-4248,ACC0197,Manufacturing,50000.0,,,2024-01-01,Web,Disqualified,False,,False,False,False,False,,False,False,60.0,0.0,False,,,Lead,Orphan Lead,,,,L00207,Jasper Corp,jaspercorp.com,False,False,True,63.9,United States,18881.2,False,False,False,False,False,False,False,False,True,False,False,False,False,False,True,account do-not-contact,0,,0.0,0.0,0,0,0.0,0.0,0.0,,0.0,0.0,0.0,0.0,0.0,0.0,0.0,0.0,0.0,0.0,False,False,0.65,L1,0.9,16.14,14.526000000000002,0.85,0.7,0.7749999999999999,0.0,14.5,77.5,9.9,0.75,0.15,0.1,High,no engagement history; engagement discounted (automation-heavy); segment L1,Flagged,3,Review blocker: account do-not-contact,False,Blocked
L00214,Mary,Martin,mmartin@novasolutions.com,,Nova,Individual Contributor,Non-Prospect: Competitor,+1-555-5757,ACC0016,Retail,3500.0,,,2024-01-01,Web,MQL,True,2023-02-01,False,True,False,True,C00398,False,False,98.0,1.0,False,,,Lead,Converted Lead - linked,,,,C00398,Nova Solutions,novasolutions.com,False,False,False,89.7,Germany,890.6,True,False,False,False,False,True,False,True,False,False,False,True,False,False,True,non-prospect persona,2,"duplicate_email, missing_title",1.0,0.0,2026-04-18 00:00:00,2026-04-18 00:00:00,40.0,0.0,0.0,False,1.0,0.0,1.0,0.0,0.0,158.74010519681997,0.0,0.0,0.0,158.74010519681997,False,False,1.0,L1,0.9,23.97,21.573,0.3,0.0,0.15,13.161945090460184,0.0,0.0,9.9,0.75,0.15,0.1,Medium,last engaged 40d ago; segment L1,Flagged,3,Do not action — record converted to contact C00398 (work the contact record instead),True,Converted
L00533,Ronald,Walker,ronald.walker@hotmail.com,VP of Something,Helios Technologies,VP,,+1-555-5038,ACC0161,Manufacturing,100.0,,,2023-04-04,Webinar,MQL,True,2022-12-23,False,False,True,False,,True,True,69.0,3.0,False,,,Lead,Orphan Lead,,,,L00533,Helios Technologies,heliostechnologies.com,True,False,False,53.7,United States,14.5,False,False,False,False,False,False,True,False,False,False,False,False,False,False,True,no longer with company,0,,1.0,0.0,2023-10-19 00:00:00,2023-10-19 00:00:00,952.0,0.0,0.0,False,1.0,0.0,0.0,2.8010109348271944e-07,0.0,0.0,0.0,0.0,0.0,2.8010109348271944e-07,False,True,0.65,L1,0.9,40.12,36.108,0.85,0.0,0.425,2.322459851986581e-08,36.1,42.5,9.7,0.75,0.15,0.1,High,last engaged 952d ago; named account; segment L1,Flagged,3,Review blocker: no longer with company,False,Blocked
L00063,Donald,Anderson,donald.anderson@gmail.com,Individual Contributor of Something,,Individual Contributor,Non-Prospect: Employee,+1-555-7959,ACC0110,Healthcare,750.0,,,2024-01-01,Event,Working,False,,False,False,False,False,,True,True,0.0,0.0,False,,,Lead,Orphan Lead,,,,L00063,Nova Partners,novapartners.com,True,True,False,29.5,Australia,157.1,False,False,False,False,False,False,False,True,False,False,False,False,False,False,True,non-prospect persona,0,,3.0,1.0,2026-04-17 00:00:00,2023-12-02 00:00:00,41.0,2.0,0.3333333333333333,False,1.0,0.0,1.0,0.0,0.0,155.11447618337343,0.0,0.0,0.0,155.11447618337343,True,True,1.0,L1,0.9,92.95,83.655,0.3,0.0,0.15,12.861325849127349,0.0,0.0,9.6,0.75,0.15,0.1,High,last engaged 41d ago; ICP industry (Healthcare); named account; segment L1,Flagged,3,Review blocker: non-prospect persona,False,Blocked
C00249,Robert,Jackson,rjackson@xenondynamics.com,Individual Contributor of Something,,Individual Contributor,Non-Prospect: Other,+1-555-1107,ACC0142,Software,7500.0,,,2023-02-10,,,False,,False,True,False,False,,False,False,,,,,,Contact,Orphan Contact,,0.0,False,C00249,Xenon Dynamics,xenondynamics.com,False,True,False,84.6,United Kingdom,2199.5,False,False,False,True,False,True,False,True,False,False,False,False,False,False,True,non-prospect persona,1,orphan_contact,1.0,0.0,2026-05-07 00:00:00,2026-05-07 00:00:00,21.0,0.0,0.0,False,1.0,1.0,1.0,0.0,0.0,246.2288826689833,0.0,0.0,0.0,246.2288826689833,True,False,1.0,C2,0.55,73.46,40.403,0.3,0.0,0.15,16.07088844747802,0.0,0.0,9.6,0.6,0.25,0.15,High,last engaged 21d ago; ICP industry (Software); segment C2,Flagged,3,Review blocker: non-prospect persona,False,Blocked
L00233,Timothy,Miller,tmiller@jaspercorp.com,Director of Something,Jasper Corp,Director,Financial Buyer,+1-555-5808,ACC0197,Manufacturing,50000.0,,,2024-01-01,Event,Open,False,,True,False,False,False,,False,False,68.0,0.0,False,,,Lead,Orphan Lead,,,,L00233,Jasper Corp,jaspercorp.com,False,False,True,63.9,United States,18881.2,False,False,False,False,True,False,False,False,True,False,False,False,False,False,True,account do-not-contact,0,,1.0,0.0,2025-10-28 00:00:00,2025-10-28 00:00:00,212.0,0.0,0.0,False,1.0,0.0,0.0,0.0,3.7298500152750647,0.0,0.0,0.0,0.0,3.7298500152750647,False,False,0.65,L1,0.9,16.14,14.526000000000002,0.7,0.7,0.7,0.3092607317844082,14.5,70.0,9.4,0.75,0.15,0.1,High,last engaged 212d ago; segment L1,Flagged,3,Review blocker: account do-not-contact,False,Blocked
C00144,Michelle,Carter,mcarter@bastionnetworks.com,Individual Contributor of Something,,Individual Contributor,Non-Prospect: Partner,+1-555-5164,ACC0086,Healthcare,10000.0,,,2023-01-05,,,False,,False,False,False,False,,False,False,,,,,,Contact,Converted Contact,L00311,12.7,True,C00144,Quantum Systems,quantumsystems.com,False,True,False,37.7,France,4184.2,True,False,False,False,False,False,False,True,False,False,False,False,False,False,True,non-prospect persona,1,duplicate_email,13.0,10.0,2026-04-24 00:00:00,2023-02-28 00:00:00,34.0,11.0,0.7692307692307693,True,2.0,0.0,1.0,0.0,227.93062213955423,0.0,0.0,1.2862197421537499e-10,0.0,227.93062213968284,True,False,1.0,C1,1.0,68.77,68.77,0.3,0.0,0.15,14.876595964152218,0.0,0.0,8.9,0.6,0.25,0.15,High,last engaged 34d ago; ICP industry (Healthcare); engagement discounted (automation-heavy); segment C1,Flagged,3,Review blocker: non-prospect persona,False,Blocked
L00263,William,Robinson,marketing@globalpartners.com,Individual Contributor of Something,,Individual Contributor,Non-Prospect: Partner,+1-555-1857,,,,,,2024-01-01,Content Syndication,MQL,True,2022-10-02,False,False,False,False,,False,False,21.0,4.0,False,,,Lead,Orphan Lead,,,,L00263,,,,,,,,,True,True,False,False,False,False,False,True,False,False,True,False,False,True,True,non-prospect persona,4,"duplicate_email, shared_email, missing_account, missing_industry",51.0,33.0,2026-05-24 00:00:00,2023-02-09 00:00:00,4.0,39.0,0.6470588235294118,False,12.0,0.0,0.0,10.073205534684217,124.01570718501564,1.0214978639917705e-07,7.446025061630476e-10,0.0001585460464749,4.765456039443509e-08,134.08907141629524,False,False,0.25,L3,0.45,3.75,1.6875,0.3,0.0,0.15,11.118003185293516,0.0,0.0,8.3,0.75,0.15,0.1,Low,last engaged 4d ago; segment L3,Flagged,3,Review blocker: non-prospect persona,False,Blocked
L00577,Joshua,Young,jyoung@umbracorp.com,Manager of Something,Umbra Corp Corp,Manager,,,ACC0135,Manufacturing,100.0,,,2022-05-01,Cold Call,Disqualified,False,,False,False,True,False,,False,False,56.0,0.0,True,Bad Data,2023-12-18,Lead,Orphan Lead,,,,L00577,Umbra Corp,umbracorp.com,True,False,False,77.2,United States,12.3,False,False,False,False,False,False,True,False,False,False,False,False,True,False,True,no longer with company,1,missing_phone,7.0,6.0,2025-05-09 00:00:00,2023-03-31 00:00:00,384.0,6.0,0.8571428571428571,True,1.0,0.0,0.0,0.0,0.0,0.0,0.0,0.0,2.7370357566597207e-08,2.7370357566597207e-08,False,True,0.65,L1,0.9,42.47,38.223,0.5,0.0,0.25,2.269414795657013e-09,38.2,25.0,8.2,0.75,0.15,0.1,High,last engaged 384d ago; named account; engagement discounted (automation-heavy); segment L1,Flagged,3,Review blocker: no longer with company,False,Blocked
L00362,Donna,Ramirez,dramirez@dynexlabs.com,Manager of Something,Dynex Labs Inc.,Manager,,+1-555-4028,ACC0049,Manufacturing,50000.0,,,2023-07-10,Partner Referral,Nurturing,False,,True,False,True,True,,False,False,57.0,0.0,False,,,Lead,Converted Lead - broken link,,,,L00362,Dynex Labs,dynexlabs.com,True,False,False,14.9,United States,28992.7,True,False,True,False,True,False,True,False,False,False,False,False,False,False,True,no longer with company,2,"duplicate_email, broken_conversion_link",2.0,1.0,2024-10-23 00:00:00,2023-12-04 00:00:00,582.0,1.0,0.5,False,1.0,0.0,0.0,8.107633919419034e-07,0.0,0.0,0.0,0.0,0.0,8.107633919419034e-07,False,True,0.65,L1,0.9,36.24,32.616,0.5,0.0,0.25,6.72244939794103e-08,32.6,25.0,7.4,0.75,0.15,0.1,Medium,last engaged 582d ago; named account; segment L1,Flagged,3,Review blocker: no longer with company | Note: broken conversion link (DQ-1),False,Blocked
C00121,Paul,Torres,ptorres@dynexlabs.com,Director of Something,,Director,Non-Prospect: Competitor,+1-555-4715,ACC0158,Professional Services,500.0,,,2024-01-01,,,False,,False,False,False,False,,False,False,,,,,,Contact,Orphan Contact,,91.9,False,C00121,Dynex Labs,dynexlabs.com,False,False,False,51.8,Netherlands,146.0,False,False,False,True,False,False,False,True,False,False,False,False,False,False,True,non-prospect persona,1,orphan_contact,3.0,0.0,2026-04-12 00:00:00,2023-03-12 00:00:00,46.0,0.0,0.0,False,3.0,0.0,1.0,3.072218761716259e-07,172.73910999597203,0.0,3.39435424952829e-10,0.0,0.0,172.73911030353335,False,False,1.0,C2,0.55,20.18,11.099,0.7,0.0,0.35,11.2743514981412,0.0,0.0,6.8,0.6,0.25,0.15,High,last engaged 46d ago; segment C2,Flagged,3,Review blocker: non-prospect persona,False,Blocked
C00347,Gary,Brown,gbrown@radianttechnologies.com,VP of Something,,VP,Non-Prospect: Competitor,+1-555-6191,,,,,,2023-07-26,,,False,,False,False,False,False,,False,False,,,,,,Contact,Converted Contact,L00421,3.1,True,C00347,,,,,,,,,True,False,False,False,False,False,False,True,False,False,True,False,False,True,True,non-prospect persona,3,"duplicate_email, missing_account, missing_industry",1.0,0.0,2026-04-21 00:00:00,2026-04-21 00:00:00,37.0,0.0,0.0,False,1.0,0.0,1.0,0.0,0.0,170.13343219017116,0.0,0.0,0.0,170.13343219017116,False,False,0.25,C1,1.0,3.75,3.75,0.85,0.0,0.425,11.104283869047606,0.0,0.0,6.7,0.6,0.25,0.15,Medium,last engaged 37d ago; segment C1,Flagged,3,Review blocker: non-prospect persona,False,Blocked
L00316,William,Gonzalez,wgonzalez@vortexsolutions.com,,Vortex Solutions Group,VP,,+1-555-6861,ACC0171,Government,3500.0,,,2024-01-01,Employee Referral,MQL,True,2023-08-06,False,False,True,False,,False,False,1.0,1.0,False,,,Lead,Orphan Lead,,,,L00316,Vortex Solutions,vortexsolutions.com,False,False,False,25.3,United States,958.2,False,False,False,False,False,False,True,False,False,False,False,True,False,False,True,no longer with company,1,missing_title,0.0,0.0,0,0,0.0,0.0,0.0,,0.0,0.0,0.0,0.0,0.0,0.0,0.0,0.0,0.0,0.0,False,False,1.0,L1,0.9,17.53,15.777,0.85,0.0,0.425,0.0,15.8,42.5,6.6,0.75,0.15,0.1,High,no engagement history; engagement discounted (automation-heavy); segment L1,Flagged,3,Review blocker: no longer with company,False,Blocked
C00393,James,Clark,jclark@xenondynamics.com,VP of Something,,VP,Non-Prospect: Vendor,+1-555-4713,ACC0104,Professional Services,100.0,,,2022-09-30,,,True,2022-02-17,True,False,False,False,,False,False,,,,,,Contact,Converted Contact,L00531,0.0,True,C00393,Cascade Partners,cascadepartners.com,False,False,False,48.1,United States,10.3,True,False,False,False,True,False,False,True,False,False,False,False,False,False,True,non-prospect persona,1,duplicate_email,6.0,1.0,2026-04-11 00:00:00,2024-03-04 00:00:00,47.0,3.0,0.1666666666666666,False,3.0,0.0,1.0,2.5351856975282887e-05,168.79374327102374,0.0,0.0,0.0,6.63771270320073e-07,168.79376928665198,False,False,0.65,C1,1.0,14.56,14.56,0.85,0.0,0.425,11.016846632415117,0.0,0.0,6.6,0.6,0.25,0.15,High,last engaged 47d ago; segment C1,Flagged,3,Review blocker: non-prospect persona,False,Blocked
L00406,Mark,Adams,madams@quantumnetworks.com,Director of Something,Quantum Networks & Co,Director,,+1-555-5558,ACC0001,Government,2000.0,,,2023-06-04,Web,Open,False,,False,False,True,False,,False,False,84.0,0.0,False,,,Lead,Orphan Lead,,,,L00406,Quantum Networks,quantumnetworks.com,False,False,False,73.9,United States,675.7,False,False,False,False,False,False,True,False,False,False,False,False,False,False,True,no longer with company,0,,2.0,0.0,2024-07-02 00:00:00,2023-03-13 00:00:00,695.0,0.0,0.0,False,2.0,0.0,0.0,0.0,0.0,4.24813613004846e-05,3.473693519155564e-10,0.0,0.0,4.248170866983652e-05,False,False,1.0,L1,0.9,22.39,20.151,0.7,0.0,0.35,3.5223733546606968e-06,20.2,35.0,6.5,0.75,0.15,0.1,High,last engaged 695d ago; segment L1,Flagged,3,Review blocker: no longer with company,False,Blocked
C00072,Christopher,Carter,ccarter@glacierlabs.com,Director of Something,,Director,Non-Prospect: Other,+1-555-7025,ACC0130,Government,3500.0,,,2024-01-01,,,True,2022-10-01,False,True,False,False,,False,False,,,,,,Contact,Converted Contact,L00168,52.3,True,C00072,Atlas Corp,atlascorp.com,False,False,False,73.5,Germany,954.5,True,False,False,False,False,True,False,True,False,False,False,False,False,False,True,non-prospect persona,1,duplicate_email,3.0,1.0,2026-04-20 00:00:00,2024-02-10 00:00:00,38.0,1.0,0.3333333333333333,False,2.0,0.0,1.0,0.0,0.0,166.24757922855758,0.0,3.901474635379863e-07,0.0,166.24757961870506,False,False,1.0,C1,1.0,22.35,22.35,0.7,0.0,0.35,10.850661700427644,0.0,0.0,6.5,0.6,0.25,0.15,High,last engaged 38d ago; segment C1,Flagged,3,Review blocker: non-prospect persona,False,Blocked
L00315,Karen,Thomas,kthomas@bastionlabs.com,VP of Something,Bastion Labs Group,VP,,,ACC0030,Education,300.0,,,2024-01-01,Event,Nurturing,False,,False,False,True,False,,False,False,61.0,0.0,True,Duplicate,2022-07-22,Lead,Orphan Lead,,,,L00315,Bastion Labs,bastionlabs.com,False,False,False,25.4,United States,58.7,False,False,False,False,False,False,True,False,False,False,False,False,True,False,True,no longer with company,1,missing_phone,1.0,0.0,2024-05-02 00:00:00,2024-05-02 00:00:00,756.0,1.0,0.0,False,0.0,0.0,0.0,0.0,0.0,0.0,0.0,0.0,0.0,0.0,False,False,0.65,L1,0.9,12.29,11.061,0.85,0.0,0.425,0.0,11.1,42.5,5.9,0.75,0.15,0.1,High,last engaged 756d ago; segment L1,Flagged,3,Review blocker: no longer with company,False,Blocked
L00573,Andrew,Mitchell,amitchell@unknown.com,Individual Contributor of Something,,Individual Contributor,,,,,,Healthcare,,2024-01-01,Partner Referral,MQL,True,2023-05-31,False,True,True,True,C00128,False,False,51.0,3.0,False,,,Lead,Converted Lead - linked,,,,C00128,,,,,,,,,True,False,False,False,False,True,True,False,False,False,True,False,True,True,True,no longer with company,4,"duplicate_email, missing_account, missing_phone, missing_industry",0.0,0.0,0,0,0.0,0.0,0.0,,0.0,0.0,0.0,0.0,0.0,0.0,0.0,0.0,0.0,0.0,True,False,0.25,L2,0.55,53.75,29.562500000000004,0.3,0.0,0.15,0.0,29.6,15.0,5.9,0.75,0.15,0.1,Low,no engagement history; ICP industry (nan); engagement discounted (automation-heavy); segment L2,Flagged,3,Do not action — record converted to contact C00128 (work the contact record instead),True,Converted
C00334,David,Taylor,subscribe@vendorblast.com,Individual Contributor of Something,,Individual Contributor,Non-Prospect: Other,+1-555-6298,ACC0160,Professional Services,5000.0,,,2022-12-15,,,False,,True,False,False,False,,False,False,,,,,,Contact,Orphan Contact,,17.1,False,C00334,Luminary Networks,luminarynetworks.com,False,False,False,53.0,United States,1033.0,True,False,False,True,True,False,False,True,False,False,False,False,False,False,True,non-prospect persona,2,"duplicate_email, orphan_contact",14.0,11.0,2026-04-21 00:00:00,2023-06-04 00:00:00,37.0,12.0,0.7857142857142857,True,2.0,0.0,1.0,1.3793795856522078e-06,0.0,141.4213562373095,0.0,0.0,0.0,141.4213576166891,False,False,1.0,C2,0.55,20.3,11.165,0.3,0.0,0.15,9.230301651508896,0.0,0.0,5.5,0.6,0.25,0.15,Medium,last engaged 37d ago; engagement discounted (automation-heavy); segment C2,Flagged,3,Review blocker: non-prospect persona,False,Blocked
L00304,Charles,Jones,cjones@unknown.com,,,C-Level,,+1-555-4884,,,,,,2022-01-07,Trade Show,Working,False,,True,False,True,False,,False,False,50.0,0.0,False,,,Lead,Orphan Lead,,,,L00304,,,,,,,,,False,False,False,False,True,False,True,False,False,False,True,True,False,True,True,no longer with company,3,"missing_account, missing_title, missing_industry",0.0,0.0,0,0,0.0,0.0,0.0,,0.0,0.0,0.0,0.0,0.0,0.0,0.0,0.0,0.0,0.0,False,False,0.25,L3,0.45,3.75,1.6875,1.0,0.0,0.5,0.0,1.7,50.0,5.3,0.75,0.15,0.1,Medium,no engagement history; engagement discounted (automation-heavy); segment L3,Flagged,3,Review blocker: no longer with company,False,Blocked
L00101,Matthew,Wilson,mwilson@atlascorp.com,Individual Contributor of Something,Atlas Corp Ltd,Individual Contributor,,+1-555-5751,ACC0130,Government,3500.0,,,2024-01-01,Event,Disqualified,False,,True,True,True,True,C00278,False,False,15.0,0.0,False,,,Lead,Converted Lead - linked,,,,C00278,Atlas Corp,atlascorp.com,False,False,False,73.5,Germany,954.5,True,False,False,False,True,True,True,False,False,False,False,False,False,False,True,no longer with company,1,duplicate_email,0.0,0.0,0,0,0.0,0.0,0.0,,0.0,0.0,0.0,0.0,0.0,0.0,0.0,0.0,0.0,0.0,False,False,1.0,L1,0.9,22.35,20.115,0.3,0.0,0.15,0.0,20.1,15.0,4.5,0.75,0.15,0.1,High,no engagement history; engagement discounted (automation-heavy); segment L1,Flagged,3,Do not action — record converted to contact C00278 (work the contact record instead),True,Converted
L00081,Edward,Rodriguez,swright@unknown.com,Individual Contributor of Something,Orbit Corp Corp,Individual Contributor,,+1-555-4112,ACC0079,Retail,1000.0,,,2022-10-17,Trade Show,MQL,True,2022-04-26,False,False,True,False,,False,False,52.0,4.0,False,,,Lead,Orphan Lead,,,,L00081,Orbit Corp,orbitcorp.com,False,False,False,60.9,United States,184.1,True,False,False,False,False,False,True,False,False,False,False,False,False,False,True,no longer with company,1,duplicate_email,0.0,0.0,0,0,0.0,0.0,0.0,,0.0,0.0,0.0,0.0,0.0,0.0,0.0,0.0,0.0,0.0,False,False,1.0,L1,0.9,21.09,18.981,0.3,0.0,0.15,0.0,19.0,15.0,4.4,0.75,0.15,0.1,High,no engagement history; engagement discounted (automation-heavy); segment L1,Flagged,3,Review blocker: no longer with company,False,Blocked
L00436,Amanda,Perez,aperez@aethersolutions.com,Director of Something,Aether,Director,Non-Prospect: Competitor,+1-555-2687,ACC0112,Education,1000.0,,,2022-08-26,Cold Call,Open,False,,True,False,False,True,C00142,False,False,31.0,0.0,False,,,Lead,Converted Lead - linked,,,,C00142,Aether Solutions,aethersolutions.com,False,False,False,87.7,United States,333.0,True,False,False,False,True,False,False,True,False,False,False,False,False,False,True,non-prospect persona,1,duplicate_email,7.0,0.0,2026-01-21 00:00:00,2023-03-21 00:00:00,127.0,1.0,0.0,False,6.0,0.0,0.0,2.0894701356101707e-09,26.583348779714253,1.512937986024163e-07,0.0001147294078905,0.0189348725809782,0.0,26.60239853508639,False,False,1.0,L1,0.9,23.77,21.393,0.7,0.0,0.35,2.2057394277218854,0.0,0.0,1.7,0.75,0.15,0.1,High,last engaged 127d ago; segment L1,Flagged,3,Do not action — record converted to contact C00142 (work the contact record instead),True,Converted
C00289,Angela,Thompson,athompson@radianttechnologies.com,Manager of Something,,Manager,Non-Prospect: Partner,+1-555-7400,ACC0115,Government,25000.0,,,2022-10-19,,,False,,True,False,False,False,,False,False,,,,,,Contact,Orphan Contact,,0.0,False,C00289,Radiant Technologies,radianttechnologies.com,False,False,False,98.2,United States,15267.0,False,False,False,True,True,False,False,True,False,False,False,False,False,False,True,non-prospect persona,1,orphan_contact,45.0,38.0,2026-05-08 00:00:00,2023-03-04 00:00:00,20.0,39.0,0.8444444444444444,True,6.0,0.0,0.0,0.0,27.84058494188561,0.0015980440106515,6.288056942486175e-08,0.0249847141600775,0.939863309439154,28.807031072376063,False,False,0.65,C2,0.55,19.57,10.7635,0.5,0.0,0.25,1.8801798466898767,0.0,0.0,1.1,0.6,0.25,0.15,High,last engaged 20d ago; engagement discounted (automation-heavy); segment C2,Flagged,3,Review blocker: non-prospect persona,False,Blocked
L00280,Donald,Taylor,dcarter@vortexsystems.com,Unknown Title,Nova Ventures Corp,,Non-Prospect: Partner,+1-555-3212,ACC0116,Financial Services,10000.0,,,2024-01-01,Partner Referral,MQL,True,2023-03-30,False,False,False,True,C00238,False,False,48.0,4.0,False,,,Lead,Converted Lead - linked,,,,C00238,Nova Ventures,novaventures.com,True,True,False,95.3,United States,2734.1,True,False,False,False,False,False,False,True,False,False,False,False,False,False,True,non-prospect persona,1,duplicate_email,8.0,0.0,2025-10-29 00:00:00,2023-03-18 00:00:00,211.0,1.0,0.0,False,7.0,0.0,0.0,1.9495445713551747e-09,15.2681245067851,0.0,0.0,0.0198303807704159,0.0222588498183158,15.31021373932338,True,True,1.0,L1,0.9,99.53,89.577,0.5,0.0,0.25,1.2694472660852207,0.0,0.0,1.0,0.75,0.15,0.1,High,last engaged 211d ago; ICP industry (Financial Services); named account; segment L1,Flagged,3,Do not action — record converted to contact C00238 (work the contact record instead),True,Converted
C00142,Amanda,Perez,aperez@aethersolutions.com,Unknown Title,,,Non-Prospect: Partner,,ACC0139,Manufacturing,7500.0,,,2022-09-29,,,False,,False,False,False,False,,False,False,,,,,,Contact,Converted Contact,L00436,96.7,True,C00142,Nova Networks,novanetworks.com,True,False,False,89.6,United Kingdom,3707.6,True,False,False,False,False,False,False,True,False,False,False,False,True,False,True,non-prospect persona,2,"duplicate_email, missing_phone",7.0,0.0,2026-01-21 00:00:00,2023-03-21 00:00:00,127.0,1.0,0.0,False,6.0,0.0,0.0,2.0894701356101707e-09,26.583348779714253,1.512937986024163e-07,0.0001147294078905,0.0189348725809782,0.0,26.60239853508639,False,True,1.0,C1,1.0,48.96,48.96,0.5,0.0,0.25,1.7362876956537476,0.0,0.0,1.0,0.6,0.25,0.15,Medium,last engaged 127d ago; named account; segment C1,Flagged,3,Review blocker: non-prospect persona,False,Blocked
L00487,Jessica,Walker,jwalker@bastionnetworks.com,Manager of Something,Bastion Networks Ltd,Manager,Non-Prospect: Other,+1-555-1437,ACC0189,Professional Services,1500.0,,,2024-01-01,Event,Working,False,,False,False,False,False,,False,False,0.0,0.0,False,,,Lead,Orphan Lead,,,,L00487,Bastion Networks,bastionnetworks.com,True,False,False,34.2,United States,326.6,False,False,False,False,False,False,False,True,False,False,False,False,False,False,True,non-prospect persona,0,,14.0,10.0,2025-12-17 00:00:00,2023-02-26 00:00:00,162.0,11.0,0.7142857142857143,True,3.0,0.0,0.0,7.122831941861072,7.634062253392551,0.0,0.0,0.0,0.0,14.756894195253622,False,True,1.0,L1,0.9,43.42,39.078,0.5,0.0,0.25,1.2235687437830287,0.0,0.0,0.9,0.75,0.15,0.1,High,last engaged 162d ago; named account; engagement discounted (automation-heavy); segment L1,Flagged,3,Review blocker: non-prospect persona,False,Blocked
C00067,David,Harris,dharris@cascadetechnologies.com,Director of Something,,Director,Non-Prospect: Partner,,ACC0028,Professional Services,300.0,,,2024-01-01,,,False,,False,False,False,False,,False,False,,,,,,Contact,Converted Contact,L00312,0.0,True,C00067,Paragon Systems,paragonsystems.com,False,False,False,23.1,Canada,35.0,True,False,False,False,False,False,False,True,False,False,False,False,True,False,True,non-prospect persona,2,"duplicate_email, missing_phone",1.0,0.0,2026-01-01 00:00:00,2026-01-01 00:00:00,147.0,0.0,0.0,False,1.0,0.0,0.0,0.0,16.746460352129585,0.0,0.0,0.0,0.0,16.746460352129585,False,False,0.65,C1,1.0,12.06,12.06,0.7,0.0,0.35,1.0930094523922784,0.0,0.0,0.7,0.6,0.25,0.15,Medium,last engaged 147d ago; segment C1,Flagged,3,Review blocker: non-prospect persona,False,Blocked
C00183,Timothy,Ramirez,tramirez@unknown.com,VP of Something,,VP,Non-Prospect: Competitor,,ACC0066,Government,5000.0,,,2022-07-30,,,False,,False,False,False,False,,False,False,,,,,,Contact,Converted Contact,L00061,94.2,True,C00183,Solaris Corp,solariscorp.com,False,False,False,90.4,United States,2046.7,True,False,False,False,False,False,False,True,False,False,False,False,True,False,True,non-prospect persona,2,"duplicate_email, missing_phone",4.0,0.0,2025-12-29 00:00:00,2023-08-21 00:00:00,150.0,2.0,0.0,False,2.0,0.0,0.0,0.7400959797414058,15.625000000000009,0.0,0.0,0.0,0.0,16.36509597974141,False,False,1.0,C1,1.0,24.04,24.04,0.85,0.0,0.425,1.068118528874049,0.0,0.0,0.6,0.6,0.25,0.15,Medium,last engaged 150d ago; segment C1,Flagged,3,Review blocker: non-prospect persona,False,Blocked
C00238,Donald,Taylor,dcarter@vortexsystems.com,Manager of Something,,Manager,Non-Prospect: Vendor,+1-555-5636,,,,,,2023-02-21,,,False,,False,False,False,False,,False,False,,,,,,Contact,Converted Contact,L00280,32.1,True,C00238,,,,,,,,,True,False,False,False,False,False,False,True,False,False,True,False,False,True,True,non-prospect persona,3,"duplicate_email, missing_account, missing_industry",8.0,0.0,2025-10-29 00:00:00,2023-03-18 00:00:00,211.0,1.0,0.0,False,7.0,0.0,0.0,1.9495445713551747e-09,15.2681245067851,0.0,0.0,0.0198303807704159,0.0222588498183158,15.31021373932338,False,False,0.25,C1,1.0,3.75,3.75,0.5,0.0,0.25,0.9992683816970648,0.0,0.0,0.6,0.6,0.25,0.15,Medium,last engaged 211d ago; segment C1,Flagged,3,Review blocker: non-prospect persona,False,Blocked
L00390,Patricia,Smith,psmith@latticeventures.com,VP of Something,Lattice Ventures Ltd,VP,Non-Prospect: Employee,+1-555-4457,ACC0083,Healthcare,50000.0,,,2024-01-01,Web,MQL,True,2023-08-23,False,False,False,True,C00331,False,False,15.0,4.0,False,,,Lead,Converted Lead - linked,,,,C00331,Lattice Ventures,latticeventures.com,False,True,True,93.5,Germany,35295.4,True,False,False,False,False,False,False,True,True,False,False,False,False,False,True,"account do-not-contact, non-prospect persona",1,duplicate_email,5.0,1.0,2025-10-05 00:00:00,2023-11-10 00:00:00,235.0,1.0,0.2,False,4.0,0.0,0.0,0.0,6.576926064312735,1.8626451492309626e-07,0.0,0.0,0.0,6.57692625057725,True,False,0.65,L1,0.9,69.1,62.19,0.85,0.0,0.425,0.5453262240614799,0.0,0.0,0.4,0.75,0.15,0.1,High,last engaged 235d ago; ICP industry (Healthcare); segment L1,Flagged,3,Do not action — record converted to contact C00331 (work the contact record instead),True,Converted
L00333,Amanda,Lewis,alewis@vertexsystems.com,VP of Something,Vertex Systems & Co,VP,Non-Prospect: Partner,+1-555-4340,ACC0140,Software,25000.0,,,2024-01-01,Content Syndication,Open,False,,False,True,False,False,,False,False,30.0,0.0,False,,,Lead,Orphan Lead,,,,L00333,Vertex Systems,vertexsystems.com,False,True,False,10.0,United States,13363.2,False,False,False,False,False,True,False,True,False,False,False,False,False,False,True,non-prospect persona,0,,3.0,0.0,2025-10-09 00:00:00,2023-02-17 00:00:00,231.0,0.0,0.0,False,3.0,0.0,0.0,0.0,4.80915786462858,0.0,1.9951130156089286e-10,0.0,0.0,4.809157864828092,True,False,0.65,L1,0.9,60.75,54.675,0.85,0.0,0.425,0.398751605145655,0.0,0.0,0.3,0.75,0.15,0.1,High,last engaged 231d ago; ICP industry (Software); segment L1,Flagged,3,Review blocker: non-prospect persona,False,Blocked
L00031,Mark,Ramirez,ksmith@solariscorp.com,Individual Contributor of Something,Dynex Systems,Individual Contributor,Non-Prospect: Vendor,+1-555-4759,ACC0164,Financial Services,25000.0,,,2024-01-01,Partner Referral,Disqualified,False,,False,False,False,True,C00126,False,False,89.0,0.0,False,,,Lead,Converted Lead - linked,,,,C00126,Dynex Systems,dynexsystems.com,False,True,False,12.6,United Kingdom,16956.7,True,False,False,False,False,False,False,True,False,False,False,False,False,False,True,non-prospect persona,1,duplicate_email,10.0,6.0,2026-04-19 00:00:00,2023-08-18 00:00:00,39.0,6.0,0.6,False,4.0,0.0,0.0,1.7807079854652674,2.0454963336340373,0.0,0.0,0.0198303807704159,0.0,3.846034699869721,True,False,0.65,L1,0.9,61.01,54.909,0.3,0.0,0.15,0.3188941916910351,0.0,0.0,0.2,0.75,0.15,0.1,High,last engaged 39d ago; ICP industry (Financial Services); segment L1,Flagged,3,Do not action — record converted to contact C00126 (work the contact record instead),True,Converted
L00095,William,Lopez,william.lopez@hotmail.com,Unknown Title,Xenon Technologies & Co,,Non-Prospect: Partner,+1-555-2644,ACC0129,Government,1000.0,,,2024-01-01,Cold Call,Working,False,,False,False,False,True,C00088,False,True,31.0,0.0,False,,,Lead,Converted Lead - linked,,,,C00088,Xenon Technologies,xenontechnologies.com,False,False,False,58.4,United States,201.4,True,False,False,False,False,False,False,True,False,True,False,False,False,False,True,non-prospect persona,2,"duplicate_email, free_email_leakage",2.0,0.0,2025-10-01 00:00:00,2023-11-11 00:00:00,239.0,1.0,0.0,False,1.0,0.0,0.0,3.997554265612404,0.0,0.0,0.0,0.0,0.0,3.997554265612404,False,False,1.0,L1,0.9,20.84,18.756,0.5,0.0,0.25,0.3314574453310832,0.0,0.0,0.2,0.75,0.15,0.1,Medium,last engaged 239d ago; segment L1,Flagged,3,Do not action — record converted to contact C00088 (work the contact record instead),True,Converted
L00313,Matthew,Hall,mhall@xenondynamics.com,,Xenon Dynamics LLC,Manager,Non-Prospect: Partner,+1-555-8185,ACC0119,Energy,150.0,,,2024-01-01,Advertisement,Open,False,,False,False,False,True,C00015,False,False,45.0,0.0,False,,,Lead,Converted Lead - linked,,,,C00015,Xenon Dynamics,xenondynamics.com,True,True,False,30.4,France,19.7,True,False,False,False,False,False,False,True,False,False,False,True,False,False,True,non-prospect persona,2,"duplicate_email, missing_title",3.0,0.0,2025-09-23 00:00:00,2023-05-17 00:00:00,247.0,0.0,0.0,False,3.0,0.0,0.0,0.0,3.3229185974642816,0.0,0.0,7.7981782854207e-10,0.0,3.3229185982441,True,True,0.65,L1,0.9,87.79,79.01100000000001,0.5,0.0,0.25,0.2755199895825314,0.0,0.0,0.2,0.75,0.15,0.1,Medium,last engaged 247d ago; ICP industry (Energy); named account; segment L1,Flagged,3,Do not action — record converted to contact C00015 (work the contact record instead),True,Converted
L00350,Ashley,Moore,cnelson@heliospartners.com,Unknown Title,,,Non-Prospect: Employee,+1-555-8196,ACC0027,Professional Services,300.0,,,2024-01-01,Web,MQL,True,2023-02-19,False,False,False,False,,False,False,98.0,1.0,False,,,Lead,Orphan Lead,,,,L00350,Jasper Dynamics,jasperdynamics.com,False,False,False,59.6,United States,42.8,True,False,False,False,False,False,False,True,False,False,False,False,False,False,True,non-prospect persona,1,duplicate_email,11.0,8.0,2026-05-23 00:00:00,2024-01-08 00:00:00,5.0,8.0,0.7272727272727273,True,3.0,0.0,0.0,0.0,1.4116210551097988e-06,9.245543252430776e-06,0.0,2.5382887386132373,0.0,2.538299395777545,False,False,0.65,L1,0.9,15.71,14.139,0.5,0.0,0.25,0.2104632425999021,0.0,0.0,0.2,0.75,0.15,0.1,High,last engaged 5d ago; engagement discounted (automation-heavy); segment L1,Flagged,3,Review blocker: non-prospect persona,False,Blocked
L00557,Jason,Jones,jjones@nimbussolutions.com,Unknown Title,Nimbus Solutions Ltd,,Non-Prospect: Employee,+1-555-1078,ACC0071,Education,50000.0,,,2023-07-19,Advertisement,Open,False,,False,True,False,True,C00180,False,False,84.0,0.0,False,,,Lead,Converted Lead - linked,,,,C00180,Nimbus Solutions,nimbussolutions.com,False,False,False,74.4,United States,37672.9,True,False,False,False,False,True,False,True,False,False,False,False,False,False,True,non-prospect persona,1,duplicate_email,10.0,8.0,2025-10-27 00:00:00,2023-02-28 00:00:00,213.0,8.0,0.8,True,2.0,0.0,0.0,0.0,3.644660123190655,0.0,0.0,0.0,3.1921808249742882e-09,3.644660126382836,False,False,0.65,L1,0.9,17.19,15.471000000000002,0.5,0.0,0.25,0.302197207173084,0.0,0.0,0.2,0.75,0.15,0.1,High,last engaged 213d ago; engagement discounted (automation-heavy); segment L1,Flagged,3,Do not action — record converted to contact C00180 (work the contact record instead),True,Converted
C00150,Jennifer,Young,jyoung@gravitasventures.com,Director of Something,,Director,Non-Prospect: Employee,+1-555-4632,ACC0181,Software,15000.0,,,2023-03-13,,,False,,False,False,False,False,,False,False,,,,,,Contact,Orphan Contact,,6.6,False,C00150,Gravitas Ventures,gravitasventures.com,False,True,False,98.9,United States,6142.5,False,False,False,True,False,False,False,True,False,False,False,False,False,False,True,non-prospect persona,1,orphan_contact,13.0,9.0,2025-10-05 00:00:00,2023-02-27 00:00:00,235.0,9.0,0.6923076923076923,False,4.0,0.0,0.0,0.0,4.38461737620849,0.0,0.0,0.0,0.014349950027876,4.398967326236366,True,False,0.65,C2,0.55,69.64,38.30200000000001,0.7,0.0,0.35,0.2871121877244767,0.0,0.0,0.2,0.6,0.25,0.15,High,last engaged 235d ago; ICP industry (Software); segment C2,Flagged,3,Review blocker: non-prospect persona,False,Blocked
C00273,Amanda,Roberts,aroberts@delphisystems.com,,,Director,Non-Prospect: Vendor,+1-555-2259,ACC0123,Financial Services,15000.0,,,2023-02-01,,,True,2022-08-30,False,True,False,False,,False,False,,,,,,Contact,Orphan Contact,,38.9,False,C00273,Vortex Systems,vortexsystems.com,True,True,True,61.7,United States,5203.5,True,False,False,True,False,True,False,True,True,False,False,True,False,False,True,"account do-not-contact, non-prospect persona",3,"duplicate_email, orphan_contact, missing_title",5.0,0.0,2025-10-10 00:00:00,2023-03-05 00:00:00,230.0,2.0,0.0,False,3.0,0.0,0.0,1.443732846353852e-09,4.921566601151851,0.0,0.0,0.0,0.0,4.921566602595584,True,True,0.65,C2,0.55,90.92,50.00600000000001,0.7,0.0,0.35,0.3212212434212139,0.0,0.0,0.2,0.6,0.25,0.15,Medium,last engaged 230d ago; ICP industry (Financial Services); named account; segment C2,Flagged,3,"Review blocker: account do-not-contact, non-prospect persona",False,Blocked
L00016,Deborah,Moore,dmoore@radiantdynamics.com,Manager of Something,Radiant Dynamics Ltd,Manager,Non-Prospect: Competitor,+1-555-9951,ACC0015,Software,5000.0,,,2022-11-22,Event,Open,False,,False,False,False,True,,False,False,55.0,0.0,False,,,Lead,Converted Lead - broken link,,,,L00016,Radiant Dynamics,radiantdynamics.com,True,True,False,12.7,United States,1293.3,True,False,True,False,False,False,False,True,False,False,False,False,False,False,True,non-prospect persona,2,"duplicate_email, broken_conversion_link",6.0,4.0,2025-10-13 00:00:00,2023-05-31 00:00:00,227.0,4.0,0.6666666666666666,False,2.0,0.0,0.0,0.0,1.780707985465268,0.0,0.0,0.0,3.698217300972311e-05,1.7807449676382778,True,True,1.0,L1,0.9,91.27,82.143,0.5,0.0,0.25,0.1476505729608011,0.0,0.0,0.1,0.75,0.15,0.1,Medium,last engaged 227d ago; ICP industry (Software); named account; segment L1,Flagged,3,Review blocker: non-prospect persona | Note: broken conversion link (DQ-1),False,Blocked
L00176,Margaret,Lee,smitchell@novanetworks.com,Manager of Something,Lattice Dynamics Inc.,Manager,Non-Prospect: Employee,+1-555-7907,ACC0082,Professional Services,75.0,,,2024-01-01,Web,Disqualified,False,,True,False,False,False,,False,False,0.0,0.0,False,,,Lead,Orphan Lead,,,,L00176,Lattice Dynamics,latticedynamics.com,False,False,False,60.2,United States,6.4,True,False,False,False,True,False,False,True,False,False,False,False,False,False,True,non-prospect persona,1,duplicate_email,8.0,6.0,2026-05-07 00:00:00,2024-02-10 00:00:00,21.0,7.0,0.75,True,1.0,0.0,0.0,0.0,2.0454963336340373,0.0,0.0,0.0,0.0,2.0454963336340373,False,False,0.25,L1,0.9,9.77,8.793,0.5,0.0,0.25,0.1696024479298894,0.0,0.0,0.1,0.75,0.15,0.1,High,last engaged 21d ago; engagement discounted (automation-heavy); segment L1,Flagged,3,Review blocker: non-prospect persona,False,Blocked
L00358,Anthony,Torres,atorres@unknown.com,Director of Something,,Director,Non-Prospect: Vendor,+1-555-6789,,,,,1500.0,2024-01-01,Event,Open,False,,False,False,False,True,C00339,False,False,71.0,0.0,False,,,Lead,Converted Lead - linked,,,,C00339,,,,,,,,,True,False,False,False,False,False,False,True,False,False,True,False,False,True,True,non-prospect persona,3,"duplicate_email, missing_account, missing_industry",3.0,0.0,2025-08-11 00:00:00,2024-05-02 00:00:00,290.0,1.0,0.0,False,2.0,0.0,0.0,1.2303916502879626,2.059210658025413e-05,0.0,0.0,0.0,0.0,1.230412242394543,False,False,1.0,L2,0.55,15.0,8.25,0.7,0.0,0.35,0.1020197029159546,0.0,0.0,0.1,0.75,0.15,0.1,Medium,last engaged 290d ago; segment L2,Flagged,3,Do not action — record converted to contact C00339 (work the contact record instead),True,Converted
L00394,Anthony,Williams,leads@databroker.io,Individual Contributor of Something,Umbra Corp & Co,Individual Contributor,Non-Prospect: Other,+1-555-9076,ACC0135,Manufacturing,100.0,,,2024-01-01,Web,Disqualified,False,,False,False,False,False,,False,False,7.0,0.0,False,,,Lead,Orphan Lead,,,,L00394,Umbra Corp,umbracorp.com,True,False,False,77.2,United States,12.3,True,True,False,False,False,False,False,True,False,False,False,False,False,False,True,non-prospect persona,2,"duplicate_email, shared_email",9.0,8.0,2025-08-06 00:00:00,2023-03-01 00:00:00,295.0,8.0,0.8888888888888888,True,1.0,0.0,0.0,1.0961543440521222,0.0,0.0,0.0,0.0,0.0,1.0961543440521222,False,True,0.65,L1,0.9,42.47,38.223,0.3,0.0,0.15,0.0908877014362244,0.0,0.0,0.1,0.75,0.15,0.1,Medium,last engaged 295d ago; named account; engagement discounted (automation-heavy); segment L1,Flagged,3,Review blocker: non-prospect persona,False,Blocked
L00419,David,Roberts,droberts@unknown.com,VP of Something,,VP,Non-Prospect: Employee,,,,,Energy,,2024-01-01,Cold Call,Working,False,,False,False,False,False,,False,False,0.0,0.0,False,,,Lead,Orphan Lead,,,,L00419,,,,,,,,,False,False,False,False,False,False,False,True,False,False,True,False,True,True,True,non-prospect persona,3,"missing_account, missing_phone, missing_industry",1.0,0.0,2025-07-29 00:00:00,2025-07-29 00:00:00,303.0,0.0,0.0,False,1.0,0.0,0.0,0.9111650307976642,0.0,0.0,0.0,0.0,0.0,0.9111650307976642,True,False,0.25,L2,0.55,53.75,29.562500000000004,0.85,0.0,0.425,0.075549301727101,0.0,0.0,0.1,0.75,0.15,0.1,Medium,last engaged 303d ago; ICP industry (nan); segment L2,Flagged,3,Review blocker: non-prospect persona,False,Blocked
L00594,George,Harris,ggonzalez@vortexsolutions.com,Unknown Title,Luminary Dynamics Corp,,Non-Prospect: Employee,+1-555-5253,ACC0041,Government,3500.0,,,2024-01-01,Advertisement,Nurturing,False,,True,False,False,False,,False,False,54.0,0.0,False,,,Lead,Orphan Lead,,,,L00594,Luminary Dynamics,luminarydynamics.com,False,False,False,1.2,United States,1005.5,True,False,False,False,True,False,False,True,False,False,False,False,False,False,True,non-prospect persona,1,duplicate_email,2.0,0.0,2025-10-02 00:00:00,2024-04-08 00:00:00,238.0,1.0,0.0,False,1.0,0.0,0.0,0.0,2.0454963336340373,0.0,0.0,0.0,0.0,2.0454963336340373,False,False,1.0,L1,0.9,15.12,13.608,0.5,0.0,0.25,0.1696024479298894,0.0,0.0,0.1,0.75,0.15,0.1,High,last engaged 238d ago; segment L1,Flagged,3,Review blocker: non-prospect persona,False,Blocked
C00014,Dorothy,Moore,dmoore@cascadetechnologies.com,Individual Contributor of Something,,Individual Contributor,Non-Prospect: Competitor,+1-555-7371,ACC0026,Financial Services,150.0,,,2023-01-17,,,False,,False,False,False,False,,False,False,,,,,,Contact,Orphan Contact,,16.5,False,C00014,Cascade Technologies,cascadetechnologies.com,False,True,False,1.8,Canada,15.4,False,False,False,True,False,False,False,True,False,False,False,False,False,False,True,non-prospect persona,1,orphan_contact,15.0,13.0,2026-05-18 00:00:00,2023-04-24 00:00:00,10.0,14.0,0.8666666666666667,True,1.0,0.0,0.0,0.0,2.0454963336340373,0.0,0.0,0.0,0.0,2.0454963336340373,True,False,0.65,C2,0.55,59.93,32.9615,0.3,0.0,0.15,0.1335056352497464,0.0,0.0,0.1,0.6,0.25,0.15,High,last engaged 10d ago; ICP industry (Financial Services); engagement discounted (automation-heavy); segment C2,Flagged,3,Review blocker: non-prospect persona,False,Blocked
C00060,Paul,Perez,pperez@impulsesystems.com,Unknown Title,,,Non-Prospect: Employee,+1-555-6095,ACC0188,Software,5000.0,,,2022-02-05,,,False,,False,False,False,False,,False,False,,,,,,Contact,Orphan Contact,,0.0,False,C00060,Impulse Systems,impulsesystems.com,False,True,False,5.0,United States,1829.4,False,False,False,True,False,False,False,True,False,False,False,False,False,False,True,non-prospect persona,1,orphan_contact,1.0,0.0,2025-09-27 00:00:00,2025-09-27 00:00:00,243.0,0.0,0.0,False,1.0,0.0,0.0,0.0,1.8223300615953275,0.0,0.0,0.0,0.0,1.8223300615953275,True,False,1.0,C2,0.55,65.5,36.025000000000006,0.5,0.0,0.25,0.1189399993085107,0.0,0.0,0.1,0.6,0.25,0.15,High,last engaged 243d ago; ICP industry (Software); segment C2,Flagged,3,Review blocker: non-prospect persona,False,Blocked
C00215,Amanda,Torres,atorres@unknown.com,Unknown Title,,,Non-Prospect: Competitor,+1-555-1139,,,,,,2022-09-13,,,False,,False,False,False,False,,False,False,,,,,,Contact,Orphan Contact,,77.5,False,C00215,,,,,,,,,True,False,False,True,False,False,False,True,False,False,True,False,False,True,True,non-prospect persona,4,"duplicate_email, orphan_contact, missing_account, missing_industry",2.0,0.0,2025-10-03 00:00:00,2025-06-29 00:00:00,237.0,1.0,0.0,False,1.0,0.0,0.0,0.0,2.093307544016198,0.0,0.0,0.0,0.0,2.093307544016198,False,False,0.25,C3,0.45,3.75,1.6875,0.5,0.0,0.25,0.1366261815490348,0.0,0.0,0.1,0.6,0.25,0.15,Low,last engaged 237d ago; segment C3,Flagged,3,Review blocker: non-prospect persona,False,Blocked
C00246,Ryan,Johnson,rjohnson@heliossolutions.com,Unknown Title,,,Non-Prospect: Competitor,+1-555-4766,ACC0057,Financial Services,7500.0,,,2024-01-01,,,False,,False,False,False,False,,False,False,,,,,,Contact,Converted Contact,L00518,52.2,True,C00246,Solaris Dynamics,solarisdynamics.com,False,True,False,73.3,France,2490.0,True,False,False,False,False,False,False,True,False,False,False,False,False,False,True,non-prospect persona,1,duplicate_email,7.0,2.0,2025-09-18 00:00:00,2023-12-22 00:00:00,252.0,4.0,0.2857142857142857,False,3.0,0.0,0.0,5.0703713950565774e-05,1.4801919594828108,0.0,0.0,0.0,0.0,1.4802426631967611,True,False,1.0,C1,1.0,72.33,72.33,0.5,0.0,0.25,0.0966126087954243,0.0,0.0,0.1,0.6,0.25,0.15,High,last engaged 252d ago; ICP industry (Financial Services); segment C1,Flagged,3,Review blocker: non-prospect persona,False,Blocked
L00001,Richard,Harris,newsletter@marketingblast.com,Unknown Title,,,Non-Prospect: Vendor,+1-555-9331,,,,,,2024-01-01,Web,MQL,True,2022-09-01,False,False,False,False,,False,False,23.0,2.0,False,,,Lead,Orphan Lead,,,,L00001,,,,,,,,,True,True,False,False,False,False,False,True,False,False,True,False,False,True,True,non-prospect persona,4,"duplicate_email, shared_email, missing_account, missing_industry",10.0,9.0,2025-12-24 00:00:00,2023-04-12 00:00:00,155.0,9.0,0.9,True,1.0,0.0,0.0,0.0,0.0,0.0,0.0,0.0,1.0536712127723532e-06,1.0536712127723532e-06,False,False,0.25,L3,0.45,3.75,1.6875,0.5,0.0,0.25,8.736521012577814e-08,0.0,0.0,0.0,0.75,0.15,0.1,Low,last engaged 155d ago; engagement discounted (automation-heavy); segment L3,Flagged,3,Review blocker: non-prospect persona,False,Blocked
L00012,Lisa,Adams,snelson@unknown.com,Director of Something,Lattice Group Inc.,Director,Non-Prospect: Vendor,+1-555-5088,ACC0033,Professional Services,750.0,,,2022-02-07,Trade Show,MQL,True,2022-06-03,True,False,False,False,,False,False,27.0,1.0,False,,,Lead,Orphan Lead,,,,L00012,Lattice Group,latticegroup.com,False,False,True,39.6,United States,153.8,True,False,False,False,True,False,False,True,True,False,False,False,False,False,True,"account do-not-contact, non-prospect persona",1,duplicate_email,1.0,0.0,2025-11-29 00:00:00,2025-11-29 00:00:00,180.0,0.0,0.0,False,1.0,0.0,0.0,0.0,0.0,0.0,0.0,0.0,0.7812500000000004,0.7812500000000004,False,False,1.0,L1,0.9,18.96,17.064,0.7,0.0,0.35,0.0647773893634034,0.0,0.0,0.0,0.75,0.15,0.1,High,last engaged 180d ago; segment L1,Flagged,3,"Review blocker: account do-not-contact, non-prospect persona",False,Blocked
L00015,Christopher,Flores,cflores@finessesystems.com,,Finesse Systems Group,Director,Non-Prospect: Partner,+1-555-6878,ACC0075,Retail,2000.0,,,2024-01-01,Cold Call,MQL,True,2022-07-18,False,True,False,False,,False,False,41.0,4.0,False,,,Lead,Orphan Lead,,,,L00015,Finesse Systems,finessesystems.com,False,False,False,71.9,Sweden,385.6,False,False,False,False,False,True,False,True,False,False,False,True,False,False,True,non-prospect persona,1,missing_title,0.0,0.0,0,0,0.0,0.0,0.0,,0.0,0.0,0.0,0.0,0.0,0.0,0.0,0.0,0.0,0.0,False,False,1.0,L1,0.9,22.19,19.971,0.7,0.0,0.35,0.0,0.0,0.0,0.0,0.75,0.15,0.1,High,no engagement history; engagement discounted (automation-heavy); segment L1,Flagged,3,Review blocker: non-prospect persona,False,Blocked
L00020,Mark,Scott,mscott@emblemtechnologies.com,,Emblem Technologies Inc.,,Non-Prospect: Employee,+1-555-7057,ACC0131,Manufacturing,5000.0,,,2024-01-01,Web,MQL,True,2022-10-31,False,False,False,False,,False,False,10.0,4.0,False,,,Lead,Orphan Lead,,,,L00020,Emblem Technologies,emblemtechnologies.com,False,False,False,29.6,Canada,1931.9,False,False,False,False,False,False,False,True,False,False,False,True,False,False,True,non-prospect persona,1,missing_title,0.0,0.0,0,0,0.0,0.0,0.0,,0.0,0.0,0.0,0.0,0.0,0.0,0.0,0.0,0.0,0.0,False,False,1.0,L1,0.9,17.96,16.164,0.5,0.0,0.25,0.0,0.0,0.0,0.0,0.75,0.15,0.1,High,no engagement history; engagement discounted (automation-heavy); segment L1,Flagged,3,Review blocker: non-prospect persona,False,Blocked
L00023,Mary,White,mwhite@luminarygroup.com,Individual Contributor of Something,,Individual Contributor,Non-Prospect: Employee,+1-555-1681,ACC0147,Energy,1500.0,,,2024-01-01,Web,Working,False,,False,False,False,False,,False,False,22.0,0.0,False,,,Lead,Orphan Lead,,,,L00023,Luminary Group,luminarygroup.com,False,True,False,71.0,United States,358.2,False,False,False,False,False,False,False,True,False,False,False,False,False,False,True,non-prospect persona,0,,0.0,0.0,0,0,0.0,0.0,0.0,,0.0,0.0,0.0,0.0,0.0,0.0,0.0,0.0,0.0,0.0,True,False,1.0,L1,0.9,72.1,64.89,0.3,0.0,0.15,0.0,0.0,0.0,0.0,0.75,0.15,0.1,High,no engagement history; ICP industry (Energy); engagement discounted (automation-heavy); segment L1,Flagged,3,Review blocker: non-prospect persona,False,Blocked
L00032,Susan,Allen,dadams@forgegroup.com,Director of Something,Bastion Solutions,Director,Non-Prospect: Competitor,+1-555-3362,ACC0108,Healthcare,1500.0,,,2024-01-01,Web,Nurturing,False,,False,False,False,True,C00324,False,False,50.0,0.0,False,,,Lead,Converted Lead - linked,,,,C00324,Bastion Solutions,bastionsolutions.com,False,True,False,11.1,United States,369.1,True,False,False,False,False,False,False,True,False,False,False,False,False,False,True,non-prospect persona,1,duplicate_email,14.0,13.0,2025-10-27 00:00:00,2023-02-24 00:00:00,213.0,13.0,0.9285714285714286,True,1.0,0.0,0.0,0.0,0.0,0.0,2.3453509282982525e-10,0.0,0.0,2.3453509282982525e-10,True,False,1.0,L1,0.9,66.11,59.499,0.7,0.0,0.35,1.944649091535302e-11,0.0,0.0,0.0,0.75,0.15,0.1,High,last engaged 213d ago; ICP industry (Healthcare); engagement discounted (automation-heavy); segment L1,Flagged,3,Do not action — record converted to contact C00324 (work the contact record instead),True,Converted
L00034,Jason,Roberts,contact@vendorlist.net,Director of Something,Fusion Labs Inc.,Director,Non-Prospect: Employee,,ACC0020,Manufacturing,75.0,,,2024-01-01,Content Syndication,MQL,True,2023-03-26,False,False,False,True,C00093,False,False,18.0,1.0,False,,,Lead,Converted Lead - linked,,,,C00093,Fusion Labs,fusionlabs.com,False,False,False,27.3,United States,2.7,True,False,False,False,False,False,False,True,False,False,False,False,True,False,True,non-prospect persona,2,"duplicate_email, missing_phone",20.0,12.0,2025-10-23 00:00:00,2023-02-10 00:00:00,217.0,16.0,0.6,False,4.0,0.0,0.0,2.456272243158658e-09,0.0,0.0,0.0,0.0,1.5473545517140474e-10,2.611007698330063e-09,False,False,0.25,L1,0.9,6.48,5.832000000000001,0.7,0.0,0.35,2.1649185575112982e-10,0.0,0.0,0.0,0.75,0.15,0.1,Medium,last engaged 217d ago; segment L1,Flagged,3,Do not action — record converted to contact C00093 (work the contact record instead),True,Converted
L00037,Christopher,Lopez,newsletter@marketingblast.com,C-Level of Something,Cobalt Ventures,C-Level,Non-Prospect: Other,,ACC0182,Professional Services,3500.0,,,2024-01-01,Advertisement,Disqualified,False,,False,False,False,False,,False,False,79.0,0.0,False,,,Lead,Orphan Lead,,,,L00037,Cobalt Ventures,cobaltventures.com,False,False,False,81.8,United States,528.7,True,True,False,False,False,False,False,True,False,False,False,False,True,False,True,non-prospect persona,3,"duplicate_email, shared_email, missing_phone",2.0,0.0,2024-04-01 00:00:00,2023-09-17 00:00:00,787.0,1.0,0.0,False,1.0,0.0,0.0,0.0,0.0,5.3490435471620223e-08,0.0,0.0,0.0,5.3490435471620223e-08,False,False,1.0,L1,0.9,23.18,20.862,1.0,0.0,0.5,4.435162580176828e-09,0.0,0.0,0.0,0.75,0.15,0.1,Medium,last engaged 787d ago; segment L1,Flagged,3,Review blocker: non-prospect persona,False,Blocked
L00057,Stephanie,Campbell,stephanie.campbell@hotmail.com,Individual Contributor of Something,,Individual Contributor,Non-Prospect: Other,,,,,Financial Services,150.0,2024-01-01,Partner Referral,Open,False,,False,False,True,True,,True,True,2.0,0.0,False,,,Lead,Converted Lead - broken link,,,,L00057,,,,,,,,,True,False,True,False,False,False,True,True,False,False,True,False,True,True,True,"no longer with company, non-prospect persona",5,"duplicate_email, broken_conversion_link, missing_account, missing_phone, missing_industry",0.0,0.0,0,0,0.0,0.0,0.0,,0.0,0.0,0.0,0.0,0.0,0.0,0.0,0.0,0.0,0.0,True,False,0.65,L2,0.55,59.75,32.862500000000004,0.3,0.0,0.15,0.0,0.0,0.0,0.0,0.75,0.15,0.1,Low,no engagement history; ICP industry (nan); engagement discounted (automation-heavy); segment L2,Flagged,3,"Review blocker: no longer with company, non-prospect persona | Note: broken conversion link (DQ-1)",False,Blocked
L00060,Joseph,Roberts,jroberts@unknown.com,VP of Something,,VP,Non-Prospect: Vendor,+1-555-2794,,,,Energy,50000.0,2024-01-01,Employee Referral,Open,False,,True,True,False,False,,False,False,44.0,0.0,True,Bad Data,2023-02-18,Lead,Orphan Lead,,,,L00060,,,,,,,,,True,False,False,False,True,True,False,True,False,False,True,False,False,True,True,non-prospect persona,3,"duplicate_email, missing_account, missing_industry",0.0,0.0,0,0,0.0,0.0,0.0,,0.0,0.0,0.0,0.0,0.0,0.0,0.0,0.0,0.0,0.0,True,False,0.65,L2,0.55,59.75,32.862500000000004,0.85,0.0,0.425,0.0,0.0,0.0,0.0,0.75,0.15,0.1,Medium,no engagement history; ICP industry (nan); engagement discounted (automation-heavy); segment L2,Flagged,3,Review blocker: non-prospect persona,False,Blocked
L00069,Amanda,Williams,amanda.williams@gmail.com,Individual Contributor of Something,Obsidian Group Corp,Individual Contributor,Non-Prospect: Partner,+1-555-1877,ACC0184,Software,75.0,,,2024-01-01,Webinar,MQL,True,2022-02-01,True,False,False,False,,True,True,2.0,1.0,False,,,Lead,Orphan Lead,,,,L00069,Obsidian Group,obsidiangroup.com,False,True,False,46.9,United States,4.4,False,False,False,False,True,False,False,True,False,False,False,False,False,False,True,non-prospect persona,0,,0.0,0.0,0,0,0.0,0.0,0.0,,0.0,0.0,0.0,0.0,0.0,0.0,0.0,0.0,0.0,0.0,True,False,0.25,L1,0.9,58.44,52.596,0.3,0.0,0.15,0.0,0.0,0.0,0.0,0.75,0.15,0.1,High,no engagement history; ICP industry (Software); engagement discounted (automation-heavy); segment L1,Flagged,3,Review blocker: non-prospect persona,False,Blocked
L00070,Kenneth,Young,kyoung@emblemtechnologies.com,Individual Contributor of Something,Emblem Technologies,Individual Contributor,Non-Prospect: Competitor,+1-555-1940,ACC0036,Financial Services,5000.0,,,2022-08-13,Event,Open,False,,False,True,False,False,,False,False,9.0,0.0,False,,,Lead,Orphan Lead,,,,L00070,Emblem Technologies,emblemtechnologies.com,False,True,False,56.7,Germany,1878.8,False,False,False,False,False,True,False,True,False,False,False,False,False,False,True,non-prospect persona,0,,11.0,9.0,2026-04-24 00:00:00,2023-12-07 00:00:00,34.0,10.0,0.8181818181818182,True,1.0,0.0,0.0,0.0,0.0,0.0,0.0,0.0,5.268356063861756e-07,5.268356063861756e-07,True,False,1.0,L1,0.9,70.67,63.603,0.3,0.0,0.15,4.3682605062888985e-08,0.0,0.0,0.0,0.75,0.15,0.1,High,last engaged 34d ago; ICP industry (Financial Services); engagement discounted (automation-heavy); segment L1,Flagged,3,Review blocker: non-prospect persona,False,Blocked
L00075,Dorothy,Adams,dadams@forgegroup.com,Manager of Something,Forge Group Group,Manager,Non-Prospect: Vendor,,ACC0094,Retail,25000.0,,,2022-01-19,Web,Working,False,,False,False,False,True,C00353,False,False,22.0,0.0,False,,,Lead,Converted Lead - linked,,,,C00353,Forge Group,forgegroup.com,False,False,False,9.9,United States,9738.3,True,False,False,False,False,False,False,True,False,False,False,False,True,False,True,non-prospect persona,2,"duplicate_email, missing_phone",0.0,0.0,0,0,0.0,0.0,0.0,,0.0,0.0,0.0,0.0,0.0,0.0,0.0,0.0,0.0,0.0,False,False,0.65,L1,0.9,10.74,9.666,0.5,0.0,0.25,0.0,0.0,0.0,0.0,0.75,0.15,0.1,Medium,no engagement history; engagement discounted (automation-heavy); segment L1,Flagged,3,Do not action — record converted to contact C00353 (work the contact record instead),True,Converted
L00080,Kevin,Torres,ktorres@tectoniclabs.com,Director of Something,Tectonic Labs,Director,Non-Prospect: Employee,+1-555-8298,ACC0065,Software,2000.0,,,2022-04-08,Event,Nurturing,False,,False,False,False,False,,False,False,0.0,0.0,True,Competitor,2023-06-26,Lead,Orphan Lead,,,,L00080,Tectonic Labs,tectoniclabs.com,False,True,False,10.5,United Kingdom,492.5,False,False,False,False,False,False,False,True,False,False,False,False,False,False,True,non-prospect persona,0,,3.0,0.0,2024-03-14 00:00:00,2023-09-08 00:00:00,805.0,0.0,0.0,False,3.0,0.0,0.0,0.0,0.0,0.0,0.0,1.6725987915834378e-06,5.430966799245267e-09,1.6780297583826832e-06,True,False,1.0,L1,0.9,66.05,59.445,0.7,0.0,0.35,1.3913393538832994e-07,0.0,0.0,0.0,0.75,0.15,0.1,High,last engaged 805d ago; ICP industry (Software); segment L1,Flagged,3,Review blocker: non-prospect persona,False,Blocked
L00084,Andrew,Carter,acarter@jasperpartners.com,Unknown Title,Jasper Partners,,Non-Prospect: Employee,+1-555-5944,ACC0032,Education,300.0,,,2024-01-01,Cold Call,Disqualified,False,,False,False,False,False,,False,False,68.0,0.0,False,,,Lead,Orphan Lead,,,,L00084,Jasper Partners,jasperpartners.com,False,False,False,55.4,United States,38.4,False,False,False,False,False,False,False,True,False,False,False,False,False,False,True,non-prospect persona,0,,0.0,0.0,0,0,0.0,0.0,0.0,,0.0,0.0,0.0,0.0,0.0,0.0,0.0,0.0,0.0,0.0,False,False,0.65,L1,0.9,15.29,13.761,0.5,0.0,0.25,0.0,0.0,0.0,0.0,0.75,0.15,0.1,High,no engagement history; engagement discounted (automation-heavy); segment L1,Flagged,3,Review blocker: non-prospect persona,False,Blocked
L00087,James,Rivera,jrivera@apexpartners.com,VP of Something,Apex Partners,VP,Non-Prospect: Partner,+1-555-5763,ACC0191,Professional Services,50.0,,,2022-11-13,Paid Search,MQL,True,2022-09-13,False,False,False,False,,False,False,43.0,4.0,False,,,Lead,Orphan Lead,,,,L00087,Apex Partners,apexpartners.com,False,False,False,62.3,Canada,2.5,False,False,False,False,False,False,False,True,False,False,False,False,False,False,True,non-prospect persona,0,,2.0,1.0,2024-02-14 00:00:00,2023-11-29 00:00:00,834.0,1.0,0.5,False,1.0,0.0,0.0,0.0,3.611540332980777e-07,0.0,0.0,0.0,0.0,3.611540332980777e-07,False,False,0.25,L1,0.9,9.98,8.982000000000001,0.85,0.0,0.425,2.9945107756944805e-08,0.0,0.0,0.0,0.75,0.15,0.1,High,last engaged 834d ago; segment L1,Flagged,3,Review blocker: non-prospect persona,False,Blocked
L00091,Sharon,King,sking@luminarysolutions.com,Director of Something,Luminary Solutions,Director,Non-Prospect: Vendor,+1-555-7212,ACC0192,Government,750.0,,,2024-01-01,Web,Disqualified,False,,True,False,False,True,,False,False,41.0,0.0,False,,,Lead,Converted Lead - broken link,,,,L00091,Luminary Solutions,luminarysolutions.com,False,False,False,75.1,United States,211.8,True,False,True,False,True,False,False,True,False,False,False,False,False,False,True,non-prospect persona,2,"duplicate_email, broken_conversion_link",3.0,0.0,2025-01-10 00:00:00,2023-05-13 00:00:00,503.0,0.0,0.0,False,3.0,0.0,0.0,0.0089687187674225,5.188885708428168e-05,0.0,0.0,0.0,0.0,0.0090206076245068,False,False,1.0,L1,0.9,22.51,20.259,0.7,0.0,0.35,0.0007479442078555,0.0,0.0,0.0,0.75,0.15,0.1,Medium,last engaged 503d ago; segment L1,Flagged,3,Review blocker: non-prospect persona | Note: broken conversion link (DQ-1),False,Blocked
L00093,Laura,Green,lgreen@radianttechnologies.com,Director of Something,Radiant Technologies Group,Director,Non-Prospect: Partner,+1-555-4527,ACC0153,Professional Services,50.0,,,2024-01-01,Advertisement,Open,False,,False,False,False,False,,False,False,27.0,0.0,False,,,Lead,Orphan Lead,,,,L00093,Radiant Technologies,radianttechnologies.com,True,False,False,24.5,United States,4.8,False,False,False,False,False,False,False,True,False,False,False,False,False,False,True,non-prospect persona,0,,0.0,0.0,0,0,0.0,0.0,0.0,,0.0,0.0,0.0,0.0,0.0,0.0,0.0,0.0,0.0,0.0,False,True,0.25,L1,0.9,31.2,28.08,0.7,0.0,0.35,0.0,0.0,0.0,0.0,0.75,0.15,0.1,High,no engagement history; named account; engagement discounted (automation-heavy); segment L1,Flagged,3,Review blocker: non-prospect persona,False,Blocked
L00094,Sarah,Perez,sperez@unknown.com,Director of Something,,Director,Non-Prospect: Other,+1-555-8454,,,,Professional Services,10000.0,2024-01-01,Web,Nurturing,False,,True,False,False,False,,False,False,1.0,0.0,False,,,Lead,Orphan Lead,,,,L00094,,,,,,,,,False,False,False,False,True,False,False,True,False,False,True,False,False,True,True,non-prospect persona,2,"missing_account, missing_industry",2.0,0.0,2025-05-03 00:00:00,2025-03-07 00:00:00,390.0,0.0,0.0,False,2.0,0.0,0.0,0.0,0.0163539651876265,0.0,0.0,0.01220703125,0.0,0.0285609964376265,False,False,1.0,L2,0.55,15.0,8.25,0.7,0.0,0.35,0.002368136687164,0.0,0.0,0.0,0.75,0.15,0.1,Medium,last engaged 390d ago; segment L2,Flagged,3,Review blocker: non-prospect persona,False,Blocked
L00099,Linda,Carter,lcarter@unknown.com,VP of Something,,VP,Non-Prospect: Competitor,+1-555-5560,,,,Software,10000.0,2024-01-01,Event,Disqualified,False,,False,False,False,False,,False,False,5.0,0.0,True,No Longer With Company,2022-05-10,Lead,Orphan Lead,,,,L00099,,,,,,,,,True,False,False,False,False,False,False,True,False,False,True,False,False,True,True,non-prospect persona,3,"duplicate_email, missing_account, missing_industry",0.0,0.0,0,0,0.0,0.0,0.0,,0.0,0.0,0.0,0.0,0.0,0.0,0.0,0.0,0.0,0.0,True,False,1.0,L2,0.55,65.0,35.75,0.85,0.0,0.425,0.0,0.0,0.0,0.0,0.75,0.15,0.1,Medium,no engagement history; ICP industry (nan); engagement discounted (automation-heavy); segment L2,Flagged,3,Review blocker: non-prospect persona,False,Blocked
L00100,Linda,Lewis,llewis@meridianpartners.com,Unknown Title,Meridian Partners & Co,,Non-Prospect: Other,+1-555-2395,ACC0143,Financial Services,3500.0,,,2022-09-06,Web,MQL,True,2022-02-04,False,False,False,False,,False,False,0.0,1.0,False,,,Lead,Orphan Lead,,,,L00100,Meridian Partners,meridianpartners.com,False,True,False,17.9,United States,1205.3,False,False,False,False,False,False,False,True,False,False,False,False,False,False,True,non-prospect persona,0,,12.0,11.0,2025-10-10 00:00:00,2023-02-04 00:00:00,230.0,11.0,0.9166666666666666,True,1.0,0.0,0.0,0.0,0.0,1.876280742638602e-09,0.0,0.0,0.0,1.876280742638602e-09,True,False,1.0,L1,0.9,66.79,60.111,0.5,0.0,0.25,1.5557192732282416e-10,0.0,0.0,0.0,0.75,0.15,0.1,High,last engaged 230d ago; ICP industry (Financial Services); engagement discounted (automation-heavy); segment L1,Flagged,3,Review blocker: non-prospect persona,False,Blocked
L00108,Mary,Hill,mhill@forgepartners.com,Manager of Something,Forge Partners Ltd,Manager,Non-Prospect: Employee,+1-555-3140,ACC0137,Energy,5000.0,,,2024-01-01,Advertisement,Open,False,,True,True,False,True,C00169,False,False,62.0,0.0,False,,,Lead,Converted Lead - linked,,,,C00169,Forge Partners,forgepartners.com,False,True,False,94.2,United Kingdom,2432.9,True,False,False,False,True,True,False,True,False,False,False,False,False,False,True,non-prospect persona,1,duplicate_email,11.0,9.0,2026-05-25 00:00:00,2023-02-19 00:00:00,3.0,11.0,0.8181818181818182,True,0.0,0.0,0.0,0.0,0.0,0.0,0.0,0.0,0.0,0.0,True,False,1.0,L1,0.9,74.42,66.97800000000001,0.5,0.0,0.25,0.0,0.0,0.0,0.0,0.75,0.15,0.1,High,last engaged 3d ago; ICP industry (Energy); engagement discounted (automation-heavy); segment L1,Flagged,3,Do not action — record converted to contact C00169 (work the contact record instead),True,Converted
L00112,Jeffrey,Lewis,info@securitysummit.org,Manager of Something,Glacier Labs Ltd,Manager,Non-Prospect: Vendor,+1-555-4840,ACC0120,Manufacturing,2000.0,,,2024-01-01,Event,Disqualified,False,,False,True,False,False,,False,False,18.0,0.0,False,,,Lead,Orphan Lead,,,,L00112,Glacier Labs,glacierlabs.com,False,False,False,55.3,United States,572.5,True,True,False,False,False,True,False,True,False,False,False,False,False,False,True,non-prospect persona,2,"duplicate_email, shared_email",8.0,7.0,2025-12-07 00:00:00,2023-03-01 00:00:00,172.0,7.0,0.875,True,1.0,0.0,0.0,0.0,4.656612873077397e-07,0.0,0.0,0.0,0.0,4.656612873077397e-07,False,False,1.0,L1,0.9,20.53,18.477,0.5,0.0,0.25,3.8610332824828296e-08,0.0,0.0,0.0,0.75,0.15,0.1,Medium,last engaged 172d ago; engagement discounted (automation-heavy); segment L1,Flagged,3,Review blocker: non-prospect persona,False,Blocked
L00117,Robert,Hernandez,rhernandez@atlasgroup.com,Individual Contributor of Something,Atlas Group LLC,Individual Contributor,Non-Prospect: Partner,,ACC0127,Government,5000.0,,,2024-01-01,Advertisement,Disqualified,False,,False,False,False,False,,False,False,5.0,0.0,False,,,Lead,Orphan Lead,,,,L00117,Atlas Group,atlasgroup.com,False,False,False,16.0,France,1366.2,False,False,False,False,False,False,False,True,False,False,False,False,True,False,True,non-prospect persona,1,missing_phone,3.0,0.0,2026-05-11 00:00:00,2023-02-25 00:00:00,17.0,1.0,0.0,False,2.0,0.0,0.0,2.8456497308922307e-05,0.0,0.0,2.400170907590834e-10,0.0,0.0,2.8456737326013067e-05,False,False,1.0,L1,0.9,16.6,14.94,0.3,0.0,0.15,2.359492036837431e-06,0.0,0.0,0.0,0.75,0.15,0.1,High,last engaged 17d ago; segment L1,Flagged,3,Review blocker: non-prospect persona,False,Blocked
L00120,Dorothy,Lewis,dlewis@radianttechnologies.com,Unknown Title,,,Non-Prospect: Vendor,+1-555-7233,ACC0153,Professional Services,50.0,,,2024-01-01,Advertisement,MQL,True,2022-09-09,False,False,False,False,,False,False,42.0,1.0,False,,,Lead,Orphan Lead,,,,L00120,Radiant Technologies,radianttechnologies.com,True,False,False,24.5,United States,4.8,False,False,False,False,False,False,False,True,False,False,False,False,False,False,True,non-prospect persona,0,,3.0,0.0,2025-07-11 00:00:00,2023-06-01 00:00:00,321.0,1.0,0.0,False,2.0,0.0,0.0,1.04537424473965e-06,5.5141447465226465e-09,0.0,0.0,0.0,0.0,1.0508883894861724e-06,False,True,0.25,L1,0.9,31.2,28.08,0.5,0.0,0.25,8.713447217052889e-08,0.0,0.0,0.0,0.75,0.15,0.1,High,last engaged 321d ago; named account; segment L1,Flagged,3,Review blocker: non-prospect persona,False,Blocked
L00126,Joseph,Hernandez,joseph.hernandez@outlook.com,Manager of Something,,Manager,Non-Prospect: Employee,+1-555-1292,,,,,,2023-03-12,Event,Open,False,,False,False,False,False,,True,True,75.0,0.0,False,,,Lead,Orphan Lead,,,,L00126,,,,,,,,,False,False,False,False,False,False,False,True,False,False,True,False,False,True,True,non-prospect persona,2,"missing_account, missing_industry",0.0,0.0,0,0,0.0,0.0,0.0,,0.0,0.0,0.0,0.0,0.0,0.0,0.0,0.0,0.0,0.0,False,False,0.25,L3,0.45,3.75,1.6875,0.5,0.0,0.25,0.0,0.0,0.0,0.0,0.75,0.15,0.1,Medium,no engagement history; engagement discounted (automation-heavy); segment L3,Flagged,3,Review blocker: non-prospect persona,False,Blocked
L00135,Sandra,Martin,smartin@heliossolutions.com,VP of Something,Helios Solutions Group,VP,Non-Prospect: Vendor,,ACC0039,Software,10000.0,,,2024-01-01,Advertisement,Working,False,,False,False,False,False,,False,False,79.0,0.0,True,Competitor,2023-10-26,Lead,Orphan Lead,,,,L00135,Helios Solutions,heliossolutions.com,False,True,False,41.9,United States,3926.2,False,False,False,False,False,False,False,True,False,False,False,False,True,False,True,non-prospect persona,1,missing_phone,0.0,0.0,0,0,0.0,0.0,0.0,,0.0,0.0,0.0,0.0,0.0,0.0,0.0,0.0,0.0,0.0,True,False,1.0,L1,0.9,69.19,62.271,0.85,0.0,0.425,0.0,0.0,0.0,0.0,0.75,0.15,0.1,High,no engagement history; ICP industry (Software); engagement discounted (automation-heavy); segment L1,Flagged,3,Review blocker: non-prospect persona,False,Blocked
L00141,Melissa,Martinez,mmartinez@cascadetechnologies.com,,Cascade Technologies Group,C-Level,Non-Prospect: Employee,,ACC0026,Financial Services,150.0,,,2024-01-01,Content Syndication,MQL,True,2022-09-16,False,False,False,False,,False,False,0.0,1.0,False,,,Lead,Orphan Lead,,,,L00141,Cascade Technologies,cascadetechnologies.com,False,True,False,1.8,Canada,15.4,False,False,False,False,False,False,False,True,False,False,False,True,True,False,True,non-prospect persona,2,"missing_title, missing_phone",2.0,0.0,2024-12-03 00:00:00,2024-01-15 00:00:00,541.0,0.0,0.0,False,2.0,0.0,0.0,0.0,1.0698087094324049e-06,0.0,0.0007455138919328,0.0,0.0,0.0007465837006422,True,False,0.65,L1,0.9,59.93,53.937,1.0,0.0,0.5,6.190303112815408e-05,0.0,0.0,0.0,0.75,0.15,0.1,Medium,last engaged 541d ago; ICP industry (Financial Services); segment L1,Flagged,3,Review blocker: non-prospect persona,False,Blocked
L00154,Linda,Miller,lmiller@obsidiannetworks.com,Individual Contributor of Something,Obsidian,Individual Contributor,Non-Prospect: Vendor,,ACC0055,Manufacturing,1500.0,,,2024-01-01,Web,Working,False,,False,False,False,True,,False,False,5.0,0.0,True,Bad Data,2023-12-31,Lead,Converted Lead - broken link,,,,L00154,Obsidian Networks,obsidiannetworks.com,True,False,False,21.2,United States,437.9,True,False,True,False,False,False,False,True,False,False,False,False,True,False,True,non-prospect persona,3,"duplicate_email, broken_conversion_link, missing_phone",14.0,10.0,2025-10-26 00:00:00,2023-05-14 00:00:00,214.0,12.0,0.7142857142857143,True,2.0,0.0,0.0,0.0,0.0,3.784659032745847e-05,0.0,0.0280443934325448,0.0,0.0280822400228722,False,True,1.0,L1,0.9,42.12,37.908,0.3,0.0,0.15,0.0023284405710824,0.0,0.0,0.0,0.75,0.15,0.1,Medium,last engaged 214d ago; named account; engagement discounted (automation-heavy); segment L1,Flagged,3,Review blocker: non-prospect persona | Note: broken conversion link (DQ-1),False,Blocked
L00156,Christopher,Rodriguez,crodriguez@paragonlabs.com,Individual Contributor of Something,Paragon,Individual Contributor,Non-Prospect: Partner,+1-555-3839,ACC0102,Retail,2000.0,,,2024-01-01,Partner Referral,MQL,True,2022-07-05,False,False,False,False,,False,False,0.0,4.0,False,,,Lead,Orphan Lead,,,,L00156,Paragon Labs,paragonlabs.com,False,False,False,25.9,United States,670.7,False,False,False,False,False,False,False,True,False,False,False,False,False,False,True,non-prospect persona,0,,13.0,11.0,2026-05-25 00:00:00,2023-02-18 00:00:00,3.0,11.0,0.8461538461538461,True,2.0,0.0,0.0,0.0078077231750242,2.655085081280292e-05,0.0,0.0,0.0,0.0,0.007834274025837,False,False,1.0,L1,0.9,17.59,15.831,0.3,0.0,0.15,0.0006495792882575,0.0,0.0,0.0,0.75,0.15,0.1,High,last engaged 3d ago; engagement discounted (automation-heavy); segment L1,Flagged,3,Review blocker: non-prospect persona,False,Blocked
L00159,Ashley,Lee,alee@unknown.com,Individual Contributor of Something,,Individual Contributor,Non-Prospect: Employee,+1-555-6140,,,,Professional Services,,2022-04-15,Event,Working,False,,True,True,False,False,,False,False,12.0,0.0,False,,,Lead,Orphan Lead,,,,L00159,,,,,,,,,False,False,False,False,True,True,False,True,False,False,True,False,False,True,True,non-prospect persona,2,"missing_account, missing_industry",0.0,0.0,0,0,0.0,0.0,0.0,,0.0,0.0,0.0,0.0,0.0,0.0,0.0,0.0,0.0,0.0,False,False,0.25,L2,0.55,3.75,2.0625,0.3,0.0,0.15,0.0,0.0,0.0,0.0,0.75,0.15,0.1,Medium,no engagement history; engagement discounted (automation-heavy); segment L2,Flagged,3,Review blocker: non-prospect persona,False,Blocked
L00160,Susan,Gonzalez,susan.gonzalez@hotmail.com,Individual Contributor of Something,Aether Group Inc.,Individual Contributor,Non-Prospect: Vendor,,ACC0113,Professional Services,5000.0,,,2024-01-01,Web,Disqualified,False,,False,False,False,False,,True,True,30.0,0.0,False,,,Lead,Orphan Lead,,,,L00160,Aether Group,aethergroup.com,True,False,False,90.2,United States,1511.3,False,False,False,False,False,False,False,True,False,False,False,False,True,False,True,non-prospect persona,1,missing_phone,14.0,12.0,2026-05-28 00:00:00,2023-02-02 00:00:00,0.0,13.0,0.8571428571428571,True,1.0,0.0,0.0,0.0,0.0,5.4740715133194414e-08,0.0,0.0,0.0,5.4740715133194414e-08,False,True,1.0,L1,0.9,49.02,44.118,0.3,0.0,0.15,4.538829591314026e-09,0.0,0.0,0.0,0.75,0.15,0.1,High,no engagement history; named account; engagement discounted (automation-heavy); segment L1,Flagged,3,Review blocker: non-prospect persona,False,Blocked
L00171,Laura,White,laura.white@yahoo.com,Individual Contributor of Something,,Individual Contributor,Non-Prospect: Employee,,,,,Professional Services,,2022-02-11,Employee Referral,Nurturing,False,,False,False,True,False,,True,True,49.0,0.0,False,,,Lead,Orphan Lead,,,,L00171,,,,,,,,,False,False,False,False,False,False,True,True,False,False,True,False,True,True,True,"no longer with company, non-prospect persona",3,"missing_account, missing_phone, missing_industry",0.0,0.0,0,0,0.0,0.0,0.0,,0.0,0.0,0.0,0.0,0.0,0.0,0.0,0.0,0.0,0.0,False,False,0.25,L2,0.55,3.75,2.0625,0.3,0.0,0.15,0.0,0.0,0.0,0.0,0.75,0.15,0.1,Medium,no engagement history; engagement discounted (automation-heavy); segment L2,Flagged,3,"Review blocker: no longer with company, non-prospect persona",False,Blocked
L00174,Amy,Rodriguez,grobinson@unknown.com,Individual Contributor of Something,Obsidian,Individual Contributor,Non-Prospect: Competitor,+1-555-9059,ACC0055,Manufacturing,1500.0,,,2024-01-01,Web,Disqualified,False,,True,True,False,False,,False,False,24.0,0.0,True,Bad Data,2022-07-17,Lead,Orphan Lead,,,,L00174,Obsidian Networks,obsidiannetworks.com,True,False,False,21.2,United States,437.9,False,False,False,False,True,True,False,True,False,False,False,False,False,False,True,non-prospect persona,0,,0.0,0.0,0,0,0.0,0.0,0.0,,0.0,0.0,0.0,0.0,0.0,0.0,0.0,0.0,0.0,0.0,False,True,1.0,L1,0.9,42.12,37.908,0.3,0.0,0.15,0.0,0.0,0.0,0.0,0.75,0.15,0.1,High,no engagement history; named account; engagement discounted (automation-heavy); segment L1,Flagged,3,Review blocker: non-prospect persona,False,Blocked
L00175,Anthony,Martinez,amartinez@unknown.com,Manager of Something,,Manager,Non-Prospect: Vendor,+1-555-8770,,,,,,2024-01-01,Webinar,Working,False,,False,False,True,True,C00197,False,False,80.0,0.0,False,,,Lead,Converted Lead - linked,,,,C00197,,,,,,,,,True,False,False,False,False,False,True,True,False,False,True,False,False,True,True,"no longer with company, non-prospect persona",3,"duplicate_email, missing_account, missing_industry",8.0,8.0,2026-01-06 00:00:00,2023-11-09 00:00:00,142.0,8.0,1.0,True,0.0,0.0,0.0,0.0,0.0,0.0,0.0,0.0,0.0,0.0,False,False,0.25,L3,0.45,3.75,1.6875,0.5,0.0,0.25,0.0,0.0,0.0,0.0,0.75,0.15,0.1,Medium,last engaged 142d ago; engagement discounted (automation-heavy); segment L3,Flagged,3,Do not action — record converted to contact C00197 (work the contact record instead),True,Converted
L00178,Sarah,Lopez,slopez@bastionnetworks.com,Individual Contributor of Something,Bastion Networks,Individual Contributor,Non-Prospect: Other,+1-555-5576,ACC0007,Energy,300.0,,,2024-01-01,Employee Referral,Nurturing,False,,False,False,False,False,,False,False,92.0,0.0,True,Bad Data,2023-03-19,Lead,Orphan Lead,,,,L00178,Bastion Networks,bastionnetworks.com,False,True,False,69.3,United States,37.8,True,False,False,False,False,False,False,True,False,False,False,False,False,False,True,non-prospect persona,1,duplicate_email,0.0,0.0,0,0,0.0,0.0,0.0,,0.0,0.0,0.0,0.0,0.0,0.0,0.0,0.0,0.0,0.0,True,False,0.65,L1,0.9,66.68,60.01200000000001,0.3,0.0,0.15,0.0,0.0,0.0,0.0,0.75,0.15,0.1,High,no engagement history; ICP industry (Energy); engagement discounted (automation-heavy); segment L1,Flagged,3,Review blocker: non-prospect persona,False,Blocked
L00180,Deborah,Martinez,dmartinez@kryptonventures.com,Unknown Title,Krypton Ventures Ltd,,Non-Prospect: Competitor,+1-555-1263,ACC0014,Financial Services,500.0,,,2024-01-01,Cold Call,Nurturing,False,,False,False,False,False,,False,False,77.0,0.0,False,,,Lead,Orphan Lead,,,,L00180,Krypton Ventures,kryptonventures.com,False,True,False,58.5,United States,127.1,False,False,False,False,False,False,False,True,False,False,False,False,False,False,True,non-prospect persona,0,,7.0,6.0,2025-07-26 00:00:00,2023-01-30 00:00:00,306.0,7.0,0.8571428571428571,True,0.0,0.0,0.0,0.0,0.0,0.0,0.0,0.0,0.0,0.0,True,False,1.0,L1,0.9,70.85,63.76499999999999,0.5,0.0,0.25,0.0,0.0,0.0,0.0,0.75,0.15,0.1,High,last engaged 306d ago; ICP industry (Financial Services); engagement discounted (automation-heavy); segment L1,Flagged,3,Review blocker: non-prospect persona,False,Blocked
L00181,Sharon,Flores,sflores@meridianpartners.com,,,,Non-Prospect: Employee,+1-555-5505,ACC0143,Financial Services,3500.0,,,2022-05-02,Web,Working,False,,False,True,False,True,C00268,False,False,12.0,0.0,True,Bad Data,2023-10-07,Lead,Converted Lead - linked,,,,C00268,Meridian Partners,meridianpartners.com,False,True,False,17.9,United States,1205.3,True,False,False,False,False,True,False,True,False,False,False,True,False,False,True,non-prospect persona,2,"duplicate_email, missing_title",15.0,13.0,2026-05-03 00:00:00,2023-03-10 00:00:00,25.0,14.0,0.8666666666666667,True,1.0,0.0,0.0,1.3685178783298597e-07,0.0,0.0,0.0,0.0,0.0,1.3685178783298597e-07,True,False,1.0,L1,0.9,66.79,60.111,0.5,0.0,0.25,1.134707397828506e-08,0.0,0.0,0.0,0.75,0.15,0.1,Medium,last engaged 25d ago; ICP industry (Financial Services); engagement discounted (automation-heavy); segment L1,Flagged,3,Do not action — record converted to contact C00268 (work the contact record instead),True,Converted
L00192,Christopher,Wilson,cwilson@umbrapartners.com,Unknown Title,Umbra Partners,,Non-Prospect: Employee,+1-555-5541,ACC0162,Software,1500.0,,,2024-01-01,Web,Nurturing,False,,True,True,False,False,,False,False,5.0,0.0,False,,,Lead,Orphan Lead,,,,L00192,Umbra Partners,umbrapartners.com,False,True,False,43.5,United States,382.2,False,False,False,False,True,True,False,True,False,False,False,False,False,False,True,non-prospect persona,0,,1.0,0.0,2025-05-21 00:00:00,2025-05-21 00:00:00,372.0,0.0,0.0,False,1.0,0.0,0.0,0.0,0.0,0.0,0.0,0.0185023994935351,0.0,0.0185023994935351,True,False,1.0,L1,0.9,69.35,62.415,0.5,0.0,0.25,0.0015341275342719,0.0,0.0,0.0,0.75,0.15,0.1,High,last engaged 372d ago; ICP industry (Software); segment L1,Flagged,3,Review blocker: non-prospect persona,False,Blocked
L00195,Paul,Mitchell,newsletter@marketingblast.com,Manager of Something,Zenith Dynamics Inc.,Manager,Non-Prospect: Employee,+1-555-8710,ACC0038,Government,200.0,,,2024-01-01,Cold Call,Nurturing,False,,False,False,True,False,,False,False,49.0,0.0,False,,,Lead,Orphan Lead,,,,L00195,Zenith Dynamics,zenithdynamics.com,False,False,False,98.3,United Kingdom,34.9,True,True,False,False,False,False,True,True,False,False,False,False,False,False,True,"no longer with company, non-prospect persona",2,"duplicate_email, shared_email",0.0,0.0,0,0,0.0,0.0,0.0,,0.0,0.0,0.0,0.0,0.0,0.0,0.0,0.0,0.0,0.0,False,False,0.65,L1,0.9,19.58,17.622,0.5,0.0,0.25,0.0,0.0,0.0,0.0,0.75,0.15,0.1,Medium,no engagement history; engagement discounted (automation-heavy); segment L1,Flagged,3,"Review blocker: no longer with company, non-prospect persona",False,Blocked
L00196,Karen,Sanchez,ksanchez@umbragroup.com,Individual Contributor of Something,Umbra Group,Individual Contributor,Non-Prospect: Vendor,+1-555-4946,ACC0097,Financial Services,5000.0,,,2023-05-03,Trade Show,Working,False,,True,False,False,False,,False,False,33.0,0.0,False,,,Lead,Orphan Lead,,,,L00196,Umbra Group,umbragroup.com,False,True,False,27.8,United States,1815.7,False,False,False,False,True,False,False,True,False,False,False,False,False,False,True,non-prospect persona,0,,14.0,13.0,2026-05-28 00:00:00,2023-03-16 00:00:00,0.0,13.0,0.9285714285714286,True,1.0,0.0,0.0,0.0,0.0,0.0,7.06242347853931e-05,0.0,0.0,7.06242347853931e-05,True,False,1.0,L1,0.9,67.78,61.002,0.3,0.0,0.15,5.855812550637858e-06,0.0,0.0,0.0,0.75,0.15,0.1,High,no engagement history; ICP industry (Financial Services); engagement discounted (automation-heavy); segment L1,Flagged,3,Review blocker: non-prospect persona,False,Blocked
L00204,Jason,Gonzalez,jgonzalez@forgegroup.com,Director of Something,Forge Group,Director,Non-Prospect: Competitor,,ACC0094,Retail,25000.0,,,2022-10-10,Webinar,Disqualified,False,,False,False,False,False,,False,False,68.0,0.0,False,,,Lead,Orphan Lead,,,,L00204,Forge Group,forgegroup.com,False,False,False,9.9,United States,9738.3,False,False,False,False,False,False,False,True,False,False,False,False,True,False,True,non-prospect persona,1,missing_phone,0.0,0.0,0,0,0.0,0.0,0.0,,0.0,0.0,0.0,0.0,0.0,0.0,0.0,0.0,0.0,0.0,False,False,0.65,L1,0.9,10.74,9.666,0.7,0.0,0.35,0.0,0.0,0.0,0.0,0.75,0.15,0.1,High,no engagement history; engagement discounted (automation-heavy); segment L1,Flagged,3,Review blocker: non-prospect persona,False,Blocked
L00206,Michael,Jones,mjones@unknown.com,Director of Something,,Director,Non-Prospect: Partner,+1-555-6723,,,,Professional Services,10000.0,2024-01-01,Event,MQL,True,2023-12-13,False,False,False,False,,False,False,6.0,3.0,False,,,Lead,Orphan Lead,,,,L00206,,,,,,,,,False,False,False,False,False,False,False,True,False,False,True,False,False,True,True,non-prospect persona,2,"missing_account, missing_industry",1.0,1.0,2024-03-14 00:00:00,2024-03-14 00:00:00,805.0,1.0,1.0,True,0.0,0.0,0.0,0.0,0.0,0.0,0.0,0.0,0.0,0.0,False,False,1.0,L2,0.55,15.0,8.25,0.7,0.0,0.35,0.0,0.0,0.0,0.0,0.75,0.15,0.1,Medium,last engaged 805d ago; engagement discounted (automation-heavy); segment L2,Flagged,3,Review blocker: non-prospect persona,False,Blocked
L00208,Nancy,Flores,nflores@unknown.com,,,Individual Contributor,Non-Prospect: Partner,+1-555-4237,,,,,,2024-01-01,Web,Nurturing,False,,True,False,False,False,,False,False,79.0,0.0,False,,,Lead,Orphan Lead,,,,L00208,,,,,,,,,False,False,False,False,True,False,False,True,False,False,True,True,False,True,True,non-prospect persona,3,"missing_account, missing_title, missing_industry",0.0,0.0,0,0,0.0,0.0,0.0,,0.0,0.0,0.0,0.0,0.0,0.0,0.0,0.0,0.0,0.0,False,False,0.25,L3,0.45,3.75,1.6875,0.3,0.0,0.15,0.0,0.0,0.0,0.0,0.75,0.15,0.1,Medium,no engagement history; engagement discounted (automation-heavy); segment L3,Flagged,3,Review blocker: non-prospect persona,False,Blocked
L00220,Michelle,Brown,mbrown@kryptonventures.com,Unknown Title,Krypton Ventures LLC,,Non-Prospect: Competitor,+1-555-9565,ACC0014,Financial Services,500.0,,,2024-01-01,Web,Working,False,,False,False,False,False,,False,False,39.0,0.0,False,,,Lead,Orphan Lead,,,,L00220,Krypton Ventures,kryptonventures.com,False,True,False,58.5,United States,127.1,False,False,False,False,False,False,False,True,False,False,False,False,False,False,True,non-prospect persona,0,,2.0,0.0,2025-07-03 00:00:00,2024-04-10 00:00:00,329.0,1.0,0.0,False,1.0,0.0,0.0,0.0,0.0,0.0,0.0,0.0,7.802949270759727e-07,7.802949270759727e-07,True,False,1.0,L1,0.9,70.85,63.76499999999999,0.5,0.0,0.25,6.469819943614557e-08,0.0,0.0,0.0,0.75,0.15,0.1,High,last engaged 329d ago; ICP industry (Financial Services); segment L1,Flagged,3,Review blocker: non-prospect persona,False,Blocked
L00225,Jennifer,Baker,jbaker@ciphercorp.com,Individual Contributor of Something,Cipher Corp,Individual Contributor,Non-Prospect: Competitor,+1-555-8835,ACC0121,Telecommunications,75.0,,,2024-01-01,Cold Call,Nurturing,False,,True,False,False,False,,False,False,52.0,0.0,False,,,Lead,Orphan Lead,,,,L00225,Cipher Corp,ciphercorp.com,False,True,False,9.7,United States,3.2,False,False,False,False,True,False,False,True,False,False,False,False,False,False,True,non-prospect persona,0,,0.0,0.0,0,0,0.0,0.0,0.0,,0.0,0.0,0.0,0.0,0.0,0.0,0.0,0.0,0.0,0.0,True,False,0.25,L1,0.9,54.72,49.248,0.3,0.0,0.15,0.0,0.0,0.0,0.0,0.75,0.15,0.1,High,no engagement history; ICP industry (Telecommunications); engagement discounted (automation-heavy); segment L1,Flagged,3,Review blocker: non-prospect persona,False,Blocked
L00228,Paul,Jones,pjones@unknown.com,Individual Contributor of Something,,Individual Contributor,Non-Prospect: Competitor,+1-555-3040,,,,Manufacturing,,2022-09-28,Content Syndication,MQL,True,2023-03-22,False,False,False,True,C00307,False,False,98.0,4.0,False,,,Lead,Converted Lead - linked,,,,C00307,,,,,,,,,True,False,False,False,False,False,False,True,False,False,True,False,False,True,True,non-prospect persona,3,"duplicate_email, missing_account, missing_industry",1.0,0.0,2025-09-22 00:00:00,2025-09-22 00:00:00,248.0,1.0,0.0,False,0.0,0.0,0.0,0.0,0.0,0.0,0.0,0.0,0.0,0.0,False,False,0.25,L2,0.55,3.75,2.0625,0.3,0.0,0.15,0.0,0.0,0.0,0.0,0.75,0.15,0.1,Medium,last engaged 248d ago; segment L2,Flagged,3,Do not action — record converted to contact C00307 (work the contact record instead),True,Converted
L00241,Betty,Thompson,bthompson@unknown.com,Manager of Something,,Manager,Non-Prospect: Competitor,,,,,Government,,2022-06-08,Web,Open,False,,False,False,False,True,C00387,False,False,19.0,0.0,False,,,Lead,Converted Lead - linked,,,,C00387,,,,,,,,,True,False,False,False,False,False,False,True,False,False,True,False,True,True,True,non-prospect persona,4,"duplicate_email, missing_account, missing_phone, missing_industry",8.0,6.0,2025-10-01 00:00:00,2023-03-10 00:00:00,239.0,6.0,0.75,True,2.0,0.0,0.0,0.0,0.0,1.950737317689935e-07,0.0,0.0,3.00204918822176e-08,2.2509422365121106e-07,False,False,0.25,L2,0.55,3.75,2.0625,0.5,0.0,0.25,1.8663700696201603e-08,0.0,0.0,0.0,0.75,0.15,0.1,Low,last engaged 239d ago; engagement discounted (automation-heavy); segment L2,Flagged,3,Do not action — record converted to contact C00387 (work the contact record instead),True,Converted
L00244,Kenneth,Martinez,kmartinez@aethernetworks.com,Director of Something,Aether Networks,Director,Non-Prospect: Partner,+1-555-2056,ACC0008,Financial Services,1000.0,,,2024-01-01,Partner Referral,Disqualified,False,,False,False,False,False,,False,False,75.0,0.0,False,,,Lead,Orphan Lead,,,,L00244,Aether Networks,aethernetworks.com,False,True,False,17.3,United States,301.0,False,False,False,False,False,False,False,True,False,False,False,False,False,False,True,non-prospect persona,0,,0.0,0.0,0,0,0.0,0.0,0.0,,0.0,0.0,0.0,0.0,0.0,0.0,0.0,0.0,0.0,0.0,True,False,1.0,L1,0.9,66.73,60.057,0.7,0.0,0.35,0.0,0.0,0.0,0.0,0.75,0.15,0.1,High,no engagement history; ICP industry (Financial Services); engagement discounted (automation-heavy); segment L1,Flagged,3,Review blocker: non-prospect persona,False,Blocked
L00247,Timothy,Nguyen,tnguyen@impulsesystems.com,C-Level of Something,Impulse,C-Level,Non-Prospect: Vendor,+1-555-6159,ACC0188,Software,5000.0,,,2024-01-01,Event,Disqualified,False,,False,False,False,True,C00219,False,False,58.0,0.0,False,,,Lead,Converted Lead - linked,,,,C00219,Impulse Systems,impulsesystems.com,False,True,False,5.0,United States,1829.4,True,False,False,False,False,False,False,True,False,False,False,False,False,False,True,non-prospect persona,1,duplicate_email,13.0,8.0,2026-05-20 00:00:00,2023-02-21 00:00:00,8.0,10.0,0.6153846153846154,False,3.0,0.0,0.0,0.0,6.0997837304876806e-05,0.0,0.0015980440106515,0.0,0.0,0.0016590418479564,True,False,1.0,L1,0.9,65.5,58.95,1.0,0.0,0.5,0.0001375595516867,0.0,0.0,0.0,0.75,0.15,0.1,High,last engaged 8d ago; ICP industry (Software); segment L1,Flagged,3,Do not action — record converted to contact C00219 (work the contact record instead),True,Converted
L00248,Angela,Williams,awilliams@apexventures.com,VP of Something,Apex Ventures,VP,Non-Prospect: Employee,+1-555-3431,ACC0152,Telecommunications,75.0,,,2024-01-01,Webinar,Working,False,,False,False,False,False,,False,False,59.0,0.0,False,,,Lead,Orphan Lead,,,,L00248,Apex Ventures,apexventures.com,True,True,False,24.8,United States,2.9,False,False,False,False,False,False,False,True,False,False,False,False,False,False,True,non-prospect persona,0,,3.0,1.0,2025-05-18 00:00:00,2023-09-25 00:00:00,375.0,1.0,0.3333333333333333,False,2.0,0.0,0.0,1.608758326582353e-07,0.0,0.0,0.0,0.0,2.93527701698522e-05,2.951364600251043e-05,True,True,0.25,L1,0.9,81.23,73.107,0.85,0.0,0.425,2.447125681456988e-06,0.0,0.0,0.0,0.75,0.15,0.1,High,last engaged 375d ago; ICP industry (Telecommunications); named account; segment L1,Flagged,3,Review blocker: non-prospect persona,False,Blocked
L00250,Timothy,Rodriguez,trodriguez@dynexsystems.com,Individual Contributor of Something,Dynex Systems Corp,Individual Contributor,Non-Prospect: Other,+1-555-9412,ACC0164,Financial Services,25000.0,,,2023-04-25,Content Syndication,Disqualified,False,,True,False,False,False,,False,False,77.0,0.0,False,,,Lead,Orphan Lead,,,,L00250,Dynex Systems,dynexsystems.com,False,True,False,12.6,United Kingdom,16956.7,False,False,False,False,True,False,False,True,False,False,False,False,False,False,True,non-prospect persona,0,,10.0,8.0,2026-05-13 00:00:00,2023-02-17 00:00:00,15.0,8.0,0.8,True,2.0,0.0,0.0,0.0,9.313225746154812e-07,0.0,0.0,0.0,5.6020218696543924e-08,9.87342793312025e-07,True,False,0.65,L1,0.9,61.01,54.909,0.3,0.0,0.15,8.186558535362989e-08,0.0,0.0,0.0,0.75,0.15,0.1,High,last engaged 15d ago; ICP industry (Financial Services); engagement discounted (automation-heavy); segment L1,Flagged,3,Review blocker: non-prospect persona,False,Blocked
L00252,Nancy,Young,nyoung@radiantgroup.com,,Radiant Group Ltd,Individual Contributor,Non-Prospect: Employee,+1-555-9136,ACC0166,Healthcare,7500.0,,,2024-01-01,Web,Nurturing,False,,False,False,False,False,,False,False,11.0,0.0,False,,,Lead,Orphan Lead,,,,L00252,Radiant Group,radiantgroup.com,False,True,True,48.2,Canada,2732.2,False,False,False,False,False,False,False,True,True,False,False,True,False,False,True,"account do-not-contact, non-prospect persona",1,missing_title,0.0,0.0,0,0,0.0,0.0,0.0,,0.0,0.0,0.0,0.0,0.0,0.0,0.0,0.0,0.0,0.0,True,False,1.0,L1,0.9,69.82,62.838,0.3,0.0,0.15,0.0,0.0,0.0,0.0,0.75,0.15,0.1,High,no engagement history; ICP industry (Healthcare); engagement discounted (automation-heavy); segment L1,Flagged,3,"Review blocker: account do-not-contact, non-prospect persona",False,Blocked
L00257,Edward,Lopez,elopez@quantumcorp.com,Manager of Something,Quantum Corp,Manager,Non-Prospect: Competitor,+1-555-1049,ACC0017,Government,150.0,,,2023-08-24,Web,Nurturing,False,,False,False,False,False,,False,False,11.0,0.0,True,No Longer With Company,2023-11-21,Lead,Orphan Lead,,,,L00257,Quantum Corp,quantumcorp.com,True,False,False,88.0,Netherlands,23.4,False,False,False,False,False,False,False,True,False,False,False,False,False,False,True,non-prospect persona,0,,4.0,1.0,2025-11-24 00:00:00,2023-03-19 00:00:00,185.0,2.0,0.25,False,2.0,0.0,0.0,1.995113015608925e-09,1.2870066612658826e-06,0.0,0.0,0.0,0.0,1.2890017742814916e-06,False,True,0.65,L1,0.9,43.55,39.195,0.5,0.0,0.25,1.0687765737311997e-07,0.0,0.0,0.0,0.75,0.15,0.1,High,last engaged 185d ago; named account; segment L1,Flagged,3,Review blocker: non-prospect persona,False,Blocked
L00264,Shirley,Nelson,snelson@unknown.com,Individual Contributor of Something,,Individual Contributor,Non-Prospect: Other,+1-555-1070,,,,Financial Services,,2022-09-08,Content Syndication,Nurturing,False,,False,False,False,False,,False,False,53.0,0.0,False,,,Lead,Orphan Lead,,,,L00264,,,,,,,,,True,False,False,False,False,False,False,True,False,False,True,False,False,True,True,non-prospect persona,3,"duplicate_email, missing_account, missing_industry",0.0,0.0,0,0,0.0,0.0,0.0,,0.0,0.0,0.0,0.0,0.0,0.0,0.0,0.0,0.0,0.0,True,False,0.25,L2,0.55,53.75,29.562500000000004,0.3,0.0,0.15,0.0,0.0,0.0,0.0,0.75,0.15,0.1,Medium,no engagement history; ICP industry (nan); engagement discounted (automation-heavy); segment L2,Flagged,3,Review blocker: non-prospect persona,False,Blocked
L00271,Jeffrey,Gonzalez,jgonzalez@orbitdynamics.com,Individual Contributor of Something,Orbit,Individual Contributor,Non-Prospect: Competitor,,ACC0111,Government,3500.0,,,2024-01-01,Partner Referral,Nurturing,False,,False,False,False,True,C00080,False,False,78.0,0.0,False,,,Lead,Converted Lead - linked,,,,C00080,Orbit Dynamics,orbitdynamics.com,True,False,False,76.5,United States,639.8,True,False,False,False,False,False,False,True,False,False,False,False,True,False,True,non-prospect persona,2,"duplicate_email, missing_phone",13.0,11.0,2025-04-25 00:00:00,2023-02-17 00:00:00,398.0,11.0,0.8461538461538461,True,2.0,0.0,0.0,0.0,1.7785310818076472e-06,0.0,0.0,7.280409100906905e-07,0.0,2.5065719918983377e-06,False,True,1.0,L1,0.9,47.65,42.885,0.3,0.0,0.15,2.078325630548483e-07,0.0,0.0,0.0,0.75,0.15,0.1,Medium,last engaged 398d ago; named account; engagement discounted (automation-heavy); segment L1,Flagged,3,Do not action — record converted to contact C00080 (work the contact record instead),True,Converted
L00276,Ashley,Gonzalez,ashley.gonzalez@outlook.com,Manager of Something,,Manager,Non-Prospect: Other,+1-555-4139,,,,,25.0,2022-05-26,Partner Referral,Disqualified,False,,False,False,False,True,,True,True,0.0,0.0,False,,,Lead,Converted Lead - broken link,,,,L00276,,,,,,,,,True,False,True,False,False,False,False,True,False,False,True,False,False,True,True,non-prospect persona,4,"duplicate_email, broken_conversion_link, missing_account, missing_industry",0.0,0.0,0,0,0.0,0.0,0.0,,0.0,0.0,0.0,0.0,0.0,0.0,0.0,0.0,0.0,0.0,False,False,0.25,L2,0.55,3.75,2.0625,0.5,0.0,0.25,0.0,0.0,0.0,0.0,0.75,0.15,0.1,Low,no engagement history; engagement discounted (automation-heavy); segment L2,Flagged,3,Review blocker: non-prospect persona | Note: broken conversion link (DQ-1),False,Blocked
L00287,Andrew,Rivera,arivera@radianttechnologies.com,,Radiant,Individual Contributor,Non-Prospect: Competitor,+1-555-1583,ACC0153,Professional Services,50.0,,,2024-01-01,Webinar,Open,False,,False,False,False,True,C00384,False,False,14.0,0.0,False,,,Lead,Converted Lead - linked,,,,C00384,Radiant Technologies,radianttechnologies.com,True,False,False,24.5,United States,4.8,True,False,False,False,False,False,False,True,False,False,False,True,False,False,True,non-prospect persona,2,"duplicate_email, missing_title",0.0,0.0,0,0,0.0,0.0,0.0,,0.0,0.0,0.0,0.0,0.0,0.0,0.0,0.0,0.0,0.0,False,True,0.25,L1,0.9,31.2,28.08,0.3,0.0,0.15,0.0,0.0,0.0,0.0,0.75,0.15,0.1,Medium,no engagement history; named account; engagement discounted (automation-heavy); segment L1,Flagged,3,Do not action — record converted to contact C00384 (work the contact record instead),True,Converted
L00292,Betty,Moore,bmoore@unknown.com,Director of Something,,Director,Non-Prospect: Other,+1-555-1053,,,,Manufacturing,,2024-01-01,Content Syndication,Disqualified,False,,False,False,False,False,,False,False,14.0,0.0,False,,,Lead,Orphan Lead,,,,L00292,,,,,,,,,False,False,False,False,False,False,False,True,False,False,True,False,False,True,True,non-prospect persona,2,"missing_account, missing_industry",0.0,0.0,0,0,0.0,0.0,0.0,,0.0,0.0,0.0,0.0,0.0,0.0,0.0,0.0,0.0,0.0,False,False,0.25,L2,0.55,3.75,2.0625,0.7,0.0,0.35,0.0,0.0,0.0,0.0,0.75,0.15,0.1,Medium,no engagement history; engagement discounted (automation-heavy); segment L2,Flagged,3,Review blocker: non-prospect persona,False,Blocked
L00293,Deborah,Young,dyoung@unknown.com,Manager of Something,,Manager,Non-Prospect: Other,+1-555-3517,,,,,100.0,2022-08-02,Web,Open,False,,False,False,False,False,,False,False,86.0,0.0,False,,,Lead,Orphan Lead,,,,L00293,,,,,,,,,False,False,False,False,False,False,False,True,False,False,True,False,False,True,True,non-prospect persona,2,"missing_account, missing_industry",0.0,0.0,0,0,0.0,0.0,0.0,,0.0,0.0,0.0,0.0,0.0,0.0,0.0,0.0,0.0,0.0,False,False,0.65,L2,0.55,9.75,5.362500000000001,0.5,0.0,0.25,0.0,0.0,0.0,0.0,0.75,0.15,0.1,Medium,no engagement history; engagement discounted (automation-heavy); segment L2,Flagged,3,Review blocker: non-prospect persona,False,Blocked
L00307,Timothy,Flores,timothy.flores@gmail.com,Individual Contributor of Something,Nimbus Solutions & Co,Individual Contributor,Non-Prospect: Competitor,,ACC0071,Education,50000.0,,,2022-08-30,Content Syndication,MQL,True,2023-05-12,False,False,False,False,,True,True,52.0,2.0,False,,,Lead,Orphan Lead,,,,L00307,Nimbus Solutions,nimbussolutions.com,False,False,False,74.4,United States,37672.9,False,False,False,False,False,False,False,True,False,False,False,False,True,False,True,non-prospect persona,1,missing_phone,0.0,0.0,0,0,0.0,0.0,0.0,,0.0,0.0,0.0,0.0,0.0,0.0,0.0,0.0,0.0,0.0,False,False,0.65,L1,0.9,17.19,15.471000000000002,0.3,0.0,0.15,0.0,0.0,0.0,0.0,0.75,0.15,0.1,High,no engagement history; engagement discounted (automation-heavy); segment L1,Flagged,3,Review blocker: non-prospect persona,False,Blocked
L00309,Edward,Martin,emartin@eclipsedynamics.com,,Eclipse Dynamics Inc.,Manager,Non-Prospect: Competitor,,ACC0141,Education,10000.0,,,2024-01-01,Web,Open,False,,False,False,True,True,C00212,False,False,81.0,0.0,True,No Longer With Company,2022-04-06,Lead,Converted Lead - linked,,,,C00212,Eclipse Dynamics,eclipsedynamics.com,False,False,True,26.5,United States,3530.2,True,False,False,False,False,False,True,True,True,False,False,True,True,False,True,"no longer with company, account do-not-contact, non-prospect persona",3,"duplicate_email, missing_title, missing_phone",1.0,1.0,2023-04-30 00:00:00,2023-04-30 00:00:00,1124.0,1.0,1.0,True,0.0,0.0,0.0,0.0,0.0,0.0,0.0,0.0,0.0,0.0,False,False,1.0,L1,0.9,17.65,15.885,0.5,0.0,0.25,0.0,0.0,0.0,0.0,0.75,0.15,0.1,Medium,last engaged 1124d ago; engagement discounted (automation-heavy); segment L1,Flagged,3,Do not action — record converted to contact C00212 (work the contact record instead),True,Converted
L00321,Andrew,Walker,awalker@unknown.com,C-Level of Something,,C-Level,Non-Prospect: Partner,,,,,Education,25.0,2024-01-01,Web,MQL,True,2023-01-11,False,False,False,True,C00366,False,False,77.0,1.0,False,,,Lead,Converted Lead - linked,,,,C00366,,,,,,,,,True,False,False,False,False,False,False,True,False,False,True,False,True,True,True,non-prospect persona,4,"duplicate_email, missing_account, missing_phone, missing_industry",0.0,0.0,0,0,0.0,0.0,0.0,,0.0,0.0,0.0,0.0,0.0,0.0,0.0,0.0,0.0,0.0,False,False,0.25,L2,0.55,3.75,2.0625,1.0,0.0,0.5,0.0,0.0,0.0,0.0,0.75,0.15,0.1,Low,no engagement history; engagement discounted (automation-heavy); segment L2,Flagged,3,Do not action — record converted to contact C00366 (work the contact record instead),True,Converted
L00353,Melissa,Gonzalez,mgonzalez@fusionlabs.com,Unknown Title,Fusion Labs Ltd,,Non-Prospect: Employee,+1-555-2585,ACC0020,Manufacturing,75.0,,,2024-01-01,Partner Referral,Nurturing,False,,True,False,False,False,,False,False,10.0,0.0,False,,,Lead,Orphan Lead,,,,L00353,Fusion Labs,fusionlabs.com,False,False,False,27.3,United States,2.7,False,False,False,False,True,False,False,True,False,False,False,False,False,False,True,non-prospect persona,0,,2.0,0.0,2025-07-18 00:00:00,2025-03-15 00:00:00,314.0,0.0,0.0,False,2.0,0.0,0.0,0.7066744323439349,0.0196742295599301,0.0,0.0,0.0,0.0,0.726348661903865,False,False,0.25,L1,0.9,6.48,5.832000000000001,0.5,0.0,0.25,0.0602252417097391,0.0,0.0,0.0,0.75,0.15,0.1,High,last engaged 314d ago; segment L1,Flagged,3,Review blocker: non-prospect persona,False,Blocked
L00355,Jessica,Baker,jbaker@latticegroup.com,Individual Contributor of Something,Lattice Group,Individual Contributor,Non-Prospect: Partner,+1-555-1692,ACC0033,Professional Services,750.0,,,2024-01-01,Web,MQL,True,2023-05-01,False,False,False,False,,False,False,77.0,2.0,False,,,Lead,Orphan Lead,,,,L00355,Lattice Group,latticegroup.com,False,False,True,39.6,United States,153.8,False,False,False,False,False,False,False,True,True,False,False,False,False,False,True,"account do-not-contact, non-prospect persona",0,,0.0,0.0,0,0,0.0,0.0,0.0,,0.0,0.0,0.0,0.0,0.0,0.0,0.0,0.0,0.0,0.0,False,False,1.0,L1,0.9,18.96,17.064,0.3,0.0,0.15,0.0,0.0,0.0,0.0,0.75,0.15,0.1,High,no engagement history; engagement discounted (automation-heavy); segment L1,Flagged,3,"Review blocker: account do-not-contact, non-prospect persona",False,Blocked
L00363,Susan,Clark,sclark@unknown.com,Director of Something,,Director,Non-Prospect: Employee,+1-555-6599,,,,Energy,25000.0,2024-01-01,Cold Call,MQL,True,2023-10-25,False,True,False,False,,False,False,28.0,1.0,False,,,Lead,Orphan Lead,,,,L00363,,,,,,,,,False,False,False,False,False,True,False,True,False,False,True,False,False,True,True,non-prospect persona,2,"missing_account, missing_industry",0.0,0.0,0,0,0.0,0.0,0.0,,0.0,0.0,0.0,0.0,0.0,0.0,0.0,0.0,0.0,0.0,True,False,0.65,L2,0.55,59.75,32.862500000000004,0.7,0.0,0.35,0.0,0.0,0.0,0.0,0.75,0.15,0.1,Medium,no engagement history; ICP industry (nan); engagement discounted (automation-heavy); segment L2,Flagged,3,Review blocker: non-prospect persona,False,Blocked
L00378,Amy,Jackson,ajackson@dynextechnologies.com,Director of Something,Dynex Technologies,Director,Non-Prospect: Employee,+1-555-3181,ACC0060,Financial Services,200.0,,,2024-01-01,Web,Nurturing,False,,False,False,False,False,,False,False,46.0,0.0,False,,,Lead,Orphan Lead,,,,L00378,Dynex Technologies,dynextechnologies.com,False,True,False,51.7,United States,27.4,False,False,False,False,False,False,False,True,False,False,False,False,False,False,True,non-prospect persona,0,,0.0,0.0,0,0,0.0,0.0,0.0,,0.0,0.0,0.0,0.0,0.0,0.0,0.0,0.0,0.0,0.0,True,False,0.65,L1,0.9,64.92,58.428,0.7,0.0,0.35,0.0,0.0,0.0,0.0,0.75,0.15,0.1,High,no engagement history; ICP industry (Financial Services); engagement discounted (automation-heavy); segment L1,Flagged,3,Review blocker: non-prospect persona,False,Blocked
L00405,Shirley,Campbell,shirley.campbell@hotmail.com,Individual Contributor of Something,,Individual Contributor,Non-Prospect: Competitor,+1-555-3201,,,,Software,,2024-01-01,Cold Call,Nurturing,False,,False,False,False,False,,True,True,43.0,0.0,False,,,Lead,Orphan Lead,,,,L00405,,,,,,,,,False,False,False,False,False,False,False,True,False,False,True,False,False,True,True,non-prospect persona,2,"missing_account, missing_industry",0.0,0.0,0,0,0.0,0.0,0.0,,0.0,0.0,0.0,0.0,0.0,0.0,0.0,0.0,0.0,0.0,True,False,0.25,L2,0.55,53.75,29.562500000000004,0.3,0.0,0.15,0.0,0.0,0.0,0.0,0.75,0.15,0.1,Medium,no engagement history; ICP industry (nan); engagement discounted (automation-heavy); segment L2,Flagged,3,Review blocker: non-prospect persona,False,Blocked
L00409,Margaret,Rodriguez,mrodriguez@vertexsystems.com,Manager of Something,Vertex Systems,Manager,Non-Prospect: Competitor,+1-555-1339,ACC0140,Software,25000.0,,,2024-01-01,Web,MQL,True,2023-07-02,False,False,False,True,C00270,False,False,71.0,1.0,False,,,Lead,Converted Lead - linked,,,,C00270,Vertex Systems,vertexsystems.com,False,True,False,10.0,United States,13363.2,True,False,False,False,False,False,False,True,False,False,False,False,False,False,True,non-prospect persona,1,duplicate_email,16.0,13.0,2026-05-03 00:00:00,2023-03-30 00:00:00,25.0,13.0,0.8125,True,3.0,0.0,0.0,0.0,4.9545639523434014e-05,0.0,0.0023127999366918,0.0,0.0,0.0023623455762153,True,False,0.65,L1,0.9,60.75,54.675,0.5,0.0,0.25,0.0001958740213778,0.0,0.0,0.0,0.75,0.15,0.1,High,last engaged 25d ago; ICP industry (Software); engagement discounted (automation-heavy); segment L1,Flagged,3,Do not action — record converted to contact C00270 (work the contact record instead),True,Converted
L00411,Christopher,Hernandez,chernandez@radiantdynamics.com,,Radiant Dynamics Inc.,,Non-Prospect: Competitor,+1-555-7629,ACC0015,Software,5000.0,,,2024-01-01,Webinar,MQL,True,2022-09-27,False,False,True,False,,False,False,48.0,1.0,False,,,Lead,Orphan Lead,,,,L00411,Radiant Dynamics,radiantdynamics.com,True,True,False,12.7,United States,1293.3,False,False,False,False,False,False,True,True,False,False,False,True,False,False,True,"no longer with company, non-prospect persona",1,missing_title,1.0,0.0,2024-06-10 00:00:00,2024-06-10 00:00:00,717.0,0.0,0.0,False,1.0,0.0,0.0,0.0,3.194133825708316e-05,0.0,0.0,0.0,0.0,3.194133825708316e-05,True,True,1.0,L1,0.9,91.27,82.143,0.5,0.0,0.25,2.648417926486078e-06,0.0,0.0,0.0,0.75,0.15,0.1,High,last engaged 717d ago; ICP industry (Software); named account; segment L1,Flagged,3,"Review blocker: no longer with company, non-prospect persona",False,Blocked
L00423,Emily,Miller,emiller@apexpartners.com,VP of Something,Apex Partners LLC,VP,Non-Prospect: Other,+1-555-7240,ACC0191,Professional Services,50.0,,,2024-01-01,Event,Open,False,,False,False,False,False,,False,False,53.0,0.0,False,,,Lead,Orphan Lead,,,,L00423,Apex Partners,apexpartners.com,False,False,False,62.3,Canada,2.5,False,False,False,False,False,False,False,True,False,False,False,False,False,False,True,non-prospect persona,0,,2.0,0.0,2024-04-30 00:00:00,2023-12-06 00:00:00,758.0,1.0,0.0,False,1.0,0.0,0.0,0.0,0.0,0.0,0.0,0.0,1.2386409880858503e-06,1.2386409880858503e-06,False,False,0.25,L1,0.9,9.98,8.982000000000001,0.85,0.0,0.425,1.02701989845386e-07,0.0,0.0,0.0,0.75,0.15,0.1,High,last engaged 758d ago; segment L1,Flagged,3,Review blocker: non-prospect persona,False,Blocked
L00424,Donna,Clark,donna.clark@yahoo.com,Manager of Something,Solaris Corp,Manager,Non-Prospect: Other,+1-555-4606,ACC0066,Government,5000.0,,,2024-01-01,Partner Referral,Open,False,,False,True,False,False,,True,True,83.0,0.0,True,Bad Data,2023-08-04,Lead,Orphan Lead,,,,L00424,Solaris Corp,solariscorp.com,False,False,False,90.4,United States,2046.7,True,False,False,False,False,True,False,True,False,False,False,False,False,False,True,non-prospect persona,1,duplicate_email,1.0,0.0,2025-01-13 00:00:00,2025-01-13 00:00:00,500.0,0.0,0.0,False,1.0,0.0,0.0,0.0096124347678747,0.0,0.0,0.0,0.0,0.0,0.0096124347678747,False,False,1.0,L1,0.9,24.04,21.636,0.5,0.0,0.25,0.0007970155900018,0.0,0.0,0.0,0.75,0.15,0.1,High,last engaged 500d ago; segment L1,Flagged,3,Review blocker: non-prospect persona,False,Blocked
L00437,Christopher,Clark,cclark@dynexsystems.com,,Dynex Systems,Director,Non-Prospect: Employee,+1-555-1968,ACC0164,Financial Services,25000.0,,,2024-01-01,Cold Call,MQL,True,2022-11-06,False,False,True,False,,False,False,20.0,3.0,False,,,Lead,Orphan Lead,,,,L00437,Dynex Systems,dynexsystems.com,False,True,False,12.6,United Kingdom,16956.7,False,False,False,False,False,False,True,True,False,False,False,True,False,False,True,"no longer with company, non-prospect persona",1,missing_title,0.0,0.0,0,0,0.0,0.0,0.0,,0.0,0.0,0.0,0.0,0.0,0.0,0.0,0.0,0.0,0.0,True,False,0.65,L1,0.9,61.01,54.909,0.7,0.0,0.35,0.0,0.0,0.0,0.0,0.75,0.15,0.1,High,no engagement history; ICP industry (Financial Services); engagement discounted (automation-heavy); segment L1,Flagged,3,"Review blocker: no longer with company, non-prospect persona",False,Blocked
L00439,Richard,Scott,rscott@umbragroup.com,VP of Something,Umbra Group Ltd,VP,Non-Prospect: Employee,+1-555-2063,ACC0097,Financial Services,5000.0,,,2023-12-22,Event,MQL,True,2023-03-10,True,False,False,False,,False,False,1.0,4.0,False,,,Lead,Orphan Lead,,,,L00439,Umbra Group,umbragroup.com,False,True,False,27.8,United States,1815.7,False,False,False,False,True,False,False,True,False,False,False,False,False,False,True,non-prospect persona,0,,1.0,0.0,2024-08-06 00:00:00,2024-08-06 00:00:00,660.0,0.0,0.0,False,1.0,0.0,0.0,0.0,0.0001192092895507,0.0,0.0,0.0,0.0,0.0001192092895507,True,False,1.0,L1,0.9,67.78,61.002,0.85,0.0,0.425,9.884245203149296e-06,0.0,0.0,0.0,0.75,0.15,0.1,High,last engaged 660d ago; ICP industry (Financial Services); segment L1,Flagged,3,Review blocker: non-prospect persona,False,Blocked
L00441,Michael,Thompson,mthompson@emblemdynamics.com,Director of Something,Emblem Dynamics Corp,Director,Non-Prospect: Vendor,+1-555-6916,ACC0107,Manufacturing,25.0,,,2024-01-01,Advertisement,Nurturing,False,,False,False,False,False,,False,False,83.0,0.0,False,,,Lead,Orphan Lead,,,,L00441,Emblem Dynamics,emblemdynamics.com,False,False,False,49.6,United States,1.0,False,False,False,False,False,False,False,True,False,False,False,False,False,False,True,non-prospect persona,0,,0.0,0.0,0,0,0.0,0.0,0.0,,0.0,0.0,0.0,0.0,0.0,0.0,0.0,0.0,0.0,0.0,False,False,0.25,L1,0.9,8.71,7.839000000000001,0.7,0.0,0.35,0.0,0.0,0.0,0.0,0.75,0.15,0.1,High,no engagement history; engagement discounted (automation-heavy); segment L1,Flagged,3,Review blocker: non-prospect persona,False,Blocked
L00443,Cynthia,Moore,cmoore@unknown.com,Individual Contributor of Something,,Individual Contributor,Non-Prospect: Employee,+1-555-7239,,,,,15000.0,2024-01-01,Paid Search,Disqualified,False,,False,False,False,False,,False,False,28.0,0.0,False,,,Lead,Orphan Lead,,,,L00443,,,,,,,,,False,False,False,False,False,False,False,True,False,False,True,False,False,True,True,non-prospect persona,2,"missing_account, missing_industry",0.0,0.0,0,0,0.0,0.0,0.0,,0.0,0.0,0.0,0.0,0.0,0.0,0.0,0.0,0.0,0.0,False,False,0.65,L2,0.55,9.75,5.362500000000001,0.3,0.0,0.15,0.0,0.0,0.0,0.0,0.75,0.15,0.1,Medium,no engagement history; engagement discounted (automation-heavy); segment L2,Flagged,3,Review blocker: non-prospect persona,False,Blocked
L00449,Anthony,Flores,aflores@bastionnetworks.com,Manager of Something,Bastion Networks,Manager,Non-Prospect: Employee,,ACC0007,Energy,300.0,,,2024-01-01,Web,Nurturing,False,,False,False,False,True,C00304,False,False,53.0,0.0,False,,,Lead,Converted Lead - linked,,,,C00304,Bastion Networks,bastionnetworks.com,False,True,False,69.3,United States,37.8,True,False,False,False,False,False,False,True,False,False,False,False,True,False,True,non-prospect persona,2,"duplicate_email, missing_phone",11.0,8.0,2025-10-24 00:00:00,2023-11-14 00:00:00,216.0,8.0,0.7272727272727273,True,3.0,0.0,0.0,0.0,2.2585936881756787e-05,0.0,0.0,0.0001513863613098,2.5537446599794266e-08,0.0001739978356381,True,False,0.65,L1,0.9,66.68,60.01200000000001,0.5,0.0,0.25,1.4427040700823895e-05,0.0,0.0,0.0,0.75,0.15,0.1,Medium,last engaged 216d ago; ICP industry (Energy); engagement discounted (automation-heavy); segment L1,Flagged,3,Do not action — record converted to contact C00304 (work the contact record instead),True,Converted
L00452,Sharon,Perez,sperez@forgenetworks.com,Individual Contributor of Something,Forge Networks & Co,Individual Contributor,Non-Prospect: Competitor,,ACC0021,Government,750.0,,,2024-01-01,Paid Search,Nurturing,False,,False,False,False,False,,False,False,86.0,0.0,False,,,Lead,Orphan Lead,,,,L00452,Forge Networks,forgenetworks.com,False,False,False,5.1,Germany,175.6,False,False,False,False,False,False,False,True,False,False,False,False,True,False,True,non-prospect persona,1,missing_phone,0.0,0.0,0,0,0.0,0.0,0.0,,0.0,0.0,0.0,0.0,0.0,0.0,0.0,0.0,0.0,0.0,False,False,1.0,L1,0.9,15.51,13.959,0.3,0.0,0.15,0.0,0.0,0.0,0.0,0.75,0.15,0.1,High,no engagement history; engagement discounted (automation-heavy); segment L1,Flagged,3,Review blocker: non-prospect persona,False,Blocked
L00454,Matthew,Nguyen,mnguyen@latticegroup.com,Director of Something,Lattice Group & Co,Director,Non-Prospect: Other,+1-555-2055,ACC0033,Professional Services,750.0,,,2022-06-09,Advertisement,Nurturing,False,,True,False,False,True,,False,False,5.0,0.0,False,,,Lead,Converted Lead - broken link,,,,L00454,Lattice Group,latticegroup.com,False,False,True,39.6,United States,153.8,True,False,True,False,True,False,False,True,True,False,False,False,False,False,True,"account do-not-contact, non-prospect persona",2,"duplicate_email, broken_conversion_link",0.0,0.0,0,0,0.0,0.0,0.0,,0.0,0.0,0.0,0.0,0.0,0.0,0.0,0.0,0.0,0.0,False,False,1.0,L1,0.9,18.96,17.064,0.7,0.0,0.35,0.0,0.0,0.0,0.0,0.75,0.15,0.1,Medium,no engagement history; engagement discounted (automation-heavy); segment L1,Flagged,3,"Review blocker: account do-not-contact, non-prospect persona | Note: broken conversion link (DQ-1)",False,Blocked
L00456,Sharon,Flores,sflores@unknown.com,C-Level of Something,,C-Level,Non-Prospect: Employee,+1-555-1463,,,,,,2024-01-01,Content Syndication,Working,False,,False,False,False,True,C00277,False,False,70.0,0.0,False,,,Lead,Converted Lead - linked,,,,C00277,,,,,,,,,True,False,False,False,False,False,False,True,False,False,True,False,False,True,True,non-prospect persona,3,"duplicate_email, missing_account, missing_industry",15.0,15.0,2026-01-10 00:00:00,2023-03-13 00:00:00,138.0,15.0,1.0,True,0.0,0.0,0.0,0.0,0.0,0.0,0.0,0.0,0.0,0.0,False,False,0.25,L3,0.45,3.75,1.6875,1.0,0.0,0.5,0.0,0.0,0.0,0.0,0.75,0.15,0.1,Medium,last engaged 138d ago; engagement discounted (automation-heavy); segment L3,Flagged,3,Do not action — record converted to contact C00277 (work the contact record instead),True,Converted
L00471,Michelle,Hernandez,mhernandez@novaventures.com,Manager of Something,,Manager,Non-Prospect: Competitor,,ACC0116,Financial Services,10000.0,,,2024-01-01,Web,Open,False,,True,False,False,True,C00392,False,False,89.0,0.0,False,,,Lead,Converted Lead - linked,,,,C00392,Nova Ventures,novaventures.com,True,True,False,95.3,United States,2734.1,True,False,False,False,True,False,False,True,False,False,False,False,True,False,True,non-prospect persona,2,"duplicate_email, missing_phone",3.0,0.0,2025-12-07 00:00:00,2024-03-17 00:00:00,172.0,3.0,0.0,False,0.0,0.0,0.0,0.0,0.0,0.0,0.0,0.0,0.0,0.0,True,True,1.0,L1,0.9,99.53,89.577,0.5,0.0,0.25,0.0,0.0,0.0,0.0,0.75,0.15,0.1,Medium,last engaged 172d ago; ICP industry (Financial Services); named account; segment L1,Flagged,3,Do not action — record converted to contact C00392 (work the contact record instead),True,Converted
L00478,Paul,Roberts,proberts@finessesystems.com,Manager of Something,Finesse Systems,Manager,Non-Prospect: Partner,+1-555-8233,ACC0075,Retail,2000.0,,,2024-01-01,Employee Referral,Nurturing,False,,False,True,False,False,,False,False,28.0,0.0,False,,,Lead,Orphan Lead,,,,L00478,Finesse Systems,finessesystems.com,False,False,False,71.9,Sweden,385.6,False,False,False,False,False,True,False,True,False,False,False,False,False,False,True,non-prospect persona,0,,0.0,0.0,0,0,0.0,0.0,0.0,,0.0,0.0,0.0,0.0,0.0,0.0,0.0,0.0,0.0,0.0,False,False,1.0,L1,0.9,22.19,19.971,0.5,0.0,0.25,0.0,0.0,0.0,0.0,0.75,0.15,0.1,High,no engagement history; engagement discounted (automation-heavy); segment L1,Flagged,3,Review blocker: non-prospect persona,False,Blocked
L00482,Steven,Taylor,staylor@junctionsolutions.com,Individual Contributor of Something,Junction Solutions Ltd,Individual Contributor,Non-Prospect: Other,,ACC0173,Healthcare,25.0,,,2024-01-01,Webinar,Working,False,,False,False,False,False,,False,False,84.0,0.0,False,,,Lead,Orphan Lead,,,,L00482,Junction Solutions,junctionsolutions.com,False,True,False,11.9,United Kingdom,1.9,False,False,False,False,False,False,False,True,False,False,False,False,True,False,True,non-prospect persona,1,missing_phone,6.0,6.0,2026-05-11 00:00:00,2023-05-12 00:00:00,17.0,6.0,1.0,True,0.0,0.0,0.0,0.0,0.0,0.0,0.0,0.0,0.0,0.0,True,False,0.25,L1,0.9,54.94,49.446,0.3,0.0,0.15,0.0,0.0,0.0,0.0,0.75,0.15,0.1,High,last engaged 17d ago; ICP industry (Healthcare); engagement discounted (automation-heavy); segment L1,Flagged,3,Review blocker: non-prospect persona,False,Blocked
L00483,George,Ramirez,gramirez@zenithlabs.com,Manager of Something,Zenith Labs Ltd,Manager,Non-Prospect: Partner,,ACC0096,Energy,150.0,,,2024-01-01,Web,Working,False,,True,False,False,False,,False,False,48.0,0.0,False,,,Lead,Orphan Lead,,,,L00483,Zenith Labs,zenithlabs.com,False,True,False,88.1,United States,22.8,False,False,False,False,True,False,False,True,False,False,False,False,True,False,True,non-prospect persona,1,missing_phone,8.0,6.0,2025-04-16 00:00:00,2023-02-02 00:00:00,407.0,6.0,0.75,True,2.0,0.0,0.0,0.0,2.477281976171696e-05,0.0,0.0,0.0082418819956554,0.0,0.0082666548154171,True,False,0.65,L1,0.9,68.56,61.704,0.5,0.0,0.25,0.0006854301666702,0.0,0.0,0.0,0.75,0.15,0.1,High,last engaged 407d ago; ICP industry (Energy); engagement discounted (automation-heavy); segment L1,Flagged,3,Review blocker: non-prospect persona,False,Blocked
L00493,Thomas,Wright,contact@vendorlist.net,Individual Contributor of Something,Fusion Group,Individual Contributor,Non-Prospect: Other,,ACC0200,Retail,750.0,,,2024-01-01,Cold Call,MQL,True,2023-09-03,False,False,False,True,C00335,False,False,14.0,1.0,False,,,Lead,Converted Lead - linked,,,,C00335,Fusion Group,fusiongroup.com,False,False,False,28.1,United Kingdom,188.7,True,False,False,False,False,False,False,True,False,False,False,False,True,False,True,non-prospect persona,2,"duplicate_email, missing_phone",20.0,12.0,2025-10-23 00:00:00,2023-02-10 00:00:00,217.0,16.0,0.6,False,4.0,0.0,0.0,2.456272243158658e-09,0.0,0.0,0.0,0.0,1.5473545517140474e-10,2.611007698330063e-09,False,False,1.0,L1,0.9,17.810000000000002,16.029000000000003,0.3,0.0,0.15,2.1649185575112982e-10,0.0,0.0,0.0,0.75,0.15,0.1,Medium,last engaged 217d ago; segment L1,Flagged,3,Do not action — record converted to contact C00335 (work the contact record instead),True,Converted
L00509,Amy,Thompson,athompson@unknown.com,Director of Something,,Director,Non-Prospect: Employee,+1-555-4433,,,,Education,,2024-01-01,Event,Disqualified,False,,False,False,False,False,,False,False,0.0,0.0,False,,,Lead,Orphan Lead,,,,L00509,,,,,,,,,False,False,False,False,False,False,False,True,False,False,True,False,False,True,True,non-prospect persona,2,"missing_account, missing_industry",12.0,12.0,2025-12-02 00:00:00,2023-03-07 00:00:00,177.0,12.0,1.0,True,0.0,0.0,0.0,0.0,0.0,0.0,0.0,0.0,0.0,0.0,False,False,0.25,L2,0.55,3.75,2.0625,0.7,0.0,0.35,0.0,0.0,0.0,0.0,0.75,0.15,0.1,Medium,last engaged 177d ago; engagement discounted (automation-heavy); segment L2,Flagged,3,Review blocker: non-prospect persona,False,Blocked
L00517,Melissa,Ramirez,mramirez@delphilabs.com,C-Level of Something,Delphi Labs,C-Level,Non-Prospect: Employee,+1-555-2570,ACC0013,Healthcare,7500.0,,,2024-01-01,Content Syndication,Nurturing,False,,False,False,False,False,,False,False,53.0,0.0,False,,,Lead,Orphan Lead,,,,L00517,Delphi Labs,delphilabs.com,True,True,False,99.3,Australia,2455.0,False,False,False,False,False,False,False,True,False,False,False,False,False,False,True,non-prospect persona,0,,3.0,0.0,2024-09-28 00:00:00,2023-03-11 00:00:00,607.0,1.0,0.0,False,2.0,0.0,0.0,1.6584135456618595e-09,5.732962923799252e-07,0.0,0.0,0.0,0.0,5.74954705925587e-07,True,True,1.0,L1,0.9,99.93,89.93700000000001,1.0,0.0,0.5,4.767240301064043e-08,0.0,0.0,0.0,0.75,0.15,0.1,High,last engaged 607d ago; ICP industry (Healthcare); named account; segment L1,Flagged,3,Review blocker: non-prospect persona,False,Blocked
L00522,Nancy,Ramirez,nramirez@fusionlabs.com,Manager of Something,Fusion,Manager,Non-Prospect: Other,+1-555-6364,ACC0020,Manufacturing,75.0,,,2024-01-01,Cold Call,MQL,True,2022-09-03,True,False,False,False,,False,False,0.0,4.0,False,,,Lead,Orphan Lead,,,,L00522,Fusion Labs,fusionlabs.com,False,False,False,27.3,United States,2.7,False,False,False,False,True,False,False,True,False,False,False,False,False,False,True,non-prospect persona,0,,0.0,0.0,0,0,0.0,0.0,0.0,,0.0,0.0,0.0,0.0,0.0,0.0,0.0,0.0,0.0,0.0,False,False,0.25,L1,0.9,6.48,5.832000000000001,0.5,0.0,0.25,0.0,0.0,0.0,0.0,0.75,0.15,0.1,High,no engagement history; engagement discounted (automation-heavy); segment L1,Flagged,3,Review blocker: non-prospect persona,False,Blocked
L00525,Jason,Walker,jwalker@unknown.com,,,Individual Contributor,Non-Prospect: Employee,,,,,,,2024-01-01,Web,Disqualified,False,,False,False,False,True,C00091,False,False,95.0,0.0,False,,,Lead,Converted Lead - linked,,,,C00091,,,,,,,,,True,False,False,False,False,False,False,True,False,False,True,True,True,True,True,non-prospect persona,5,"duplicate_email, missing_account, missing_title, missing_phone, missing_industry",11.0,10.0,2025-10-13 00:00:00,2023-02-28 00:00:00,227.0,11.0,0.9090909090909092,True,0.0,0.0,0.0,0.0,0.0,0.0,0.0,0.0,0.0,0.0,False,False,0.25,L3,0.45,3.75,1.6875,0.3,0.0,0.15,0.0,0.0,0.0,0.0,0.75,0.15,0.1,Low,last engaged 227d ago; engagement discounted (automation-heavy); segment L3,Flagged,3,Do not action — record converted to contact C00091 (work the contact record instead),True,Converted
L00536,Jeffrey,Miller,leads@databroker.io,Director of Something,,Director,Non-Prospect: Employee,+1-555-5201,,,,Government,7500.0,2024-01-01,Webinar,Disqualified,False,,True,False,False,True,C00328,False,False,23.0,0.0,False,,,Lead,Converted Lead - linked,,,,C00328,,,,,,,,,True,True,False,False,True,False,False,True,False,False,True,False,False,True,True,non-prospect persona,4,"duplicate_email, shared_email, missing_account, missing_industry",4.0,0.0,2024-05-23 00:00:00,2023-03-03 00:00:00,735.0,0.0,0.0,False,4.0,0.0,0.0,0.0,2.1073424255447023e-05,0.0,2.7570723732613276e-10,4.583566078126292e-10,7.280409100906893e-07,2.180219922938285e-05,False,False,1.0,L2,0.55,15.0,8.25,0.7,0.0,0.35,1.8077306220290892e-06,0.0,0.0,0.0,0.75,0.15,0.1,Low,last engaged 735d ago; segment L2,Flagged,3,Do not action — record converted to contact C00328 (work the contact record instead),True,Converted
L00537,Jeffrey,Brown,jbrown@beaconpartners.com,,Beacon Partners,Director,Non-Prospect: Partner,+1-555-1417,ACC0170,Manufacturing,500.0,,,2022-03-08,Partner Referral,Open,False,,False,True,False,False,,False,False,2.0,0.0,False,,,Lead,Orphan Lead,,,,L00537,Beacon Partners,beaconpartners.com,False,False,False,20.8,United States,114.7,False,False,False,False,False,True,False,True,False,False,False,True,False,False,True,non-prospect persona,1,missing_title,1.0,1.0,2025-05-06 00:00:00,2025-05-06 00:00:00,387.0,1.0,1.0,True,0.0,0.0,0.0,0.0,0.0,0.0,0.0,0.0,0.0,0.0,False,False,1.0,L1,0.9,17.08,15.371999999999998,0.7,0.0,0.35,0.0,0.0,0.0,0.0,0.75,0.15,0.1,High,last engaged 387d ago; engagement discounted (automation-heavy); segment L1,Flagged,3,Review blocker: non-prospect persona,False,Blocked
L00545,David,Harris,dharris@delphiventures.com,Unknown Title,Delphi Ventures Inc.,,Non-Prospect: Competitor,+1-555-5635,ACC0045,Manufacturing,7500.0,,,2022-01-20,Web,MQL,True,2023-11-10,True,False,False,False,,False,False,10.0,1.0,False,,,Lead,Orphan Lead,,,,L00545,Delphi Ventures,delphiventures.com,False,False,False,9.4,United States,3214.5,False,False,False,False,True,False,False,True,False,False,False,False,False,False,True,non-prospect persona,0,,0.0,0.0,0,0,0.0,0.0,0.0,,0.0,0.0,0.0,0.0,0.0,0.0,0.0,0.0,0.0,0.0,False,False,1.0,L1,0.9,15.94,14.346,0.5,0.0,0.25,0.0,0.0,0.0,0.0,0.75,0.15,0.1,High,no engagement history; engagement discounted (automation-heavy); segment L1,Flagged,3,Review blocker: non-prospect persona,False,Blocked
L00549,Emily,Carter,ecarter@obsidiannetworks.com,Individual Contributor of Something,Obsidian Networks,Individual Contributor,Non-Prospect: Partner,+1-555-3020,ACC0055,Manufacturing,1500.0,,,2024-01-01,Web,Open,False,,True,False,False,False,,False,False,88.0,0.0,False,,,Lead,Orphan Lead,,,,L00549,Obsidian Networks,obsidiannetworks.com,True,False,False,21.2,United States,437.9,False,False,False,False,True,False,False,True,False,False,False,False,False,False,True,non-prospect persona,0,,1.0,0.0,2026-05-03 00:00:00,2026-05-03 00:00:00,25.0,1.0,0.0,False,0.0,0.0,0.0,0.0,0.0,0.0,0.0,0.0,0.0,0.0,False,True,1.0,L1,0.9,42.12,37.908,0.3,0.0,0.15,0.0,0.0,0.0,0.0,0.75,0.15,0.1,High,last engaged 25d ago; named account; segment L1,Flagged,3,Review blocker: non-prospect persona,False,Blocked
L00558,Jason,Robinson,jrobinson@quantumcorp.com,Director of Something,Quantum Corp,Director,Non-Prospect: Vendor,+1-555-6210,ACC0067,Financial Services,1000.0,,,2023-10-02,Event,Nurturing,False,,True,False,False,False,,False,False,70.0,0.0,False,,,Lead,Orphan Lead,,,,L00558,Quantum Corp,quantumcorp.com,False,True,False,86.6,United States,227.3,True,False,False,False,True,False,False,True,False,False,False,False,False,False,True,non-prospect persona,1,duplicate_email,0.0,0.0,0,0,0.0,0.0,0.0,,0.0,0.0,0.0,0.0,0.0,0.0,0.0,0.0,0.0,0.0,True,False,1.0,L1,0.9,73.66,66.294,0.7,0.0,0.35,0.0,0.0,0.0,0.0,0.75,0.15,0.1,High,no engagement history; ICP industry (Financial Services); engagement discounted (automation-heavy); segment L1,Flagged,3,Review blocker: non-prospect persona,False,Blocked
L00565,Betty,Torres,btorres@eclipsenetworks.com,Individual Contributor of Something,Eclipse Networks,Individual Contributor,Non-Prospect: Other,+1-555-9685,ACC0105,Healthcare,75.0,,,2024-01-01,Content Syndication,Disqualified,False,,False,False,False,False,,False,False,10.0,0.0,False,,,Lead,Orphan Lead,,,,L00565,Eclipse Networks,eclipsenetworks.com,False,True,False,95.9,Canada,3.0,False,False,False,False,False,False,False,True,False,False,False,False,False,False,True,non-prospect persona,0,,10.0,10.0,2026-01-18 00:00:00,2023-06-05 00:00:00,130.0,10.0,1.0,True,0.0,0.0,0.0,0.0,0.0,0.0,0.0,0.0,0.0,0.0,True,False,0.25,L1,0.9,63.34,57.00600000000001,0.3,0.0,0.15,0.0,0.0,0.0,0.0,0.75,0.15,0.1,High,last engaged 130d ago; ICP industry (Healthcare); engagement discounted (automation-heavy); segment L1,Flagged,3,Review blocker: non-prospect persona,False,Blocked
L00587,Ronald,Lopez,rlopez@bastionnetworks.com,Manager of Something,,Manager,Non-Prospect: Vendor,,ACC0007,Energy,300.0,,,2023-04-05,Partner Referral,Nurturing,False,,False,False,False,True,C00046,False,False,7.0,0.0,True,Bad Data,2023-12-14,Lead,Converted Lead - linked,,,,C00046,Bastion Networks,bastionnetworks.com,False,True,False,69.3,United States,37.8,True,False,False,False,False,False,False,True,False,False,False,False,True,False,True,non-prospect persona,2,"duplicate_email, missing_phone",2.0,0.0,2025-05-01 00:00:00,2023-09-08 00:00:00,392.0,1.0,0.0,False,1.0,0.0,0.0,1.0861933598490533e-07,0.0,0.0,0.0,0.0,0.0,1.0861933598490533e-07,True,False,0.65,L1,0.9,66.68,60.01200000000001,0.5,0.0,0.25,9.006178584945336e-09,0.0,0.0,0.0,0.75,0.15,0.1,Medium,last engaged 392d ago; ICP industry (Energy); segment L1,Flagged,3,Do not action — record converted to contact C00046 (work the contact record instead),True,Converted
L00588,Joseph,Gonzalez,jgonzalez@eclipsenetworks.com,Director of Something,Eclipse Networks,Director,Non-Prospect: Employee,+1-555-4701,ACC0106,Energy,1500.0,,,2024-01-01,Cold Call,Disqualified,False,,False,False,True,False,,False,False,73.0,0.0,False,,,Lead,Orphan Lead,,,,L00588,Eclipse Networks,eclipsenetworks.com,False,True,False,65.3,Netherlands,283.8,False,False,False,False,False,False,True,True,False,False,False,False,False,False,True,"no longer with company, non-prospect persona",0,,0.0,0.0,0,0,0.0,0.0,0.0,,0.0,0.0,0.0,0.0,0.0,0.0,0.0,0.0,0.0,0.0,True,False,1.0,L1,0.9,71.53,64.37700000000001,0.7,0.0,0.35,0.0,0.0,0.0,0.0,0.75,0.15,0.1,High,no engagement history; ICP industry (Energy); engagement discounted (automation-heavy); segment L1,Flagged,3,"Review blocker: no longer with company, non-prospect persona",False,Blocked
L00591,Charles,Sanchez,info@securitysummit.org,Manager of Something,Aether Networks Inc.,Manager,Non-Prospect: Employee,+1-555-4243,ACC0008,Financial Services,1000.0,,,2023-11-20,Web,Disqualified,False,,True,False,False,False,,False,False,0.0,0.0,False,,,Lead,Orphan Lead,,,,L00591,Aether Networks,aethernetworks.com,False,True,False,17.3,United States,301.0,True,True,False,False,True,False,False,True,False,False,False,False,False,False,True,non-prospect persona,2,"duplicate_email, shared_email",8.0,7.0,2025-12-07 00:00:00,2023-03-01 00:00:00,172.0,7.0,0.875,True,1.0,0.0,0.0,0.0,4.656612873077397e-07,0.0,0.0,0.0,0.0,4.656612873077397e-07,True,False,1.0,L1,0.9,66.73,60.057,0.5,0.0,0.25,3.8610332824828296e-08,0.0,0.0,0.0,0.75,0.15,0.1,Medium,last engaged 172d ago; ICP industry (Financial Services); engagement discounted (automation-heavy); segment L1,Flagged,3,Review blocker: non-prospect persona,False,Blocked
L00592,Deborah,Davis,ddavis@beaconsystems.com,,,Manager,Non-Prospect: Competitor,,ACC0005,Energy,10000.0,,,2024-01-01,Webinar,Disqualified,False,,True,False,False,False,,False,False,2.0,0.0,False,,,Lead,Orphan Lead,,,,L00592,Beacon Systems,beaconsystems.com,False,True,False,12.6,United States,2195.1,False,False,False,False,True,False,False,True,False,False,False,True,True,False,True,non-prospect persona,2,"missing_title, missing_phone",0.0,0.0,0,0,0.0,0.0,0.0,,0.0,0.0,0.0,0.0,0.0,0.0,0.0,0.0,0.0,0.0,True,False,1.0,L1,0.9,66.26,59.63400000000001,0.5,0.0,0.25,0.0,0.0,0.0,0.0,0.75,0.15,0.1,Medium,no engagement history; ICP industry (Energy); engagement discounted (automation-heavy); segment L1,Flagged,3,Review blocker: non-prospect persona,False,Blocked
L00593,Lisa,Nguyen,kwright@dynexgroup.com,Director of Something,Solaris Corp Inc.,Director,Non-Prospect: Competitor,+1-555-2424,ACC0066,Government,5000.0,,,2024-01-01,Cold Call,MQL,True,2023-02-05,False,False,True,True,,False,False,40.0,1.0,False,,,Lead,Converted Lead - broken link,,,,L00593,Solaris Corp,solariscorp.com,False,False,False,90.4,United States,2046.7,True,False,True,False,False,False,True,True,False,False,False,False,False,False,True,"no longer with company, non-prospect persona",2,"duplicate_email, broken_conversion_link",1.0,0.0,2023-12-24 00:00:00,2023-12-24 00:00:00,886.0,1.0,0.0,False,0.0,0.0,0.0,0.0,0.0,0.0,0.0,0.0,0.0,0.0,False,False,1.0,L1,0.9,24.04,21.636,0.7,0.0,0.35,0.0,0.0,0.0,0.0,0.75,0.15,0.1,Medium,last engaged 886d ago; segment L1,Flagged,3,"Review blocker: no longer with company, non-prospect persona | Note: broken conversion link (DQ-1)",False,Blocked
L00597,Mary,Roberts,mroberts@eclipsedynamics.com,Unknown Title,Eclipse,,Non-Prospect: Employee,+1-555-1855,ACC0072,Professional Services,2000.0,,,2024-01-01,Web,Open,False,,False,False,False,False,,False,False,45.0,0.0,False,,,Lead,Orphan Lead,,,,L00597,Eclipse Dynamics,eclipsedynamics.com,False,False,False,2.3,United States,449.8,False,False,False,False,False,False,False,True,False,False,False,False,False,False,True,non-prospect persona,0,,3.0,0.0,2024-09-13 00:00:00,2023-11-26 00:00:00,622.0,1.0,0.0,False,2.0,0.0,0.0,0.0,1.8626451492309623e-06,0.0,0.0,0.0,0.0,1.8626451492309623e-06,False,False,1.0,L1,0.9,15.23,13.707,0.5,0.0,0.25,1.5444133129931345e-07,0.0,0.0,0.0,0.75,0.15,0.1,High,last engaged 622d ago; segment L1,Flagged,3,Review blocker: non-prospect persona,False,Blocked
C00003,Brian,Gonzalez,bgonzalez@fusionsystems.com,Manager of Something,,Manager,Non-Prospect: Competitor,+1-555-5666,ACC0136,Financial Services,3500.0,,,2023-09-29,,,False,,False,False,False,False,,False,False,,,,,,Contact,Orphan Contact,,10.5,False,C00003,Fusion Systems,fusionsystems.com,False,True,False,20.7,United States,906.7,False,False,False,True,False,False,False,True,False,False,False,False,False,False,True,non-prospect persona,1,orphan_contact,2.0,1.0,2023-12-28 00:00:00,2023-05-18 00:00:00,882.0,1.0,0.5,False,1.0,0.0,0.0,1.4116210551098009e-06,0.0,0.0,0.0,0.0,0.0,1.4116210551098009e-06,True,False,1.0,C2,0.55,67.07,36.8885,0.5,0.0,0.25,9.213380762190544e-08,0.0,0.0,0.0,0.6,0.25,0.15,High,last engaged 882d ago; ICP industry (Financial Services); segment C2,Flagged,3,Review blocker: non-prospect persona,False,Blocked
C00006,Kenneth,Young,kyoung@junctionsolutions.com,Manager of Something,,Manager,Non-Prospect: Employee,+1-555-1960,ACC0173,Healthcare,25.0,,,2022-09-14,,,False,,False,False,False,False,,False,False,,,,,,Contact,Orphan Contact,,0.0,False,C00006,Junction Solutions,junctionsolutions.com,False,True,False,11.9,United Kingdom,1.9,False,False,False,True,False,False,False,True,False,False,False,False,False,False,True,non-prospect persona,1,orphan_contact,3.0,1.0,2025-04-30 00:00:00,2023-09-11 00:00:00,393.0,2.0,0.3333333333333333,False,1.0,0.0,0.0,0.0,0.0,0.0,0.0,0.0096887271238293,0.0,0.0096887271238293,True,False,0.25,C2,0.55,54.94,30.217,0.5,0.0,0.25,0.0006323646970954,0.0,0.0,0.0,0.6,0.25,0.15,High,last engaged 393d ago; ICP industry (Healthcare); segment C2,Flagged,3,Review blocker: non-prospect persona,False,Blocked
C00007,Kevin,Robinson,krobinson@vertexnetworks.com,Individual Contributor of Something,,Individual Contributor,Non-Prospect: Other,+1-555-2378,ACC0064,Energy,100.0,,,2023-10-21,,,False,,False,False,False,False,,False,False,,,,,,Contact,Orphan Contact,,33.7,False,C00007,Vertex Networks,vertexnetworks.com,True,True,False,57.0,United States,12.6,False,False,False,True,False,False,False,True,False,False,False,False,False,False,True,non-prospect persona,1,orphan_contact,7.0,4.0,2025-08-31 00:00:00,2023-04-11 00:00:00,270.0,4.0,0.5714285714285714,False,3.0,0.0,0.0,4.990834102669231e-07,1.0948143026638884e-06,0.0,6.788708499056592e-10,0.0,0.0,1.5945765837807173e-06,True,True,0.65,C2,0.55,90.45,49.7475,0.3,0.0,0.15,1.0407496521580309e-07,0.0,0.0,0.0,0.6,0.25,0.15,High,last engaged 270d ago; ICP industry (Energy); named account; segment C2,Flagged,3,Review blocker: non-prospect persona,False,Blocked
C00009,Gary,Ramirez,gary.ramirez@protonmail.com,C-Level of Something,,C-Level,Non-Prospect: Employee,+1-555-5504,ACC0070,Government,75.0,,,2023-10-26,,,True,2023-04-10,False,False,False,False,,False,False,,,,,,Contact,Converted Contact,L00496,10.9,True,C00009,Ionic Dynamics,ionicdynamics.com,False,False,False,20.4,United Kingdom,7.4,True,False,False,False,False,False,False,True,False,False,False,False,False,False,True,non-prospect persona,1,duplicate_email,2.0,0.0,2023-12-25 00:00:00,2023-09-18 00:00:00,885.0,1.0,0.0,False,1.0,0.0,0.0,1.3170890159654409e-06,0.0,0.0,0.0,0.0,0.0,1.3170890159654409e-06,False,False,0.25,C1,1.0,5.79,5.79,1.0,0.0,0.5,8.596388214714308e-08,0.0,0.0,0.0,0.6,0.25,0.15,High,last engaged 885d ago; segment C1,Flagged,3,Review blocker: non-prospect persona,False,Blocked
C00013,Stephanie,Walker,swalker@umbracorp.com,Individual Contributor of Something,,Individual Contributor,Non-Prospect: Competitor,,ACC0120,Manufacturing,2000.0,,,2023-08-20,,,True,2022-01-22,True,False,False,False,,False,False,,,,,,Contact,Orphan Contact,,22.3,False,C00013,Glacier Labs,glacierlabs.com,False,False,False,55.3,United States,572.5,True,False,False,True,True,False,False,True,False,False,False,False,True,False,True,non-prospect persona,3,"duplicate_email, orphan_contact, missing_phone",0.0,0.0,0,0,0.0,0.0,0.0,,0.0,0.0,0.0,0.0,0.0,0.0,0.0,0.0,0.0,0.0,False,False,1.0,C2,0.55,20.53,11.2915,0.3,0.0,0.15,0.0,0.0,0.0,0.0,0.6,0.25,0.15,Medium,no engagement history; engagement discounted (automation-heavy); segment C2,Flagged,3,Review blocker: non-prospect persona,False,Blocked
C00016,Angela,Torres,atorres@latticedynamics.com,Unknown Title,,,Non-Prospect: Partner,,ACC0138,Financial Services,300.0,,,2023-10-02,,,False,,False,False,False,False,,False,False,,,,,,Contact,Orphan Contact,,45.0,False,C00016,Lattice Dynamics,latticedynamics.com,True,True,False,12.1,United States,38.3,False,False,False,True,False,False,False,True,False,False,False,False,True,False,True,non-prospect persona,2,"orphan_contact, missing_phone",1.0,1.0,2025-05-03 00:00:00,2025-05-03 00:00:00,390.0,1.0,1.0,True,0.0,0.0,0.0,0.0,0.0,0.0,0.0,0.0,0.0,0.0,True,True,0.65,C2,0.55,85.96,47.278,0.5,0.0,0.25,0.0,0.0,0.0,0.0,0.6,0.25,0.15,Medium,last engaged 390d ago; ICP industry (Financial Services); named account; engagement discounted (automation-heavy); segment C2,Flagged,3,Review blocker: non-prospect persona,False,Blocked
C00025,Daniel,Adams,dadams@aethertechnologies.com,Unknown Title,,,Non-Prospect: Partner,+1-555-9323,ACC0089,Education,750.0,,,2022-08-19,,,True,2022-01-10,False,False,False,False,,False,False,,,,,,Contact,Orphan Contact,,91.4,False,C00025,Aether Technologies,aethertechnologies.com,False,False,False,16.3,Germany,244.2,False,False,False,True,False,False,False,True,False,False,False,False,False,False,True,non-prospect persona,1,orphan_contact,1.0,0.0,2023-09-13 00:00:00,2023-09-13 00:00:00,988.0,0.0,0.0,False,1.0,0.0,0.0,1.2192108235562088e-07,0.0,0.0,0.0,0.0,0.0,1.2192108235562088e-07,False,False,1.0,C2,0.55,16.63,9.1465,0.5,0.0,0.25,7.957555964574017e-09,0.0,0.0,0.0,0.6,0.25,0.15,High,last engaged 988d ago; segment C2,Flagged,3,Review blocker: non-prospect persona,False,Blocked
C00032,Sharon,Jones,sjones@cascadetechnologies.com,Manager of Something,,Manager,Non-Prospect: Partner,+1-555-3321,ACC0003,Telecommunications,7500.0,,,2023-06-11,,,False,,False,False,False,False,,False,False,,,,,,Contact,Converted Contact,L00420,93.3,True,C00032,Meridian Ventures,meridianventures.com,False,True,False,89.0,United States,2028.1,True,False,False,False,False,False,False,True,False,False,False,False,False,False,True,non-prospect persona,1,duplicate_email,4.0,1.0,2024-06-04 00:00:00,2023-05-05 00:00:00,723.0,1.0,0.25,False,3.0,0.0,0.0,0.0,5.561310002427148e-05,2.363965603162761e-09,0.0,0.0,0.0,5.561546398987465e-05,True,False,1.0,C1,1.0,73.9,73.9,0.5,0.0,0.25,3.629915012600568e-06,0.0,0.0,0.0,0.6,0.25,0.15,High,last engaged 723d ago; ICP industry (Telecommunications); segment C1,Flagged,3,Review blocker: non-prospect persona,False,Blocked
C00033,Sharon,Roberts,sroberts@latticegroup.com,VP of Something,,VP,Non-Prospect: Competitor,+1-555-3247,ACC0033,Professional Services,750.0,,,2023-01-15,,,False,,False,False,False,False,,False,False,,,,,,Contact,Orphan Contact,,22.1,False,C00033,Lattice Group,latticegroup.com,False,False,True,39.6,United States,153.8,False,False,False,True,False,False,False,True,True,False,False,False,False,False,True,"account do-not-contact, non-prospect persona",1,orphan_contact,0.0,0.0,0,0,0.0,0.0,0.0,,0.0,0.0,0.0,0.0,0.0,0.0,0.0,0.0,0.0,0.0,False,False,1.0,C2,0.55,18.96,10.428,0.85,0.0,0.425,0.0,0.0,0.0,0.0,0.6,0.25,0.15,High,no engagement history; engagement discounted (automation-heavy); segment C2,Flagged,3,"Review blocker: account do-not-contact, non-prospect persona",False,Blocked
C00038,Dorothy,Carter,dcarter@vortexsystems.com,Manager of Something,,Manager,Non-Prospect: Other,,ACC0123,Financial Services,15000.0,,,2024-01-01,,,False,,False,False,False,False,,False,False,,,,,,Contact,Orphan Contact,,9.3,False,C00038,Vortex Systems,vortexsystems.com,True,True,True,61.7,United States,5203.5,True,False,False,True,False,False,False,True,True,False,False,False,True,False,True,"account do-not-contact, non-prospect persona",3,"duplicate_email, orphan_contact, missing_phone",2.0,0.0,2024-04-23 00:00:00,2023-09-07 00:00:00,765.0,1.0,0.0,False,1.0,0.0,0.0,0.0,0.0,8.429369702178825e-06,0.0,0.0,0.0,8.429369702178825e-06,True,True,0.65,C2,0.55,90.92,50.00600000000001,0.5,0.0,0.25,5.501688457417158e-07,0.0,0.0,0.0,0.6,0.25,0.15,Medium,last engaged 765d ago; ICP industry (Financial Services); named account; segment C2,Flagged,3,"Review blocker: account do-not-contact, non-prospect persona",False,Blocked
C00041,Cynthia,Taylor,ctaylor@obsidiangroup.com,Director of Something,,Director,Non-Prospect: Employee,+1-555-8756,ACC0184,Software,75.0,,,2024-01-01,,,True,2022-07-27,False,False,False,False,,False,False,,,,,,Contact,Orphan Contact,,53.5,False,C00041,Obsidian Group,obsidiangroup.com,False,True,False,46.9,United States,4.4,True,False,False,True,False,False,False,True,False,False,False,False,False,False,True,non-prospect persona,2,"duplicate_email, orphan_contact",1.0,0.0,2023-04-30 00:00:00,2023-04-30 00:00:00,1124.0,0.0,0.0,False,1.0,0.0,0.0,0.0,0.0,0.0,1.0530269627927784e-09,0.0,0.0,1.0530269627927784e-09,True,False,0.25,C2,0.55,58.44,32.142,0.7,0.0,0.35,6.872905675318277e-11,0.0,0.0,0.0,0.6,0.25,0.15,Medium,last engaged 1124d ago; ICP industry (Software); segment C2,Flagged,3,Review blocker: non-prospect persona,False,Blocked
C00052,Mary,Rodriguez,mary.rodriguez@gmail.com,Unknown Title,,,Non-Prospect: Partner,+1-555-4875,ACC0134,Healthcare,7500.0,,,2022-07-11,,,False,,False,False,False,False,,False,False,,,,,,Contact,Converted Contact,L00444,0.1,True,C00052,Nova Group,novagroup.com,False,True,False,76.0,United States,1854.9,True,False,False,False,False,False,False,True,False,False,False,False,False,False,True,non-prospect persona,1,duplicate_email,14.0,12.0,2025-05-14 00:00:00,2023-03-10 00:00:00,379.0,12.0,0.8571428571428571,True,2.0,0.0,0.0,1.7645263188872477e-07,0.0,0.0,0.0,0.0,0.0002958573840777,0.0002960338367096,True,False,1.0,C1,1.0,72.6,72.6,0.5,0.0,0.25,1.9321562583844663e-05,0.0,0.0,0.0,0.6,0.25,0.15,High,last engaged 379d ago; ICP industry (Healthcare); engagement discounted (automation-heavy); segment C1,Flagged,3,Review blocker: non-prospect persona,False,Blocked
C00054,Donald,Green,dgreen@cascadepartners.com,Manager of Something,,Manager,Non-Prospect: Employee,+1-555-4190,ACC0104,Professional Services,100.0,,,2023-04-11,,,False,,False,False,False,False,,False,False,,,,,,Contact,Orphan Contact,,20.3,False,C00054,Cascade Partners,cascadepartners.com,False,False,False,48.1,United States,10.3,False,False,False,True,False,False,False,True,False,False,False,False,False,False,True,non-prospect persona,1,orphan_contact,0.0,0.0,0,0,0.0,0.0,0.0,,0.0,0.0,0.0,0.0,0.0,0.0,0.0,0.0,0.0,0.0,False,False,0.65,C2,0.55,14.56,8.008000000000001,0.5,0.0,0.25,0.0,0.0,0.0,0.0,0.6,0.25,0.15,High,no engagement history; engagement discounted (automation-heavy); segment C2,Flagged,3,Review blocker: non-prospect persona,False,Blocked
C00056,Linda,Miller,lmiller@obsidiannetworks.com,VP of Something,,VP,Non-Prospect: Competitor,,,,,,,2022-07-01,,,False,,False,False,False,False,,False,False,,,,,,Contact,Orphan Contact,,0.0,False,C00056,,,,,,,,,True,False,False,True,False,False,False,True,False,False,True,False,True,True,True,non-prospect persona,5,"duplicate_email, orphan_contact, missing_account, missing_phone, missing_industry",1.0,0.0,2023-11-03 00:00:00,2023-11-03 00:00:00,937.0,1.0,0.0,False,0.0,0.0,0.0,0.0,0.0,0.0,0.0,0.0,0.0,0.0,False,False,0.25,C3,0.45,3.75,1.6875,0.85,0.0,0.425,0.0,0.0,0.0,0.0,0.6,0.25,0.15,Low,last engaged 937d ago; segment C3,Flagged,3,Review blocker: non-prospect persona,False,Blocked
C00080,Jeffrey,Gonzalez,jgonzalez@orbitdynamics.com,Unknown Title,,,Non-Prospect: Partner,+1-555-9650,ACC0146,Software,300.0,,,2024-01-01,,,False,,False,False,False,False,,False,False,,,,,,Contact,Converted Contact,L00271,1.8,True,C00080,Emblem Solutions,emblemsolutions.com,False,True,False,24.5,Germany,36.4,True,False,False,False,False,False,False,True,False,False,False,False,False,False,True,non-prospect persona,1,duplicate_email,13.0,11.0,2025-04-25 00:00:00,2023-02-17 00:00:00,398.0,11.0,0.8461538461538461,True,2.0,0.0,0.0,0.0,1.7785310818076472e-06,0.0,0.0,7.280409100906905e-07,0.0,2.5065719918983377e-06,True,False,0.65,C1,1.0,62.2,62.2,0.5,0.0,0.25,1.6359916201027084e-07,0.0,0.0,0.0,0.6,0.25,0.15,High,last engaged 398d ago; ICP industry (Software); engagement discounted (automation-heavy); segment C1,Flagged,3,Review blocker: non-prospect persona,False,Blocked
C00083,Andrew,Brown,abrown@unknown.com,,,,Non-Prospect: Competitor,+1-555-7235,,,,,,2024-01-01,,,False,,True,False,False,False,,False,False,,,,,,Contact,Orphan Contact,,40.5,False,C00083,,,,,,,,,True,False,False,True,True,False,False,True,False,False,True,True,False,True,True,non-prospect persona,5,"duplicate_email, orphan_contact, missing_account, missing_title, missing_industry",0.0,0.0,0,0,0.0,0.0,0.0,,0.0,0.0,0.0,0.0,0.0,0.0,0.0,0.0,0.0,0.0,False,False,0.25,C3,0.45,3.75,1.6875,0.5,0.0,0.25,0.0,0.0,0.0,0.0,0.6,0.25,0.15,Low,no engagement history; engagement discounted (automation-heavy); segment C3,Flagged,3,Review blocker: non-prospect persona,False,Blocked
C00086,Ronald,Campbell,rcampbell@vortexsolutions.com,Manager of Something,,Manager,Non-Prospect: Employee,+1-555-1841,ACC0171,Government,3500.0,,,2023-12-04,,,False,,False,False,False,False,,False,False,,,,,,Contact,Orphan Contact,,91.7,False,C00086,Vortex Solutions,vortexsolutions.com,False,False,False,25.3,United States,958.2,False,False,False,True,False,False,False,True,False,False,False,False,False,False,True,non-prospect persona,1,orphan_contact,2.0,1.0,2025-05-13 00:00:00,2024-12-02 00:00:00,380.0,2.0,0.5,False,0.0,0.0,0.0,0.0,0.0,0.0,0.0,0.0,0.0,0.0,False,False,1.0,C2,0.55,17.53,9.6415,0.5,0.0,0.25,0.0,0.0,0.0,0.0,0.6,0.25,0.15,High,last engaged 380d ago; segment C2,Flagged,3,Review blocker: non-prospect persona,False,Blocked
C00091,Jason,Walker,jwalker@unknown.com,Unknown Title,,,Non-Prospect: Employee,+1-555-7412,ACC0105,Healthcare,75.0,,,2023-11-10,,,True,2023-05-09,False,False,False,False,,False,False,,,,,,Contact,Converted Contact,L00525,2.2,True,C00091,Eclipse Networks,eclipsenetworks.com,False,True,False,95.9,Canada,3.0,True,False,False,False,False,False,False,True,False,False,False,False,False,False,True,non-prospect persona,1,duplicate_email,11.0,10.0,2025-10-13 00:00:00,2023-02-28 00:00:00,227.0,11.0,0.9090909090909092,True,0.0,0.0,0.0,0.0,0.0,0.0,0.0,0.0,0.0,0.0,True,False,0.25,C1,1.0,63.34,63.34,0.5,0.0,0.25,0.0,0.0,0.0,0.0,0.6,0.25,0.15,High,last engaged 227d ago; ICP industry (Healthcare); engagement discounted (automation-heavy); segment C1,Flagged,3,Review blocker: non-prospect persona,False,Blocked
C00093,Jason,Roberts,contact@vendorlist.net,Director of Something,,Director,Non-Prospect: Competitor,+1-555-5512,ACC0182,Professional Services,3500.0,,,2024-01-01,,,True,2023-10-04,False,False,False,False,,False,False,,,,,,Contact,Converted Contact,L00034,67.5,True,C00093,Cobalt Ventures,cobaltventures.com,False,False,False,81.8,United States,528.7,True,False,False,False,False,False,False,True,False,False,False,False,False,False,True,non-prospect persona,1,duplicate_email,20.0,12.0,2025-10-23 00:00:00,2023-02-10 00:00:00,217.0,16.0,0.6,False,4.0,0.0,0.0,2.456272243158658e-09,0.0,0.0,0.0,0.0,1.5473545517140474e-10,2.611007698330063e-09,False,False,1.0,C1,1.0,23.18,23.18,0.7,0.0,0.35,1.7041548091569402e-10,0.0,0.0,0.0,0.6,0.25,0.15,High,last engaged 217d ago; segment C1,Flagged,3,Review blocker: non-prospect persona,False,Blocked
C00095,Richard,Walker,rwalker@radiantsystems.com,Director of Something,,Director,Non-Prospect: Vendor,+1-555-6391,ACC0176,Telecommunications,50000.0,,,2024-01-01,,,False,,False,False,False,False,,False,False,,,,,,Contact,Orphan Contact,,0.0,False,C00095,Radiant Systems,radiantsystems.com,False,True,False,60.8,United States,37415.8,False,False,False,True,False,False,False,True,False,False,False,False,False,False,True,non-prospect persona,1,orphan_contact,0.0,0.0,0,0,0.0,0.0,0.0,,0.0,0.0,0.0,0.0,0.0,0.0,0.0,0.0,0.0,0.0,True,False,0.65,C2,0.55,65.83,36.206500000000005,0.7,0.0,0.35,0.0,0.0,0.0,0.0,0.6,0.25,0.15,High,no engagement history; ICP industry (Telecommunications); engagement discounted (automation-heavy); segment C2,Flagged,3,Review blocker: non-prospect persona,False,Blocked
C00097,Charles,Thompson,cthompson@mantlesolutions.com,Individual Contributor of Something,,Individual Contributor,Non-Prospect: Competitor,+1-555-7376,ACC0163,Energy,50000.0,,,2023-08-04,,,False,,False,False,False,False,,False,False,,,,,,Contact,Orphan Contact,,0.0,False,C00097,Mantle Solutions,mantlesolutions.com,False,True,False,13.2,United States,27661.8,False,False,False,True,False,False,False,True,False,False,False,False,False,False,True,non-prospect persona,1,orphan_contact,0.0,0.0,0,0,0.0,0.0,0.0,,0.0,0.0,0.0,0.0,0.0,0.0,0.0,0.0,0.0,0.0,True,False,0.65,C2,0.55,61.07,33.5885,0.3,0.0,0.15,0.0,0.0,0.0,0.0,0.6,0.25,0.15,High,no engagement history; ICP industry (Energy); engagement discounted (automation-heavy); segment C2,Flagged,3,Review blocker: non-prospect persona,False,Blocked
C00101,Michael,Brown,mbrown@gravitastechnologies.com,Individual Contributor of Something,,Individual Contributor,Non-Prospect: Employee,+1-555-8088,ACC0051,Government,1000.0,,,2022-12-26,,,True,2023-05-07,True,False,False,False,,False,False,,,,,,Contact,Orphan Contact,,34.1,False,C00101,Gravitas Technologies,gravitastechnologies.com,True,False,False,17.8,France,299.1,False,False,False,True,True,False,False,True,False,False,False,False,False,False,True,non-prospect persona,1,orphan_contact,0.0,0.0,0,0,0.0,0.0,0.0,,0.0,0.0,0.0,0.0,0.0,0.0,0.0,0.0,0.0,0.0,False,True,1.0,C2,0.55,41.78,22.979000000000003,0.3,0.0,0.15,0.0,0.0,0.0,0.0,0.6,0.25,0.15,High,no engagement history; named account; engagement discounted (automation-heavy); segment C2,Flagged,3,Review blocker: non-prospect persona,False,Blocked
C00103,Cynthia,Green,cgreen@paragonlabs.com,Individual Contributor of Something,,Individual Contributor,Non-Prospect: Vendor,+1-555-3869,ACC0102,Retail,2000.0,,,2024-01-01,,,False,,True,False,False,False,,False,False,,,,,,Contact,Orphan Contact,,26.7,False,C00103,Paragon Labs,paragonlabs.com,False,False,False,25.9,United States,670.7,False,False,False,True,True,False,False,True,False,False,False,False,False,False,True,non-prospect persona,1,orphan_contact,42.0,36.0,2026-05-09 00:00:00,2023-02-04 00:00:00,19.0,36.0,0.8571428571428571,True,6.0,0.0,0.0,2.594442854214088e-05,3.448448964130527e-07,1.2484718833215563e-05,8.75315917133498e-10,0.0,0.7812500000000004,0.7812887748675881,False,False,1.0,C2,0.55,17.59,9.6745,0.3,0.0,0.15,0.0509932247186589,0.0,0.0,0.0,0.6,0.25,0.15,High,last engaged 19d ago; engagement discounted (automation-heavy); segment C2,Flagged,3,Review blocker: non-prospect persona,False,Blocked
C00107,Laura,Smith,lsmith@unknown.com,Individual Contributor of Something,,Individual Contributor,Non-Prospect: Competitor,,,,,,,2022-06-22,,,False,,False,False,False,False,,False,False,,,,,,Contact,Orphan Contact,,39.3,False,C00107,,,,,,,,,False,False,False,True,False,False,False,True,False,False,True,False,True,True,True,non-prospect persona,4,"orphan_contact, missing_account, missing_phone, missing_industry",0.0,0.0,0,0,0.0,0.0,0.0,,0.0,0.0,0.0,0.0,0.0,0.0,0.0,0.0,0.0,0.0,False,False,0.25,C3,0.45,3.75,1.6875,0.3,0.0,0.15,0.0,0.0,0.0,0.0,0.6,0.25,0.15,Low,no engagement history; engagement discounted (automation-heavy); segment C3,Flagged,3,Review blocker: non-prospect persona,False,Blocked
C00123,Kathleen,Robinson,krobinson@unknown.com,C-Level of Something,,C-Level,Non-Prospect: Employee,+1-555-1971,,,,,,2022-09-22,,,False,,False,True,False,False,,False,False,,,,,,Contact,Orphan Contact,,1.4,False,C00123,,,,,,,,,False,False,False,True,False,True,False,True,False,False,True,False,False,True,True,non-prospect persona,3,"orphan_contact, missing_account, missing_industry",12.0,12.0,2025-10-09 00:00:00,2023-03-09 00:00:00,231.0,12.0,1.0,True,0.0,0.0,0.0,0.0,0.0,0.0,0.0,0.0,0.0,0.0,False,False,0.25,C3,0.45,3.75,1.6875,1.0,0.0,0.5,0.0,0.0,0.0,0.0,0.6,0.25,0.15,Medium,last engaged 231d ago; engagement discounted (automation-heavy); segment C3,Flagged,3,Review blocker: non-prospect persona,False,Blocked
C00127,Gary,Lee,glee@heliostechnologies.com,,,Individual Contributor,Non-Prospect: Other,+1-555-2841,ACC0173,Healthcare,25.0,,,2023-12-08,,,True,2023-12-20,False,False,False,False,,False,False,,,,,,Contact,Orphan Contact,,49.0,False,C00127,Junction Solutions,junctionsolutions.com,False,True,False,11.9,United Kingdom,1.9,True,False,False,True,False,False,False,True,False,False,False,True,False,False,True,non-prospect persona,3,"duplicate_email, orphan_contact, missing_title",6.0,6.0,2026-05-12 00:00:00,2023-05-10 00:00:00,16.0,6.0,1.0,True,0.0,0.0,0.0,0.0,0.0,0.0,0.0,0.0,0.0,0.0,True,False,0.25,C2,0.55,54.94,30.217,0.3,0.0,0.15,0.0,0.0,0.0,0.0,0.6,0.25,0.15,Medium,last engaged 16d ago; ICP industry (Healthcare); engagement discounted (automation-heavy); segment C2,Flagged,3,Review blocker: non-prospect persona,False,Blocked
C00128,Andrew,Mitchell,amitchell@unknown.com,Unknown Title,,,Non-Prospect: Vendor,,ACC0100,Energy,50.0,,,2022-06-18,,,True,2023-05-05,True,False,False,False,,False,False,,,,,,Contact,Converted Contact,L00573,0.0,True,C00128,Helios Partners,heliospartners.com,False,True,False,52.2,United States,2.8,True,False,False,False,True,False,False,True,False,False,False,False,True,False,True,non-prospect persona,2,"duplicate_email, missing_phone",0.0,0.0,0,0,0.0,0.0,0.0,,0.0,0.0,0.0,0.0,0.0,0.0,0.0,0.0,0.0,0.0,True,False,0.25,C1,1.0,58.97,58.97,0.5,0.0,0.25,0.0,0.0,0.0,0.0,0.6,0.25,0.15,Medium,no engagement history; ICP industry (Energy); engagement discounted (automation-heavy); segment C1,Flagged,3,Review blocker: non-prospect persona,False,Blocked
C00135,Betty,Lopez,blopez@kineticnetworks.com,VP of Something,,VP,Non-Prospect: Employee,+1-555-1861,ACC0031,Software,7500.0,,,2022-09-14,,,False,,False,False,False,False,,False,False,,,,,,Contact,Orphan Contact,,64.0,False,C00135,Kinetic Networks,kineticnetworks.com,False,True,False,61.1,United States,3297.4,False,False,False,True,False,False,False,True,False,False,False,False,False,False,True,non-prospect persona,1,orphan_contact,3.0,0.0,2025-01-04 00:00:00,2023-12-11 00:00:00,509.0,0.0,0.0,False,3.0,0.0,0.0,0.0078077231750242,0.0,0.0,0.0006055454452393,0.0,4.765456039443509e-08,0.0084133162748239,True,False,1.0,C2,0.55,71.11,39.1105,0.85,0.0,0.425,0.0005491210692281,0.0,0.0,0.0,0.6,0.25,0.15,High,last engaged 509d ago; ICP industry (Software); segment C2,Flagged,3,Review blocker: non-prospect persona,False,Blocked
C00138,Linda,Garcia,lgarcia@fusionsystems.com,Manager of Something,,Manager,Non-Prospect: Other,+1-555-7569,ACC0136,Financial Services,3500.0,,,2024-01-01,,,True,2023-09-02,False,False,False,False,,False,False,,,,,,Contact,Orphan Contact,,20.4,False,C00138,Fusion Systems,fusionsystems.com,False,True,False,20.7,United States,906.7,False,False,False,True,False,False,False,True,False,False,False,False,False,False,True,non-prospect persona,1,orphan_contact,1.0,0.0,2023-08-28 00:00:00,2023-08-28 00:00:00,1004.0,0.0,0.0,False,1.0,0.0,0.0,0.0,0.0,0.0,0.0,0.0,4.212107851171116e-09,4.212107851171116e-09,True,False,1.0,C2,0.55,67.07,36.8885,0.5,0.0,0.25,2.7491622701273113e-10,0.0,0.0,0.0,0.6,0.25,0.15,High,last engaged 1004d ago; ICP industry (Financial Services); segment C2,Flagged,3,Review blocker: non-prospect persona,False,Blocked
C00147,Amy,Allen,aallen@unknown.com,Unknown Title,,,Non-Prospect: Competitor,,,,,,,2023-09-27,,,False,,True,False,False,False,,False,False,,,,,,Contact,Orphan Contact,,10.2,False,C00147,,,,,,,,,False,False,False,True,True,False,False,True,False,False,True,False,True,True,True,non-prospect persona,4,"orphan_contact, missing_account, missing_phone, missing_industry",10.0,10.0,2026-05-08 00:00:00,2023-09-08 00:00:00,20.0,10.0,1.0,True,0.0,0.0,0.0,0.0,0.0,0.0,0.0,0.0,0.0,0.0,False,False,0.25,C3,0.45,3.75,1.6875,0.5,0.0,0.25,0.0,0.0,0.0,0.0,0.6,0.25,0.15,Low,last engaged 20d ago; engagement discounted (automation-heavy); segment C3,Flagged,3,Review blocker: non-prospect persona,False,Blocked
C00159,Jessica,White,jwhite@solariscorp.com,Unknown Title,,,Non-Prospect: Vendor,+1-555-3560,ACC0066,Government,5000.0,,,2024-01-01,,,False,,True,False,False,False,,False,False,,,,,,Contact,Orphan Contact,,38.5,False,C00159,Solaris Corp,solariscorp.com,False,False,False,90.4,United States,2046.7,False,False,False,True,True,False,False,True,False,False,False,False,False,False,True,non-prospect persona,1,orphan_contact,3.0,0.0,2025-07-04 00:00:00,2024-05-06 00:00:00,328.0,1.0,0.0,False,2.0,0.0,0.0,0.0,1.4228248654461155e-05,0.0,0.0,0.0,0.0172633491500622,0.0172775773987166,False,False,1.0,C2,0.55,24.04,13.222,0.5,0.0,0.25,0.001127674446668,0.0,0.0,0.0,0.6,0.25,0.15,High,last engaged 328d ago; segment C2,Flagged,3,Review blocker: non-prospect persona,False,Blocked
C00167,Sandra,Ramirez,sramirez@kryptonventures.com,Unknown Title,,,Non-Prospect: Employee,+1-555-9127,ACC0053,Energy,100.0,,,2023-08-31,,,False,,False,False,False,False,,False,False,,,,,,Contact,Converted Contact,L00546,58.6,True,C00167,Emblem Networks,emblemnetworks.com,False,True,False,85.9,United States,19.2,True,False,False,False,False,False,False,True,False,False,False,False,False,False,True,non-prospect persona,1,duplicate_email,8.0,6.0,2025-05-13 00:00:00,2023-12-06 00:00:00,380.0,7.0,0.75,True,1.0,0.0,0.0,0.0,0.0215791864375777,0.0,0.0,0.0,0.0,0.0215791864375777,True,False,0.65,C1,1.0,68.34,68.34,0.5,0.0,0.25,0.0014084322450987,0.0,0.0,0.0,0.6,0.25,0.15,High,last engaged 380d ago; ICP industry (Energy); engagement discounted (automation-heavy); segment C1,Flagged,3,Review blocker: non-prospect persona,False,Blocked
C00169,Mary,Hill,mhill@forgepartners.com,VP of Something,,VP,Non-Prospect: Other,+1-555-3063,ACC0038,Government,200.0,,,2023-03-02,,,True,2023-11-25,False,False,False,False,,False,False,,,,,,Contact,Converted Contact,L00108,45.0,True,C00169,Zenith Dynamics,zenithdynamics.com,False,False,False,98.3,United Kingdom,34.9,True,False,False,False,False,False,False,True,False,False,False,False,False,False,True,non-prospect persona,1,duplicate_email,11.0,9.0,2026-05-25 00:00:00,2023-02-19 00:00:00,3.0,11.0,0.8181818181818182,True,0.0,0.0,0.0,0.0,0.0,0.0,0.0,0.0,0.0,0.0,False,False,0.65,C1,1.0,19.58,19.58,0.85,0.0,0.425,0.0,0.0,0.0,0.0,0.6,0.25,0.15,High,last engaged 3d ago; engagement discounted (automation-heavy); segment C1,Flagged,3,Review blocker: non-prospect persona,False,Blocked
C00176,Mary,White,mwhite@unknown.com,Manager of Something,,Manager,Non-Prospect: Partner,+1-555-2793,ACC0030,Education,300.0,,,2022-05-16,,,False,,False,False,False,False,,False,False,,,,,,Contact,Converted Contact,L00521,19.8,True,C00176,Bastion Labs,bastionlabs.com,False,False,False,25.4,United States,58.7,True,False,False,False,False,False,False,True,False,False,False,False,False,False,True,non-prospect persona,1,duplicate_email,3.0,0.0,2024-12-18 00:00:00,2023-06-05 00:00:00,526.0,0.0,0.0,False,3.0,0.0,0.0,0.0,6.048051699637945e-09,0.0,0.002108631713818,0.0,0.0,0.0021086377618697,False,False,0.65,C1,1.0,12.29,12.29,0.5,0.0,0.25,0.000137626755561,0.0,0.0,0.0,0.6,0.25,0.15,High,last engaged 526d ago; segment C1,Flagged,3,Review blocker: non-prospect persona,False,Blocked
C00182,Kevin,Clark,kclark@unknown.com,Individual Contributor of Something,,Individual Contributor,Non-Prospect: Vendor,+1-555-1169,,,,,,2024-01-01,,,True,2022-10-31,False,False,False,False,,False,False,,,,,,Contact,Orphan Contact,,78.0,False,C00182,,,,,,,,,False,False,False,True,False,False,False,True,False,False,True,False,False,True,True,non-prospect persona,3,"orphan_contact, missing_account, missing_industry",0.0,0.0,0,0,0.0,0.0,0.0,,0.0,0.0,0.0,0.0,0.0,0.0,0.0,0.0,0.0,0.0,False,False,0.25,C3,0.45,3.75,1.6875,0.3,0.0,0.15,0.0,0.0,0.0,0.0,0.6,0.25,0.15,Medium,no engagement history; engagement discounted (automation-heavy); segment C3,Flagged,3,Review blocker: non-prospect persona,False,Blocked
C00185,Richard,Campbell,rcampbell@ciphercorp.com,Manager of Something,,Manager,Non-Prospect: Vendor,+1-555-5939,ACC0165,Professional Services,300.0,,,2022-05-30,,,False,,True,True,False,False,,False,False,,,,,,Contact,Orphan Contact,,39.9,False,C00185,Cipher Corp,ciphercorp.com,False,False,False,95.2,United States,55.4,False,False,False,True,True,True,False,True,False,False,False,False,False,False,True,non-prospect persona,1,orphan_contact,0.0,0.0,0,0,0.0,0.0,0.0,,0.0,0.0,0.0,0.0,0.0,0.0,0.0,0.0,0.0,0.0,False,False,0.65,C2,0.55,19.270000000000003,10.598500000000003,0.5,0.0,0.25,0.0,0.0,0.0,0.0,0.6,0.25,0.15,High,no engagement history; engagement discounted (automation-heavy); segment C2,Flagged,3,Review blocker: non-prospect persona,False,Blocked
C00188,Cynthia,Sanchez,csanchez@mantlesolutions.com,Unknown Title,,,Non-Prospect: Competitor,+1-555-6194,ACC0163,Energy,50000.0,,,2022-11-27,,,False,,False,False,False,False,,False,False,,,,,,Contact,Orphan Contact,,85.0,False,C00188,Mantle Solutions,mantlesolutions.com,False,True,False,13.2,United States,27661.8,False,False,False,True,False,False,False,True,False,False,False,False,False,False,True,non-prospect persona,1,orphan_contact,3.0,0.0,2024-12-30 00:00:00,2024-05-05 00:00:00,514.0,1.0,0.0,False,2.0,0.0,0.0,0.0139117811364474,0.0,0.0,0.0,0.0,0.0,0.0139117811364474,True,False,0.65,C2,0.55,61.07,33.5885,0.5,0.0,0.25,0.0009079953591396,0.0,0.0,0.0,0.6,0.25,0.15,High,last engaged 514d ago; ICP industry (Energy); segment C2,Flagged,3,Review blocker: non-prospect persona,False,Blocked
C00196,Linda,Lopez,llopez@atlasgroup.com,VP of Something,,VP,Non-Prospect: Competitor,+1-555-6574,ACC0127,Government,5000.0,,,2024-01-01,,,True,2023-05-03,False,False,False,False,,False,False,,,,,,Contact,Orphan Contact,,7.3,False,C00196,Atlas Group,atlasgroup.com,False,False,False,16.0,France,1366.2,False,False,False,True,False,False,False,True,False,False,False,False,False,False,True,non-prospect persona,1,orphan_contact,1.0,0.0,2023-11-26 00:00:00,2023-11-26 00:00:00,914.0,0.0,0.0,False,1.0,0.0,0.0,0.0,0.0,2.69574902474951e-07,0.0,0.0,0.0,2.69574902474951e-07,False,False,1.0,C2,0.55,16.6,9.13,0.85,0.0,0.425,1.7594638528814766e-08,0.0,0.0,0.0,0.6,0.25,0.15,High,last engaged 914d ago; segment C2,Flagged,3,Review blocker: non-prospect persona,False,Blocked
C00202,Carol,Brown,cbrown@bastionnetworks.com,Individual Contributor of Something,,Individual Contributor,Non-Prospect: Partner,,ACC0007,Energy,300.0,,,2023-08-27,,,True,2023-07-07,True,False,False,False,,False,False,,,,,,Contact,Orphan Contact,,73.5,False,C00202,Bastion Networks,bastionnetworks.com,False,True,False,69.3,United States,37.8,False,False,False,True,True,False,False,True,False,False,False,False,True,False,True,non-prospect persona,2,"orphan_contact, missing_phone",0.0,0.0,0,0,0.0,0.0,0.0,,0.0,0.0,0.0,0.0,0.0,0.0,0.0,0.0,0.0,0.0,True,False,0.65,C2,0.55,66.68,36.67400000000001,0.3,0.0,0.15,0.0,0.0,0.0,0.0,0.6,0.25,0.15,Medium,no engagement history; ICP industry (Energy); engagement discounted (automation-heavy); segment C2,Flagged,3,Review blocker: non-prospect persona,False,Blocked
C00204,Jason,Brown,jbrown@novasolutions.com,Unknown Title,,,Non-Prospect: Employee,+1-555-2080,ACC0016,Retail,3500.0,,,2022-04-09,,,False,,True,False,False,False,,False,False,,,,,,Contact,Orphan Contact,,5.9,False,C00204,Nova Solutions,novasolutions.com,False,False,False,89.7,Germany,890.6,False,False,False,True,True,False,False,True,False,False,False,False,False,False,True,non-prospect persona,1,orphan_contact,1.0,0.0,2024-08-24 00:00:00,2024-08-24 00:00:00,642.0,0.0,0.0,False,1.0,0.0,0.0,0.0,0.000180687495054,0.0,0.0,0.0,0.0,0.000180687495054,False,False,1.0,C2,0.55,23.97,13.1835,0.5,0.0,0.25,1.1793127375600338e-05,0.0,0.0,0.0,0.6,0.25,0.15,High,last engaged 642d ago; segment C2,Flagged,3,Review blocker: non-prospect persona,False,Blocked
C00205,Margaret,Jones,leads@databroker.io,Unknown Title,,,Non-Prospect: Vendor,+1-555-4019,ACC0159,Education,75.0,,,2023-08-20,,,True,2023-04-10,False,False,False,False,,False,False,,,,,,Contact,Converted Contact,L00019,39.5,True,C00205,Bastion Networks,bastionnetworks.com,False,False,False,49.1,United States,3.2,True,True,False,False,False,False,False,True,False,False,False,False,False,False,True,non-prospect persona,2,"duplicate_email, shared_email",14.0,13.0,2026-05-16 00:00:00,2023-04-17 00:00:00,12.0,14.0,0.9285714285714286,True,0.0,0.0,0.0,0.0,0.0,0.0,0.0,0.0,0.0,0.0,False,False,0.25,C1,1.0,8.66,8.66,0.5,0.0,0.25,0.0,0.0,0.0,0.0,0.6,0.25,0.15,Medium,last engaged 12d ago; engagement discounted (automation-heavy); segment C1,Flagged,3,Review blocker: non-prospect persona,False,Blocked
C00211,Susan,Lewis,subscribe@vendorblast.com,VP of Something,,VP,Non-Prospect: Vendor,+1-555-2287,ACC0002,Education,7500.0,,,2024-01-01,,,False,,False,False,False,False,,False,False,,,,,,Contact,Orphan Contact,,36.4,False,C00211,Warden Dynamics,wardendynamics.com,False,False,False,31.7,United States,1575.9,True,False,False,True,False,False,False,True,False,False,False,False,False,False,True,non-prospect persona,2,"duplicate_email, orphan_contact",1.0,1.0,2023-02-21 00:00:00,2023-02-21 00:00:00,1192.0,1.0,1.0,True,0.0,0.0,0.0,0.0,0.0,0.0,0.0,0.0,0.0,0.0,False,False,1.0,C2,0.55,18.17,9.9935,0.85,0.0,0.425,0.0,0.0,0.0,0.0,0.6,0.25,0.15,Medium,last engaged 1192d ago; engagement discounted (automation-heavy); segment C2,Flagged,3,Review blocker: non-prospect persona,False,Blocked
C00212,Edward,Martin,emartin@eclipsedynamics.com,,,Manager,Non-Prospect: Other,+1-555-2017,,,,,,2023-10-15,,,False,,False,False,False,False,,False,False,,,,,,Contact,Converted Contact,L00309,15.4,True,C00212,,,,,,,,,True,False,False,False,False,False,False,True,False,False,True,True,False,True,True,non-prospect persona,4,"duplicate_email, missing_account, missing_title, missing_industry",1.0,1.0,2023-04-30 00:00:00,2023-04-30 00:00:00,1124.0,1.0,1.0,True,0.0,0.0,0.0,0.0,0.0,0.0,0.0,0.0,0.0,0.0,False,False,0.25,C1,1.0,3.75,3.75,0.5,0.0,0.25,0.0,0.0,0.0,0.0,0.6,0.25,0.15,Low,last engaged 1124d ago; engagement discounted (automation-heavy); segment C1,Flagged,3,Review blocker: non-prospect persona,False,Blocked
C00220,Sharon,Martinez,smartinez@meridianlabs.com,Director of Something,,Director,Non-Prospect: Other,,ACC0078,Software,50.0,,,2024-01-01,,,True,2022-05-24,False,False,False,False,,False,False,,,,,,Contact,Orphan Contact,,8.1,False,C00220,Meridian Labs,meridianlabs.com,False,True,False,31.9,United States,4.7,False,False,False,True,False,False,False,True,False,False,False,False,True,False,True,non-prospect persona,2,"orphan_contact, missing_phone",0.0,0.0,0,0,0.0,0.0,0.0,,0.0,0.0,0.0,0.0,0.0,0.0,0.0,0.0,0.0,0.0,True,False,0.25,C2,0.55,56.94,31.317,0.7,0.0,0.35,0.0,0.0,0.0,0.0,0.6,0.25,0.15,Medium,no engagement history; ICP industry (Software); engagement discounted (automation-heavy); segment C2,Flagged,3,Review blocker: non-prospect persona,False,Blocked
C00228,Timothy,Campbell,tcampbell@jasperpartners.com,Individual Contributor of Something,,Individual Contributor,Non-Prospect: Employee,+1-555-7022,ACC0101,Financial Services,1000.0,,,2023-05-23,,,False,,False,False,False,False,,False,False,,,,,,Contact,Orphan Contact,,87.5,False,C00228,Jasper Partners,jasperpartners.com,False,True,False,46.8,United States,281.0,False,False,False,True,False,False,False,True,False,False,False,False,False,False,True,non-prospect persona,1,orphan_contact,10.0,8.0,2026-05-20 00:00:00,2023-11-06 00:00:00,8.0,8.0,0.8,True,2.0,0.0,0.0,4.245538676894349e-07,0.0,0.0,0.0,0.0202938939487985,0.0,0.0202943185026662,True,False,1.0,C2,0.55,69.68,38.324000000000005,0.3,0.0,0.15,0.0013245713713138,0.0,0.0,0.0,0.6,0.25,0.15,High,last engaged 8d ago; ICP industry (Financial Services); engagement discounted (automation-heavy); segment C2,Flagged,3,Review blocker: non-prospect persona,False,Blocked
C00237,Steven,Hernandez,info@securitysummit.org,,,Manager,Non-Prospect: Vendor,+1-555-1996,ACC0087,Telecommunications,500.0,,,2024-01-01,,,True,2023-04-24,False,False,False,False,,False,False,,,,,,Contact,Orphan Contact,,24.1,False,C00237,Delphi Networks,delphinetworks.com,False,True,False,39.4,United States,120.6,True,True,False,True,False,False,False,True,False,False,False,True,False,False,True,non-prospect persona,4,"duplicate_email, shared_email, orphan_contact, missing_title",8.0,7.0,2025-12-07 00:00:00,2023-03-01 00:00:00,172.0,7.0,0.875,True,1.0,0.0,0.0,0.0,4.656612873077397e-07,0.0,0.0,0.0,0.0,4.656612873077397e-07,True,False,1.0,C2,0.55,68.94,37.917,0.5,0.0,0.25,3.0392822001683e-08,0.0,0.0,0.0,0.6,0.25,0.15,Low,last engaged 172d ago; ICP industry (Telecommunications); engagement discounted (automation-heavy); segment C2,Flagged,3,Review blocker: non-prospect persona,False,Blocked
C00254,Kenneth,Roberts,kroberts@quantumlabs.com,VP of Something,,VP,Non-Prospect: Employee,+1-555-9891,,,,,,2024-01-01,,,False,,True,False,False,False,,False,False,,,,,,Contact,Converted Contact,L00043,45.0,True,C00254,,,,,,,,,True,False,False,False,True,False,False,True,False,False,True,False,False,True,True,non-prospect persona,3,"duplicate_email, missing_account, missing_industry",8.0,7.0,2026-05-26 00:00:00,2023-02-25 00:00:00,2.0,7.0,0.875,True,1.0,0.0,0.0,0.0,0.0,0.0,0.0,0.0,1.7116939350918484e-06,1.7116939350918484e-06,False,False,0.25,C1,1.0,3.75,3.75,0.85,0.0,0.425,1.1171899083856313e-07,0.0,0.0,0.0,0.6,0.25,0.15,Medium,last engaged 2d ago; engagement discounted (automation-heavy); segment C1,Flagged,3,Review blocker: non-prospect persona,False,Blocked
C00256,Carol,White,cwhite@solarislabs.com,VP of Something,,VP,Non-Prospect: Competitor,+1-555-7794,ACC0040,Telecommunications,50000.0,,,2024-01-01,,,True,2023-06-09,False,True,False,False,,False,False,,,,,,Contact,Orphan Contact,,82.8,False,C00256,Solaris Labs,solarislabs.com,False,True,False,51.5,United States,36823.5,False,False,False,True,False,True,False,True,False,False,False,False,False,False,True,non-prospect persona,1,orphan_contact,0.0,0.0,0,0,0.0,0.0,0.0,,0.0,0.0,0.0,0.0,0.0,0.0,0.0,0.0,0.0,0.0,True,False,0.65,C2,0.55,64.9,35.69500000000001,0.85,0.0,0.425,0.0,0.0,0.0,0.0,0.6,0.25,0.15,High,no engagement history; ICP industry (Telecommunications); engagement discounted (automation-heavy); segment C2,Flagged,3,Review blocker: non-prospect persona,False,Blocked
C00271,Amanda,Taylor,subscribe@vendorblast.com,Director of Something,,Director,Non-Prospect: Competitor,+1-555-4325,ACC0172,Energy,50000.0,,,2024-01-01,,,True,2023-05-11,True,True,False,False,,False,False,,,,,,Contact,Orphan Contact,,27.4,False,C00271,Vortex Corp,vortexcorp.com,False,True,False,3.0,United States,22738.5,True,False,False,True,True,True,False,True,False,False,False,False,False,False,True,non-prospect persona,2,"duplicate_email, orphan_contact",6.0,5.0,2026-05-28 00:00:00,2023-02-27 00:00:00,0.0,5.0,0.8333333333333334,True,1.0,0.0,0.0,3.0020491882217645e-07,0.0,0.0,0.0,0.0,0.0,3.0020491882217645e-07,True,False,0.65,C2,0.55,60.05,33.0275,0.7,0.0,0.35,1.9593801139329653e-08,0.0,0.0,0.0,0.6,0.25,0.15,Medium,no engagement history; ICP industry (Energy); engagement discounted (automation-heavy); segment C2,Flagged,3,Review blocker: non-prospect persona,False,Blocked
C00282,Lisa,Johnson,ljohnson@unknown.com,Director of Something,,Director,Non-Prospect: Vendor,,,,,,,2024-01-01,,,True,2023-08-14,True,False,False,False,,False,False,,,,,,Contact,Orphan Contact,,33.9,False,C00282,,,,,,,,,False,False,False,True,True,False,False,True,False,False,True,False,True,True,True,non-prospect persona,4,"orphan_contact, missing_account, missing_phone, missing_industry",0.0,0.0,0,0,0.0,0.0,0.0,,0.0,0.0,0.0,0.0,0.0,0.0,0.0,0.0,0.0,0.0,False,False,0.25,C3,0.45,3.75,1.6875,0.7,0.0,0.35,0.0,0.0,0.0,0.0,0.6,0.25,0.15,Low,no engagement history; engagement discounted (automation-heavy); segment C3,Flagged,3,Review blocker: non-prospect persona,False,Blocked
C00283,Daniel,Nelson,dnelson@orbitcorp.com,Unknown Title,,,Non-Prospect: Vendor,+1-555-4360,ACC0079,Retail,1000.0,,,2024-01-01,,,False,,False,False,False,False,,False,False,,,,,,Contact,Orphan Contact,,57.6,False,C00283,Orbit Corp,orbitcorp.com,False,False,False,60.9,United States,184.1,False,False,False,True,False,False,False,True,False,False,False,False,False,False,True,non-prospect persona,1,orphan_contact,0.0,0.0,0,0,0.0,0.0,0.0,,0.0,0.0,0.0,0.0,0.0,0.0,0.0,0.0,0.0,0.0,False,False,1.0,C2,0.55,21.09,11.5995,0.5,0.0,0.25,0.0,0.0,0.0,0.0,0.6,0.25,0.15,High,no engagement history; engagement discounted (automation-heavy); segment C2,Flagged,3,Review blocker: non-prospect persona,False,Blocked
C00284,Sandra,Torres,storres@heliostechnologies.com,Director of Something,,Director,Non-Prospect: Employee,+1-555-4210,ACC0084,Education,50000.0,,,2022-11-29,,,False,,False,False,False,False,,False,False,,,,,,Contact,Orphan Contact,,76.2,False,C00284,Helios Technologies,heliostechnologies.com,False,False,False,46.8,United States,23573.6,False,False,False,True,False,False,False,True,False,False,False,False,False,False,True,non-prospect persona,1,orphan_contact,0.0,0.0,0,0,0.0,0.0,0.0,,0.0,0.0,0.0,0.0,0.0,0.0,0.0,0.0,0.0,0.0,False,False,0.65,C2,0.55,14.43,7.9365,0.7,0.0,0.35,0.0,0.0,0.0,0.0,0.6,0.25,0.15,High,no engagement history; engagement discounted (automation-heavy); segment C2,Flagged,3,Review blocker: non-prospect persona,False,Blocked
C00297,Jacob,Roberts,jroberts@glacierlabs.com,Manager of Something,,Manager,Non-Prospect: Other,+1-555-2414,ACC0114,Professional Services,7500.0,,,2022-12-31,,,False,,True,False,False,False,,False,False,,,,,,Contact,Orphan Contact,,28.6,False,C00297,Finesse Corp,finessecorp.com,False,False,False,98.5,Germany,1867.7,True,False,False,True,True,False,False,True,False,False,False,False,False,False,True,non-prospect persona,2,"duplicate_email, orphan_contact",2.0,0.0,2024-11-27 00:00:00,2024-02-19 00:00:00,547.0,0.0,0.0,False,2.0,0.0,0.0,0.0,0.0,0.0,0.0006490075385672,4.803278701154808e-07,0.0,0.0006494878664373,False,False,1.0,C2,0.55,24.85,13.667500000000002,0.5,0.0,0.25,4.239083139379885e-05,0.0,0.0,0.0,0.6,0.25,0.15,Medium,last engaged 547d ago; segment C2,Flagged,3,Review blocker: non-prospect persona,False,Blocked
C00299,Stephanie,Harris,sharris@heliospartners.com,VP of Something,,VP,Non-Prospect: Employee,+1-555-4561,ACC0100,Energy,50.0,,,2024-01-01,,,True,2023-02-09,False,False,False,False,,False,False,,,,,,Contact,Orphan Contact,,78.1,False,C00299,Helios Partners,heliospartners.com,False,True,False,52.2,United States,2.8,False,False,False,True,False,False,False,True,False,False,False,False,False,False,True,non-prospect persona,1,orphan_contact,0.0,0.0,0,0,0.0,0.0,0.0,,0.0,0.0,0.0,0.0,0.0,0.0,0.0,0.0,0.0,0.0,True,False,0.25,C2,0.55,58.97,32.4335,0.85,0.0,0.425,0.0,0.0,0.0,0.0,0.6,0.25,0.15,High,no engagement history; ICP industry (Energy); engagement discounted (automation-heavy); segment C2,Flagged,3,Review blocker: non-prospect persona,False,Blocked
C00300,Emily,Anderson,eanderson@unknown.com,Manager of Something,,Manager,Non-Prospect: Employee,,,,,,,2022-02-18,,,False,,False,False,False,False,,False,False,,,,,,Contact,Orphan Contact,,57.6,False,C00300,,,,,,,,,True,False,False,True,False,False,False,True,False,False,True,False,True,True,True,non-prospect persona,5,"duplicate_email, orphan_contact, missing_account, missing_phone, missing_industry",0.0,0.0,0,0,0.0,0.0,0.0,,0.0,0.0,0.0,0.0,0.0,0.0,0.0,0.0,0.0,0.0,False,False,0.25,C3,0.45,3.75,1.6875,0.5,0.0,0.25,0.0,0.0,0.0,0.0,0.6,0.25,0.15,Low,no engagement history; engagement discounted (automation-heavy); segment C3,Flagged,3,Review blocker: non-prospect persona,False,Blocked
C00302,Paul,Wilson,pwilson@vortexsystems.com,Unknown Title,,,Non-Prospect: Partner,+1-555-3518,ACC0123,Financial Services,15000.0,,,2023-02-15,,,False,,True,True,False,False,,False,False,,,,,,Contact,Orphan Contact,,40.6,False,C00302,Vortex Systems,vortexsystems.com,True,True,True,61.7,United States,5203.5,False,False,False,True,True,True,False,True,True,False,False,False,False,False,True,"account do-not-contact, non-prospect persona",1,orphan_contact,6.0,2.0,2025-12-26 00:00:00,2023-02-03 00:00:00,153.0,5.0,0.3333333333333333,False,1.0,0.0,0.0,0.0,0.0,2.866481461899635e-08,0.0,0.0,0.0,2.866481461899635e-08,True,True,0.65,C2,0.55,90.92,50.00600000000001,0.5,0.0,0.25,1.870897650657928e-09,0.0,0.0,0.0,0.6,0.25,0.15,High,last engaged 153d ago; ICP industry (Financial Services); named account; segment C2,Flagged,3,"Review blocker: account do-not-contact, non-prospect persona",False,Blocked
C00304,Anthony,Flores,aflores@bastionnetworks.com,Unknown Title,,,Non-Prospect: Competitor,,ACC0093,Education,25000.0,,,2024-01-01,,,False,,True,False,False,False,,False,False,,,,,,Contact,Converted Contact,L00449,0.0,True,C00304,Paragon Dynamics,paragondynamics.com,False,False,False,24.4,United States,17433.7,True,False,False,False,True,False,False,True,False,False,False,False,True,False,True,non-prospect persona,2,"duplicate_email, missing_phone",11.0,8.0,2025-10-24 00:00:00,2023-11-14 00:00:00,216.0,8.0,0.7272727272727273,True,3.0,0.0,0.0,0.0,2.2585936881756787e-05,0.0,0.0,0.0001513863613098,2.5537446599794266e-08,0.0001739978356381,False,False,0.65,C1,1.0,12.19,12.19,0.5,0.0,0.25,1.1356506094379323e-05,0.0,0.0,0.0,0.6,0.25,0.15,Medium,last engaged 216d ago; engagement discounted (automation-heavy); segment C1,Flagged,3,Review blocker: non-prospect persona,False,Blocked
C00307,Paul,Jones,pjones@unknown.com,Unknown Title,,,Non-Prospect: Other,+1-555-7525,ACC0192,Government,750.0,,,2023-03-25,,,False,,True,False,False,False,,False,False,,,,,,Contact,Converted Contact,L00228,7.3,True,C00307,Luminary Solutions,luminarysolutions.com,False,False,False,75.1,United States,211.8,True,False,False,False,True,False,False,True,False,False,False,False,False,False,True,non-prospect persona,1,duplicate_email,1.0,0.0,2025-09-22 00:00:00,2025-09-22 00:00:00,248.0,1.0,0.0,False,0.0,0.0,0.0,0.0,0.0,0.0,0.0,0.0,0.0,0.0,False,False,1.0,C1,1.0,22.51,22.51,0.5,0.0,0.25,0.0,0.0,0.0,0.0,0.6,0.25,0.15,High,last engaged 248d ago; segment C1,Flagged,3,Review blocker: non-prospect persona,False,Blocked
C00312,Patricia,Anderson,panderson@dynextechnologies.com,Unknown Title,,,Non-Prospect: Competitor,+1-555-1832,ACC0049,Manufacturing,50000.0,,,2024-01-01,,,True,2022-03-27,True,False,False,False,,False,False,,,,,,Contact,Converted Contact,L00410,45.9,True,C00312,Dynex Labs,dynexlabs.com,True,False,False,14.9,United States,28992.7,True,False,False,False,True,False,False,True,False,False,False,False,False,False,True,non-prospect persona,1,duplicate_email,6.0,0.0,2024-04-11 00:00:00,2023-08-29 00:00:00,777.0,3.0,0.0,False,3.0,0.0,0.0,1.9963336410676968e-06,0.0,0.0,0.0,0.0,7.985334564270792e-07,2.794867097494776e-06,False,True,0.65,C1,1.0,36.24,36.24,0.5,0.0,0.25,1.824156324087611e-07,0.0,0.0,0.0,0.6,0.25,0.15,High,last engaged 777d ago; named account; segment C1,Flagged,3,Review blocker: non-prospect persona,False,Blocked
C00314,Joseph,Wright,jwright@junctioncorp.com,Unknown Title,,,Non-Prospect: Employee,,ACC0090,Retail,7500.0,,,2023-12-28,,,False,,False,False,False,False,,False,False,,,,,,Contact,Orphan Contact,,14.9,False,C00314,Junction Corp,junctioncorp.com,False,False,False,68.5,United States,3126.8,False,False,False,True,False,False,False,True,False,False,False,False,True,False,True,non-prospect persona,2,"orphan_contact, missing_phone",2.0,0.0,2024-01-18 00:00:00,2023-12-04 00:00:00,861.0,0.0,0.0,False,2.0,0.0,0.0,8.107633919419034e-07,1.1465925847598529e-06,0.0,0.0,0.0,0.0,1.9573559767017563e-06,False,False,1.0,C2,0.55,21.85,12.017500000000002,0.5,0.0,0.25,1.2775288265376508e-07,0.0,0.0,0.0,0.6,0.25,0.15,Medium,last engaged 861d ago; segment C2,Flagged,3,Review blocker: non-prospect persona,False,Blocked
C00324,Susan,Allen,dadams@forgegroup.com,Unknown Title,,,Non-Prospect: Vendor,+1-555-5766,ACC0162,Software,1500.0,,,2024-01-01,,,False,,False,True,False,False,,False,False,,,,,,Contact,Converted Contact,L00032,52.7,True,C00324,Umbra Partners,umbrapartners.com,False,True,False,43.5,United States,382.2,True,False,False,False,False,True,False,True,False,False,False,False,False,False,True,non-prospect persona,1,duplicate_email,14.0,13.0,2025-10-27 00:00:00,2023-02-24 00:00:00,213.0,13.0,0.9285714285714286,True,1.0,0.0,0.0,0.0,0.0,0.0,2.3453509282982525e-10,0.0,0.0,2.3453509282982525e-10,True,False,1.0,C1,1.0,69.35,69.35,0.5,0.0,0.25,1.5307657140101284e-11,0.0,0.0,0.0,0.6,0.25,0.15,High,last engaged 213d ago; ICP industry (Software); engagement discounted (automation-heavy); segment C1,Flagged,3,Review blocker: non-prospect persona,False,Blocked
C00328,Jeffrey,Miller,leads@databroker.io,Director of Something,,Director,Non-Prospect: Employee,+1-555-9442,ACC0122,Financial Services,25000.0,,,2023-09-12,,,False,,False,False,False,False,,False,False,,,,,,Contact,Converted Contact,L00536,30.0,True,C00328,Quantum Labs,quantumlabs.com,False,True,False,84.6,United States,14168.6,True,True,False,False,False,False,False,True,False,False,False,False,False,False,True,non-prospect persona,2,"duplicate_email, shared_email",4.0,0.0,2024-05-23 00:00:00,2023-03-03 00:00:00,735.0,0.0,0.0,False,4.0,0.0,0.0,0.0,2.1073424255447023e-05,0.0,2.7570723732613276e-10,4.583566078126292e-10,7.280409100906893e-07,2.180219922938285e-05,True,False,0.65,C1,1.0,68.21,68.21,0.7,0.0,0.35,1.4229878636785912e-06,0.0,0.0,0.0,0.6,0.25,0.15,Medium,last engaged 735d ago; ICP industry (Financial Services); segment C1,Flagged,3,Review blocker: non-prospect persona,False,Blocked
C00335,Thomas,Wright,contact@vendorlist.net,Individual Contributor of Something,,Individual Contributor,Non-Prospect: Employee,+1-555-2930,ACC0102,Retail,2000.0,,,2023-02-17,,,False,,False,False,False,False,,False,False,,,,,,Contact,Converted Contact,L00493,77.1,True,C00335,Paragon Labs,paragonlabs.com,False,False,False,25.9,United States,670.7,True,False,False,False,False,False,False,True,False,False,False,False,False,False,True,non-prospect persona,1,duplicate_email,20.0,12.0,2025-10-23 00:00:00,2023-02-10 00:00:00,217.0,16.0,0.6,False,4.0,0.0,0.0,2.456272243158658e-09,0.0,0.0,0.0,0.0,1.5473545517140474e-10,2.611007698330063e-09,False,False,1.0,C1,1.0,17.59,17.59,0.3,0.0,0.15,1.7041548091569402e-10,0.0,0.0,0.0,0.6,0.25,0.15,High,last engaged 217d ago; segment C1,Flagged,3,Review blocker: non-prospect persona,False,Blocked
C00337,Susan,Martin,smartin@delphinetworks.com,Director of Something,,Director,Non-Prospect: Vendor,,ACC0087,Telecommunications,500.0,,,2024-01-01,,,False,,True,False,False,False,,False,False,,,,,,Contact,Orphan Contact,,23.6,False,C00337,Delphi Networks,delphinetworks.com,False,True,False,39.4,United States,120.6,False,False,False,True,True,False,False,True,False,False,False,False,True,False,True,non-prospect persona,2,"orphan_contact, missing_phone",2.0,1.0,2025-05-13 00:00:00,2023-09-13 00:00:00,380.0,1.0,0.5,False,1.0,0.0,0.0,0.0,0.0,4.8768432942248367e-08,0.0,0.0,0.0,4.8768432942248367e-08,True,False,1.0,C2,0.55,68.94,37.917,0.7,0.0,0.35,3.1830223858296078e-09,0.0,0.0,0.0,0.6,0.25,0.15,Medium,last engaged 380d ago; ICP industry (Telecommunications); segment C2,Flagged,3,Review blocker: non-prospect persona,False,Blocked
C00340,Ronald,Smith,rsmith@latticegroup.com,Manager of Something,,Manager,Non-Prospect: Competitor,,ACC0187,Retail,25.0,,,2023-09-14,,,False,,False,False,False,False,,False,False,,,,,,Contact,Orphan Contact,,91.9,False,C00340,Lattice Group,latticegroup.com,True,False,False,34.1,France,1.4,False,False,False,True,False,False,False,True,False,False,False,False,True,False,True,non-prospect persona,2,"orphan_contact, missing_phone",16.0,15.0,2026-05-04 00:00:00,2023-03-09 00:00:00,24.0,15.0,0.9375,True,1.0,0.0,0.0,3.585293996578805e-05,0.0,0.0,0.0,0.0,0.0,3.585293996578805e-05,False,True,0.25,C2,0.55,32.16,17.688,0.5,0.0,0.25,2.3400528502535696e-06,0.0,0.0,0.0,0.6,0.25,0.15,Medium,last engaged 24d ago; named account; engagement discounted (automation-heavy); segment C2,Flagged,3,Review blocker: non-prospect persona,False,Blocked
C00343,Barbara,Clark,bclark@novaventures.com,,,C-Level,Non-Prospect: Competitor,+1-555-8912,ACC0168,Healthcare,1000.0,,,2023-03-12,,,True,2023-12-26,True,False,False,False,,False,False,,,,,,Contact,Orphan Contact,,69.2,False,C00343,Nova Ventures,novaventures.com,True,True,True,16.4,United States,234.1,False,False,False,True,True,False,False,True,True,False,False,True,False,False,True,"account do-not-contact, non-prospect persona",2,"orphan_contact, missing_title",2.0,0.0,2025-09-25 00:00:00,2023-02-27 00:00:00,245.0,0.0,0.0,False,2.0,0.0,0.0,0.0,0.0,0.0,0.0,1.2568424426424646e-10,0.1740036558867851,0.1740036560124694,True,True,1.0,C2,0.55,91.64,50.402,1.0,0.0,0.5,0.0113568859790874,0.0,0.0,0.0,0.6,0.25,0.15,Medium,last engaged 245d ago; ICP industry (Healthcare); named account; segment C2,Flagged,3,"Review blocker: account do-not-contact, non-prospect persona",False,Blocked
C00351,Michelle,Moore,dflores@luminarynetworks.com,Individual Contributor of Something,,Individual Contributor,Non-Prospect: Partner,+1-555-7533,,,,,,2023-02-15,,,True,2022-12-03,False,False,False,False,,False,False,,,,,,Contact,Orphan Contact,,63.7,False,C00351,,,,,,,,,True,False,False,True,False,False,False,True,False,False,True,False,False,True,True,non-prospect persona,4,"duplicate_email, orphan_contact, missing_account, missing_industry",0.0,0.0,0,0,0.0,0.0,0.0,,0.0,0.0,0.0,0.0,0.0,0.0,0.0,0.0,0.0,0.0,False,False,0.25,C3,0.45,3.75,1.6875,0.3,0.0,0.15,0.0,0.0,0.0,0.0,0.6,0.25,0.15,Low,no engagement history; engagement discounted (automation-heavy); segment C3,Flagged,3,Review blocker: non-prospect persona,False,Blocked
C00352,Laura,Nelson,lnelson@quantumnetworks.com,Director of Something,,Director,Non-Prospect: Competitor,,ACC0001,Government,2000.0,,,2023-05-31,,,False,,False,False,False,False,,False,False,,,,,,Contact,Orphan Contact,,0.0,False,C00352,Quantum Networks,quantumnetworks.com,False,False,False,73.9,United States,675.7,False,False,False,True,False,False,False,True,False,False,False,False,True,False,True,non-prospect persona,2,"orphan_contact, missing_phone",0.0,0.0,0,0,0.0,0.0,0.0,,0.0,0.0,0.0,0.0,0.0,0.0,0.0,0.0,0.0,0.0,False,False,1.0,C2,0.55,22.39,12.3145,0.7,0.0,0.35,0.0,0.0,0.0,0.0,0.6,0.25,0.15,Medium,no engagement history; engagement discounted (automation-heavy); segment C2,Flagged,3,Review blocker: non-prospect persona,False,Blocked
C00353,Dorothy,Adams,dadams@forgegroup.com,Unknown Title,,,Non-Prospect: Competitor,+1-555-1994,ACC0033,Professional Services,750.0,,,2024-01-01,,,True,2023-12-01,False,False,False,False,,False,False,,,,,,Contact,Converted Contact,L00075,39.0,True,C00353,Lattice Group,latticegroup.com,False,False,True,39.6,United States,153.8,True,False,False,False,False,False,False,True,True,False,False,False,False,False,True,"account do-not-contact, non-prospect persona",1,duplicate_email,0.0,0.0,0,0,0.0,0.0,0.0,,0.0,0.0,0.0,0.0,0.0,0.0,0.0,0.0,0.0,0.0,False,False,1.0,C1,1.0,18.96,18.96,0.5,0.0,0.25,0.0,0.0,0.0,0.0,0.6,0.25,0.15,High,no engagement history; engagement discounted (automation-heavy); segment C1,Flagged,3,"Review blocker: account do-not-contact, non-prospect persona",False,Blocked
C00356,Sandra,Jones,sjones@dynextechnologies.com,VP of Something,,VP,Non-Prospect: Employee,+1-555-5820,ACC0060,Financial Services,200.0,,,2022-02-12,,,True,2023-12-05,False,False,False,False,,False,False,,,,,,Contact,Orphan Contact,,26.9,False,C00356,Dynex Technologies,dynextechnologies.com,False,True,False,51.7,United States,27.4,False,False,False,True,False,False,False,True,False,False,False,False,False,False,True,non-prospect persona,1,orphan_contact,15.0,15.0,2026-05-06 00:00:00,2023-02-20 00:00:00,22.0,15.0,1.0,True,0.0,0.0,0.0,0.0,0.0,0.0,0.0,0.0,0.0,0.0,True,False,0.65,C2,0.55,64.92,35.706,0.85,0.0,0.425,0.0,0.0,0.0,0.0,0.6,0.25,0.15,High,last engaged 22d ago; ICP industry (Financial Services); engagement discounted (automation-heavy); segment C2,Flagged,3,Review blocker: non-prospect persona,False,Blocked
C00360,Dorothy,Taylor,dtaylor@unknown.com,Director of Something,,Director,Non-Prospect: Partner,+1-555-9448,,,,,,2024-01-01,,,False,,False,False,False,False,,False,False,,,,,,Contact,Orphan Contact,,36.3,False,C00360,,,,,,,,,False,False,False,True,False,False,False,True,False,False,True,False,False,True,True,non-prospect persona,3,"orphan_contact, missing_account, missing_industry",0.0,0.0,0,0,0.0,0.0,0.0,,0.0,0.0,0.0,0.0,0.0,0.0,0.0,0.0,0.0,0.0,False,False,0.25,C3,0.45,3.75,1.6875,0.7,0.0,0.35,0.0,0.0,0.0,0.0,0.6,0.25,0.15,Medium,no engagement history; engagement discounted (automation-heavy); segment C3,Flagged,3,Review blocker: non-prospect persona,False,Blocked
C00383,Christopher,Davis,cdavis@vertexpartners.com,C-Level of Something,,C-Level,Non-Prospect: Other,+1-555-9658,ACC0023,Education,100.0,,,2022-09-20,,,False,,False,False,False,False,,False,False,,,,,,Contact,Orphan Contact,,0.0,False,C00383,Vertex Partners,vertexpartners.com,True,False,False,29.5,United States,11.0,False,False,False,True,False,False,False,True,False,False,False,False,False,False,True,non-prospect persona,1,orphan_contact,1.0,0.0,2024-06-16 00:00:00,2024-06-16 00:00:00,711.0,0.0,0.0,False,1.0,0.0,0.0,0.0,3.669096271231523e-05,0.0,0.0,0.0,0.0,3.669096271231523e-05,False,True,0.65,C2,0.55,37.7,20.735000000000003,1.0,0.0,0.5,2.3947489928421413e-06,0.0,0.0,0.0,0.6,0.25,0.15,High,last engaged 711d ago; named account; segment C2,Flagged,3,Review blocker: non-prospect persona,False,Blocked
C00385,Karen,Taylor,ktaylor@vortexsolutions.com,Individual Contributor of Something,,Individual Contributor,Non-Prospect: Partner,+1-555-7348,ACC0171,Government,3500.0,,,2024-01-01,,,False,,True,False,False,False,,False,False,,,,,,Contact,Orphan Contact,,75.9,False,C00385,Vortex Solutions,vortexsolutions.com,False,False,False,25.3,United States,958.2,False,False,False,True,True,False,False,True,False,False,False,False,False,False,True,non-prospect persona,1,orphan_contact,0.0,0.0,0,0,0.0,0.0,0.0,,0.0,0.0,0.0,0.0,0.0,0.0,0.0,0.0,0.0,0.0,False,False,1.0,C2,0.55,17.53,9.6415,0.3,0.0,0.15,0.0,0.0,0.0,0.0,0.6,0.25,0.15,High,no engagement history; engagement discounted (automation-heavy); segment C2,Flagged,3,Review blocker: non-prospect persona,False,Blocked
C00386,Daniel,Walker,dwalker@impulsetechnologies.com,Manager of Something,,Manager,Non-Prospect: Other,+1-555-5418,ACC0092,Professional Services,10000.0,,,2022-04-25,,,False,,False,False,False,False,,False,False,,,,,,Contact,Converted Contact,L00310,52.5,True,C00386,Paragon Labs,paragonlabs.com,False,False,False,95.5,France,3440.3,True,False,False,False,False,False,False,True,False,False,False,False,False,False,True,non-prospect persona,1,duplicate_email,17.0,14.0,2026-04-29 00:00:00,2023-04-23 00:00:00,29.0,15.0,0.8235294117647058,True,2.0,0.0,0.0,0.0,4.730823790932309e-05,5.3523161330670125e-05,0.0,0.0,0.0,0.0001008313992399,False,False,1.0,C1,1.0,24.55,24.55,0.5,0.0,0.25,6.581072665492284e-06,0.0,0.0,0.0,0.6,0.25,0.15,High,last engaged 29d ago; engagement discounted (automation-heavy); segment C1,Flagged,3,Review blocker: non-prospect persona,False,Blocked
