campaign_member_id,person_record_id,entity_type,campaign_id,campaign_name,campaign_type,member_status,is_responded,response_date,is_automated,is_active,scoring_person_id
CM000001,C00332,Contact,CAM0057,Event Campaign 057,Event,Attended,True,2026-05-23,False,True,C00332
CM000002,C00332,Contact,CAM0021,Advertisement Campaign 021,Advertisement,Sent,False,2023-09-08,False,True,C00332
CM000003,C00238,Contact,CAM0010,Content Syndication Campaign 010,Content Syndication,Clicked,True,2024-05-03,False,True,C00238
CM000004,C00238,Contact,CAM0026,Telemarketing Campaign 026,Telemarketing,Clicked,True,2024-01-09,False,True,C00238
CM000005,C00238,Contact,CAM0026,Telemarketing Campaign 026,Telemarketing,Clicked,True,2024-01-07,False,True,C00238
CM000006,C00238,Contact,CAM0023,Webinar Campaign 023,Webinar,Attended,True,2024-05-20,False,True,C00238
CM000007,C00238,Contact,CAM0030,Event Campaign 030,Event,Attended,True,2023-10-06,False,True,C00238
CM000008,L00059,Lead,CAM0056,Webinar Campaign 056,Webinar,No Show,True,2026-04-21,False,True,L00059
CM000009,L00059,Lead,CAM0013,Content Syndication Campaign 013,Content Syndication,Responded,True,2023-04-30,False,True,L00059
CM000010,L00059,Lead,CAM0026,Telemarketing Campaign 026,Telemarketing,Sent,False,2023-12-31,False,True,L00059
CM000011,C00170,Contact,CAM0060,Event Campaign 060,Event,Attended,True,2026-04-27,False,True,C00170
CM000012,C00170,Contact,CAM0044,Event Campaign 044,Event,No Show,True,2025-10-28,False,True,C00170
CM000013,C00170,Contact,CAM0036,Advertisement Campaign 036,Advertisement,Clicked,True,2024-10-04,False,True,C00170
CM000014,L00275,Lead,CAM0021,Advertisement Campaign 021,Advertisement,Clicked,True,2023-08-19,False,True,L00275
CM000015,L00279,Lead,CAM0009,Webinar Campaign 009,Webinar,Attended,True,2024-08-13,False,True,L00279
CM000016,L00279,Lead,CAM0050,Webinar Campaign 050,Webinar,No Show,True,2025-09-25,False,True,L00279
CM000017,C00017,Contact,CAM0060,Event Campaign 060,Event,No Show,True,2026-04-19,False,False,C00017
CM000018,C00151,Contact,CAM0059,Content Syndication Campaign 059,Content Syndication,Sent,False,2026-05-03,True,True,C00151
CM000019,C00151,Contact,CAM0060,Event Campaign 060,Event,Sent,False,2026-04-27,True,True,C00151
CM000020,C00151,Contact,CAM0058,Webinar Campaign 058,Webinar,Sent,False,2026-05-29,True,True,C00151
CM000021,C00151,Contact,CAM0056,Webinar Campaign 056,Webinar,No Show,True,2026-04-17,False,True,C00151
CM000022,C00151,Contact,CAM0059,Content Syndication Campaign 059,Content Syndication,Sent,False,2026-04-18,True,True,C00151
CM000023,C00151,Contact,CAM0058,Webinar Campaign 058,Webinar,Sent,False,2026-05-19,True,True,C00151
CM000024,C00151,Contact,CAM0059,Content Syndication Campaign 059,Content Syndication,Sent,False,2026-05-04,True,True,C00151
CM000025,C00151,Contact,CAM0031,Email Campaign 031,Email,Sent,False,2024-02-17,True,True,C00151
CM000026,C00151,Contact,CAM0050,Webinar Campaign 050,Webinar,Attended,True,2025-08-30,False,True,C00151
CM000027,C00151,Contact,CAM0007,Advertisement Campaign 007,Advertisement,Sent,False,2023-11-20,True,True,C00151
CM000028,C00151,Contact,CAM0035,Event Campaign 035,Event,Sent,False,2025-01-17,True,True,C00151
CM000029,C00151,Contact,CAM0041,Email Campaign 041,Email,Sent,False,2025-04-28,True,True,C00151
CM000030,C00151,Contact,CAM0023,Webinar Campaign 023,Webinar,Sent,False,2024-04-26,True,True,C00151
CM000031,C00151,Contact,CAM0027,Advertisement Campaign 027,Advertisement,Sent,False,2024-03-25,True,True,C00151
CM000032,L00169,Lead,CAM0040,Webinar Campaign 040,Webinar,Sent,False,2023-11-30,True,False,L00169
CM000033,L00169,Lead,CAM0029,Webinar Campaign 029,Webinar,Sent,False,2024-02-12,True,True,L00169
CM000034,L00169,Lead,CAM0007,Advertisement Campaign 007,Advertisement,Sent,False,2023-12-03,True,True,L00169
CM000035,L00169,Lead,CAM0023,Webinar Campaign 023,Webinar,Sent,False,2024-05-13,True,True,L00169
CM000036,L00169,Lead,CAM0008,Email Campaign 008,Email,Sent,False,2023-05-01,True,True,L00169
CM000037,L00169,Lead,CAM0002,Telemarketing Campaign 002,Telemarketing,Sent,False,2023-03-07,True,True,L00169
CM000038,L00169,Lead,CAM0027,Advertisement Campaign 027,Advertisement,Sent,False,2024-04-19,True,True,L00169
CM000039,L00169,Lead,CAM0031,Email Campaign 031,Email,Sent,False,2024-02-27,True,True,L00169
CM000040,L00169,Lead,CAM0028,Telemarketing Campaign 028,Telemarketing,Sent,False,2024-11-30,False,True,L00169
CM000041,L00169,Lead,CAM0053,Email Campaign 053,Email,Sent,False,2025-05-25,True,True,L00169
CM000042,L00169,Lead,CAM0055,Advertisement Campaign 055,Advertisement,Sent,False,2025-10-06,False,True,L00169
CM000043,L00169,Lead,CAM0008,Email Campaign 008,Email,Sent,False,2023-05-01,True,True,L00169
CM000044,L00169,Lead,CAM0017,Content Syndication Campaign 017,Content Syndication,Sent,False,2023-11-21,True,True,L00169
CM000045,L00169,Lead,CAM0031,Email Campaign 031,Email,Sent,False,2024-02-11,True,True,L00169
CM000046,L00169,Lead,CAM0025,Event Campaign 025,Event,Attended,True,2023-03-04,False,True,L00169
CM000047,L00169,Lead,CAM0027,Advertisement Campaign 027,Advertisement,Sent,False,2024-04-18,True,True,L00169
CM000048,L00169,Lead,CAM0043,Webinar Campaign 043,Webinar,Registered,True,2025-10-27,False,True,L00169
CM000049,L00345,Lead,CAM0020,Event Campaign 020,Event,No Show,True,2023-12-29,False,True,C00099
CM000050,L00345,Lead,CAM0058,Webinar Campaign 058,Webinar,Sent,False,2026-05-19,True,True,C00099
CM000051,L00345,Lead,CAM0017,Content Syndication Campaign 017,Content Syndication,Clicked,True,2023-11-11,False,True,C00099
CM000052,L00345,Lead,CAM0017,Content Syndication Campaign 017,Content Syndication,Sent,False,2023-11-17,True,True,C00099
CM000053,L00345,Lead,CAM0017,Content Syndication Campaign 017,Content Syndication,Sent,False,2023-11-11,True,True,C00099
CM000054,L00345,Lead,CAM0016,Content Syndication Campaign 016,Content Syndication,Clicked,True,2023-09-17,False,True,C00099
CM000055,L00345,Lead,CAM0033,Advertisement Campaign 033,Advertisement,Sent,False,2023-03-10,True,True,C00099
CM000056,L00345,Lead,CAM0013,Content Syndication Campaign 013,Content Syndication,Sent,False,2023-05-02,True,True,C00099
CM000057,L00345,Lead,CAM0018,Content Syndication Campaign 018,Content Syndication,Clicked,True,2024-07-12,False,False,C00099
CM000058,L00345,Lead,CAM0032,Webinar Campaign 032,Webinar,Sent,False,2023-05-23,True,True,C00099
CM000059,L00345,Lead,CAM0046,Webinar Campaign 046,Webinar,Sent,False,2026-01-01,True,True,C00099
CM000060,L00345,Lead,CAM0007,Advertisement Campaign 007,Advertisement,Sent,False,2023-12-03,True,True,C00099
CM000061,L00345,Lead,CAM0021,Advertisement Campaign 021,Advertisement,Sent,False,2023-08-25,True,True,C00099
CM000062,L00345,Lead,CAM0035,Event Campaign 035,Event,Attended,True,2024-12-25,False,True,C00099
CM000063,L00345,Lead,CAM0056,Webinar Campaign 056,Webinar,Sent,False,2026-05-01,True,True,C00099
CM000064,L00345,Lead,CAM0057,Event Campaign 057,Event,Sent,False,2026-05-26,True,True,C00099
CM000065,L00166,Lead,CAM0057,Event Campaign 057,Event,Registered,True,2026-05-19,False,True,C00039
CM000066,L00166,Lead,CAM0036,Advertisement Campaign 036,Advertisement,Clicked,True,2024-09-29,False,True,C00039
CM000067,L00166,Lead,CAM0013,Content Syndication Campaign 013,Content Syndication,Sent,False,2023-05-14,False,True,C00039
CM000068,L00166,Lead,CAM0026,Telemarketing Campaign 026,Telemarketing,Clicked,True,2023-12-28,False,True,C00039
CM000069,C00277,Contact,CAM0039,Advertisement Campaign 039,Advertisement,Clicked,True,2025-01-01,False,False,C00277
CM000070,C00277,Contact,CAM0040,Webinar Campaign 040,Webinar,Attended,True,2023-11-28,False,True,C00277
CM000071,C00277,Contact,CAM0059,Content Syndication Campaign 059,Content Syndication,Clicked,True,2026-04-27,False,True,C00277
CM000072,L00506,Lead,CAM0010,Content Syndication Campaign 010,Content Syndication,Clicked,True,2024-04-24,False,False,L00506
CM000073,C00041,Contact,CAM0060,Event Campaign 060,Event,Registered,True,2026-04-16,False,False,C00041
CM000074,L00078,Lead,CAM0009,Webinar Campaign 009,Webinar,Sent,False,2024-08-19,True,True,C00068
CM000075,L00078,Lead,CAM0058,Webinar Campaign 058,Webinar,Sent,False,2026-05-15,True,True,C00068
CM000076,L00078,Lead,CAM0015,Advertisement Campaign 015,Advertisement,Sent,False,2024-05-11,True,True,C00068
CM000077,L00078,Lead,CAM0023,Webinar Campaign 023,Webinar,Attended,True,2024-05-04,False,True,C00068
CM000078,L00078,Lead,CAM0002,Telemarketing Campaign 002,Telemarketing,Sent,False,2023-03-02,False,True,C00068
CM000079,L00078,Lead,CAM0036,Advertisement Campaign 036,Advertisement,Sent,False,2024-09-17,True,True,C00068
CM000080,L00078,Lead,CAM0036,Advertisement Campaign 036,Advertisement,Sent,False,2024-09-24,True,True,C00068
CM000081,L00078,Lead,CAM0007,Advertisement Campaign 007,Advertisement,Sent,False,2023-11-29,True,True,C00068
CM000082,L00078,Lead,CAM0018,Content Syndication Campaign 018,Content Syndication,Sent,False,2024-07-13,True,True,C00068
CM000083,L00078,Lead,CAM0047,Advertisement Campaign 047,Advertisement,Sent,False,2025-07-02,True,True,C00068
CM000084,L00078,Lead,CAM0043,Webinar Campaign 043,Webinar,Sent,False,2025-10-23,True,True,C00068
CM000085,L00078,Lead,CAM0019,Webinar Campaign 019,Webinar,Sent,False,2024-06-22,True,True,C00068
CM000086,L00078,Lead,CAM0038,Email Campaign 038,Email,Sent,False,2023-02-14,True,True,C00068
CM000087,C00373,Contact,CAM0049,Webinar Campaign 049,Webinar,Sent,False,2025-10-24,True,True,C00373
CM000088,C00373,Contact,CAM0013,Content Syndication Campaign 013,Content Syndication,Sent,False,2023-05-02,True,True,C00373
CM000089,C00373,Contact,CAM0026,Telemarketing Campaign 026,Telemarketing,Sent,False,2024-01-05,True,True,C00373
CM000090,C00373,Contact,CAM0055,Advertisement Campaign 055,Advertisement,Sent,False,2025-09-28,True,True,C00373
CM000091,C00373,Contact,CAM0021,Advertisement Campaign 021,Advertisement,Sent,False,2023-08-19,False,True,C00373
CM000092,C00373,Contact,CAM0029,Webinar Campaign 029,Webinar,Sent,False,2024-02-12,True,True,C00373
CM000093,C00373,Contact,CAM0041,Email Campaign 041,Email,Responded,True,2025-05-10,False,True,C00373
CM000094,C00373,Contact,CAM0028,Telemarketing Campaign 028,Telemarketing,Sent,False,2024-12-10,True,True,C00373
CM000095,C00373,Contact,CAM0051,Webinar Campaign 051,Webinar,Sent,False,2025-03-04,True,False,C00373
CM000096,C00373,Contact,CAM0022,Event Campaign 022,Event,Sent,False,2024-05-05,True,True,C00373
CM000097,C00373,Contact,CAM0030,Event Campaign 030,Event,Sent,False,2023-09-15,True,True,C00373
CM000098,C00373,Contact,CAM0031,Email Campaign 031,Email,Sent,False,2024-02-17,True,True,C00373
CM000099,C00319,Contact,CAM0056,Webinar Campaign 056,Webinar,Sent,False,2026-04-19,True,True,C00319
CM000100,C00319,Contact,CAM0022,Event Campaign 022,Event,No Show,True,2024-05-10,False,True,C00319
CM000101,C00319,Contact,CAM0018,Content Syndication Campaign 018,Content Syndication,Sent,False,2024-06-15,True,True,C00319
CM000102,C00319,Contact,CAM0044,Event Campaign 044,Event,Sent,False,2025-10-11,True,True,C00319
CM000103,C00319,Contact,CAM0008,Email Campaign 008,Email,Responded,True,2023-05-15,False,True,C00319
CM000104,C00319,Contact,CAM0023,Webinar Campaign 023,Webinar,Sent,False,2024-05-13,True,True,C00319
CM000105,C00319,Contact,CAM0012,Telemarketing Campaign 012,Telemarketing,Sent,False,2023-11-01,True,True,C00319
CM000106,C00319,Contact,CAM0054,Email Campaign 054,Email,Sent,False,2026-01-10,True,True,C00319
CM000107,L00210,Lead,CAM0039,Advertisement Campaign 039,Advertisement,Sent,False,2025-01-13,True,True,L00210
CM000108,L00210,Lead,CAM0014,Content Syndication Campaign 014,Content Syndication,Sent,False,2024-12-01,True,True,L00210
CM000109,L00210,Lead,CAM0029,Webinar Campaign 029,Webinar,Sent,False,2024-02-14,True,True,L00210
CM000110,L00210,Lead,CAM0053,Email Campaign 053,Email,Sent,False,2025-05-21,True,True,L00210
CM000111,L00210,Lead,CAM0012,Telemarketing Campaign 012,Telemarketing,Sent,False,2023-10-23,True,True,L00210
CM000112,L00210,Lead,CAM0024,Advertisement Campaign 024,Advertisement,Clicked,True,2024-04-04,False,True,L00210
CM000113,L00210,Lead,CAM0018,Content Syndication Campaign 018,Content Syndication,Sent,False,2024-06-19,True,True,L00210
CM000114,L00210,Lead,CAM0011,Webinar Campaign 011,Webinar,Sent,False,2024-01-26,True,True,L00210
CM000115,L00210,Lead,CAM0024,Advertisement Campaign 024,Advertisement,Sent,False,2024-03-27,True,True,L00210
CM000116,L00210,Lead,CAM0037,Email Campaign 037,Email,Sent,False,2024-03-07,True,True,L00210
CM000117,L00210,Lead,CAM0004,Advertisement Campaign 004,Advertisement,Sent,False,2023-12-21,True,True,L00210
CM000118,L00210,Lead,CAM0013,Content Syndication Campaign 013,Content Syndication,Sent,False,2023-04-22,True,True,L00210
CM000119,L00210,Lead,CAM0050,Webinar Campaign 050,Webinar,Sent,False,2025-09-11,True,True,L00210
CM000120,L00210,Lead,CAM0016,Content Syndication Campaign 016,Content Syndication,Sent,False,2023-09-18,True,True,L00210
CM000121,L00210,Lead,CAM0021,Advertisement Campaign 021,Advertisement,Sent,False,2023-08-20,True,False,L00210
CM000122,L00210,Lead,CAM0041,Email Campaign 041,Email,Sent,False,2025-04-29,True,True,L00210
CM000123,C00106,Contact,CAM0034,Webinar Campaign 034,Webinar,Sent,False,2024-05-25,True,True,C00106
CM000124,C00106,Contact,CAM0010,Content Syndication Campaign 010,Content Syndication,Sent,False,2024-04-06,True,True,C00106
CM000125,C00106,Contact,CAM0049,Webinar Campaign 049,Webinar,Sent,False,2025-10-24,True,True,C00106
CM000126,C00106,Contact,CAM0047,Advertisement Campaign 047,Advertisement,Clicked,True,2025-06-18,False,True,C00106
CM000127,C00106,Contact,CAM0012,Telemarketing Campaign 012,Telemarketing,Sent,False,2023-11-02,True,True,C00106
CM000128,C00106,Contact,CAM0003,Event Campaign 003,Event,Sent,False,2023-10-24,True,True,C00106
CM000129,C00106,Contact,CAM0001,Email Campaign 001,Email,Sent,False,2024-10-27,True,True,C00106
CM000130,C00106,Contact,CAM0018,Content Syndication Campaign 018,Content Syndication,Sent,False,2024-06-29,True,False,C00106
CM000131,C00106,Contact,CAM0008,Email Campaign 008,Email,Sent,False,2023-04-30,True,True,C00106
CM000132,C00106,Contact,CAM0002,Telemarketing Campaign 002,Telemarketing,Sent,False,2023-03-15,True,True,C00106
CM000133,C00106,Contact,CAM0028,Telemarketing Campaign 028,Telemarketing,Sent,False,2024-12-09,True,True,C00106
CM000134,C00234,Contact,CAM0044,Event Campaign 044,Event,Registered,True,2025-10-20,False,True,C00234
CM000135,C00234,Contact,CAM0007,Advertisement Campaign 007,Advertisement,Sent,False,2023-12-09,False,True,C00234
CM000136,L00134,Lead,CAM0031,Email Campaign 031,Email,Responded,True,2024-02-14,False,True,C00290
CM000137,L00134,Lead,CAM0008,Email Campaign 008,Email,Sent,False,2023-04-28,True,True,C00290
CM000138,L00134,Lead,CAM0052,Advertisement Campaign 052,Advertisement,Sent,False,2025-05-18,True,True,C00290
CM000139,L00134,Lead,CAM0018,Content Syndication Campaign 018,Content Syndication,Sent,False,2024-07-04,True,False,C00290
CM000140,L00134,Lead,CAM0045,Email Campaign 045,Email,Sent,False,2025-04-17,True,True,C00290
CM000141,L00134,Lead,CAM0039,Advertisement Campaign 039,Advertisement,Sent,False,2025-01-11,True,True,C00290
CM000142,L00134,Lead,CAM0022,Event Campaign 022,Event,Sent,False,2024-05-05,True,True,C00290
CM000143,L00134,Lead,CAM0047,Advertisement Campaign 047,Advertisement,Sent,False,2025-06-18,True,False,C00290
CM000144,L00134,Lead,CAM0040,Webinar Campaign 040,Webinar,Registered,True,2023-12-11,False,True,C00290
CM000145,L00134,Lead,CAM0045,Email Campaign 045,Email,Sent,False,2025-04-22,True,True,C00290
CM000146,L00134,Lead,CAM0058,Webinar Campaign 058,Webinar,Sent,False,2026-05-13,True,True,C00290
CM000147,L00134,Lead,CAM0017,Content Syndication Campaign 017,Content Syndication,Sent,False,2023-11-04,True,True,C00290
CM000148,L00134,Lead,CAM0046,Webinar Campaign 046,Webinar,Sent,False,2026-01-26,True,True,C00290
CM000149,L00134,Lead,CAM0003,Event Campaign 003,Event,Registered,True,2023-11-15,False,True,C00290
CM000150,L00134,Lead,CAM0043,Webinar Campaign 043,Webinar,Sent,False,2025-10-15,True,True,C00290
CM000151,C00036,Contact,CAM0057,Event Campaign 057,Event,Sent,False,2026-05-11,True,False,C00036
CM000152,C00036,Contact,CAM0007,Advertisement Campaign 007,Advertisement,Sent,False,2023-11-16,True,True,C00036
CM000153,C00036,Contact,CAM0057,Event Campaign 057,Event,Sent,False,2026-05-08,True,True,C00036
CM000154,C00036,Contact,CAM0049,Webinar Campaign 049,Webinar,Sent,False,2025-10-19,True,True,C00036
CM000155,C00036,Contact,CAM0043,Webinar Campaign 043,Webinar,No Show,True,2025-10-07,False,True,C00036
CM000156,C00036,Contact,CAM0015,Advertisement Campaign 015,Advertisement,Sent,False,2024-05-11,True,True,C00036
CM000157,C00036,Contact,CAM0013,Content Syndication Campaign 013,Content Syndication,Sent,False,2023-04-30,True,True,C00036
CM000158,C00036,Contact,CAM0026,Telemarketing Campaign 026,Telemarketing,Sent,False,2023-12-14,True,True,C00036
CM000159,C00036,Contact,CAM0011,Webinar Campaign 011,Webinar,Sent,False,2023-12-29,True,True,C00036
CM000160,C00036,Contact,CAM0040,Webinar Campaign 040,Webinar,Attended,True,2023-12-15,False,True,C00036
CM000161,C00036,Contact,CAM0046,Webinar Campaign 046,Webinar,Attended,True,2026-01-10,False,True,C00036
CM000162,C00036,Contact,CAM0029,Webinar Campaign 029,Webinar,Sent,False,2024-01-20,True,True,C00036
CM000163,C00036,Contact,CAM0042,Advertisement Campaign 042,Advertisement,Clicked,True,2025-12-16,False,True,C00036
CM000164,C00036,Contact,CAM0047,Advertisement Campaign 047,Advertisement,Sent,False,2025-07-01,True,True,C00036
CM000165,C00036,Contact,CAM0055,Advertisement Campaign 055,Advertisement,Sent,False,2025-10-09,True,True,C00036
CM000166,C00036,Contact,CAM0042,Advertisement Campaign 042,Advertisement,Sent,False,2025-11-29,True,True,C00036
CM000167,C00279,Contact,CAM0058,Webinar Campaign 058,Webinar,No Show,True,2026-05-18,False,True,C00279
CM000168,C00279,Contact,CAM0025,Event Campaign 025,Event,Registered,True,2023-03-17,False,True,C00279
CM000169,L00564,Lead,CAM0057,Event Campaign 057,Event,Attended,True,2026-05-13,False,True,L00564
CM000170,L00564,Lead,CAM0027,Advertisement Campaign 027,Advertisement,Clicked,True,2024-04-14,False,True,L00564
CM000171,L00564,Lead,CAM0015,Advertisement Campaign 015,Advertisement,Clicked,True,2024-05-02,False,True,L00564
CM000172,C00339,Contact,CAM0008,Email Campaign 008,Email,Sent,False,2023-05-01,True,True,C00339
CM000173,C00339,Contact,CAM0016,Content Syndication Campaign 016,Content Syndication,Sent,False,2023-09-05,True,True,C00339
CM000174,C00339,Contact,CAM0014,Content Syndication Campaign 014,Content Syndication,Sent,False,2024-11-17,True,True,C00339
CM000175,C00339,Contact,CAM0056,Webinar Campaign 056,Webinar,Sent,False,2026-04-25,True,True,C00339
CM000176,C00339,Contact,CAM0033,Advertisement Campaign 033,Advertisement,Sent,False,2023-03-29,False,True,C00339
CM000177,C00339,Contact,CAM0010,Content Syndication Campaign 010,Content Syndication,Responded,True,2024-05-05,False,True,C00339
CM000178,C00339,Contact,CAM0048,Event Campaign 048,Event,Sent,False,2025-07-20,True,True,C00339
CM000179,C00339,Contact,CAM0018,Content Syndication Campaign 018,Content Syndication,Sent,False,2024-06-29,True,True,C00339
CM000180,C00339,Contact,CAM0014,Content Syndication Campaign 014,Content Syndication,Sent,False,2024-11-16,False,True,C00339
CM000181,C00339,Contact,CAM0030,Event Campaign 030,Event,Sent,False,2023-10-05,True,True,C00339
CM000182,C00339,Contact,CAM0048,Event Campaign 048,Event,Sent,False,2025-08-03,True,True,C00339
CM000183,C00339,Contact,CAM0051,Webinar Campaign 051,Webinar,Sent,False,2025-03-15,True,True,C00339
CM000184,C00339,Contact,CAM0001,Email Campaign 001,Email,Sent,False,2024-10-17,True,False,C00339
CM000185,C00339,Contact,CAM0054,Email Campaign 054,Email,Sent,False,2026-01-06,True,True,C00339
CM000186,C00339,Contact,CAM0060,Event Campaign 060,Event,Sent,False,2026-04-26,True,True,C00339
CM000187,L00045,Lead,CAM0028,Telemarketing Campaign 028,Telemarketing,Sent,False,2024-12-02,False,True,L00045
CM000188,L00045,Lead,CAM0009,Webinar Campaign 009,Webinar,Registered,True,2024-08-15,False,True,L00045
CM000189,L00045,Lead,CAM0051,Webinar Campaign 051,Webinar,Attended,True,2025-03-09,False,True,L00045
CM000190,L00045,Lead,CAM0028,Telemarketing Campaign 028,Telemarketing,Responded,True,2024-12-16,False,True,L00045
CM000191,L00045,Lead,CAM0053,Email Campaign 053,Email,Sent,False,2025-05-15,True,False,L00045
CM000192,C00331,Contact,CAM0043,Webinar Campaign 043,Webinar,Attended,True,2025-10-12,False,True,C00331
CM000193,C00331,Contact,CAM0006,Telemarketing Campaign 006,Telemarketing,Clicked,True,2023-04-11,False,True,C00331
CM000194,C00331,Contact,CAM0055,Advertisement Campaign 055,Advertisement,Clicked,True,2025-09-18,False,True,C00331
CM000195,C00331,Contact,CAM0010,Content Syndication Campaign 010,Content Syndication,Clicked,True,2024-04-12,False,True,C00331
CM000196,C00386,Contact,CAM0001,Email Campaign 001,Email,Sent,False,2024-10-07,True,True,C00386
CM000197,L00168,Lead,CAM0058,Webinar Campaign 058,Webinar,Registered,True,2026-05-20,False,True,C00072
CM000198,L00168,Lead,CAM0051,Webinar Campaign 051,Webinar,Registered,True,2025-03-15,False,True,C00072
CM000199,L00168,Lead,CAM0040,Webinar Campaign 040,Webinar,Attended,True,2023-12-05,False,True,C00072
CM000200,L00479,Lead,CAM0021,Advertisement Campaign 021,Advertisement,Sent,False,2023-08-14,True,True,L00479
CM000201,L00479,Lead,CAM0028,Telemarketing Campaign 028,Telemarketing,Sent,False,2024-12-18,True,True,L00479
CM000202,L00479,Lead,CAM0028,Telemarketing Campaign 028,Telemarketing,Sent,False,2024-11-28,True,True,L00479
CM000203,L00479,Lead,CAM0045,Email Campaign 045,Email,Sent,False,2025-04-27,True,True,L00479
CM000204,L00479,Lead,CAM0032,Webinar Campaign 032,Webinar,Attended,True,2023-05-25,False,True,L00479
CM000205,L00479,Lead,CAM0048,Event Campaign 048,Event,Sent,False,2025-08-06,True,True,L00479
CM000206,L00479,Lead,CAM0018,Content Syndication Campaign 018,Content Syndication,Clicked,True,2024-06-25,False,True,L00479
CM000207,L00479,Lead,CAM0014,Content Syndication Campaign 014,Content Syndication,Sent,False,2024-11-21,True,False,L00479
CM000208,L00479,Lead,CAM0033,Advertisement Campaign 033,Advertisement,Sent,False,2023-03-31,True,True,L00479
CM000209,L00479,Lead,CAM0007,Advertisement Campaign 007,Advertisement,Sent,False,2023-11-19,True,True,L00479
CM000210,L00479,Lead,CAM0046,Webinar Campaign 046,Webinar,Sent,False,2025-12-30,True,True,L00479
CM000211,L00479,Lead,CAM0012,Telemarketing Campaign 012,Telemarketing,Clicked,True,2023-10-23,False,True,L00479
CM000212,L00479,Lead,CAM0055,Advertisement Campaign 055,Advertisement,Sent,False,2025-09-19,True,True,L00479
CM000213,L00479,Lead,CAM0060,Event Campaign 060,Event,Sent,False,2026-04-25,True,True,L00479
CM000214,L00479,Lead,CAM0033,Advertisement Campaign 033,Advertisement,Clicked,True,2023-03-26,False,True,L00479
CM000215,L00479,Lead,CAM0019,Webinar Campaign 019,Webinar,Sent,False,2024-06-30,True,True,L00479
CM000216,L00479,Lead,CAM0021,Advertisement Campaign 021,Advertisement,Sent,False,2023-08-30,True,True,L00479
CM000217,L00479,Lead,CAM0026,Telemarketing Campaign 026,Telemarketing,Sent,False,2023-12-21,True,True,L00479
CM000218,L00479,Lead,CAM0029,Webinar Campaign 029,Webinar,Sent,False,2024-02-16,True,True,L00479
CM000219,L00479,Lead,CAM0005,Telemarketing Campaign 005,Telemarketing,Sent,False,2024-08-15,True,True,L00479
CM000220,L00479,Lead,CAM0012,Telemarketing Campaign 012,Telemarketing,Sent,False,2023-10-28,True,True,L00479
CM000221,L00479,Lead,CAM0048,Event Campaign 048,Event,Sent,False,2025-07-13,True,False,L00479
CM000222,L00479,Lead,CAM0004,Advertisement Campaign 004,Advertisement,Sent,False,2023-12-10,True,True,L00479
CM000223,L00479,Lead,CAM0027,Advertisement Campaign 027,Advertisement,Sent,False,2024-03-24,False,True,L00479
CM000224,L00479,Lead,CAM0053,Email Campaign 053,Email,Sent,False,2025-05-26,True,True,L00479
CM000225,L00479,Lead,CAM0006,Telemarketing Campaign 006,Telemarketing,Sent,False,2023-04-14,True,True,L00479
CM000226,L00479,Lead,CAM0056,Webinar Campaign 056,Webinar,Registered,True,2026-04-23,False,True,L00479
CM000227,L00479,Lead,CAM0029,Webinar Campaign 029,Webinar,Sent,False,2024-02-08,True,True,L00479
CM000228,L00479,Lead,CAM0026,Telemarketing Campaign 026,Telemarketing,Clicked,True,2024-01-01,False,True,L00479
CM000229,L00479,Lead,CAM0043,Webinar Campaign 043,Webinar,Registered,True,2025-10-10,False,True,L00479
CM000230,L00479,Lead,CAM0047,Advertisement Campaign 047,Advertisement,Sent,False,2025-07-12,True,True,L00479
CM000231,L00479,Lead,CAM0029,Webinar Campaign 029,Webinar,No Show,True,2024-02-16,False,True,L00479
CM000232,L00479,Lead,CAM0005,Telemarketing Campaign 005,Telemarketing,Clicked,True,2024-08-15,False,True,L00479
CM000233,L00479,Lead,CAM0059,Content Syndication Campaign 059,Content Syndication,Sent,False,2026-05-08,True,False,L00479
CM000234,L00479,Lead,CAM0001,Email Campaign 001,Email,Sent,False,2024-10-09,True,True,L00479
CM000235,L00479,Lead,CAM0053,Email Campaign 053,Email,Sent,False,2025-05-28,True,True,L00479
CM000236,L00479,Lead,CAM0027,Advertisement Campaign 027,Advertisement,Sent,False,2024-04-11,True,True,L00479
CM000237,L00479,Lead,CAM0031,Email Campaign 031,Email,Sent,False,2024-03-03,True,True,L00479
CM000238,L00479,Lead,CAM0046,Webinar Campaign 046,Webinar,Sent,False,2026-01-21,True,True,L00479
CM000239,L00479,Lead,CAM0057,Event Campaign 057,Event,Sent,False,2026-05-29,True,True,L00479
CM000240,C00068,Contact,CAM0052,Advertisement Campaign 052,Advertisement,Sent,False,2025-05-14,False,True,C00068
CM000241,C00068,Contact,CAM0008,Email Campaign 008,Email,Sent,False,2023-05-12,True,True,C00068
CM000242,C00313,Contact,CAM0055,Advertisement Campaign 055,Advertisement,Sent,False,2025-10-14,True,True,C00313
CM000243,C00313,Contact,CAM0019,Webinar Campaign 019,Webinar,Sent,False,2024-06-23,True,True,C00313
CM000244,C00313,Contact,CAM0019,Webinar Campaign 019,Webinar,Sent,False,2024-06-30,True,True,C00313
CM000245,C00313,Contact,CAM0018,Content Syndication Campaign 018,Content Syndication,Clicked,True,2024-06-15,False,True,C00313
CM000246,C00313,Contact,CAM0055,Advertisement Campaign 055,Advertisement,Sent,False,2025-10-13,True,True,C00313
CM000247,C00313,Contact,CAM0054,Email Campaign 054,Email,Sent,False,2025-12-19,True,True,C00313
CM000248,C00313,Contact,CAM0021,Advertisement Campaign 021,Advertisement,Sent,False,2023-08-23,True,True,C00313
CM000249,C00313,Contact,CAM0057,Event Campaign 057,Event,Sent,False,2026-05-23,True,True,C00313
CM000250,C00313,Contact,CAM0046,Webinar Campaign 046,Webinar,Sent,False,2026-01-26,True,True,C00313
CM000251,C00313,Contact,CAM0025,Event Campaign 025,Event,Attended,True,2023-03-11,False,True,C00313
CM000252,C00313,Contact,CAM0050,Webinar Campaign 050,Webinar,Attended,True,2025-09-19,False,True,C00313
CM000253,C00313,Contact,CAM0055,Advertisement Campaign 055,Advertisement,Sent,False,2025-10-14,True,True,C00313
CM000254,L00374,Lead,CAM0055,Advertisement Campaign 055,Advertisement,Sent,False,2025-10-12,True,True,L00374
CM000255,L00374,Lead,CAM0033,Advertisement Campaign 033,Advertisement,Sent,False,2023-04-01,True,True,L00374
CM000256,L00374,Lead,CAM0004,Advertisement Campaign 004,Advertisement,Sent,False,2023-12-12,False,True,L00374
CM000257,L00374,Lead,CAM0051,Webinar Campaign 051,Webinar,Sent,False,2025-03-11,True,True,L00374
CM000258,L00374,Lead,CAM0012,Telemarketing Campaign 012,Telemarketing,Sent,False,2023-11-03,True,True,L00374
CM000259,L00374,Lead,CAM0041,Email Campaign 041,Email,Clicked,True,2025-05-11,False,False,L00374
CM000260,L00374,Lead,CAM0041,Email Campaign 041,Email,Sent,False,2025-04-22,True,True,L00374
CM000261,C00240,Contact,CAM0002,Telemarketing Campaign 002,Telemarketing,Sent,False,2023-02-21,False,True,C00240
CM000262,L00458,Lead,CAM0018,Content Syndication Campaign 018,Content Syndication,Clicked,True,2024-06-19,False,True,L00458
CM000263,L00458,Lead,CAM0047,Advertisement Campaign 047,Advertisement,Sent,False,2025-06-27,True,True,L00458
CM000264,L00458,Lead,CAM0047,Advertisement Campaign 047,Advertisement,Sent,False,2025-07-10,True,True,L00458
CM000265,L00458,Lead,CAM0053,Email Campaign 053,Email,Sent,False,2025-05-25,True,True,L00458
CM000266,L00458,Lead,CAM0032,Webinar Campaign 032,Webinar,Sent,False,2023-05-10,True,True,L00458
CM000267,L00458,Lead,CAM0017,Content Syndication Campaign 017,Content Syndication,Sent,False,2023-11-22,True,True,L00458
CM000268,L00458,Lead,CAM0031,Email Campaign 031,Email,Sent,False,2024-03-09,True,True,L00458
CM000269,L00458,Lead,CAM0054,Email Campaign 054,Email,Sent,False,2025-12-12,True,True,L00458
CM000270,C00061,Contact,CAM0060,Event Campaign 060,Event,Registered,True,2026-04-26,False,True,C00061
CM000271,C00061,Contact,CAM0037,Email Campaign 037,Email,Sent,False,2024-03-25,True,True,C00061
CM000272,C00022,Contact,CAM0058,Webinar Campaign 058,Webinar,Attended,True,2026-05-29,False,False,C00022
CM000273,C00022,Contact,CAM0022,Event Campaign 022,Event,Attended,True,2024-05-22,False,True,C00022
CM000274,C00022,Contact,CAM0030,Event Campaign 030,Event,Registered,True,2023-09-13,False,True,C00022
CM000275,L00153,Lead,CAM0056,Webinar Campaign 056,Webinar,Attended,True,2026-05-01,False,True,L00153
CM000276,C00366,Contact,CAM0008,Email Campaign 008,Email,Sent,False,2023-04-23,True,True,C00366
CM000277,C00366,Contact,CAM0044,Event Campaign 044,Event,Registered,True,2025-10-18,False,True,C00366
CM000278,C00026,Contact,CAM0023,Webinar Campaign 023,Webinar,No Show,True,2024-05-23,False,True,C00026
CM000279,C00318,Contact,CAM0060,Event Campaign 060,Event,Sent,False,2026-04-28,True,True,C00318
CM000280,C00318,Contact,CAM0043,Webinar Campaign 043,Webinar,Registered,True,2025-09-30,False,True,C00318
CM000281,C00318,Contact,CAM0045,Email Campaign 045,Email,Sent,False,2025-05-09,True,True,C00318
CM000282,C00318,Contact,CAM0009,Webinar Campaign 009,Webinar,Sent,False,2024-08-09,True,True,C00318
CM000283,C00318,Contact,CAM0035,Event Campaign 035,Event,Sent,False,2025-01-12,True,True,C00318
CM000284,C00318,Contact,CAM0045,Email Campaign 045,Email,Sent,False,2025-05-04,True,True,C00318
CM000285,C00318,Contact,CAM0049,Webinar Campaign 049,Webinar,Attended,True,2025-10-27,False,True,C00318
CM000286,C00318,Contact,CAM0023,Webinar Campaign 023,Webinar,Attended,True,2024-05-06,False,True,C00318
CM000287,C00318,Contact,CAM0034,Webinar Campaign 034,Webinar,Sent,False,2024-05-25,True,True,C00318
CM000288,C00318,Contact,CAM0011,Webinar Campaign 011,Webinar,Sent,False,2024-01-27,True,False,C00318
CM000289,C00318,Contact,CAM0026,Telemarketing Campaign 026,Telemarketing,Sent,False,2023-12-22,True,True,C00318
CM000290,L00128,Lead,CAM0056,Webinar Campaign 056,Webinar,Attended,True,2026-04-12,False,True,L00128
CM000291,L00128,Lead,CAM0048,Event Campaign 048,Event,Registered,True,2025-08-07,False,True,L00128
CM000292,L00128,Lead,CAM0051,Webinar Campaign 051,Webinar,Registered,True,2025-03-10,False,True,L00128
CM000293,C00079,Contact,CAM0018,Content Syndication Campaign 018,Content Syndication,Clicked,True,2024-07-07,False,False,C00079
CM000294,C00079,Contact,CAM0060,Event Campaign 060,Event,Attended,True,2026-05-03,False,True,C00079
CM000295,C00269,Contact,CAM0019,Webinar Campaign 019,Webinar,Registered,True,2024-06-20,False,True,C00269
CM000296,C00269,Contact,CAM0001,Email Campaign 001,Email,Sent,False,2024-10-26,True,True,C00269
CM000297,C00269,Contact,CAM0006,Telemarketing Campaign 006,Telemarketing,Sent,False,2023-04-18,True,True,C00269
CM000298,C00269,Contact,CAM0055,Advertisement Campaign 055,Advertisement,Sent,False,2025-09-29,True,True,C00269
CM000299,C00269,Contact,CAM0058,Webinar Campaign 058,Webinar,Sent,False,2026-05-22,True,True,C00269
CM000300,C00269,Contact,CAM0042,Advertisement Campaign 042,Advertisement,Sent,False,2025-12-13,False,True,C00269
CM000301,C00269,Contact,CAM0007,Advertisement Campaign 007,Advertisement,Sent,False,2023-12-11,False,True,C00269
CM000302,C00269,Contact,CAM0036,Advertisement Campaign 036,Advertisement,Sent,False,2024-09-27,True,True,C00269
CM000303,C00269,Contact,CAM0026,Telemarketing Campaign 026,Telemarketing,Sent,False,2023-12-20,True,True,C00269
CM000304,C00269,Contact,CAM0015,Advertisement Campaign 015,Advertisement,Sent,False,2024-05-03,True,True,C00269
CM000305,C00231,Contact,CAM0060,Event Campaign 060,Event,Attended,True,2026-05-12,False,True,C00231
CM000306,C00231,Contact,CAM0057,Event Campaign 057,Event,Registered,True,2026-05-11,False,True,C00231
CM000307,C00231,Contact,CAM0040,Webinar Campaign 040,Webinar,Attended,True,2023-12-18,False,True,C00231
CM000308,C00231,Contact,CAM0021,Advertisement Campaign 021,Advertisement,Sent,False,2023-08-16,False,True,C00231
CM000309,C00231,Contact,CAM0054,Email Campaign 054,Email,Clicked,True,2025-12-13,False,True,C00231
CM000310,C00231,Contact,CAM0010,Content Syndication Campaign 010,Content Syndication,Clicked,True,2024-04-15,False,True,C00231
CM000311,C00231,Contact,CAM0015,Advertisement Campaign 015,Advertisement,Clicked,True,2024-04-25,False,True,C00231
CM000312,L00012,Lead,CAM0029,Webinar Campaign 029,Webinar,Attended,True,2024-01-28,False,True,L00012
CM000313,L00503,Lead,CAM0027,Advertisement Campaign 027,Advertisement,Sent,False,2024-04-11,True,False,L00503
CM000314,L00503,Lead,CAM0034,Webinar Campaign 034,Webinar,Sent,False,2024-06-06,True,False,L00503
CM000315,L00503,Lead,CAM0045,Email Campaign 045,Email,Sent,False,2025-05-06,True,True,L00503
CM000316,L00503,Lead,CAM0033,Advertisement Campaign 033,Advertisement,Sent,False,2023-03-09,False,True,L00503
CM000317,L00503,Lead,CAM0045,Email Campaign 045,Email,Sent,False,2025-05-09,True,True,L00503
CM000318,L00503,Lead,CAM0048,Event Campaign 048,Event,Registered,True,2025-07-17,False,True,L00503
CM000319,L00503,Lead,CAM0048,Event Campaign 048,Event,Registered,True,2025-07-16,False,False,L00503
CM000320,L00123,Lead,CAM0060,Event Campaign 060,Event,Registered,True,2026-04-28,False,True,L00123
CM000321,C00162,Contact,CAM0021,Advertisement Campaign 021,Advertisement,Sent,False,2023-08-15,True,True,C00162
CM000322,C00162,Contact,CAM0001,Email Campaign 001,Email,Sent,False,2024-11-01,True,True,C00162
CM000323,C00162,Contact,CAM0060,Event Campaign 060,Event,Sent,False,2026-04-28,True,True,C00162
CM000324,C00162,Contact,CAM0026,Telemarketing Campaign 026,Telemarketing,Sent,False,2024-01-04,True,True,C00162
CM000325,C00162,Contact,CAM0048,Event Campaign 048,Event,Sent,False,2025-07-30,True,True,C00162
CM000326,C00162,Contact,CAM0032,Webinar Campaign 032,Webinar,Sent,False,2023-05-25,True,True,C00162
CM000327,C00162,Contact,CAM0039,Advertisement Campaign 039,Advertisement,Sent,False,2025-01-16,True,True,C00162
CM000328,C00162,Contact,CAM0029,Webinar Campaign 029,Webinar,Sent,False,2024-02-11,True,True,C00162
CM000329,C00162,Contact,CAM0042,Advertisement Campaign 042,Advertisement,Sent,False,2025-12-17,True,True,C00162
CM000330,C00375,Contact,CAM0049,Webinar Campaign 049,Webinar,Attended,True,2025-10-28,False,True,C00375
CM000331,C00375,Contact,CAM0060,Event Campaign 060,Event,Sent,False,2026-05-03,True,True,C00375
CM000332,C00375,Contact,CAM0048,Event Campaign 048,Event,Sent,False,2025-07-16,True,True,C00375
CM000333,C00375,Contact,CAM0045,Email Campaign 045,Email,Clicked,True,2025-04-28,False,True,C00375
CM000334,C00375,Contact,CAM0004,Advertisement Campaign 004,Advertisement,Sent,False,2023-12-03,True,True,C00375
CM000335,C00375,Contact,CAM0037,Email Campaign 037,Email,Clicked,True,2024-03-20,False,True,C00375
CM000336,C00375,Contact,CAM0043,Webinar Campaign 043,Webinar,Sent,False,2025-10-26,True,True,C00375
CM000337,C00375,Contact,CAM0024,Advertisement Campaign 024,Advertisement,Sent,False,2024-03-14,False,True,C00375
CM000338,C00375,Contact,CAM0060,Event Campaign 060,Event,Sent,False,2026-05-08,True,True,C00375
CM000339,C00375,Contact,CAM0060,Event Campaign 060,Event,Sent,False,2026-04-28,True,True,C00375
CM000340,C00375,Contact,CAM0052,Advertisement Campaign 052,Advertisement,Sent,False,2025-05-11,True,True,C00375
CM000341,C00071,Contact,CAM0052,Advertisement Campaign 052,Advertisement,Sent,False,2025-05-06,True,True,C00071
CM000342,C00071,Contact,CAM0008,Email Campaign 008,Email,Sent,False,2023-05-21,True,True,C00071
CM000343,C00071,Contact,CAM0043,Webinar Campaign 043,Webinar,No Show,True,2025-10-20,False,True,C00071
CM000344,C00071,Contact,CAM0011,Webinar Campaign 011,Webinar,Registered,True,2024-01-24,False,True,C00071
CM000345,C00071,Contact,CAM0010,Content Syndication Campaign 010,Content Syndication,Sent,False,2024-05-02,True,True,C00071
CM000346,C00071,Contact,CAM0015,Advertisement Campaign 015,Advertisement,Sent,False,2024-04-25,True,True,C00071
CM000347,C00071,Contact,CAM0046,Webinar Campaign 046,Webinar,Sent,False,2026-01-24,True,True,C00071
CM000348,C00071,Contact,CAM0006,Telemarketing Campaign 006,Telemarketing,Sent,False,2023-04-15,True,True,C00071
CM000349,C00071,Contact,CAM0041,Email Campaign 041,Email,Sent,False,2025-04-18,True,True,C00071
CM000350,C00071,Contact,CAM0023,Webinar Campaign 023,Webinar,Sent,False,2024-05-18,True,True,C00071
CM000351,C00071,Contact,CAM0016,Content Syndication Campaign 016,Content Syndication,Sent,False,2023-08-25,True,True,C00071
CM000352,C00071,Contact,CAM0015,Advertisement Campaign 015,Advertisement,Sent,False,2024-05-04,False,True,C00071
CM000353,C00071,Contact,CAM0021,Advertisement Campaign 021,Advertisement,Sent,False,2023-08-12,True,False,C00071
CM000354,C00071,Contact,CAM0021,Advertisement Campaign 021,Advertisement,Sent,False,2023-09-02,True,True,C00071
CM000355,C00071,Contact,CAM0019,Webinar Campaign 019,Webinar,Sent,False,2024-06-17,True,True,C00071
CM000356,L00111,Lead,CAM0006,Telemarketing Campaign 006,Telemarketing,Sent,False,2023-04-25,True,True,L00111
CM000357,L00111,Lead,CAM0057,Event Campaign 057,Event,Sent,False,2026-05-29,True,True,L00111
CM000358,L00111,Lead,CAM0002,Telemarketing Campaign 002,Telemarketing,Sent,False,2023-03-01,True,True,L00111
CM000359,L00111,Lead,CAM0017,Content Syndication Campaign 017,Content Syndication,Sent,False,2023-11-09,True,True,L00111
CM000360,L00111,Lead,CAM0002,Telemarketing Campaign 002,Telemarketing,Sent,False,2023-02-17,True,True,L00111
CM000361,L00111,Lead,CAM0046,Webinar Campaign 046,Webinar,Attended,True,2026-01-20,False,True,L00111
CM000362,L00111,Lead,CAM0026,Telemarketing Campaign 026,Telemarketing,Sent,False,2023-12-21,True,False,L00111
CM000363,L00111,Lead,CAM0027,Advertisement Campaign 027,Advertisement,Sent,False,2024-04-09,True,True,L00111
CM000364,L00111,Lead,CAM0033,Advertisement Campaign 033,Advertisement,Sent,False,2023-03-14,True,True,L00111
CM000365,L00111,Lead,CAM0018,Content Syndication Campaign 018,Content Syndication,Sent,False,2024-06-15,True,True,L00111
CM000366,L00111,Lead,CAM0046,Webinar Campaign 046,Webinar,Sent,False,2026-01-03,True,True,L00111
CM000367,L00111,Lead,CAM0026,Telemarketing Campaign 026,Telemarketing,Clicked,True,2023-12-22,False,True,L00111
CM000368,L00111,Lead,CAM0048,Event Campaign 048,Event,Registered,True,2025-08-01,False,False,L00111
CM000369,L00111,Lead,CAM0039,Advertisement Campaign 039,Advertisement,Sent,False,2025-01-06,True,True,L00111
CM000370,L00265,Lead,CAM0049,Webinar Campaign 049,Webinar,No Show,True,2025-10-17,False,True,L00265
CM000371,L00425,Lead,CAM0016,Content Syndication Campaign 016,Content Syndication,Sent,False,2023-08-31,False,False,L00425
CM000372,L00425,Lead,CAM0036,Advertisement Campaign 036,Advertisement,Clicked,True,2024-09-15,False,True,L00425
CM000373,L00137,Lead,CAM0050,Webinar Campaign 050,Webinar,Sent,False,2025-09-15,True,False,L00137
CM000374,L00137,Lead,CAM0013,Content Syndication Campaign 013,Content Syndication,Sent,False,2023-04-25,True,True,L00137
CM000375,L00137,Lead,CAM0059,Content Syndication Campaign 059,Content Syndication,Sent,False,2026-05-11,True,True,L00137
CM000376,L00137,Lead,CAM0008,Email Campaign 008,Email,Sent,False,2023-04-26,True,True,L00137
CM000377,L00137,Lead,CAM0003,Event Campaign 003,Event,Sent,False,2023-11-08,True,True,L00137
CM000378,L00137,Lead,CAM0029,Webinar Campaign 029,Webinar,Sent,False,2024-02-17,True,True,L00137
CM000379,L00137,Lead,CAM0027,Advertisement Campaign 027,Advertisement,Sent,False,2024-04-14,True,True,L00137
CM000380,L00137,Lead,CAM0018,Content Syndication Campaign 018,Content Syndication,Responded,True,2024-07-06,False,True,L00137
CM000381,L00137,Lead,CAM0011,Webinar Campaign 011,Webinar,Sent,False,2024-01-22,True,True,L00137
CM000382,L00137,Lead,CAM0020,Event Campaign 020,Event,Sent,False,2023-12-16,True,True,L00137
CM000383,L00137,Lead,CAM0023,Webinar Campaign 023,Webinar,Sent,False,2024-05-19,True,True,L00137
CM000384,L00137,Lead,CAM0037,Email Campaign 037,Email,Sent,False,2024-03-31,True,True,L00137
CM000385,L00137,Lead,CAM0022,Event Campaign 022,Event,Sent,False,2024-05-15,True,True,L00137
CM000386,L00137,Lead,CAM0015,Advertisement Campaign 015,Advertisement,Sent,False,2024-04-20,True,True,L00137
CM000387,C00276,Contact,CAM0008,Email Campaign 008,Email,Sent,False,2023-05-16,True,True,C00276
CM000388,C00276,Contact,CAM0009,Webinar Campaign 009,Webinar,Registered,True,2024-08-17,False,True,C00276
CM000389,C00276,Contact,CAM0034,Webinar Campaign 034,Webinar,Attended,True,2024-05-27,False,True,C00276
CM000390,L00213,Lead,CAM0060,Event Campaign 060,Event,Registered,True,2026-04-23,False,True,L00213
CM000391,L00213,Lead,CAM0004,Advertisement Campaign 004,Advertisement,Clicked,True,2023-12-28,False,True,L00213
CM000392,L00213,Lead,CAM0014,Content Syndication Campaign 014,Content Syndication,Sent,False,2024-11-23,False,True,L00213
CM000393,L00142,Lead,CAM0036,Advertisement Campaign 036,Advertisement,Sent,False,2024-09-26,False,True,C00247
CM000394,L00142,Lead,CAM0053,Email Campaign 053,Email,Sent,False,2025-05-17,True,True,C00247
CM000395,L00142,Lead,CAM0009,Webinar Campaign 009,Webinar,Attended,True,2024-08-19,False,True,C00247
CM000396,L00142,Lead,CAM0037,Email Campaign 037,Email,Sent,False,2024-03-19,True,True,C00247
CM000397,C00175,Contact,CAM0057,Event Campaign 057,Event,Sent,False,2026-05-07,True,True,C00175
CM000398,C00175,Contact,CAM0060,Event Campaign 060,Event,Sent,False,2026-05-05,True,True,C00175
CM000399,C00175,Contact,CAM0057,Event Campaign 057,Event,Sent,False,2026-05-16,True,True,C00175
CM000400,C00175,Contact,CAM0057,Event Campaign 057,Event,Sent,False,2026-05-18,True,True,C00175
CM000401,C00175,Contact,CAM0057,Event Campaign 057,Event,Sent,False,2026-05-18,True,True,C00175
CM000402,C00175,Contact,CAM0056,Webinar Campaign 056,Webinar,Sent,False,2026-04-18,True,True,C00175
CM000403,C00175,Contact,CAM0058,Webinar Campaign 058,Webinar,Sent,False,2026-05-17,True,True,C00175
CM000404,C00175,Contact,CAM0057,Event Campaign 057,Event,Sent,False,2026-05-17,True,True,C00175
CM000405,C00175,Contact,CAM0013,Content Syndication Campaign 013,Content Syndication,Sent,False,2023-05-10,True,True,C00175
CM000406,C00175,Contact,CAM0042,Advertisement Campaign 042,Advertisement,Sent,False,2025-12-20,True,True,C00175
CM000407,C00175,Contact,CAM0029,Webinar Campaign 029,Webinar,Attended,True,2024-01-30,False,True,C00175
CM000408,C00175,Contact,CAM0011,Webinar Campaign 011,Webinar,Sent,False,2024-01-26,True,True,C00175
CM000409,C00175,Contact,CAM0011,Webinar Campaign 011,Webinar,No Show,True,2023-12-30,False,True,C00175
CM000410,C00175,Contact,CAM0045,Email Campaign 045,Email,Sent,False,2025-04-28,True,True,C00175
CM000411,C00175,Contact,CAM0015,Advertisement Campaign 015,Advertisement,Sent,False,2024-04-26,True,True,C00175
CM000412,C00175,Contact,CAM0022,Event Campaign 022,Event,Sent,False,2024-05-06,True,True,C00175
CM000413,L00138,Lead,CAM0003,Event Campaign 003,Event,Attended,True,2023-11-02,False,True,L00138
CM000414,L00138,Lead,CAM0028,Telemarketing Campaign 028,Telemarketing,Clicked,True,2024-12-06,False,True,L00138
CM000415,L00578,Lead,CAM0034,Webinar Campaign 034,Webinar,Sent,False,2024-05-17,True,True,L00578
CM000416,L00578,Lead,CAM0040,Webinar Campaign 040,Webinar,Sent,False,2023-11-30,True,True,L00578
CM000417,L00578,Lead,CAM0001,Email Campaign 001,Email,Sent,False,2024-10-28,True,True,L00578
CM000418,L00578,Lead,CAM0003,Event Campaign 003,Event,Sent,False,2023-10-24,True,True,L00578
CM000419,L00578,Lead,CAM0002,Telemarketing Campaign 002,Telemarketing,Sent,False,2023-02-25,True,True,L00578
CM000420,L00578,Lead,CAM0011,Webinar Campaign 011,Webinar,Sent,False,2024-01-17,True,False,L00578
CM000421,L00578,Lead,CAM0053,Email Campaign 053,Email,Sent,False,2025-06-08,True,True,L00578
CM000422,C00019,Contact,CAM0060,Event Campaign 060,Event,Registered,True,2026-04-24,False,True,C00019
CM000423,C00019,Contact,CAM0045,Email Campaign 045,Email,Sent,False,2025-04-15,True,True,C00019
CM000424,C00019,Contact,CAM0050,Webinar Campaign 050,Webinar,Attended,True,2025-08-30,False,True,C00019
CM000425,C00019,Contact,CAM0052,Advertisement Campaign 052,Advertisement,Clicked,True,2025-05-11,False,True,C00019
CM000426,L00532,Lead,CAM0018,Content Syndication Campaign 018,Content Syndication,Clicked,True,2024-06-16,False,False,L00532
CM000427,L00532,Lead,CAM0047,Advertisement Campaign 047,Advertisement,Clicked,True,2025-06-27,False,True,L00532
CM000428,C00111,Contact,CAM0058,Webinar Campaign 058,Webinar,Registered,True,2026-05-12,False,True,C00111
CM000429,C00111,Contact,CAM0022,Event Campaign 022,Event,No Show,True,2024-04-28,False,True,C00111
CM000430,C00111,Contact,CAM0053,Email Campaign 053,Email,Sent,False,2025-06-04,True,False,C00111
CM000431,L00236,Lead,CAM0024,Advertisement Campaign 024,Advertisement,Clicked,True,2024-04-11,False,True,C00098
CM000432,L00236,Lead,CAM0052,Advertisement Campaign 052,Advertisement,Sent,False,2025-05-11,False,True,C00098
CM000433,L00236,Lead,CAM0012,Telemarketing Campaign 012,Telemarketing,Responded,True,2023-10-24,False,True,C00098
CM000434,L00236,Lead,CAM0009,Webinar Campaign 009,Webinar,No Show,True,2024-08-18,False,True,C00098
CM000435,L00398,Lead,CAM0029,Webinar Campaign 029,Webinar,Attended,True,2024-02-01,False,True,L00398
CM000436,L00398,Lead,CAM0005,Telemarketing Campaign 005,Telemarketing,Responded,True,2024-08-12,False,True,L00398
CM000437,C00101,Contact,CAM0043,Webinar Campaign 043,Webinar,Sent,False,2025-10-25,True,True,C00101
CM000438,C00101,Contact,CAM0047,Advertisement Campaign 047,Advertisement,Sent,False,2025-07-06,True,False,C00101
CM000439,C00101,Contact,CAM0056,Webinar Campaign 056,Webinar,Sent,False,2026-04-17,True,True,C00101
CM000440,C00101,Contact,CAM0054,Email Campaign 054,Email,Sent,False,2026-01-01,True,True,C00101
CM000441,C00101,Contact,CAM0052,Advertisement Campaign 052,Advertisement,Sent,False,2025-05-06,True,True,C00101
CM000442,C00101,Contact,CAM0021,Advertisement Campaign 021,Advertisement,Sent,False,2023-08-25,True,False,C00101
CM000443,C00101,Contact,CAM0038,Email Campaign 038,Email,Sent,False,2023-01-30,True,True,C00101
CM000444,C00101,Contact,CAM0050,Webinar Campaign 050,Webinar,Sent,False,2025-09-20,True,True,C00101
CM000445,C00101,Contact,CAM0034,Webinar Campaign 034,Webinar,Sent,False,2024-06-03,True,True,C00101
CM000446,C00101,Contact,CAM0008,Email Campaign 008,Email,Sent,False,2023-05-02,True,True,C00101
CM000447,C00101,Contact,CAM0031,Email Campaign 031,Email,Sent,False,2024-02-22,True,False,C00101
CM000448,C00101,Contact,CAM0013,Content Syndication Campaign 013,Content Syndication,Sent,False,2023-04-29,True,True,C00101
CM000449,C00101,Contact,CAM0042,Advertisement Campaign 042,Advertisement,Clicked,True,2025-12-16,False,True,C00101
CM000450,L00039,Lead,CAM0009,Webinar Campaign 009,Webinar,Sent,False,2024-08-17,True,True,L00039
CM000451,L00039,Lead,CAM0029,Webinar Campaign 029,Webinar,Registered,True,2024-01-26,False,True,L00039
CM000452,L00039,Lead,CAM0015,Advertisement Campaign 015,Advertisement,Sent,False,2024-04-26,True,True,L00039
CM000453,L00039,Lead,CAM0043,Webinar Campaign 043,Webinar,Sent,False,2025-10-23,True,True,L00039
CM000454,L00039,Lead,CAM0015,Advertisement Campaign 015,Advertisement,Sent,False,2024-04-26,True,True,L00039
CM000455,L00039,Lead,CAM0022,Event Campaign 022,Event,Sent,False,2024-05-21,True,True,L00039
CM000456,L00039,Lead,CAM0021,Advertisement Campaign 021,Advertisement,Sent,False,2023-09-08,True,True,L00039
CM000457,L00039,Lead,CAM0005,Telemarketing Campaign 005,Telemarketing,Sent,False,2024-08-06,True,True,L00039
CM000458,L00124,Lead,CAM0044,Event Campaign 044,Event,Attended,True,2025-10-23,False,True,C00115
CM000459,L00306,Lead,CAM0059,Content Syndication Campaign 059,Content Syndication,Sent,False,2026-05-07,False,False,L00306
CM000460,L00306,Lead,CAM0056,Webinar Campaign 056,Webinar,No Show,True,2026-04-28,False,False,L00306
CM000461,L00306,Lead,CAM0043,Webinar Campaign 043,Webinar,No Show,True,2025-10-06,False,True,L00306
CM000462,L00306,Lead,CAM0051,Webinar Campaign 051,Webinar,Registered,True,2025-03-10,False,True,L00306
CM000463,L00116,Lead,CAM0013,Content Syndication Campaign 013,Content Syndication,Sent,False,2023-05-09,True,True,C00359
CM000464,L00116,Lead,CAM0043,Webinar Campaign 043,Webinar,Sent,False,2025-10-20,True,False,C00359
CM000465,L00116,Lead,CAM0042,Advertisement Campaign 042,Advertisement,Sent,False,2025-12-17,True,True,C00359
CM000466,L00116,Lead,CAM0023,Webinar Campaign 023,Webinar,Sent,False,2024-05-08,True,True,C00359
CM000467,L00116,Lead,CAM0060,Event Campaign 060,Event,No Show,True,2026-05-01,False,True,C00359
CM000468,L00116,Lead,CAM0024,Advertisement Campaign 024,Advertisement,Sent,False,2024-03-21,True,True,C00359
CM000469,L00116,Lead,CAM0027,Advertisement Campaign 027,Advertisement,Clicked,True,2024-04-07,False,True,C00359
CM000470,L00116,Lead,CAM0032,Webinar Campaign 032,Webinar,Sent,False,2023-05-24,True,True,C00359
CM000471,L00043,Lead,CAM0031,Email Campaign 031,Email,Sent,False,2024-02-26,True,False,C00254
CM000472,C00392,Contact,CAM0044,Event Campaign 044,Event,Sent,False,2025-10-11,True,True,C00392
CM000473,C00392,Contact,CAM0022,Event Campaign 022,Event,Sent,False,2024-05-14,True,True,C00392
CM000474,C00392,Contact,CAM0010,Content Syndication Campaign 010,Content Syndication,Sent,False,2024-04-20,True,True,C00392
CM000475,C00392,Contact,CAM0050,Webinar Campaign 050,Webinar,Sent,False,2025-09-26,True,True,C00392
CM000476,C00392,Contact,CAM0013,Content Syndication Campaign 013,Content Syndication,Sent,False,2023-05-06,True,True,C00392
CM000477,C00392,Contact,CAM0030,Event Campaign 030,Event,Sent,False,2023-09-09,True,True,C00392
CM000478,C00392,Contact,CAM0015,Advertisement Campaign 015,Advertisement,Sent,False,2024-05-10,True,True,C00392
CM000479,C00392,Contact,CAM0002,Telemarketing Campaign 002,Telemarketing,Sent,False,2023-03-10,False,True,C00392
CM000480,C00392,Contact,CAM0025,Event Campaign 025,Event,Sent,False,2023-03-05,True,True,C00392
CM000481,C00392,Contact,CAM0034,Webinar Campaign 034,Webinar,Sent,False,2024-05-28,True,True,C00392
CM000482,C00392,Contact,CAM0046,Webinar Campaign 046,Webinar,Sent,False,2026-01-16,True,True,C00392
CM000483,C00392,Contact,CAM0044,Event Campaign 044,Event,Sent,False,2025-10-19,True,True,C00392
CM000484,C00392,Contact,CAM0050,Webinar Campaign 050,Webinar,Sent,False,2025-09-07,True,True,C00392
CM000485,C00392,Contact,CAM0049,Webinar Campaign 049,Webinar,Sent,False,2025-10-13,True,True,C00392
CM000486,C00392,Contact,CAM0025,Event Campaign 025,Event,Registered,True,2023-03-12,False,True,C00392
CM000487,C00002,Contact,CAM0006,Telemarketing Campaign 006,Telemarketing,Sent,False,2023-04-19,True,True,C00002
CM000488,C00002,Contact,CAM0041,Email Campaign 041,Email,Sent,False,2025-04-17,True,True,C00002
CM000489,C00002,Contact,CAM0009,Webinar Campaign 009,Webinar,Sent,False,2024-07-28,True,True,C00002
CM000490,C00002,Contact,CAM0015,Advertisement Campaign 015,Advertisement,Clicked,True,2024-05-16,False,True,C00002
CM000491,C00002,Contact,CAM0050,Webinar Campaign 050,Webinar,Sent,False,2025-09-10,True,True,C00002
CM000492,C00002,Contact,CAM0041,Email Campaign 041,Email,Sent,False,2025-05-06,True,True,C00002
CM000493,C00002,Contact,CAM0039,Advertisement Campaign 039,Advertisement,Sent,False,2025-01-14,True,True,C00002
CM000494,C00002,Contact,CAM0050,Webinar Campaign 050,Webinar,Sent,False,2025-09-26,True,True,C00002
CM000495,C00002,Contact,CAM0017,Content Syndication Campaign 017,Content Syndication,Responded,True,2023-11-11,False,True,C00002
CM000496,C00002,Contact,CAM0039,Advertisement Campaign 039,Advertisement,Sent,False,2025-01-14,True,True,C00002
CM000497,C00002,Contact,CAM0013,Content Syndication Campaign 013,Content Syndication,Sent,False,2023-05-19,True,True,C00002
CM000498,L00007,Lead,CAM0056,Webinar Campaign 056,Webinar,Sent,False,2026-04-19,True,True,L00007
CM000499,L00007,Lead,CAM0033,Advertisement Campaign 033,Advertisement,Sent,False,2023-03-29,True,True,L00007
CM000500,L00007,Lead,CAM0032,Webinar Campaign 032,Webinar,Sent,False,2023-05-11,True,True,L00007
CM000501,L00007,Lead,CAM0025,Event Campaign 025,Event,Sent,False,2023-03-18,True,True,L00007
CM000502,L00007,Lead,CAM0022,Event Campaign 022,Event,Sent,False,2024-05-16,True,True,L00007
CM000503,L00007,Lead,CAM0015,Advertisement Campaign 015,Advertisement,Sent,False,2024-04-22,True,True,L00007
CM000504,L00007,Lead,CAM0024,Advertisement Campaign 024,Advertisement,Sent,False,2024-03-16,True,True,L00007
CM000505,L00007,Lead,CAM0005,Telemarketing Campaign 005,Telemarketing,Sent,False,2024-08-10,True,True,L00007
CM000506,C00192,Contact,CAM0026,Telemarketing Campaign 026,Telemarketing,Clicked,True,2023-12-15,False,False,C00192
CM000507,C00192,Contact,CAM0048,Event Campaign 048,Event,Sent,False,2025-08-08,True,True,C00192
CM000508,C00192,Contact,CAM0056,Webinar Campaign 056,Webinar,Sent,False,2026-04-18,True,True,C00192
CM000509,C00192,Contact,CAM0052,Advertisement Campaign 052,Advertisement,Sent,False,2025-05-07,True,True,C00192
CM000510,C00192,Contact,CAM0024,Advertisement Campaign 024,Advertisement,Sent,False,2024-03-14,True,True,C00192
CM000511,C00192,Contact,CAM0040,Webinar Campaign 040,Webinar,Registered,True,2023-12-09,False,True,C00192
CM000512,C00192,Contact,CAM0036,Advertisement Campaign 036,Advertisement,Sent,False,2024-09-24,True,False,C00192
CM000513,C00192,Contact,CAM0025,Event Campaign 025,Event,Sent,False,2023-02-26,True,True,C00192
CM000514,C00192,Contact,CAM0039,Advertisement Campaign 039,Advertisement,Sent,False,2025-01-20,True,True,C00192
CM000515,C00192,Contact,CAM0057,Event Campaign 057,Event,Attended,True,2026-05-11,False,True,C00192
CM000516,C00192,Contact,CAM0002,Telemarketing Campaign 002,Telemarketing,Sent,False,2023-02-28,True,True,C00192
CM000517,C00192,Contact,CAM0055,Advertisement Campaign 055,Advertisement,Sent,False,2025-09-29,True,False,C00192
CM000518,C00192,Contact,CAM0023,Webinar Campaign 023,Webinar,Sent,False,2024-05-17,True,True,C00192
CM000519,C00192,Contact,CAM0050,Webinar Campaign 050,Webinar,Sent,False,2025-09-09,True,True,C00192
CM000520,C00173,Contact,CAM0060,Event Campaign 060,Event,Registered,True,2026-05-04,False,True,C00173
CM000521,L00027,Lead,CAM0058,Webinar Campaign 058,Webinar,No Show,True,2026-05-12,False,True,L00027
CM000522,L00027,Lead,CAM0044,Event Campaign 044,Event,Attended,True,2025-10-07,False,True,L00027
CM000523,L00148,Lead,CAM0056,Webinar Campaign 056,Webinar,No Show,True,2026-04-22,False,True,L00148
CM000524,L00148,Lead,CAM0059,Content Syndication Campaign 059,Content Syndication,Sent,False,2026-04-24,True,True,L00148
CM000525,L00148,Lead,CAM0056,Webinar Campaign 056,Webinar,Sent,False,2026-04-21,True,True,L00148
CM000526,L00148,Lead,CAM0058,Webinar Campaign 058,Webinar,Sent,False,2026-05-12,True,True,L00148
CM000527,L00148,Lead,CAM0059,Content Syndication Campaign 059,Content Syndication,Sent,False,2026-04-27,True,True,L00148
CM000528,L00148,Lead,CAM0058,Webinar Campaign 058,Webinar,Sent,False,2026-05-19,True,True,L00148
CM000529,L00148,Lead,CAM0038,Email Campaign 038,Email,Sent,False,2023-02-28,True,True,L00148
CM000530,L00148,Lead,CAM0019,Webinar Campaign 019,Webinar,Sent,False,2024-06-24,True,True,L00148
CM000531,L00148,Lead,CAM0044,Event Campaign 044,Event,Registered,True,2025-10-28,False,True,L00148
CM000532,L00148,Lead,CAM0024,Advertisement Campaign 024,Advertisement,Sent,False,2024-03-24,True,True,L00148
CM000533,L00148,Lead,CAM0042,Advertisement Campaign 042,Advertisement,Sent,False,2025-12-14,True,True,L00148
CM000534,L00148,Lead,CAM0053,Email Campaign 053,Email,Sent,False,2025-06-02,True,True,L00148
CM000535,C00169,Contact,CAM0021,Advertisement Campaign 021,Advertisement,Sent,False,2023-08-22,True,False,C00169
CM000536,C00169,Contact,CAM0019,Webinar Campaign 019,Webinar,Sent,False,2024-06-26,True,True,C00169
CM000537,C00169,Contact,CAM0036,Advertisement Campaign 036,Advertisement,Sent,False,2024-09-24,True,True,C00169
CM000538,C00169,Contact,CAM0039,Advertisement Campaign 039,Advertisement,Sent,False,2025-01-20,True,True,C00169
CM000539,C00169,Contact,CAM0044,Event Campaign 044,Event,Sent,False,2025-10-01,True,True,C00169
CM000540,C00169,Contact,CAM0055,Advertisement Campaign 055,Advertisement,Sent,False,2025-10-15,True,True,C00169
CM000541,C00169,Contact,CAM0048,Event Campaign 048,Event,Sent,False,2025-07-23,True,True,C00169
CM000542,C00169,Contact,CAM0003,Event Campaign 003,Event,Sent,False,2023-11-14,True,True,C00169
CM000543,C00169,Contact,CAM0041,Email Campaign 041,Email,Sent,False,2025-04-25,True,True,C00169
CM000544,C00169,Contact,CAM0001,Email Campaign 001,Email,Sent,False,2024-10-06,True,True,C00169
CM000545,L00371,Lead,CAM0058,Webinar Campaign 058,Webinar,Sent,False,2026-05-06,True,False,C00241
CM000546,L00371,Lead,CAM0058,Webinar Campaign 058,Webinar,Sent,False,2026-05-29,True,True,C00241
CM000547,L00371,Lead,CAM0056,Webinar Campaign 056,Webinar,Sent,False,2026-04-19,True,True,C00241
CM000548,L00371,Lead,CAM0029,Webinar Campaign 029,Webinar,Sent,False,2024-02-09,True,True,C00241
CM000549,L00371,Lead,CAM0047,Advertisement Campaign 047,Advertisement,Sent,False,2025-06-20,False,True,C00241
CM000550,L00371,Lead,CAM0050,Webinar Campaign 050,Webinar,Sent,False,2025-09-05,True,True,C00241
CM000551,L00371,Lead,CAM0024,Advertisement Campaign 024,Advertisement,Sent,False,2024-03-22,True,True,C00241
CM000552,L00323,Lead,CAM0029,Webinar Campaign 029,Webinar,Attended,True,2024-01-24,False,True,L00323
CM000553,L00323,Lead,CAM0020,Event Campaign 020,Event,Sent,False,2023-12-28,True,True,L00323
CM000554,L00323,Lead,CAM0027,Advertisement Campaign 027,Advertisement,Sent,False,2024-04-18,True,True,L00323
CM000555,L00323,Lead,CAM0017,Content Syndication Campaign 017,Content Syndication,Sent,False,2023-11-12,True,True,L00323
CM000556,L00323,Lead,CAM0010,Content Syndication Campaign 010,Content Syndication,Responded,True,2024-04-22,False,True,L00323
CM000557,L00323,Lead,CAM0026,Telemarketing Campaign 026,Telemarketing,Sent,False,2023-12-16,True,True,L00323
CM000558,L00323,Lead,CAM0015,Advertisement Campaign 015,Advertisement,Sent,False,2024-04-21,True,True,L00323
CM000559,L00323,Lead,CAM0045,Email Campaign 045,Email,Sent,False,2025-05-08,True,True,L00323
CM000560,L00323,Lead,CAM0055,Advertisement Campaign 055,Advertisement,Sent,False,2025-10-12,True,True,L00323
CM000561,L00085,Lead,CAM0058,Webinar Campaign 058,Webinar,No Show,True,2026-05-15,False,True,C00257
CM000562,L00085,Lead,CAM0004,Advertisement Campaign 004,Advertisement,Sent,False,2023-12-11,False,True,C00257
CM000563,L00085,Lead,CAM0052,Advertisement Campaign 052,Advertisement,Sent,False,2025-05-07,False,False,C00257
CM000564,L00085,Lead,CAM0016,Content Syndication Campaign 016,Content Syndication,Sent,False,2023-08-24,False,True,C00257
CM000565,C00266,Contact,CAM0059,Content Syndication Campaign 059,Content Syndication,Clicked,True,2026-05-03,False,False,C00266
CM000566,C00266,Contact,CAM0027,Advertisement Campaign 027,Advertisement,Sent,False,2024-04-02,False,True,C00266
CM000567,C00302,Contact,CAM0044,Event Campaign 044,Event,Attended,True,2025-10-17,False,True,C00302
CM000568,C00302,Contact,CAM0047,Advertisement Campaign 047,Advertisement,Clicked,True,2025-06-27,False,False,C00302
CM000569,C00302,Contact,CAM0011,Webinar Campaign 011,Webinar,Registered,True,2024-01-14,False,True,C00302
CM000570,C00302,Contact,CAM0012,Telemarketing Campaign 012,Telemarketing,Responded,True,2023-10-15,False,True,C00302
CM000571,C00302,Contact,CAM0051,Webinar Campaign 051,Webinar,Registered,True,2025-03-24,False,True,C00302
CM000572,C00075,Contact,CAM0021,Advertisement Campaign 021,Advertisement,Sent,False,2023-09-05,False,True,C00075
CM000573,L00432,Lead,CAM0030,Event Campaign 030,Event,Attended,True,2023-09-29,False,True,C00248
CM000574,L00432,Lead,CAM0013,Content Syndication Campaign 013,Content Syndication,Responded,True,2023-05-01,False,True,C00248
CM000575,C00213,Contact,CAM0033,Advertisement Campaign 033,Advertisement,Clicked,True,2023-03-24,False,True,C00213
CM000576,C00213,Contact,CAM0022,Event Campaign 022,Event,Sent,False,2024-04-30,True,True,C00213
CM000577,C00213,Contact,CAM0039,Advertisement Campaign 039,Advertisement,Sent,False,2025-01-09,True,True,C00213
CM000578,C00213,Contact,CAM0004,Advertisement Campaign 004,Advertisement,Clicked,True,2023-12-04,False,True,C00213
CM000579,C00213,Contact,CAM0011,Webinar Campaign 011,Webinar,Sent,False,2024-01-07,True,True,C00213
CM000580,C00213,Contact,CAM0011,Webinar Campaign 011,Webinar,Sent,False,2024-01-01,True,True,C00213
CM000581,C00213,Contact,CAM0045,Email Campaign 045,Email,Sent,False,2025-04-24,True,True,C00213
CM000582,C00213,Contact,CAM0045,Email Campaign 045,Email,Sent,False,2025-04-13,True,True,C00213
CM000583,C00213,Contact,CAM0007,Advertisement Campaign 007,Advertisement,Sent,False,2023-11-21,True,True,C00213
CM000584,C00213,Contact,CAM0025,Event Campaign 025,Event,Attended,True,2023-03-20,False,True,C00213
CM000585,C00213,Contact,CAM0043,Webinar Campaign 043,Webinar,Sent,False,2025-10-21,True,True,C00213
CM000586,C00213,Contact,CAM0001,Email Campaign 001,Email,Sent,False,2024-10-03,True,True,C00213
CM000587,C00213,Contact,CAM0007,Advertisement Campaign 007,Advertisement,Sent,False,2023-12-04,True,True,C00213
CM000588,C00213,Contact,CAM0039,Advertisement Campaign 039,Advertisement,Sent,False,2025-01-07,True,True,C00213
CM000589,C00213,Contact,CAM0034,Webinar Campaign 034,Webinar,Sent,False,2024-05-10,True,True,C00213
CM000590,C00213,Contact,CAM0043,Webinar Campaign 043,Webinar,Sent,False,2025-10-09,True,True,C00213
CM000591,C00213,Contact,CAM0028,Telemarketing Campaign 028,Telemarketing,Sent,False,2024-12-12,True,True,C00213
CM000592,C00213,Contact,CAM0055,Advertisement Campaign 055,Advertisement,Sent,False,2025-09-22,True,True,C00213
CM000593,C00213,Contact,CAM0008,Email Campaign 008,Email,Sent,False,2023-04-27,True,True,C00213
CM000594,C00213,Contact,CAM0010,Content Syndication Campaign 010,Content Syndication,Sent,False,2024-04-18,True,True,C00213
CM000595,C00213,Contact,CAM0039,Advertisement Campaign 039,Advertisement,Sent,False,2024-12-29,True,True,C00213
CM000596,C00213,Contact,CAM0052,Advertisement Campaign 052,Advertisement,Sent,False,2025-05-10,True,True,C00213
CM000597,C00213,Contact,CAM0002,Telemarketing Campaign 002,Telemarketing,Sent,False,2023-03-16,True,True,C00213
CM000598,C00213,Contact,CAM0043,Webinar Campaign 043,Webinar,Sent,False,2025-10-04,True,True,C00213
CM000599,C00213,Contact,CAM0059,Content Syndication Campaign 059,Content Syndication,Sent,False,2026-05-04,True,True,C00213
CM000600,C00213,Contact,CAM0034,Webinar Campaign 034,Webinar,Sent,False,2024-05-26,True,True,C00213
CM000601,C00213,Contact,CAM0050,Webinar Campaign 050,Webinar,Sent,False,2025-09-14,True,True,C00213
CM000602,C00213,Contact,CAM0016,Content Syndication Campaign 016,Content Syndication,Sent,False,2023-09-08,True,False,C00213
CM000603,C00213,Contact,CAM0049,Webinar Campaign 049,Webinar,Sent,False,2025-10-07,True,False,C00213
CM000604,C00213,Contact,CAM0028,Telemarketing Campaign 028,Telemarketing,Sent,False,2024-12-13,True,True,C00213
CM000605,C00213,Contact,CAM0018,Content Syndication Campaign 018,Content Syndication,Sent,False,2024-06-22,True,True,C00213
CM000606,C00213,Contact,CAM0012,Telemarketing Campaign 012,Telemarketing,Sent,False,2023-10-22,True,True,C00213
CM000607,C00213,Contact,CAM0052,Advertisement Campaign 052,Advertisement,Sent,False,2025-05-03,True,True,C00213
CM000608,C00213,Contact,CAM0044,Event Campaign 044,Event,Sent,False,2025-10-26,True,True,C00213
CM000609,C00213,Contact,CAM0048,Event Campaign 048,Event,Sent,False,2025-07-29,True,True,C00213
CM000610,C00213,Contact,CAM0043,Webinar Campaign 043,Webinar,Sent,False,2025-10-16,True,True,C00213
CM000611,C00213,Contact,CAM0016,Content Syndication Campaign 016,Content Syndication,Sent,False,2023-09-19,True,True,C00213
CM000612,C00213,Contact,CAM0012,Telemarketing Campaign 012,Telemarketing,Sent,False,2023-10-29,True,True,C00213
CM000613,C00213,Contact,CAM0039,Advertisement Campaign 039,Advertisement,Sent,False,2025-01-03,True,True,C00213
CM000614,C00213,Contact,CAM0016,Content Syndication Campaign 016,Content Syndication,Sent,False,2023-09-16,True,True,C00213
CM000615,C00213,Contact,CAM0039,Advertisement Campaign 039,Advertisement,Sent,False,2025-01-19,True,True,C00213
CM000616,C00213,Contact,CAM0055,Advertisement Campaign 055,Advertisement,Sent,False,2025-10-15,True,True,C00213
CM000617,C00213,Contact,CAM0045,Email Campaign 045,Email,Sent,False,2025-04-27,True,True,C00213
CM000618,C00213,Contact,CAM0029,Webinar Campaign 029,Webinar,Sent,False,2024-02-05,True,True,C00213
CM000619,C00213,Contact,CAM0055,Advertisement Campaign 055,Advertisement,Sent,False,2025-09-30,True,True,C00213
CM000620,L00571,Lead,CAM0060,Event Campaign 060,Event,Attended,True,2026-05-13,False,True,L00571
CM000621,L00310,Lead,CAM0036,Advertisement Campaign 036,Advertisement,Sent,False,2024-09-14,False,True,C00386
CM000622,C00059,Contact,CAM0045,Email Campaign 045,Email,Sent,False,2025-04-26,True,True,C00059
CM000623,C00059,Contact,CAM0038,Email Campaign 038,Email,Sent,False,2023-02-18,True,True,C00059
CM000624,C00059,Contact,CAM0014,Content Syndication Campaign 014,Content Syndication,Sent,False,2024-11-10,True,True,C00059
CM000625,C00059,Contact,CAM0027,Advertisement Campaign 027,Advertisement,Sent,False,2024-04-05,True,True,C00059
CM000626,C00059,Contact,CAM0012,Telemarketing Campaign 012,Telemarketing,Sent,False,2023-11-02,True,True,C00059
CM000627,C00059,Contact,CAM0025,Event Campaign 025,Event,Sent,False,2023-03-10,True,True,C00059
CM000628,C00059,Contact,CAM0014,Content Syndication Campaign 014,Content Syndication,Sent,False,2024-11-26,True,True,C00059
CM000629,C00059,Contact,CAM0059,Content Syndication Campaign 059,Content Syndication,Sent,False,2026-05-07,True,True,C00059
CM000630,C00059,Contact,CAM0018,Content Syndication Campaign 018,Content Syndication,Sent,False,2024-07-12,True,True,C00059
CM000631,C00247,Contact,CAM0012,Telemarketing Campaign 012,Telemarketing,Clicked,True,2023-10-30,False,True,C00247
CM000632,C00247,Contact,CAM0027,Advertisement Campaign 027,Advertisement,Clicked,True,2024-04-11,False,True,C00247
CM000633,C00247,Contact,CAM0016,Content Syndication Campaign 016,Content Syndication,Clicked,True,2023-09-10,False,True,C00247
CM000634,C00364,Contact,CAM0046,Webinar Campaign 046,Webinar,Registered,True,2026-01-16,False,True,C00364
CM000635,C00364,Contact,CAM0014,Content Syndication Campaign 014,Content Syndication,Clicked,True,2024-11-22,False,True,C00364
CM000636,C00364,Contact,CAM0028,Telemarketing Campaign 028,Telemarketing,Clicked,True,2024-12-10,False,True,C00364
CM000637,L00442,Lead,CAM0056,Webinar Campaign 056,Webinar,Sent,False,2026-04-20,True,True,L00442
CM000638,L00442,Lead,CAM0001,Email Campaign 001,Email,Sent,False,2024-10-20,True,True,L00442
CM000639,L00442,Lead,CAM0058,Webinar Campaign 058,Webinar,Sent,False,2026-05-25,True,False,L00442
CM000640,L00442,Lead,CAM0013,Content Syndication Campaign 013,Content Syndication,Sent,False,2023-05-21,True,True,L00442
CM000641,L00442,Lead,CAM0054,Email Campaign 054,Email,Sent,False,2025-12-19,True,True,L00442
CM000642,L00442,Lead,CAM0004,Advertisement Campaign 004,Advertisement,Sent,False,2023-12-27,True,False,L00442
CM000643,C00155,Contact,CAM0051,Webinar Campaign 051,Webinar,No Show,True,2025-03-06,False,True,C00155
CM000644,C00155,Contact,CAM0032,Webinar Campaign 032,Webinar,No Show,True,2023-05-31,False,True,C00155
CM000645,C00155,Contact,CAM0035,Event Campaign 035,Event,Attended,True,2025-01-12,False,True,C00155
CM000646,C00089,Contact,CAM0059,Content Syndication Campaign 059,Content Syndication,Clicked,True,2026-05-02,False,True,C00089
CM000647,C00089,Contact,CAM0035,Event Campaign 035,Event,Registered,True,2024-12-31,False,True,C00089
CM000648,C00089,Contact,CAM0028,Telemarketing Campaign 028,Telemarketing,Clicked,True,2024-12-06,False,True,C00089
CM000649,L00198,Lead,CAM0057,Event Campaign 057,Event,Attended,True,2026-05-29,False,True,L00198
CM000650,L00198,Lead,CAM0033,Advertisement Campaign 033,Advertisement,Sent,False,2023-03-16,False,True,L00198
CM000651,L00470,Lead,CAM0060,Event Campaign 060,Event,Registered,True,2026-05-08,False,True,L00470
CM000652,L00470,Lead,CAM0029,Webinar Campaign 029,Webinar,Registered,True,2024-01-20,False,True,L00470
CM000653,C00248,Contact,CAM0030,Event Campaign 030,Event,No Show,True,2023-09-28,False,True,C00248
CM000654,C00248,Contact,CAM0034,Webinar Campaign 034,Webinar,No Show,True,2024-06-08,False,True,C00248
CM000655,C00248,Contact,CAM0055,Advertisement Campaign 055,Advertisement,Sent,False,2025-10-04,False,True,C00248
CM000656,L00549,Lead,CAM0060,Event Campaign 060,Event,Attended,True,2026-05-13,False,True,L00549
CM000657,L00549,Lead,CAM0052,Advertisement Campaign 052,Advertisement,Clicked,True,2025-05-09,False,True,L00549
CM000658,L00157,Lead,CAM0058,Webinar Campaign 058,Webinar,Registered,True,2026-05-26,False,False,C00011
CM000659,L00449,Lead,CAM0056,Webinar Campaign 056,Webinar,Sent,False,2026-04-14,True,True,C00304
CM000660,L00449,Lead,CAM0047,Advertisement Campaign 047,Advertisement,Sent,False,2025-06-28,False,True,C00304
CM000661,L00449,Lead,CAM0006,Telemarketing Campaign 006,Telemarketing,Clicked,True,2023-04-18,False,True,C00304
CM000662,L00449,Lead,CAM0013,Content Syndication Campaign 013,Content Syndication,Sent,False,2023-05-08,True,True,C00304
CM000663,L00449,Lead,CAM0011,Webinar Campaign 011,Webinar,Sent,False,2024-01-24,True,True,C00304
CM000664,L00449,Lead,CAM0008,Email Campaign 008,Email,Clicked,True,2023-05-08,False,True,C00304
CM000665,L00449,Lead,CAM0052,Advertisement Campaign 052,Advertisement,Sent,False,2025-05-05,True,False,C00304
CM000666,L00449,Lead,CAM0043,Webinar Campaign 043,Webinar,Registered,True,2025-10-13,False,True,C00304
CM000667,L00449,Lead,CAM0055,Advertisement Campaign 055,Advertisement,Sent,False,2025-10-06,False,True,C00304
CM000668,L00449,Lead,CAM0020,Event Campaign 020,Event,No Show,True,2023-12-09,False,True,C00304
CM000669,L00449,Lead,CAM0059,Content Syndication Campaign 059,Content Syndication,Clicked,True,2026-05-10,False,True,C00304
CM000670,L00449,Lead,CAM0056,Webinar Campaign 056,Webinar,Attended,True,2026-04-14,False,True,C00304
CM000671,L00449,Lead,CAM0007,Advertisement Campaign 007,Advertisement,Sent,False,2023-11-15,True,True,C00304
CM000672,L00449,Lead,CAM0053,Email Campaign 053,Email,Sent,False,2025-06-04,True,True,C00304
CM000673,L00149,Lead,CAM0019,Webinar Campaign 019,Webinar,Sent,False,2024-06-24,True,True,L00149
CM000674,L00149,Lead,CAM0053,Email Campaign 053,Email,Sent,False,2025-05-26,True,True,L00149
CM000675,L00149,Lead,CAM0005,Telemarketing Campaign 005,Telemarketing,Sent,False,2024-08-16,True,True,L00149
CM000676,L00149,Lead,CAM0016,Content Syndication Campaign 016,Content Syndication,Sent,False,2023-09-11,True,True,L00149
CM000677,L00149,Lead,CAM0052,Advertisement Campaign 052,Advertisement,Sent,False,2025-04-26,True,True,L00149
CM000678,L00149,Lead,CAM0046,Webinar Campaign 046,Webinar,Sent,False,2026-01-09,True,True,L00149
CM000679,L00149,Lead,CAM0026,Telemarketing Campaign 026,Telemarketing,Sent,False,2023-12-21,True,True,L00149
CM000680,L00149,Lead,CAM0059,Content Syndication Campaign 059,Content Syndication,Sent,False,2026-05-10,True,True,L00149
CM000681,L00149,Lead,CAM0035,Event Campaign 035,Event,Sent,False,2024-12-30,True,True,L00149
CM000682,L00149,Lead,CAM0045,Email Campaign 045,Email,Sent,False,2025-05-10,True,True,L00149
CM000683,L00149,Lead,CAM0060,Event Campaign 060,Event,Sent,False,2026-05-12,True,True,L00149
CM000684,L00065,Lead,CAM0059,Content Syndication Campaign 059,Content Syndication,Sent,False,2026-04-21,True,True,C00094
CM000685,L00065,Lead,CAM0012,Telemarketing Campaign 012,Telemarketing,Sent,False,2023-10-16,True,True,C00094
CM000686,L00065,Lead,CAM0037,Email Campaign 037,Email,Sent,False,2024-03-05,True,True,C00094
CM000687,L00065,Lead,CAM0014,Content Syndication Campaign 014,Content Syndication,Sent,False,2024-11-16,True,True,C00094
CM000688,L00065,Lead,CAM0040,Webinar Campaign 040,Webinar,Sent,False,2023-12-16,True,True,C00094
CM000689,L00065,Lead,CAM0029,Webinar Campaign 029,Webinar,Registered,True,2024-02-17,False,True,C00094
CM000690,L00065,Lead,CAM0007,Advertisement Campaign 007,Advertisement,Sent,False,2023-11-26,True,True,C00094
CM000691,L00065,Lead,CAM0023,Webinar Campaign 023,Webinar,Sent,False,2024-04-25,True,True,C00094
CM000692,L00065,Lead,CAM0044,Event Campaign 044,Event,Sent,False,2025-10-07,True,True,C00094
CM000693,L00065,Lead,CAM0049,Webinar Campaign 049,Webinar,Sent,False,2025-10-31,True,True,C00094
CM000694,L00065,Lead,CAM0018,Content Syndication Campaign 018,Content Syndication,Sent,False,2024-06-17,True,True,C00094
CM000695,L00544,Lead,CAM0056,Webinar Campaign 056,Webinar,No Show,True,2026-04-22,False,True,C00043
CM000696,L00544,Lead,CAM0047,Advertisement Campaign 047,Advertisement,Sent,False,2025-06-17,False,True,C00043
CM000697,L00544,Lead,CAM0055,Advertisement Campaign 055,Advertisement,Clicked,True,2025-10-14,False,True,C00043
CM000698,L00089,Lead,CAM0033,Advertisement Campaign 033,Advertisement,Sent,False,2023-03-28,False,True,L00089
CM000699,L00074,Lead,CAM0059,Content Syndication Campaign 059,Content Syndication,Responded,True,2026-04-25,False,True,L00074
CM000700,L00074,Lead,CAM0035,Event Campaign 035,Event,No Show,True,2024-12-20,False,True,L00074
CM000701,L00445,Lead,CAM0016,Content Syndication Campaign 016,Content Syndication,Sent,False,2023-09-19,True,True,C00253
CM000702,L00445,Lead,CAM0051,Webinar Campaign 051,Webinar,Sent,False,2025-03-25,True,True,C00253
CM000703,L00445,Lead,CAM0023,Webinar Campaign 023,Webinar,Sent,False,2024-04-26,True,True,C00253
CM000704,L00445,Lead,CAM0039,Advertisement Campaign 039,Advertisement,Sent,False,2025-01-16,True,True,C00253
CM000705,L00445,Lead,CAM0006,Telemarketing Campaign 006,Telemarketing,Sent,False,2023-04-24,True,True,C00253
CM000706,L00445,Lead,CAM0032,Webinar Campaign 032,Webinar,Sent,False,2023-05-19,True,True,C00253
CM000707,L00445,Lead,CAM0027,Advertisement Campaign 027,Advertisement,Sent,False,2024-04-14,True,True,C00253
CM000708,L00445,Lead,CAM0037,Email Campaign 037,Email,Sent,False,2024-03-08,True,False,C00253
CM000709,L00445,Lead,CAM0036,Advertisement Campaign 036,Advertisement,Sent,False,2024-10-01,True,True,C00253
CM000710,L00445,Lead,CAM0007,Advertisement Campaign 007,Advertisement,Sent,False,2023-11-14,True,True,C00253
CM000711,L00445,Lead,CAM0004,Advertisement Campaign 004,Advertisement,Sent,False,2023-12-04,False,True,C00253
CM000712,L00445,Lead,CAM0008,Email Campaign 008,Email,Sent,False,2023-05-16,True,True,C00253
CM000713,L00445,Lead,CAM0014,Content Syndication Campaign 014,Content Syndication,Sent,False,2024-11-03,True,False,C00253
CM000714,L00445,Lead,CAM0044,Event Campaign 044,Event,Sent,False,2025-10-06,True,True,C00253
CM000715,L00445,Lead,CAM0017,Content Syndication Campaign 017,Content Syndication,Sent,False,2023-11-25,True,True,C00253
CM000716,L00253,Lead,CAM0010,Content Syndication Campaign 010,Content Syndication,Clicked,True,2024-04-18,False,True,L00253
CM000717,L00253,Lead,CAM0026,Telemarketing Campaign 026,Telemarketing,Clicked,True,2023-12-19,False,True,L00253
CM000718,L00253,Lead,CAM0056,Webinar Campaign 056,Webinar,Registered,True,2026-04-29,False,True,L00253
CM000719,L00253,Lead,CAM0037,Email Campaign 037,Email,Clicked,True,2024-03-19,False,False,L00253
CM000720,L00253,Lead,CAM0049,Webinar Campaign 049,Webinar,Registered,True,2025-10-14,False,True,L00253
CM000721,L00173,Lead,CAM0060,Event Campaign 060,Event,No Show,True,2026-05-02,False,True,C00181
CM000722,L00173,Lead,CAM0058,Webinar Campaign 058,Webinar,Registered,True,2026-05-17,False,True,C00181
CM000723,L00173,Lead,CAM0033,Advertisement Campaign 033,Advertisement,Sent,False,2023-04-02,False,True,C00181
CM000724,L00173,Lead,CAM0027,Advertisement Campaign 027,Advertisement,Sent,False,2024-04-20,False,True,C00181
CM000725,L00173,Lead,CAM0037,Email Campaign 037,Email,Clicked,True,2024-03-31,False,True,C00181
CM000726,L00173,Lead,CAM0003,Event Campaign 003,Event,No Show,True,2023-10-31,False,True,C00181
CM000727,C00171,Contact,CAM0059,Content Syndication Campaign 059,Content Syndication,Clicked,True,2026-04-14,False,True,C00171
CM000728,C00171,Contact,CAM0012,Telemarketing Campaign 012,Telemarketing,Responded,True,2023-11-01,False,True,C00171
CM000729,C00171,Contact,CAM0051,Webinar Campaign 051,Webinar,Registered,True,2025-03-15,False,True,C00171
CM000730,L00540,Lead,CAM0056,Webinar Campaign 056,Webinar,Registered,True,2026-05-05,False,True,L00540
CM000731,L00540,Lead,CAM0052,Advertisement Campaign 052,Advertisement,Clicked,True,2025-04-26,False,False,L00540
CM000732,L00540,Lead,CAM0034,Webinar Campaign 034,Webinar,Registered,True,2024-05-23,False,True,L00540
CM000733,C00255,Contact,CAM0060,Event Campaign 060,Event,Registered,True,2026-05-06,False,False,C00255
CM000734,C00255,Contact,CAM0048,Event Campaign 048,Event,Attended,True,2025-07-28,False,False,C00255
CM000735,C00330,Contact,CAM0008,Email Campaign 008,Email,Clicked,True,2023-05-12,False,True,C00330
CM000736,C00330,Contact,CAM0058,Webinar Campaign 058,Webinar,Attended,True,2026-05-23,False,True,C00330
CM000737,C00330,Contact,CAM0033,Advertisement Campaign 033,Advertisement,Sent,False,2023-03-29,False,True,C00330
CM000738,C00246,Contact,CAM0019,Webinar Campaign 019,Webinar,Registered,True,2024-07-01,False,True,C00246
CM000739,C00346,Contact,CAM0002,Telemarketing Campaign 002,Telemarketing,Responded,True,2023-02-28,False,True,C00346
CM000740,C00264,Contact,CAM0050,Webinar Campaign 050,Webinar,Registered,True,2025-09-05,False,True,C00264
CM000741,C00264,Contact,CAM0059,Content Syndication Campaign 059,Content Syndication,Responded,True,2026-04-30,False,True,C00264
CM000742,L00186,Lead,CAM0002,Telemarketing Campaign 002,Telemarketing,Responded,True,2023-02-27,False,True,C00288
CM000743,L00186,Lead,CAM0060,Event Campaign 060,Event,Attended,True,2026-04-27,False,True,C00288
CM000744,C00273,Contact,CAM0037,Email Campaign 037,Email,Responded,True,2024-03-07,False,True,C00273
CM000745,C00257,Contact,CAM0059,Content Syndication Campaign 059,Content Syndication,Clicked,True,2026-04-29,False,True,C00257
CM000746,C00081,Contact,CAM0019,Webinar Campaign 019,Webinar,Attended,True,2024-06-29,False,True,C00081
CM000747,C00262,Contact,CAM0027,Advertisement Campaign 027,Advertisement,Clicked,True,2024-04-21,False,True,C00262
CM000748,C00262,Contact,CAM0018,Content Syndication Campaign 018,Content Syndication,Responded,True,2024-07-04,False,True,C00262
CM000749,C00164,Contact,CAM0018,Content Syndication Campaign 018,Content Syndication,Clicked,True,2024-07-02,False,True,C00164
CM000750,C00164,Contact,CAM0036,Advertisement Campaign 036,Advertisement,Sent,False,2024-10-07,False,False,C00164
CM000751,C00110,Contact,CAM0060,Event Campaign 060,Event,Attended,True,2026-04-28,False,True,C00110
CM000752,C00110,Contact,CAM0036,Advertisement Campaign 036,Advertisement,Clicked,True,2024-09-09,False,True,C00110
CM000753,L00512,Lead,CAM0050,Webinar Campaign 050,Webinar,Attended,True,2025-09-06,False,False,L00512
CM000754,L00512,Lead,CAM0010,Content Syndication Campaign 010,Content Syndication,Clicked,True,2024-05-04,False,True,L00512
CM000755,L00037,Lead,CAM0003,Event Campaign 003,Event,Attended,True,2023-10-30,False,True,L00037
CM000756,L00037,Lead,CAM0049,Webinar Campaign 049,Webinar,Registered,True,2025-10-13,False,True,L00037
CM000757,L00098,Lead,CAM0044,Event Campaign 044,Event,Attended,True,2025-10-27,False,True,L00098
CM000758,L00098,Lead,CAM0005,Telemarketing Campaign 005,Telemarketing,Sent,False,2024-08-19,False,True,L00098
CM000759,L00098,Lead,CAM0060,Event Campaign 060,Event,Attended,True,2026-04-16,False,True,L00098
CM000760,L00098,Lead,CAM0037,Email Campaign 037,Email,Sent,False,2024-03-22,True,True,L00098
CM000761,L00098,Lead,CAM0038,Email Campaign 038,Email,Clicked,True,2023-02-05,False,True,L00098
CM000762,C00013,Contact,CAM0059,Content Syndication Campaign 059,Content Syndication,Responded,True,2026-05-02,False,True,C00013
CM000763,C00013,Contact,CAM0041,Email Campaign 041,Email,Sent,False,2025-04-19,True,True,C00013
CM000764,C00013,Contact,CAM0035,Event Campaign 035,Event,Attended,True,2025-01-18,False,True,C00013
CM000765,C00325,Contact,CAM0054,Email Campaign 054,Email,Sent,False,2025-12-29,True,True,C00325
CM000766,C00325,Contact,CAM0019,Webinar Campaign 019,Webinar,Sent,False,2024-06-15,True,True,C00325
CM000767,C00325,Contact,CAM0025,Event Campaign 025,Event,Sent,False,2023-03-21,True,True,C00325
CM000768,C00325,Contact,CAM0041,Email Campaign 041,Email,Sent,False,2025-04-17,True,True,C00325
CM000769,C00325,Contact,CAM0058,Webinar Campaign 058,Webinar,Sent,False,2026-05-05,True,True,C00325
CM000770,C00325,Contact,CAM0037,Email Campaign 037,Email,Clicked,True,2024-03-05,False,False,C00325
CM000771,C00325,Contact,CAM0013,Content Syndication Campaign 013,Content Syndication,Sent,False,2023-05-21,True,True,C00325
CM000772,C00325,Contact,CAM0022,Event Campaign 022,Event,Sent,False,2024-05-17,True,True,C00325
CM000773,C00325,Contact,CAM0044,Event Campaign 044,Event,Sent,False,2025-10-19,True,False,C00325
CM000774,C00325,Contact,CAM0002,Telemarketing Campaign 002,Telemarketing,Sent,False,2023-02-28,True,True,C00325
CM000775,C00325,Contact,CAM0036,Advertisement Campaign 036,Advertisement,Sent,False,2024-10-08,True,True,C00325
CM000776,C00325,Contact,CAM0047,Advertisement Campaign 047,Advertisement,Sent,False,2025-07-06,True,False,C00325
CM000777,C00325,Contact,CAM0021,Advertisement Campaign 021,Advertisement,Sent,False,2023-08-21,True,True,C00325
CM000778,C00325,Contact,CAM0033,Advertisement Campaign 033,Advertisement,Sent,False,2023-04-01,True,True,C00325
CM000779,C00325,Contact,CAM0044,Event Campaign 044,Event,Sent,False,2025-10-30,True,True,C00325
CM000780,C00325,Contact,CAM0036,Advertisement Campaign 036,Advertisement,Sent,False,2024-09-26,True,True,C00325
CM000781,C00325,Contact,CAM0002,Telemarketing Campaign 002,Telemarketing,Sent,False,2023-02-18,True,True,C00325
CM000782,L00500,Lead,CAM0053,Email Campaign 053,Email,Sent,False,2025-06-06,True,True,C00231
CM000783,L00500,Lead,CAM0020,Event Campaign 020,Event,Sent,False,2024-01-01,True,True,C00231
CM000784,L00500,Lead,CAM0057,Event Campaign 057,Event,No Show,True,2026-05-29,False,True,C00231
CM000785,L00500,Lead,CAM0057,Event Campaign 057,Event,Sent,False,2026-05-18,True,True,C00231
CM000786,L00500,Lead,CAM0031,Email Campaign 031,Email,Sent,False,2024-02-15,True,True,C00231
CM000787,L00500,Lead,CAM0013,Content Syndication Campaign 013,Content Syndication,Clicked,True,2023-05-10,False,True,C00231
CM000788,L00500,Lead,CAM0047,Advertisement Campaign 047,Advertisement,Sent,False,2025-06-27,False,True,C00231
CM000789,L00500,Lead,CAM0007,Advertisement Campaign 007,Advertisement,Sent,False,2023-11-23,True,True,C00231
CM000790,L00500,Lead,CAM0022,Event Campaign 022,Event,Sent,False,2024-05-13,True,False,C00231
CM000791,L00500,Lead,CAM0032,Webinar Campaign 032,Webinar,Sent,False,2023-05-30,True,True,C00231
CM000792,L00160,Lead,CAM0056,Webinar Campaign 056,Webinar,Registered,True,2026-05-06,False,True,L00160
CM000793,L00160,Lead,CAM0028,Telemarketing Campaign 028,Telemarketing,Clicked,True,2024-12-18,False,True,L00160
CM000794,C00275,Contact,CAM0042,Advertisement Campaign 042,Advertisement,Sent,False,2025-12-03,False,True,C00275
CM000795,C00275,Contact,CAM0022,Event Campaign 022,Event,Sent,False,2024-04-26,True,True,C00275
CM000796,C00275,Contact,CAM0052,Advertisement Campaign 052,Advertisement,Sent,False,2025-05-12,True,True,C00275
CM000797,C00275,Contact,CAM0022,Event Campaign 022,Event,Attended,True,2024-05-17,False,False,C00275
CM000798,C00275,Contact,CAM0045,Email Campaign 045,Email,Sent,False,2025-05-07,True,True,C00275
CM000799,C00275,Contact,CAM0058,Webinar Campaign 058,Webinar,Sent,False,2026-05-15,True,True,C00275
CM000800,C00275,Contact,CAM0047,Advertisement Campaign 047,Advertisement,Sent,False,2025-06-15,False,True,C00275
CM000801,C00275,Contact,CAM0040,Webinar Campaign 040,Webinar,Sent,False,2023-12-12,True,True,C00275
CM000802,C00275,Contact,CAM0012,Telemarketing Campaign 012,Telemarketing,Sent,False,2023-10-22,True,True,C00275
CM000803,C00275,Contact,CAM0057,Event Campaign 057,Event,Registered,True,2026-05-18,False,True,C00275
CM000804,C00275,Contact,CAM0026,Telemarketing Campaign 026,Telemarketing,Sent,False,2023-12-22,True,True,C00275
CM000805,C00275,Contact,CAM0038,Email Campaign 038,Email,Sent,False,2023-02-21,True,True,C00275
CM000806,C00275,Contact,CAM0037,Email Campaign 037,Email,Sent,False,2024-03-28,True,False,C00275
CM000807,C00275,Contact,CAM0015,Advertisement Campaign 015,Advertisement,Sent,False,2024-04-19,True,True,C00275
CM000808,C00275,Contact,CAM0037,Email Campaign 037,Email,Sent,False,2024-03-29,True,True,C00275
CM000809,C00087,Contact,CAM0051,Webinar Campaign 051,Webinar,Sent,False,2025-03-23,True,True,C00087
CM000810,C00087,Contact,CAM0033,Advertisement Campaign 033,Advertisement,Sent,False,2023-03-23,True,True,C00087
CM000811,C00087,Contact,CAM0053,Email Campaign 053,Email,Sent,False,2025-06-01,True,False,C00087
CM000812,C00087,Contact,CAM0055,Advertisement Campaign 055,Advertisement,Sent,False,2025-10-17,False,True,C00087
CM000813,C00087,Contact,CAM0017,Content Syndication Campaign 017,Content Syndication,Sent,False,2023-11-04,True,True,C00087
CM000814,C00087,Contact,CAM0026,Telemarketing Campaign 026,Telemarketing,Clicked,True,2023-12-19,False,True,C00087
CM000815,C00087,Contact,CAM0038,Email Campaign 038,Email,Sent,False,2023-02-22,True,True,C00087
CM000816,C00087,Contact,CAM0052,Advertisement Campaign 052,Advertisement,Sent,False,2025-04-21,True,True,C00087
CM000817,C00087,Contact,CAM0024,Advertisement Campaign 024,Advertisement,Sent,False,2024-03-16,True,False,C00087
CM000818,C00087,Contact,CAM0016,Content Syndication Campaign 016,Content Syndication,Sent,False,2023-09-08,True,True,C00087
CM000819,C00087,Contact,CAM0020,Event Campaign 020,Event,Sent,False,2023-12-31,True,True,C00087
CM000820,C00087,Contact,CAM0048,Event Campaign 048,Event,Attended,True,2025-08-06,False,True,C00087
CM000821,C00087,Contact,CAM0032,Webinar Campaign 032,Webinar,Sent,False,2023-05-14,True,True,C00087
CM000822,C00087,Contact,CAM0016,Content Syndication Campaign 016,Content Syndication,Sent,False,2023-09-14,False,True,C00087
CM000823,C00087,Contact,CAM0043,Webinar Campaign 043,Webinar,Sent,False,2025-10-04,True,True,C00087
CM000824,C00011,Contact,CAM0058,Webinar Campaign 058,Webinar,Sent,False,2026-05-13,True,True,C00011
CM000825,C00011,Contact,CAM0047,Advertisement Campaign 047,Advertisement,Sent,False,2025-06-27,True,True,C00011
CM000826,C00011,Contact,CAM0048,Event Campaign 048,Event,Attended,True,2025-07-21,False,True,C00011
CM000827,C00011,Contact,CAM0036,Advertisement Campaign 036,Advertisement,Sent,False,2024-10-03,True,False,C00011
CM000828,C00011,Contact,CAM0005,Telemarketing Campaign 005,Telemarketing,Sent,False,2024-08-22,True,True,C00011
CM000829,C00011,Contact,CAM0027,Advertisement Campaign 027,Advertisement,Sent,False,2024-03-31,False,False,C00011
CM000830,C00011,Contact,CAM0058,Webinar Campaign 058,Webinar,Sent,False,2026-05-16,True,True,C00011
CM000831,C00011,Contact,CAM0055,Advertisement Campaign 055,Advertisement,Sent,False,2025-10-01,True,True,C00011
CM000832,C00011,Contact,CAM0015,Advertisement Campaign 015,Advertisement,Sent,False,2024-04-22,True,True,C00011
CM000833,C00011,Contact,CAM0045,Email Campaign 045,Email,Sent,False,2025-05-03,True,True,C00011
CM000834,C00025,Contact,CAM0058,Webinar Campaign 058,Webinar,No Show,True,2026-05-29,False,True,C00025
CM000835,C00191,Contact,CAM0006,Telemarketing Campaign 006,Telemarketing,Sent,False,2023-04-12,True,True,C00191
CM000836,C00191,Contact,CAM0020,Event Campaign 020,Event,Sent,False,2023-12-20,True,True,C00191
CM000837,C00191,Contact,CAM0019,Webinar Campaign 019,Webinar,Sent,False,2024-07-05,True,True,C00191
CM000838,C00191,Contact,CAM0054,Email Campaign 054,Email,Sent,False,2025-12-27,True,True,C00191
CM000839,C00191,Contact,CAM0031,Email Campaign 031,Email,Sent,False,2024-02-11,True,True,C00191
CM000840,C00191,Contact,CAM0049,Webinar Campaign 049,Webinar,No Show,True,2025-10-06,False,True,C00191
CM000841,C00191,Contact,CAM0041,Email Campaign 041,Email,Sent,False,2025-05-09,True,True,C00191
CM000842,C00191,Contact,CAM0044,Event Campaign 044,Event,Attended,True,2025-10-05,False,False,C00191
CM000843,C00191,Contact,CAM0058,Webinar Campaign 058,Webinar,Sent,False,2026-05-17,True,True,C00191
CM000844,C00191,Contact,CAM0036,Advertisement Campaign 036,Advertisement,Sent,False,2024-10-01,True,True,C00191
CM000845,C00191,Contact,CAM0047,Advertisement Campaign 047,Advertisement,Sent,False,2025-07-12,True,True,C00191
CM000846,C00191,Contact,CAM0017,Content Syndication Campaign 017,Content Syndication,Sent,False,2023-11-06,True,True,C00191
CM000847,L00331,Lead,CAM0056,Webinar Campaign 056,Webinar,No Show,True,2026-04-26,False,True,L00331
CM000848,L00331,Lead,CAM0007,Advertisement Campaign 007,Advertisement,Clicked,True,2023-11-22,False,True,L00331
CM000849,L00331,Lead,CAM0023,Webinar Campaign 023,Webinar,Registered,True,2024-05-09,False,True,L00331
CM000850,L00331,Lead,CAM0050,Webinar Campaign 050,Webinar,No Show,True,2025-09-07,False,True,L00331
CM000851,C00336,Contact,CAM0025,Event Campaign 025,Event,Attended,True,2023-03-20,False,True,C00336
CM000852,L00395,Lead,CAM0058,Webinar Campaign 058,Webinar,Registered,True,2026-05-05,False,True,C00105
CM000853,L00395,Lead,CAM0032,Webinar Campaign 032,Webinar,Registered,True,2023-05-17,False,True,C00105
CM000854,L00395,Lead,CAM0039,Advertisement Campaign 039,Advertisement,Sent,False,2025-01-09,False,True,C00105
CM000855,L00300,Lead,CAM0042,Advertisement Campaign 042,Advertisement,Sent,False,2025-11-29,True,False,C00070
CM000856,L00300,Lead,CAM0043,Webinar Campaign 043,Webinar,Sent,False,2025-10-16,True,True,C00070
CM000857,L00300,Lead,CAM0038,Email Campaign 038,Email,Sent,False,2023-02-13,True,True,C00070
CM000858,L00300,Lead,CAM0028,Telemarketing Campaign 028,Telemarketing,Sent,False,2024-11-24,True,True,C00070
CM000859,L00300,Lead,CAM0040,Webinar Campaign 040,Webinar,Sent,False,2023-12-10,True,False,C00070
CM000860,L00300,Lead,CAM0044,Event Campaign 044,Event,Sent,False,2025-10-01,True,True,C00070
CM000861,L00300,Lead,CAM0019,Webinar Campaign 019,Webinar,No Show,True,2024-06-20,False,False,C00070
CM000862,L00300,Lead,CAM0030,Event Campaign 030,Event,Attended,True,2023-09-08,False,True,C00070
CM000863,L00300,Lead,CAM0041,Email Campaign 041,Email,Sent,False,2025-05-15,True,True,C00070
CM000864,L00300,Lead,CAM0040,Webinar Campaign 040,Webinar,Sent,False,2023-12-06,True,True,C00070
CM000865,L00300,Lead,CAM0030,Event Campaign 030,Event,No Show,True,2023-09-16,False,True,C00070
CM000866,L00339,Lead,CAM0054,Email Campaign 054,Email,Sent,False,2025-12-26,True,True,L00339
CM000867,L00339,Lead,CAM0003,Event Campaign 003,Event,Sent,False,2023-11-07,True,True,L00339
CM000868,L00339,Lead,CAM0043,Webinar Campaign 043,Webinar,Sent,False,2025-10-26,True,True,L00339
CM000869,L00339,Lead,CAM0057,Event Campaign 057,Event,Sent,False,2026-05-27,True,True,L00339
CM000870,L00339,Lead,CAM0027,Advertisement Campaign 027,Advertisement,Sent,False,2024-04-06,True,False,L00339
CM000871,L00339,Lead,CAM0028,Telemarketing Campaign 028,Telemarketing,Clicked,True,2024-12-23,False,True,L00339
CM000872,L00339,Lead,CAM0009,Webinar Campaign 009,Webinar,No Show,True,2024-08-16,False,True,L00339
CM000873,L00339,Lead,CAM0053,Email Campaign 053,Email,Sent,False,2025-06-03,True,False,L00339
CM000874,L00339,Lead,CAM0058,Webinar Campaign 058,Webinar,Sent,False,2026-05-28,True,True,L00339
CM000875,L00399,Lead,CAM0058,Webinar Campaign 058,Webinar,Registered,True,2026-05-24,False,True,L00399
CM000876,L00399,Lead,CAM0003,Event Campaign 003,Event,Attended,True,2023-11-02,False,True,L00399
CM000877,L00399,Lead,CAM0030,Event Campaign 030,Event,Attended,True,2023-09-24,False,True,L00399
CM000878,L00346,Lead,CAM0011,Webinar Campaign 011,Webinar,Registered,True,2024-01-05,False,True,L00346
CM000879,L00346,Lead,CAM0026,Telemarketing Campaign 026,Telemarketing,Responded,True,2023-12-19,False,False,L00346
CM000880,L00346,Lead,CAM0046,Webinar Campaign 046,Webinar,Attended,True,2026-01-14,False,True,L00346
CM000881,L00346,Lead,CAM0011,Webinar Campaign 011,Webinar,No Show,True,2024-01-26,False,False,L00346
CM000882,C00384,Contact,CAM0003,Event Campaign 003,Event,Sent,False,2023-11-03,True,True,C00384
CM000883,C00384,Contact,CAM0024,Advertisement Campaign 024,Advertisement,Sent,False,2024-03-26,True,True,C00384
CM000884,C00384,Contact,CAM0010,Content Syndication Campaign 010,Content Syndication,Sent,False,2024-04-19,True,True,C00384
CM000885,C00384,Contact,CAM0003,Event Campaign 003,Event,Sent,False,2023-11-13,True,False,C00384
CM000886,C00384,Contact,CAM0034,Webinar Campaign 034,Webinar,Sent,False,2024-05-23,True,True,C00384
CM000887,C00384,Contact,CAM0037,Email Campaign 037,Email,Sent,False,2024-03-29,True,True,C00384
CM000888,C00384,Contact,CAM0035,Event Campaign 035,Event,Sent,False,2025-01-04,True,False,C00384
CM000889,C00384,Contact,CAM0026,Telemarketing Campaign 026,Telemarketing,Sent,False,2023-12-16,True,True,C00384
CM000890,C00384,Contact,CAM0048,Event Campaign 048,Event,Sent,False,2025-08-04,True,True,C00384
CM000891,C00384,Contact,CAM0030,Event Campaign 030,Event,Sent,False,2023-09-24,True,True,C00384
CM000892,L00080,Lead,CAM0024,Advertisement Campaign 024,Advertisement,Clicked,True,2024-03-26,False,True,L00080
CM000893,L00080,Lead,CAM0022,Event Campaign 022,Event,Registered,True,2024-05-09,False,True,L00080
CM000894,L00103,Lead,CAM0059,Content Syndication Campaign 059,Content Syndication,Clicked,True,2026-05-11,False,True,C00055
CM000895,L00103,Lead,CAM0039,Advertisement Campaign 039,Advertisement,Clicked,True,2025-01-09,False,False,C00055
CM000896,L00508,Lead,CAM0059,Content Syndication Campaign 059,Content Syndication,Clicked,True,2026-04-17,False,True,L00508
CM000897,L00508,Lead,CAM0034,Webinar Campaign 034,Webinar,Registered,True,2024-05-25,False,True,L00508
CM000898,L00430,Lead,CAM0026,Telemarketing Campaign 026,Telemarketing,Sent,False,2023-12-23,False,True,L00430
CM000899,L00430,Lead,CAM0052,Advertisement Campaign 052,Advertisement,Clicked,True,2025-04-23,False,True,L00430
CM000900,L00430,Lead,CAM0010,Content Syndication Campaign 010,Content Syndication,Responded,True,2024-04-13,False,True,L00430
CM000901,L00430,Lead,CAM0023,Webinar Campaign 023,Webinar,Registered,True,2024-05-07,False,True,L00430
CM000902,C00132,Contact,CAM0032,Webinar Campaign 032,Webinar,Registered,True,2023-06-04,False,True,C00132
CM000903,C00132,Contact,CAM0011,Webinar Campaign 011,Webinar,No Show,True,2024-01-26,False,True,C00132
CM000904,L00256,Lead,CAM0059,Content Syndication Campaign 059,Content Syndication,Clicked,True,2026-04-14,False,True,L00256
CM000905,L00256,Lead,CAM0047,Advertisement Campaign 047,Advertisement,Clicked,True,2025-06-28,False,False,L00256
CM000906,L00256,Lead,CAM0039,Advertisement Campaign 039,Advertisement,Sent,False,2024-12-23,False,True,L00256
CM000907,L00212,Lead,CAM0059,Content Syndication Campaign 059,Content Syndication,Clicked,True,2026-05-09,False,True,L00212
CM000908,L00212,Lead,CAM0048,Event Campaign 048,Event,Attended,True,2025-07-20,False,True,L00212
CM000909,L00468,Lead,CAM0057,Event Campaign 057,Event,Attended,True,2026-05-11,False,True,C00172
CM000910,L00262,Lead,CAM0058,Webinar Campaign 058,Webinar,Attended,True,2026-05-24,False,True,L00262
CM000911,L00262,Lead,CAM0053,Email Campaign 053,Email,Clicked,True,2025-05-16,False,True,L00262
CM000912,L00262,Lead,CAM0036,Advertisement Campaign 036,Advertisement,Clicked,True,2024-10-08,False,True,L00262
CM000913,C00128,Contact,CAM0052,Advertisement Campaign 052,Advertisement,Sent,False,2025-04-22,False,True,C00128
CM000914,C00128,Contact,CAM0026,Telemarketing Campaign 026,Telemarketing,Sent,False,2023-12-16,True,True,C00128
CM000915,C00128,Contact,CAM0025,Event Campaign 025,Event,Sent,False,2023-03-08,True,True,C00128
CM000916,C00128,Contact,CAM0015,Advertisement Campaign 015,Advertisement,Sent,False,2024-05-09,True,True,C00128
CM000917,C00128,Contact,CAM0022,Event Campaign 022,Event,Registered,True,2024-05-08,False,True,C00128
CM000918,C00128,Contact,CAM0023,Webinar Campaign 023,Webinar,Sent,False,2024-05-22,True,True,C00128
CM000919,C00128,Contact,CAM0045,Email Campaign 045,Email,Sent,False,2025-04-20,True,True,C00128
CM000920,C00128,Contact,CAM0050,Webinar Campaign 050,Webinar,Sent,False,2025-09-15,True,True,C00128
CM000921,C00128,Contact,CAM0029,Webinar Campaign 029,Webinar,Sent,False,2024-01-25,True,True,C00128
CM000922,C00128,Contact,CAM0021,Advertisement Campaign 021,Advertisement,Clicked,True,2023-08-25,False,False,C00128
CM000923,C00128,Contact,CAM0028,Telemarketing Campaign 028,Telemarketing,Sent,False,2024-11-30,True,True,C00128
CM000924,C00128,Contact,CAM0011,Webinar Campaign 011,Webinar,Sent,False,2024-01-03,True,True,C00128
CM000925,C00128,Contact,CAM0005,Telemarketing Campaign 005,Telemarketing,Sent,False,2024-08-07,True,True,C00128
CM000926,C00128,Contact,CAM0014,Content Syndication Campaign 014,Content Syndication,Sent,False,2024-11-25,True,True,C00128
CM000927,C00128,Contact,CAM0002,Telemarketing Campaign 002,Telemarketing,Sent,False,2023-02-19,True,True,C00128
CM000928,L00582,Lead,CAM0056,Webinar Campaign 056,Webinar,No Show,True,2026-04-28,False,True,C00001
CM000929,C00259,Contact,CAM0046,Webinar Campaign 046,Webinar,Registered,True,2026-01-19,False,False,C00259
CM000930,C00259,Contact,CAM0001,Email Campaign 001,Email,Sent,False,2024-10-23,True,True,C00259
CM000931,C00259,Contact,CAM0043,Webinar Campaign 043,Webinar,Registered,True,2025-10-17,False,True,C00259
CM000932,C00388,Contact,CAM0060,Event Campaign 060,Event,Registered,True,2026-05-13,False,False,C00388
CM000933,L00423,Lead,CAM0041,Email Campaign 041,Email,Sent,False,2025-05-05,True,True,L00423
CM000934,C00222,Contact,CAM0060,Event Campaign 060,Event,No Show,True,2026-05-12,False,True,C00222
CM000935,C00222,Contact,CAM0059,Content Syndication Campaign 059,Content Syndication,Sent,False,2026-04-14,True,True,C00222
CM000936,C00222,Contact,CAM0059,Content Syndication Campaign 059,Content Syndication,Sent,False,2026-05-07,True,False,C00222
CM000937,C00222,Contact,CAM0060,Event Campaign 060,Event,Sent,False,2026-04-16,True,True,C00222
CM000938,C00222,Contact,CAM0059,Content Syndication Campaign 059,Content Syndication,Sent,False,2026-04-23,True,True,C00222
CM000939,C00222,Contact,CAM0056,Webinar Campaign 056,Webinar,Registered,True,2026-04-18,False,True,C00222
CM000940,C00222,Contact,CAM0046,Webinar Campaign 046,Webinar,No Show,True,2026-01-08,False,True,C00222
CM000941,C00222,Contact,CAM0050,Webinar Campaign 050,Webinar,Sent,False,2025-09-09,True,True,C00222
CM000942,C00222,Contact,CAM0041,Email Campaign 041,Email,Sent,False,2025-04-24,True,True,C00222
CM000943,C00222,Contact,CAM0009,Webinar Campaign 009,Webinar,Sent,False,2024-08-08,True,True,C00222
CM000944,C00222,Contact,CAM0029,Webinar Campaign 029,Webinar,Sent,False,2024-02-11,True,True,C00222
CM000945,C00222,Contact,CAM0003,Event Campaign 003,Event,Sent,False,2023-10-22,True,True,C00222
CM000946,C00222,Contact,CAM0043,Webinar Campaign 043,Webinar,No Show,True,2025-10-29,False,True,C00222
CM000947,L00162,Lead,CAM0054,Email Campaign 054,Email,Clicked,True,2025-12-14,False,True,L00162
CM000948,L00162,Lead,CAM0035,Event Campaign 035,Event,Registered,True,2024-12-21,False,False,L00162
CM000949,L00533,Lead,CAM0049,Webinar Campaign 049,Webinar,Attended,True,2025-10-17,False,True,L00533
CM000950,L00533,Lead,CAM0009,Webinar Campaign 009,Webinar,Attended,True,2024-08-11,False,True,L00533
CM000951,C00167,Contact,CAM0048,Event Campaign 048,Event,Sent,False,2025-08-08,True,True,C00167
CM000952,C00167,Contact,CAM0030,Event Campaign 030,Event,Sent,False,2023-10-05,True,True,C00167
CM000953,C00167,Contact,CAM0039,Advertisement Campaign 039,Advertisement,Clicked,True,2024-12-26,False,True,C00167
CM000954,C00167,Contact,CAM0007,Advertisement Campaign 007,Advertisement,Sent,False,2023-11-24,True,True,C00167
CM000955,C00167,Contact,CAM0048,Event Campaign 048,Event,Sent,False,2025-07-17,True,True,C00167
CM000956,C00167,Contact,CAM0031,Email Campaign 031,Email,Sent,False,2024-03-09,True,True,C00167
CM000957,C00167,Contact,CAM0026,Telemarketing Campaign 026,Telemarketing,Sent,False,2024-01-07,True,True,C00167
CM000958,C00158,Contact,CAM0060,Event Campaign 060,Event,Attended,True,2026-04-28,False,True,C00158
CM000959,C00158,Contact,CAM0049,Webinar Campaign 049,Webinar,No Show,True,2025-10-27,False,True,C00158
CM000960,C00158,Contact,CAM0036,Advertisement Campaign 036,Advertisement,Clicked,True,2024-09-28,False,True,C00158
CM000961,C00158,Contact,CAM0048,Event Campaign 048,Event,No Show,True,2025-07-18,False,True,C00158
CM000962,C00312,Contact,CAM0014,Content Syndication Campaign 014,Content Syndication,Responded,True,2024-11-23,False,True,C00312
CM000963,C00312,Contact,CAM0023,Webinar Campaign 023,Webinar,Registered,True,2024-04-26,False,False,C00312
CM000964,C00201,Contact,CAM0059,Content Syndication Campaign 059,Content Syndication,Responded,True,2026-04-16,False,False,C00201
CM000965,C00201,Contact,CAM0018,Content Syndication Campaign 018,Content Syndication,Clicked,True,2024-07-05,False,True,C00201
CM000966,L00355,Lead,CAM0057,Event Campaign 057,Event,Registered,True,2026-05-24,False,True,L00355
CM000967,L00355,Lead,CAM0009,Webinar Campaign 009,Webinar,Attended,True,2024-08-10,False,True,L00355
CM000968,C00105,Contact,CAM0056,Webinar Campaign 056,Webinar,No Show,True,2026-04-29,False,True,C00105
CM000969,C00105,Contact,CAM0047,Advertisement Campaign 047,Advertisement,Sent,False,2025-06-23,True,True,C00105
CM000970,C00105,Contact,CAM0053,Email Campaign 053,Email,Sent,False,2025-05-30,True,True,C00105
CM000971,C00105,Contact,CAM0029,Webinar Campaign 029,Webinar,Sent,False,2024-02-01,True,True,C00105
CM000972,C00105,Contact,CAM0020,Event Campaign 020,Event,Sent,False,2023-12-18,True,True,C00105
CM000973,C00105,Contact,CAM0025,Event Campaign 025,Event,No Show,True,2023-03-04,False,False,C00105
CM000974,C00105,Contact,CAM0053,Email Campaign 053,Email,Sent,False,2025-05-14,True,True,C00105
CM000975,C00105,Contact,CAM0022,Event Campaign 022,Event,Sent,False,2024-05-22,True,True,C00105
CM000976,C00217,Contact,CAM0056,Webinar Campaign 056,Webinar,Registered,True,2026-05-09,False,True,C00217
CM000977,C00217,Contact,CAM0031,Email Campaign 031,Email,Sent,False,2024-03-05,True,True,C00217
CM000978,C00217,Contact,CAM0032,Webinar Campaign 032,Webinar,Registered,True,2023-05-18,False,True,C00217
CM000979,C00290,Contact,CAM0057,Event Campaign 057,Event,Attended,True,2026-05-15,False,True,C00290
CM000980,C00290,Contact,CAM0056,Webinar Campaign 056,Webinar,Registered,True,2026-04-17,False,True,C00290
CM000981,C00290,Contact,CAM0044,Event Campaign 044,Event,Registered,True,2025-10-12,False,True,C00290
CM000982,C00290,Contact,CAM0047,Advertisement Campaign 047,Advertisement,Sent,False,2025-07-09,False,True,C00290
CM000983,C00290,Contact,CAM0034,Webinar Campaign 034,Webinar,No Show,True,2024-05-19,False,True,C00290
CM000984,C00290,Contact,CAM0018,Content Syndication Campaign 018,Content Syndication,Clicked,True,2024-06-29,False,True,C00290
CM000985,L00380,Lead,CAM0059,Content Syndication Campaign 059,Content Syndication,Responded,True,2026-04-18,False,True,L00380
CM000986,L00380,Lead,CAM0052,Advertisement Campaign 052,Advertisement,Sent,False,2025-05-19,False,True,L00380
CM000987,L00380,Lead,CAM0001,Email Campaign 001,Email,Responded,True,2024-10-05,False,True,L00380
CM000988,C00200,Contact,CAM0028,Telemarketing Campaign 028,Telemarketing,Sent,False,2024-12-15,True,True,C00200
CM000989,C00200,Contact,CAM0057,Event Campaign 057,Event,Sent,False,2026-05-15,True,True,C00200
CM000990,C00200,Contact,CAM0012,Telemarketing Campaign 012,Telemarketing,Sent,False,2023-11-02,True,True,C00200
CM000991,C00200,Contact,CAM0012,Telemarketing Campaign 012,Telemarketing,Sent,False,2023-11-10,True,True,C00200
CM000992,C00200,Contact,CAM0024,Advertisement Campaign 024,Advertisement,Sent,False,2024-03-16,True,True,C00200
CM000993,C00200,Contact,CAM0008,Email Campaign 008,Email,Sent,False,2023-04-24,True,True,C00200
CM000994,C00200,Contact,CAM0002,Telemarketing Campaign 002,Telemarketing,Sent,False,2023-03-11,True,True,C00200
CM000995,C00200,Contact,CAM0023,Webinar Campaign 023,Webinar,Sent,False,2024-05-04,True,True,C00200
CM000996,C00200,Contact,CAM0033,Advertisement Campaign 033,Advertisement,Sent,False,2023-03-16,True,True,C00200
CM000997,C00200,Contact,CAM0017,Content Syndication Campaign 017,Content Syndication,Sent,False,2023-11-15,True,True,C00200
CM000998,C00200,Contact,CAM0017,Content Syndication Campaign 017,Content Syndication,Sent,False,2023-11-03,True,True,C00200
CM000999,C00200,Contact,CAM0006,Telemarketing Campaign 006,Telemarketing,Responded,True,2023-04-12,False,True,C00200
CM001000,C00200,Contact,CAM0007,Advertisement Campaign 007,Advertisement,Sent,False,2023-12-09,True,True,C00200
CM001001,C00200,Contact,CAM0053,Email Campaign 053,Email,Sent,False,2025-06-04,True,True,C00200
CM001002,C00200,Contact,CAM0004,Advertisement Campaign 004,Advertisement,Sent,False,2023-12-12,True,True,C00200
CM001003,C00200,Contact,CAM0043,Webinar Campaign 043,Webinar,Sent,False,2025-10-23,True,True,C00200
CM001004,L00534,Lead,CAM0056,Webinar Campaign 056,Webinar,No Show,True,2026-05-05,False,True,L00534
CM001005,L00534,Lead,CAM0002,Telemarketing Campaign 002,Telemarketing,Clicked,True,2023-02-16,False,True,L00534
CM001006,L00274,Lead,CAM0015,Advertisement Campaign 015,Advertisement,Sent,False,2024-05-12,True,True,L00274
CM001007,L00274,Lead,CAM0017,Content Syndication Campaign 017,Content Syndication,Sent,False,2023-11-08,True,False,L00274
CM001008,L00274,Lead,CAM0032,Webinar Campaign 032,Webinar,Sent,False,2023-06-07,True,False,L00274
CM001009,L00274,Lead,CAM0048,Event Campaign 048,Event,Sent,False,2025-07-15,True,True,L00274
CM001010,L00274,Lead,CAM0033,Advertisement Campaign 033,Advertisement,Sent,False,2023-03-10,False,True,L00274
CM001011,L00274,Lead,CAM0043,Webinar Campaign 043,Webinar,Sent,False,2025-09-30,True,True,L00274
CM001012,L00274,Lead,CAM0025,Event Campaign 025,Event,Sent,False,2023-03-11,True,True,L00274
CM001013,L00274,Lead,CAM0008,Email Campaign 008,Email,Sent,False,2023-05-14,True,True,L00274
CM001014,L00274,Lead,CAM0058,Webinar Campaign 058,Webinar,Sent,False,2026-05-16,True,True,L00274
CM001015,L00274,Lead,CAM0048,Event Campaign 048,Event,Sent,False,2025-07-29,True,True,L00274
CM001016,L00274,Lead,CAM0003,Event Campaign 003,Event,Sent,False,2023-10-29,True,True,L00274
CM001017,L00274,Lead,CAM0017,Content Syndication Campaign 017,Content Syndication,Sent,False,2023-11-24,True,True,L00274
CM001018,L00274,Lead,CAM0025,Event Campaign 025,Event,Sent,False,2023-03-06,True,True,L00274
CM001019,L00274,Lead,CAM0005,Telemarketing Campaign 005,Telemarketing,Sent,False,2024-09-03,True,True,L00274
CM001020,L00590,Lead,CAM0045,Email Campaign 045,Email,Sent,False,2025-05-02,True,True,L00590
CM001021,L00590,Lead,CAM0052,Advertisement Campaign 052,Advertisement,Sent,False,2025-05-06,True,True,L00590
CM001022,L00590,Lead,CAM0036,Advertisement Campaign 036,Advertisement,Sent,False,2024-09-24,True,True,L00590
CM001023,L00590,Lead,CAM0040,Webinar Campaign 040,Webinar,Sent,False,2023-12-18,True,True,L00590
CM001024,L00590,Lead,CAM0031,Email Campaign 031,Email,Sent,False,2024-02-20,True,True,L00590
CM001025,L00590,Lead,CAM0010,Content Syndication Campaign 010,Content Syndication,Responded,True,2024-04-26,False,True,L00590
CM001026,L00590,Lead,CAM0059,Content Syndication Campaign 059,Content Syndication,Sent,False,2026-04-23,False,True,L00590
CM001027,L00590,Lead,CAM0018,Content Syndication Campaign 018,Content Syndication,Sent,False,2024-06-21,True,False,L00590
CM001028,L00590,Lead,CAM0024,Advertisement Campaign 024,Advertisement,Sent,False,2024-04-01,True,True,L00590
CM001029,L00590,Lead,CAM0059,Content Syndication Campaign 059,Content Syndication,Sent,False,2026-04-27,True,True,L00590
CM001030,L00590,Lead,CAM0004,Advertisement Campaign 004,Advertisement,Sent,False,2023-12-08,True,True,L00590
CM001031,L00590,Lead,CAM0025,Event Campaign 025,Event,Sent,False,2023-02-23,True,False,L00590
CM001032,L00590,Lead,CAM0034,Webinar Campaign 034,Webinar,No Show,True,2024-06-08,False,True,L00590
CM001033,L00590,Lead,CAM0015,Advertisement Campaign 015,Advertisement,Sent,False,2024-05-13,True,True,L00590
CM001034,L00447,Lead,CAM0018,Content Syndication Campaign 018,Content Syndication,Clicked,True,2024-07-03,False,False,L00447
CM001035,C00029,Contact,CAM0002,Telemarketing Campaign 002,Telemarketing,Clicked,True,2023-02-23,False,True,C00029
CM001036,L00440,Lead,CAM0023,Webinar Campaign 023,Webinar,Registered,True,2024-05-21,False,True,L00440
CM001037,L00440,Lead,CAM0038,Email Campaign 038,Email,Sent,False,2023-02-02,True,True,L00440
CM001038,L00552,Lead,CAM0047,Advertisement Campaign 047,Advertisement,Sent,False,2025-07-01,True,True,C00311
CM001039,L00552,Lead,CAM0016,Content Syndication Campaign 016,Content Syndication,Sent,False,2023-09-17,True,True,C00311
CM001040,L00552,Lead,CAM0005,Telemarketing Campaign 005,Telemarketing,Sent,False,2024-08-31,True,True,C00311
CM001041,L00552,Lead,CAM0041,Email Campaign 041,Email,Responded,True,2025-04-24,False,True,C00311
CM001042,L00552,Lead,CAM0036,Advertisement Campaign 036,Advertisement,Clicked,True,2024-09-14,False,True,C00311
CM001043,L00552,Lead,CAM0034,Webinar Campaign 034,Webinar,Sent,False,2024-06-03,True,True,C00311
CM001044,L00552,Lead,CAM0053,Email Campaign 053,Email,Sent,False,2025-06-03,True,True,C00311
CM001045,L00552,Lead,CAM0007,Advertisement Campaign 007,Advertisement,Sent,False,2023-12-12,True,True,C00311
CM001046,L00552,Lead,CAM0012,Telemarketing Campaign 012,Telemarketing,Sent,False,2023-11-11,True,True,C00311
CM001047,L00552,Lead,CAM0029,Webinar Campaign 029,Webinar,Sent,False,2024-01-22,True,True,C00311
CM001048,C00354,Contact,CAM0024,Advertisement Campaign 024,Advertisement,Sent,False,2024-04-02,False,True,C00354
CM001049,C00354,Contact,CAM0055,Advertisement Campaign 055,Advertisement,Sent,False,2025-10-12,False,True,C00354
CM001050,L00249,Lead,CAM0060,Event Campaign 060,Event,Attended,True,2026-04-15,False,True,L00249
CM001051,L00555,Lead,CAM0060,Event Campaign 060,Event,No Show,True,2026-04-30,False,True,L00555
CM001052,L00555,Lead,CAM0027,Advertisement Campaign 027,Advertisement,Sent,False,2024-03-30,False,True,L00555
CM001053,L00555,Lead,CAM0011,Webinar Campaign 011,Webinar,Attended,True,2024-01-14,False,True,L00555
CM001054,L00519,Lead,CAM0006,Telemarketing Campaign 006,Telemarketing,Sent,False,2023-04-07,True,True,C00388
CM001055,L00519,Lead,CAM0015,Advertisement Campaign 015,Advertisement,Sent,False,2024-05-01,False,True,C00388
CM001056,L00519,Lead,CAM0009,Webinar Campaign 009,Webinar,Sent,False,2024-08-03,True,True,C00388
CM001057,L00519,Lead,CAM0012,Telemarketing Campaign 012,Telemarketing,Sent,False,2023-10-15,True,True,C00388
CM001058,L00519,Lead,CAM0001,Email Campaign 001,Email,Sent,False,2024-10-11,True,True,C00388
CM001059,L00519,Lead,CAM0059,Content Syndication Campaign 059,Content Syndication,Sent,False,2026-04-18,True,True,C00388
CM001060,L00519,Lead,CAM0027,Advertisement Campaign 027,Advertisement,Sent,False,2024-04-06,False,True,C00388
CM001061,L00519,Lead,CAM0010,Content Syndication Campaign 010,Content Syndication,Sent,False,2024-04-09,True,True,C00388
CM001062,L00519,Lead,CAM0021,Advertisement Campaign 021,Advertisement,Sent,False,2023-09-08,True,True,C00388
CM001063,L00519,Lead,CAM0045,Email Campaign 045,Email,Sent,False,2025-04-21,True,True,C00388
CM001064,L00519,Lead,CAM0038,Email Campaign 038,Email,Sent,False,2023-02-05,True,False,C00388
CM001065,L00519,Lead,CAM0004,Advertisement Campaign 004,Advertisement,Sent,False,2023-12-26,True,True,C00388
CM001066,L00519,Lead,CAM0009,Webinar Campaign 009,Webinar,Sent,False,2024-08-07,True,True,C00388
CM001067,L00519,Lead,CAM0033,Advertisement Campaign 033,Advertisement,Clicked,True,2023-03-18,False,False,C00388
CM001068,L00519,Lead,CAM0059,Content Syndication Campaign 059,Content Syndication,Sent,False,2026-05-02,True,True,C00388
CM001069,L00338,Lead,CAM0033,Advertisement Campaign 033,Advertisement,Sent,False,2023-04-05,False,True,L00338
CM001070,L00338,Lead,CAM0030,Event Campaign 030,Event,Sent,False,2023-09-25,True,True,L00338
CM001071,L00338,Lead,CAM0029,Webinar Campaign 029,Webinar,Sent,False,2024-01-23,True,True,L00338
CM001072,L00338,Lead,CAM0038,Email Campaign 038,Email,Sent,False,2023-02-01,True,True,L00338
CM001073,L00338,Lead,CAM0052,Advertisement Campaign 052,Advertisement,Sent,False,2025-05-19,True,True,L00338
CM001074,L00338,Lead,CAM0055,Advertisement Campaign 055,Advertisement,Sent,False,2025-10-05,False,True,L00338
CM001075,L00338,Lead,CAM0010,Content Syndication Campaign 010,Content Syndication,Clicked,True,2024-05-02,False,True,L00338
CM001076,C00184,Contact,CAM0056,Webinar Campaign 056,Webinar,Attended,True,2026-05-02,False,True,C00184
CM001077,L00298,Lead,CAM0046,Webinar Campaign 046,Webinar,Registered,True,2026-01-11,False,True,C00229
CM001078,L00298,Lead,CAM0055,Advertisement Campaign 055,Advertisement,Sent,False,2025-09-20,False,True,C00229
CM001079,L00298,Lead,CAM0056,Webinar Campaign 056,Webinar,Attended,True,2026-04-30,False,True,C00229
CM001080,L00494,Lead,CAM0058,Webinar Campaign 058,Webinar,Attended,True,2026-05-05,False,False,L00494
CM001081,L00494,Lead,CAM0038,Email Campaign 038,Email,Sent,False,2023-02-07,True,True,L00494
CM001082,C00135,Contact,CAM0016,Content Syndication Campaign 016,Content Syndication,Sent,False,2023-08-30,False,True,C00135
CM001083,C00135,Contact,CAM0009,Webinar Campaign 009,Webinar,Sent,False,2024-08-02,True,True,C00135
CM001084,C00135,Contact,CAM0058,Webinar Campaign 058,Webinar,Sent,False,2026-05-29,True,True,C00135
CM001085,C00135,Contact,CAM0052,Advertisement Campaign 052,Advertisement,Sent,False,2025-05-06,True,True,C00135
CM001086,C00135,Contact,CAM0054,Email Campaign 054,Email,Sent,False,2025-12-30,True,True,C00135
CM001087,C00135,Contact,CAM0009,Webinar Campaign 009,Webinar,Sent,False,2024-07-28,True,True,C00135
CM001088,C00135,Contact,CAM0058,Webinar Campaign 058,Webinar,Sent,False,2026-05-19,True,True,C00135
CM001089,C00135,Contact,CAM0038,Email Campaign 038,Email,Sent,False,2023-02-21,True,True,C00135
CM001090,C00135,Contact,CAM0031,Email Campaign 031,Email,Sent,False,2024-02-19,True,True,C00135
CM001091,C00135,Contact,CAM0021,Advertisement Campaign 021,Advertisement,Sent,False,2023-08-12,True,True,C00135
CM001092,C00135,Contact,CAM0015,Advertisement Campaign 015,Advertisement,Sent,False,2024-05-05,True,True,C00135
CM001093,L00072,Lead,CAM0046,Webinar Campaign 046,Webinar,Registered,True,2026-01-21,False,True,L00072
CM001094,L00072,Lead,CAM0023,Webinar Campaign 023,Webinar,Registered,True,2024-05-08,False,True,L00072
CM001095,C00260,Contact,CAM0059,Content Syndication Campaign 059,Content Syndication,Clicked,True,2026-05-01,False,True,C00260
CM001096,L00132,Lead,CAM0015,Advertisement Campaign 015,Advertisement,Sent,False,2024-05-01,True,True,L00132
CM001097,L00132,Lead,CAM0002,Telemarketing Campaign 002,Telemarketing,Sent,False,2023-02-22,True,True,L00132
CM001098,L00132,Lead,CAM0029,Webinar Campaign 029,Webinar,Registered,True,2024-02-13,False,True,L00132
CM001099,L00132,Lead,CAM0037,Email Campaign 037,Email,Sent,False,2024-03-20,True,True,L00132
CM001100,L00132,Lead,CAM0023,Webinar Campaign 023,Webinar,Sent,False,2024-05-17,True,True,L00132
CM001101,L00132,Lead,CAM0053,Email Campaign 053,Email,Sent,False,2025-05-20,True,True,L00132
CM001102,L00132,Lead,CAM0058,Webinar Campaign 058,Webinar,Sent,False,2026-05-21,True,True,L00132
CM001103,L00132,Lead,CAM0019,Webinar Campaign 019,Webinar,Sent,False,2024-06-22,True,True,L00132
CM001104,L00132,Lead,CAM0039,Advertisement Campaign 039,Advertisement,Sent,False,2024-12-30,True,True,L00132
CM001105,L00132,Lead,CAM0025,Event Campaign 025,Event,Sent,False,2023-03-22,True,True,L00132
CM001106,L00132,Lead,CAM0017,Content Syndication Campaign 017,Content Syndication,Sent,False,2023-11-24,True,False,L00132
CM001107,L00132,Lead,CAM0013,Content Syndication Campaign 013,Content Syndication,Sent,False,2023-05-06,True,True,L00132
CM001108,L00132,Lead,CAM0032,Webinar Campaign 032,Webinar,Registered,True,2023-05-22,False,False,L00132
CM001109,L00132,Lead,CAM0009,Webinar Campaign 009,Webinar,Sent,False,2024-07-31,True,False,L00132
CM001110,L00132,Lead,CAM0041,Email Campaign 041,Email,Sent,False,2025-05-15,True,True,L00132
CM001111,L00132,Lead,CAM0054,Email Campaign 054,Email,Sent,False,2026-01-01,True,True,L00132
CM001112,L00132,Lead,CAM0023,Webinar Campaign 023,Webinar,Sent,False,2024-05-22,True,True,L00132
CM001113,L00132,Lead,CAM0035,Event Campaign 035,Event,Sent,False,2025-01-01,True,True,L00132
CM001114,L00132,Lead,CAM0059,Content Syndication Campaign 059,Content Syndication,Sent,False,2026-04-22,False,True,L00132
CM001115,L00132,Lead,CAM0043,Webinar Campaign 043,Webinar,Sent,False,2025-10-23,True,False,L00132
CM001116,L00132,Lead,CAM0025,Event Campaign 025,Event,Sent,False,2023-02-28,True,True,L00132
CM001117,L00132,Lead,CAM0053,Email Campaign 053,Email,Sent,False,2025-06-02,True,False,L00132
CM001118,L00132,Lead,CAM0003,Event Campaign 003,Event,Sent,False,2023-10-24,True,True,L00132
CM001119,L00132,Lead,CAM0036,Advertisement Campaign 036,Advertisement,Sent,False,2024-09-25,True,True,L00132
CM001120,L00132,Lead,CAM0016,Content Syndication Campaign 016,Content Syndication,Sent,False,2023-09-18,True,True,L00132
CM001121,L00132,Lead,CAM0011,Webinar Campaign 011,Webinar,Sent,False,2024-01-18,True,True,L00132
CM001122,L00132,Lead,CAM0032,Webinar Campaign 032,Webinar,Attended,True,2023-05-11,False,True,L00132
CM001123,L00132,Lead,CAM0043,Webinar Campaign 043,Webinar,Sent,False,2025-10-14,True,True,L00132
CM001124,L00132,Lead,CAM0045,Email Campaign 045,Email,Sent,False,2025-04-20,True,True,L00132
CM001125,L00132,Lead,CAM0045,Email Campaign 045,Email,Sent,False,2025-04-28,True,True,L00132
CM001126,L00132,Lead,CAM0018,Content Syndication Campaign 018,Content Syndication,Clicked,True,2024-06-26,False,True,L00132
CM001127,L00132,Lead,CAM0025,Event Campaign 025,Event,Sent,False,2023-03-13,True,True,L00132
CM001128,L00132,Lead,CAM0007,Advertisement Campaign 007,Advertisement,Sent,False,2023-11-18,True,True,L00132
CM001129,L00132,Lead,CAM0038,Email Campaign 038,Email,Sent,False,2023-02-06,True,True,L00132
CM001130,L00132,Lead,CAM0049,Webinar Campaign 049,Webinar,Sent,False,2025-10-28,True,True,L00132
CM001131,L00132,Lead,CAM0030,Event Campaign 030,Event,Sent,False,2023-10-07,True,True,L00132
CM001132,L00132,Lead,CAM0019,Webinar Campaign 019,Webinar,Sent,False,2024-06-25,True,True,L00132
CM001133,L00132,Lead,CAM0020,Event Campaign 020,Event,Registered,True,2024-01-01,False,True,L00132
CM001134,L00132,Lead,CAM0040,Webinar Campaign 040,Webinar,Sent,False,2023-11-28,True,True,L00132
CM001135,L00132,Lead,CAM0041,Email Campaign 041,Email,Sent,False,2025-05-07,True,True,L00132
CM001136,C00008,Contact,CAM0045,Email Campaign 045,Email,Sent,False,2025-04-15,True,True,C00008
CM001137,C00008,Contact,CAM0022,Event Campaign 022,Event,Sent,False,2024-05-14,True,True,C00008
CM001138,C00008,Contact,CAM0002,Telemarketing Campaign 002,Telemarketing,Sent,False,2023-02-23,True,True,C00008
CM001139,C00008,Contact,CAM0048,Event Campaign 048,Event,Sent,False,2025-07-18,True,True,C00008
CM001140,C00008,Contact,CAM0017,Content Syndication Campaign 017,Content Syndication,Responded,True,2023-11-15,False,True,C00008
CM001141,C00008,Contact,CAM0041,Email Campaign 041,Email,Clicked,True,2025-04-23,False,True,C00008
CM001142,C00008,Contact,CAM0034,Webinar Campaign 034,Webinar,Sent,False,2024-05-30,True,True,C00008
CM001143,L00255,Lead,CAM0056,Webinar Campaign 056,Webinar,Attended,True,2026-04-19,False,True,L00255
CM001144,L00255,Lead,CAM0002,Telemarketing Campaign 002,Telemarketing,Clicked,True,2023-03-05,False,False,L00255
CM001145,C00055,Contact,CAM0047,Advertisement Campaign 047,Advertisement,Sent,False,2025-07-12,True,True,C00055
CM001146,C00055,Contact,CAM0022,Event Campaign 022,Event,Sent,False,2024-04-30,True,True,C00055
CM001147,C00055,Contact,CAM0024,Advertisement Campaign 024,Advertisement,Sent,False,2024-04-10,True,True,C00055
CM001148,C00055,Contact,CAM0047,Advertisement Campaign 047,Advertisement,Sent,False,2025-07-13,True,True,C00055
CM001149,C00055,Contact,CAM0006,Telemarketing Campaign 006,Telemarketing,Sent,False,2023-04-11,True,True,C00055
CM001150,C00055,Contact,CAM0026,Telemarketing Campaign 026,Telemarketing,Sent,False,2024-01-02,True,False,C00055
CM001151,C00055,Contact,CAM0017,Content Syndication Campaign 017,Content Syndication,Sent,False,2023-11-15,True,True,C00055
CM001152,C00055,Contact,CAM0029,Webinar Campaign 029,Webinar,Sent,False,2024-02-05,True,True,C00055
CM001153,C00055,Contact,CAM0035,Event Campaign 035,Event,Sent,False,2024-12-24,True,True,C00055
CM001154,C00055,Contact,CAM0026,Telemarketing Campaign 026,Telemarketing,Sent,False,2023-12-21,True,True,C00055
CM001155,C00055,Contact,CAM0060,Event Campaign 060,Event,Sent,False,2026-04-24,True,True,C00055
CM001156,C00268,Contact,CAM0005,Telemarketing Campaign 005,Telemarketing,Responded,True,2024-08-17,False,True,C00268
CM001157,C00268,Contact,CAM0031,Email Campaign 031,Email,Sent,False,2024-02-20,True,True,C00268
CM001158,C00098,Contact,CAM0005,Telemarketing Campaign 005,Telemarketing,Clicked,True,2024-08-14,False,True,C00098
CM001159,C00098,Contact,CAM0011,Webinar Campaign 011,Webinar,Attended,True,2024-01-03,False,True,C00098
CM001160,C00049,Contact,CAM0056,Webinar Campaign 056,Webinar,No Show,True,2026-04-15,False,True,C00049
CM001161,C00049,Contact,CAM0034,Webinar Campaign 034,Webinar,Registered,True,2024-06-05,False,True,C00049
CM001162,C00049,Contact,CAM0041,Email Campaign 041,Email,Clicked,True,2025-05-07,False,True,C00049
CM001163,C00104,Contact,CAM0058,Webinar Campaign 058,Webinar,No Show,True,2026-05-29,False,True,C00104
CM001164,C00104,Contact,CAM0045,Email Campaign 045,Email,Clicked,True,2025-04-26,False,True,C00104
CM001165,C00104,Contact,CAM0014,Content Syndication Campaign 014,Content Syndication,Responded,True,2024-11-10,False,True,C00104
CM001166,L00220,Lead,CAM0006,Telemarketing Campaign 006,Telemarketing,Clicked,True,2023-04-10,False,True,L00220
CM001167,L00220,Lead,CAM0032,Webinar Campaign 032,Webinar,Sent,False,2023-05-23,True,False,L00220
CM001168,L00220,Lead,CAM0044,Event Campaign 044,Event,Sent,False,2025-10-02,True,True,L00220
CM001169,L00220,Lead,CAM0028,Telemarketing Campaign 028,Telemarketing,Sent,False,2024-11-26,True,True,L00220
CM001170,L00220,Lead,CAM0042,Advertisement Campaign 042,Advertisement,Sent,False,2025-12-14,True,True,L00220
CM001171,L00220,Lead,CAM0039,Advertisement Campaign 039,Advertisement,Sent,False,2024-12-24,True,True,L00220
CM001172,L00220,Lead,CAM0030,Event Campaign 030,Event,Registered,True,2023-09-16,False,True,L00220
CM001173,L00220,Lead,CAM0059,Content Syndication Campaign 059,Content Syndication,Sent,False,2026-05-12,True,True,L00220
CM001174,L00220,Lead,CAM0037,Email Campaign 037,Email,Sent,False,2024-03-11,True,False,L00220
CM001175,L00220,Lead,CAM0049,Webinar Campaign 049,Webinar,Registered,True,2025-10-26,False,True,L00220
CM001176,L00220,Lead,CAM0039,Advertisement Campaign 039,Advertisement,Sent,False,2024-12-27,True,True,L00220
CM001177,L00220,Lead,CAM0058,Webinar Campaign 058,Webinar,Sent,False,2026-05-26,True,True,L00220
CM001178,L00220,Lead,CAM0026,Telemarketing Campaign 026,Telemarketing,Sent,False,2023-12-15,False,False,L00220
CM001179,L00011,Lead,CAM0058,Webinar Campaign 058,Webinar,Registered,True,2026-05-28,False,True,C00350
CM001180,L00011,Lead,CAM0003,Event Campaign 003,Event,No Show,True,2023-11-13,False,True,C00350
CM001181,L00011,Lead,CAM0039,Advertisement Campaign 039,Advertisement,Clicked,True,2025-01-11,False,True,C00350
CM001182,L00011,Lead,CAM0029,Webinar Campaign 029,Webinar,No Show,True,2024-02-17,False,True,C00350
CM001183,C00368,Contact,CAM0026,Telemarketing Campaign 026,Telemarketing,Sent,False,2023-12-26,False,False,C00368
CM001184,C00368,Contact,CAM0012,Telemarketing Campaign 012,Telemarketing,Sent,False,2023-10-15,True,True,C00368
CM001185,C00368,Contact,CAM0003,Event Campaign 003,Event,Sent,False,2023-11-01,True,True,C00368
CM001186,C00368,Contact,CAM0019,Webinar Campaign 019,Webinar,Sent,False,2024-07-04,True,True,C00368
CM001187,C00368,Contact,CAM0059,Content Syndication Campaign 059,Content Syndication,Sent,False,2026-04-15,True,True,C00368
CM001188,C00368,Contact,CAM0042,Advertisement Campaign 042,Advertisement,Clicked,True,2025-12-18,False,True,C00368
CM001189,C00368,Contact,CAM0025,Event Campaign 025,Event,Registered,True,2023-03-21,False,True,C00368
CM001190,L00416,Lead,CAM0001,Email Campaign 001,Email,Responded,True,2024-10-29,False,True,L00416
CM001191,L00416,Lead,CAM0034,Webinar Campaign 034,Webinar,Registered,True,2024-05-21,False,True,L00416
CM001192,L00416,Lead,CAM0023,Webinar Campaign 023,Webinar,Registered,True,2024-05-15,False,True,L00416
CM001193,L00416,Lead,CAM0047,Advertisement Campaign 047,Advertisement,Sent,False,2025-06-17,False,False,L00416
CM001194,L00334,Lead,CAM0060,Event Campaign 060,Event,Attended,True,2026-04-21,False,True,L00334
CM001195,L00334,Lead,CAM0050,Webinar Campaign 050,Webinar,Registered,True,2025-09-10,False,True,L00334
CM001196,L00319,Lead,CAM0059,Content Syndication Campaign 059,Content Syndication,Clicked,True,2026-04-27,False,True,C00390
CM001197,L00319,Lead,CAM0009,Webinar Campaign 009,Webinar,Registered,True,2024-08-03,False,True,C00390
CM001198,C00083,Contact,CAM0053,Email Campaign 053,Email,Sent,False,2025-06-06,True,True,C00083
CM001199,L00146,Lead,CAM0059,Content Syndication Campaign 059,Content Syndication,Clicked,True,2026-05-03,False,False,L00146
CM001200,L00146,Lead,CAM0036,Advertisement Campaign 036,Advertisement,Sent,False,2024-09-12,False,True,L00146
CM001201,C00166,Contact,CAM0052,Advertisement Campaign 052,Advertisement,Sent,False,2025-05-15,False,True,C00166
CM001202,C00166,Contact,CAM0025,Event Campaign 025,Event,Attended,True,2023-03-06,False,True,C00166
CM001203,L00577,Lead,CAM0002,Telemarketing Campaign 002,Telemarketing,Clicked,True,2023-03-09,False,True,L00577
CM001204,L00577,Lead,CAM0040,Webinar Campaign 040,Webinar,Attended,True,2023-12-10,False,True,L00577
CM001205,C00395,Contact,CAM0060,Event Campaign 060,Event,Registered,True,2026-05-02,False,True,C00395
CM001206,L00056,Lead,CAM0059,Content Syndication Campaign 059,Content Syndication,Sent,False,2026-04-21,False,True,C00110
CM001207,L00033,Lead,CAM0016,Content Syndication Campaign 016,Content Syndication,Sent,False,2023-08-26,True,True,L00033
CM001208,L00033,Lead,CAM0037,Email Campaign 037,Email,Sent,False,2024-03-25,True,True,L00033
CM001209,L00033,Lead,CAM0003,Event Campaign 003,Event,Attended,True,2023-11-13,False,True,L00033
CM001210,L00033,Lead,CAM0023,Webinar Campaign 023,Webinar,Sent,False,2024-04-26,True,True,L00033
CM001211,L00033,Lead,CAM0020,Event Campaign 020,Event,Sent,False,2023-12-15,True,True,L00033
CM001212,L00033,Lead,CAM0019,Webinar Campaign 019,Webinar,Sent,False,2024-07-08,True,True,L00033
CM001213,L00033,Lead,CAM0058,Webinar Campaign 058,Webinar,Attended,True,2026-05-09,False,True,L00033
CM001214,L00033,Lead,CAM0057,Event Campaign 057,Event,Sent,False,2026-05-14,True,True,L00033
CM001215,L00033,Lead,CAM0054,Email Campaign 054,Email,Sent,False,2025-12-31,True,True,L00033
CM001216,L00033,Lead,CAM0052,Advertisement Campaign 052,Advertisement,Sent,False,2025-05-16,True,True,L00033
CM001217,L00033,Lead,CAM0054,Email Campaign 054,Email,Sent,False,2025-12-20,True,True,L00033
CM001218,L00353,Lead,CAM0053,Email Campaign 053,Email,Clicked,True,2025-06-08,False,True,L00353
CM001219,L00353,Lead,CAM0037,Email Campaign 037,Email,Clicked,True,2024-03-28,False,True,L00353
CM001220,C00317,Contact,CAM0007,Advertisement Campaign 007,Advertisement,Clicked,True,2023-12-04,False,True,C00317
CM001221,C00120,Contact,CAM0060,Event Campaign 060,Event,Attended,True,2026-04-18,False,False,C00120
CM001222,C00120,Contact,CAM0045,Email Campaign 045,Email,Sent,False,2025-04-14,True,True,C00120
CM001223,C00120,Contact,CAM0054,Email Campaign 054,Email,Sent,False,2025-12-27,True,False,C00120
CM001224,C00120,Contact,CAM0004,Advertisement Campaign 004,Advertisement,Sent,False,2023-12-14,False,True,C00120
CM001225,C00178,Contact,CAM0041,Email Campaign 041,Email,Sent,False,2025-05-02,True,True,C00178
CM001226,C00178,Contact,CAM0010,Content Syndication Campaign 010,Content Syndication,Sent,False,2024-05-02,False,True,C00178
CM001227,C00178,Contact,CAM0024,Advertisement Campaign 024,Advertisement,Sent,False,2024-03-28,True,True,C00178
CM001228,C00178,Contact,CAM0001,Email Campaign 001,Email,Sent,False,2024-10-29,True,True,C00178
CM001229,C00178,Contact,CAM0034,Webinar Campaign 034,Webinar,Sent,False,2024-05-30,True,True,C00178
CM001230,C00178,Contact,CAM0046,Webinar Campaign 046,Webinar,Sent,False,2026-01-03,True,False,C00178
CM001231,C00178,Contact,CAM0041,Email Campaign 041,Email,Sent,False,2025-05-05,True,True,C00178
CM001232,C00178,Contact,CAM0001,Email Campaign 001,Email,Sent,False,2024-10-16,True,False,C00178
CM001233,L00546,Lead,CAM0025,Event Campaign 025,Event,Attended,True,2023-03-19,False,True,C00167
CM001234,L00451,Lead,CAM0057,Event Campaign 057,Event,No Show,True,2026-05-18,False,True,C00217
CM001235,L00108,Lead,CAM0032,Webinar Campaign 032,Webinar,Attended,True,2023-06-02,False,True,C00169
CM001236,L00108,Lead,CAM0049,Webinar Campaign 049,Webinar,Registered,True,2025-10-31,False,True,C00169
CM001237,L00108,Lead,CAM0055,Advertisement Campaign 055,Advertisement,Sent,False,2025-10-16,False,False,C00169
CM001238,C00024,Contact,CAM0057,Event Campaign 057,Event,Attended,True,2026-05-15,False,True,C00024
CM001239,C00024,Contact,CAM0056,Webinar Campaign 056,Webinar,Sent,False,2026-04-15,True,True,C00024
CM001240,C00024,Contact,CAM0059,Content Syndication Campaign 059,Content Syndication,Sent,False,2026-05-03,True,False,C00024
CM001241,C00024,Contact,CAM0057,Event Campaign 057,Event,Sent,False,2026-05-24,True,True,C00024
CM001242,C00024,Contact,CAM0031,Email Campaign 031,Email,Sent,False,2024-02-13,True,True,C00024
CM001243,C00024,Contact,CAM0038,Email Campaign 038,Email,Clicked,True,2023-02-18,False,True,C00024
CM001244,C00024,Contact,CAM0024,Advertisement Campaign 024,Advertisement,Sent,False,2024-03-24,True,True,C00024
CM001245,C00024,Contact,CAM0005,Telemarketing Campaign 005,Telemarketing,Sent,False,2024-08-14,True,True,C00024
CM001246,C00024,Contact,CAM0004,Advertisement Campaign 004,Advertisement,Sent,False,2023-12-06,True,True,C00024
CM001247,L00528,Lead,CAM0059,Content Syndication Campaign 059,Content Syndication,Sent,False,2026-04-27,False,True,L00528
CM001248,L00528,Lead,CAM0030,Event Campaign 030,Event,Attended,True,2023-10-01,False,True,L00528
CM001249,L00528,Lead,CAM0013,Content Syndication Campaign 013,Content Syndication,Clicked,True,2023-05-14,False,True,L00528
CM001250,L00130,Lead,CAM0006,Telemarketing Campaign 006,Telemarketing,Sent,False,2023-04-25,True,True,C00140
CM001251,L00130,Lead,CAM0009,Webinar Campaign 009,Webinar,Sent,False,2024-08-05,True,True,C00140
CM001252,L00130,Lead,CAM0006,Telemarketing Campaign 006,Telemarketing,Sent,False,2023-04-18,True,True,C00140
CM001253,L00130,Lead,CAM0037,Email Campaign 037,Email,Sent,False,2024-03-23,True,True,C00140
CM001254,L00130,Lead,CAM0008,Email Campaign 008,Email,Sent,False,2023-05-09,True,True,C00140
CM001255,L00130,Lead,CAM0031,Email Campaign 031,Email,Clicked,True,2024-02-13,False,True,C00140
CM001256,L00130,Lead,CAM0007,Advertisement Campaign 007,Advertisement,Sent,False,2023-11-18,True,False,C00140
CM001257,L00130,Lead,CAM0048,Event Campaign 048,Event,Sent,False,2025-07-30,True,True,C00140
CM001258,L00280,Lead,CAM0046,Webinar Campaign 046,Webinar,Attended,True,2026-01-11,False,True,C00238
CM001259,L00280,Lead,CAM0051,Webinar Campaign 051,Webinar,No Show,True,2025-03-13,False,False,C00238
CM001260,L00280,Lead,CAM0035,Event Campaign 035,Event,Attended,True,2024-12-31,False,True,C00238
CM001261,L00280,Lead,CAM0042,Advertisement Campaign 042,Advertisement,Sent,False,2025-12-12,False,True,C00238
CM001262,L00280,Lead,CAM0005,Telemarketing Campaign 005,Telemarketing,Sent,False,2024-08-18,False,True,C00238
CM001263,L00280,Lead,CAM0046,Webinar Campaign 046,Webinar,Registered,True,2025-12-31,False,True,C00238
CM001264,L00474,Lead,CAM0058,Webinar Campaign 058,Webinar,Attended,True,2026-05-14,False,True,L00474
CM001265,L00474,Lead,CAM0006,Telemarketing Campaign 006,Telemarketing,Sent,False,2023-04-26,True,True,L00474
CM001266,L00474,Lead,CAM0028,Telemarketing Campaign 028,Telemarketing,Sent,False,2024-12-10,True,True,L00474
CM001267,L00474,Lead,CAM0014,Content Syndication Campaign 014,Content Syndication,Sent,False,2024-11-05,True,False,L00474
CM001268,L00474,Lead,CAM0024,Advertisement Campaign 024,Advertisement,Sent,False,2024-04-08,True,True,L00474
CM001269,L00474,Lead,CAM0044,Event Campaign 044,Event,No Show,True,2025-10-13,False,True,L00474
CM001270,L00474,Lead,CAM0031,Email Campaign 031,Email,Sent,False,2024-03-06,True,True,L00474
CM001271,L00474,Lead,CAM0003,Event Campaign 003,Event,Sent,False,2023-11-03,True,True,L00474
CM001272,L00474,Lead,CAM0006,Telemarketing Campaign 006,Telemarketing,Sent,False,2023-04-15,True,True,L00474
CM001273,L00474,Lead,CAM0057,Event Campaign 057,Event,Sent,False,2026-05-17,True,True,L00474
CM001274,L00474,Lead,CAM0016,Content Syndication Campaign 016,Content Syndication,Sent,False,2023-09-01,True,True,L00474
CM001275,L00474,Lead,CAM0026,Telemarketing Campaign 026,Telemarketing,Sent,False,2024-01-03,True,True,L00474
CM001276,L00474,Lead,CAM0048,Event Campaign 048,Event,Sent,False,2025-08-01,True,False,L00474
CM001277,L00474,Lead,CAM0051,Webinar Campaign 051,Webinar,Sent,False,2025-03-23,True,True,L00474
CM001278,L00474,Lead,CAM0018,Content Syndication Campaign 018,Content Syndication,Sent,False,2024-07-02,True,True,L00474
CM001279,L00474,Lead,CAM0014,Content Syndication Campaign 014,Content Syndication,Sent,False,2024-11-09,True,True,L00474
CM001280,L00474,Lead,CAM0027,Advertisement Campaign 027,Advertisement,Sent,False,2024-04-17,True,True,L00474
CM001281,L00474,Lead,CAM0021,Advertisement Campaign 021,Advertisement,Sent,False,2023-08-21,True,True,L00474
CM001282,L00474,Lead,CAM0043,Webinar Campaign 043,Webinar,Sent,False,2025-10-26,True,True,L00474
CM001283,L00474,Lead,CAM0044,Event Campaign 044,Event,Registered,True,2025-10-25,False,True,L00474
CM001284,L00474,Lead,CAM0016,Content Syndication Campaign 016,Content Syndication,Sent,False,2023-08-23,True,False,L00474
CM001285,L00474,Lead,CAM0023,Webinar Campaign 023,Webinar,Sent,False,2024-04-30,True,True,L00474
CM001286,L00474,Lead,CAM0044,Event Campaign 044,Event,Attended,True,2025-10-07,False,False,L00474
CM001287,L00474,Lead,CAM0031,Email Campaign 031,Email,Sent,False,2024-02-23,True,True,L00474
CM001288,L00474,Lead,CAM0034,Webinar Campaign 034,Webinar,Attended,True,2024-05-20,False,True,L00474
CM001289,L00474,Lead,CAM0049,Webinar Campaign 049,Webinar,Attended,True,2025-10-05,False,False,L00474
CM001290,L00474,Lead,CAM0040,Webinar Campaign 040,Webinar,Sent,False,2023-12-06,True,True,L00474
CM001291,L00474,Lead,CAM0040,Webinar Campaign 040,Webinar,Sent,False,2023-12-17,True,True,L00474
CM001292,L00474,Lead,CAM0029,Webinar Campaign 029,Webinar,Sent,False,2024-02-14,True,True,L00474
CM001293,L00474,Lead,CAM0051,Webinar Campaign 051,Webinar,Sent,False,2025-03-09,True,True,L00474
CM001294,L00474,Lead,CAM0002,Telemarketing Campaign 002,Telemarketing,Sent,False,2023-03-02,True,True,L00474
CM001295,L00474,Lead,CAM0006,Telemarketing Campaign 006,Telemarketing,Sent,False,2023-04-09,True,True,L00474
CM001296,L00474,Lead,CAM0041,Email Campaign 041,Email,Sent,False,2025-04-28,True,True,L00474
CM001297,L00474,Lead,CAM0037,Email Campaign 037,Email,Sent,False,2024-03-10,True,True,L00474
CM001298,L00474,Lead,CAM0017,Content Syndication Campaign 017,Content Syndication,Sent,False,2023-11-05,True,True,L00474
CM001299,L00474,Lead,CAM0037,Email Campaign 037,Email,Sent,False,2024-03-31,True,True,L00474
CM001300,L00474,Lead,CAM0007,Advertisement Campaign 007,Advertisement,Sent,False,2023-11-24,False,True,L00474
CM001301,L00474,Lead,CAM0037,Email Campaign 037,Email,Sent,False,2024-03-31,True,True,L00474
CM001302,L00474,Lead,CAM0022,Event Campaign 022,Event,Registered,True,2024-04-29,False,True,L00474
CM001303,L00474,Lead,CAM0036,Advertisement Campaign 036,Advertisement,Sent,False,2024-09-27,True,True,L00474
CM001304,L00183,Lead,CAM0051,Webinar Campaign 051,Webinar,Sent,False,2025-03-05,True,True,L00183
CM001305,L00183,Lead,CAM0006,Telemarketing Campaign 006,Telemarketing,Sent,False,2023-04-25,True,True,L00183
CM001306,L00183,Lead,CAM0004,Advertisement Campaign 004,Advertisement,Sent,False,2023-12-26,False,True,L00183
CM001307,L00183,Lead,CAM0055,Advertisement Campaign 055,Advertisement,Sent,False,2025-10-10,True,True,L00183
CM001308,L00183,Lead,CAM0007,Advertisement Campaign 007,Advertisement,Sent,False,2023-11-15,True,True,L00183
CM001309,L00183,Lead,CAM0025,Event Campaign 025,Event,Attended,True,2023-03-02,False,True,L00183
CM001310,L00183,Lead,CAM0053,Email Campaign 053,Email,Sent,False,2025-05-21,True,True,L00183
CM001311,L00183,Lead,CAM0021,Advertisement Campaign 021,Advertisement,Sent,False,2023-09-07,True,True,L00183
CM001312,L00183,Lead,CAM0019,Webinar Campaign 019,Webinar,Sent,False,2024-07-02,True,False,L00183
CM001313,L00063,Lead,CAM0056,Webinar Campaign 056,Webinar,Registered,True,2026-04-20,False,True,L00063
CM001314,L00063,Lead,CAM0048,Event Campaign 048,Event,Registered,True,2025-08-09,False,True,L00063
CM001315,L00063,Lead,CAM0014,Content Syndication Campaign 014,Content Syndication,Clicked,True,2024-11-13,False,False,L00063
CM001316,L00063,Lead,CAM0023,Webinar Campaign 023,Webinar,Registered,True,2024-05-06,False,True,L00063
CM001317,L00063,Lead,CAM0019,Webinar Campaign 019,Webinar,Registered,True,2024-06-16,False,True,L00063
CM001318,L00308,Lead,CAM0054,Email Campaign 054,Email,Sent,False,2025-12-24,True,True,L00308
CM001319,L00308,Lead,CAM0056,Webinar Campaign 056,Webinar,Sent,False,2026-04-22,True,True,L00308
CM001320,L00308,Lead,CAM0038,Email Campaign 038,Email,Sent,False,2023-01-30,True,True,L00308
CM001321,L00308,Lead,CAM0006,Telemarketing Campaign 006,Telemarketing,Sent,False,2023-04-20,True,True,L00308
CM001322,L00308,Lead,CAM0058,Webinar Campaign 058,Webinar,Sent,False,2026-05-29,True,True,L00308
CM001323,L00308,Lead,CAM0029,Webinar Campaign 029,Webinar,Sent,False,2024-02-13,True,True,L00308
CM001324,L00308,Lead,CAM0023,Webinar Campaign 023,Webinar,Sent,False,2024-05-05,True,True,L00308
CM001325,L00308,Lead,CAM0025,Event Campaign 025,Event,Attended,True,2023-03-16,False,True,L00308
CM001326,L00308,Lead,CAM0006,Telemarketing Campaign 006,Telemarketing,Sent,False,2023-04-18,True,False,L00308
CM001327,L00308,Lead,CAM0040,Webinar Campaign 040,Webinar,Sent,False,2023-12-14,True,True,L00308
CM001328,L00308,Lead,CAM0003,Event Campaign 003,Event,Sent,False,2023-10-31,True,True,L00308
CM001329,L00308,Lead,CAM0044,Event Campaign 044,Event,Sent,False,2025-10-19,True,False,L00308
CM001330,L00308,Lead,CAM0051,Webinar Campaign 051,Webinar,Sent,False,2025-03-25,True,True,L00308
CM001331,C00062,Contact,CAM0021,Advertisement Campaign 021,Advertisement,Sent,False,2023-08-31,False,True,C00062
CM001332,C00062,Contact,CAM0013,Content Syndication Campaign 013,Content Syndication,Responded,True,2023-04-28,False,True,C00062
CM001333,C00062,Contact,CAM0033,Advertisement Campaign 033,Advertisement,Clicked,True,2023-03-21,False,True,C00062
CM001334,L00215,Lead,CAM0054,Email Campaign 054,Email,Sent,False,2026-01-01,True,True,L00215
CM001335,L00215,Lead,CAM0002,Telemarketing Campaign 002,Telemarketing,Sent,False,2023-02-16,True,True,L00215
CM001336,L00215,Lead,CAM0035,Event Campaign 035,Event,Sent,False,2024-12-26,True,False,L00215
CM001337,L00215,Lead,CAM0049,Webinar Campaign 049,Webinar,Sent,False,2025-10-15,True,False,L00215
CM001338,L00215,Lead,CAM0033,Advertisement Campaign 033,Advertisement,Sent,False,2023-03-08,True,True,L00215
CM001339,L00215,Lead,CAM0034,Webinar Campaign 034,Webinar,Sent,False,2024-05-26,True,True,L00215
CM001340,L00215,Lead,CAM0029,Webinar Campaign 029,Webinar,Sent,False,2024-01-27,True,True,L00215
CM001341,L00215,Lead,CAM0004,Advertisement Campaign 004,Advertisement,Sent,False,2023-12-26,True,True,L00215
CM001342,L00410,Lead,CAM0026,Telemarketing Campaign 026,Telemarketing,Sent,False,2023-12-23,True,True,C00312
CM001343,L00410,Lead,CAM0050,Webinar Campaign 050,Webinar,Sent,False,2025-09-24,True,True,C00312
CM001344,L00410,Lead,CAM0016,Content Syndication Campaign 016,Content Syndication,Sent,False,2023-08-26,True,True,C00312
CM001345,L00410,Lead,CAM0034,Webinar Campaign 034,Webinar,Sent,False,2024-06-02,True,True,C00312
CM001346,L00410,Lead,CAM0018,Content Syndication Campaign 018,Content Syndication,Sent,False,2024-06-28,True,True,C00312
CM001347,L00410,Lead,CAM0004,Advertisement Campaign 004,Advertisement,Sent,False,2023-12-02,True,True,C00312
CM001348,L00410,Lead,CAM0060,Event Campaign 060,Event,Registered,True,2026-04-16,False,True,C00312
CM001349,L00450,Lead,CAM0059,Content Syndication Campaign 059,Content Syndication,Clicked,True,2026-05-10,False,True,L00450
CM001350,L00450,Lead,CAM0011,Webinar Campaign 011,Webinar,Registered,True,2024-01-12,False,True,L00450
CM001351,C00031,Contact,CAM0058,Webinar Campaign 058,Webinar,Registered,True,2026-05-08,False,True,C00031
CM001352,C00065,Contact,CAM0002,Telemarketing Campaign 002,Telemarketing,Sent,False,2023-03-04,True,True,C00065
CM001353,C00065,Contact,CAM0010,Content Syndication Campaign 010,Content Syndication,Sent,False,2024-04-24,True,True,C00065
CM001354,C00065,Contact,CAM0004,Advertisement Campaign 004,Advertisement,Sent,False,2023-12-04,True,True,C00065
CM001355,C00065,Contact,CAM0034,Webinar Campaign 034,Webinar,Sent,False,2024-05-15,True,True,C00065
CM001356,C00065,Contact,CAM0024,Advertisement Campaign 024,Advertisement,Sent,False,2024-04-05,True,True,C00065
CM001357,C00065,Contact,CAM0014,Content Syndication Campaign 014,Content Syndication,Sent,False,2024-11-23,True,False,C00065
CM001358,L00031,Lead,CAM0058,Webinar Campaign 058,Webinar,No Show,True,2026-05-16,False,False,C00126
CM001359,L00031,Lead,CAM0008,Email Campaign 008,Email,Sent,False,2023-04-22,True,True,C00126
CM001360,C00161,Contact,CAM0032,Webinar Campaign 032,Webinar,Sent,False,2023-06-02,True,True,C00161
CM001361,C00161,Contact,CAM0021,Advertisement Campaign 021,Advertisement,Sent,False,2023-08-16,True,True,C00161
CM001362,C00161,Contact,CAM0016,Content Syndication Campaign 016,Content Syndication,Sent,False,2023-09-05,True,True,C00161
CM001363,C00161,Contact,CAM0036,Advertisement Campaign 036,Advertisement,Sent,False,2024-10-07,True,True,C00161
CM001364,C00161,Contact,CAM0026,Telemarketing Campaign 026,Telemarketing,Sent,False,2024-01-01,True,True,C00161
CM001365,C00161,Contact,CAM0024,Advertisement Campaign 024,Advertisement,Sent,False,2024-03-19,True,True,C00161
CM001366,C00161,Contact,CAM0041,Email Campaign 041,Email,Sent,False,2025-05-10,True,True,C00161
CM001367,C00161,Contact,CAM0024,Advertisement Campaign 024,Advertisement,Sent,False,2024-03-16,True,True,C00161
CM001368,C00161,Contact,CAM0049,Webinar Campaign 049,Webinar,Sent,False,2025-10-15,True,False,C00161
CM001369,C00161,Contact,CAM0018,Content Syndication Campaign 018,Content Syndication,Sent,False,2024-06-26,True,True,C00161
CM001370,C00161,Contact,CAM0043,Webinar Campaign 043,Webinar,Registered,True,2025-10-15,False,False,C00161
CM001371,C00161,Contact,CAM0034,Webinar Campaign 034,Webinar,Sent,False,2024-05-26,True,True,C00161
CM001372,C00161,Contact,CAM0054,Email Campaign 054,Email,Sent,False,2026-01-05,True,True,C00161
CM001373,C00161,Contact,CAM0025,Event Campaign 025,Event,Sent,False,2023-02-23,True,True,C00161
CM001374,C00161,Contact,CAM0015,Advertisement Campaign 015,Advertisement,Sent,False,2024-04-27,False,True,C00161
CM001375,C00161,Contact,CAM0024,Advertisement Campaign 024,Advertisement,Sent,False,2024-04-07,False,True,C00161
CM001376,C00161,Contact,CAM0040,Webinar Campaign 040,Webinar,Sent,False,2023-12-21,True,False,C00161
CM001377,C00161,Contact,CAM0026,Telemarketing Campaign 026,Telemarketing,Sent,False,2023-12-28,True,True,C00161
CM001378,C00161,Contact,CAM0054,Email Campaign 054,Email,Sent,False,2026-01-04,True,True,C00161
CM001379,C00161,Contact,CAM0010,Content Syndication Campaign 010,Content Syndication,Sent,False,2024-04-06,True,True,C00161
CM001380,C00161,Contact,CAM0019,Webinar Campaign 019,Webinar,Sent,False,2024-07-03,True,True,C00161
CM001381,C00161,Contact,CAM0059,Content Syndication Campaign 059,Content Syndication,Responded,True,2026-04-17,False,True,C00161
CM001382,C00161,Contact,CAM0048,Event Campaign 048,Event,Sent,False,2025-08-01,True,True,C00161
CM001383,C00161,Contact,CAM0005,Telemarketing Campaign 005,Telemarketing,Clicked,True,2024-08-10,False,True,C00161
CM001384,C00161,Contact,CAM0057,Event Campaign 057,Event,Sent,False,2026-05-24,True,True,C00161
CM001385,C00161,Contact,CAM0026,Telemarketing Campaign 026,Telemarketing,Sent,False,2023-12-21,True,True,C00161
CM001386,C00161,Contact,CAM0039,Advertisement Campaign 039,Advertisement,Clicked,True,2024-12-24,False,True,C00161
CM001387,C00161,Contact,CAM0002,Telemarketing Campaign 002,Telemarketing,Sent,False,2023-02-27,True,True,C00161
CM001388,C00161,Contact,CAM0010,Content Syndication Campaign 010,Content Syndication,Sent,False,2024-04-17,True,True,C00161
CM001389,C00161,Contact,CAM0042,Advertisement Campaign 042,Advertisement,Sent,False,2025-12-15,True,True,C00161
CM001390,C00161,Contact,CAM0016,Content Syndication Campaign 016,Content Syndication,Sent,False,2023-09-02,True,True,C00161
CM001391,C00161,Contact,CAM0008,Email Campaign 008,Email,Sent,False,2023-04-25,True,True,C00161
CM001392,C00161,Contact,CAM0041,Email Campaign 041,Email,Clicked,True,2025-05-04,False,True,C00161
CM001393,C00161,Contact,CAM0014,Content Syndication Campaign 014,Content Syndication,Sent,False,2024-11-03,True,True,C00161
CM001394,C00161,Contact,CAM0052,Advertisement Campaign 052,Advertisement,Sent,False,2025-04-24,False,True,C00161
CM001395,C00161,Contact,CAM0011,Webinar Campaign 011,Webinar,Sent,False,2024-01-17,True,True,C00161
CM001396,C00161,Contact,CAM0002,Telemarketing Campaign 002,Telemarketing,Sent,False,2023-03-05,True,False,C00161
CM001397,C00161,Contact,CAM0024,Advertisement Campaign 024,Advertisement,Sent,False,2024-03-19,True,True,C00161
CM001398,C00161,Contact,CAM0020,Event Campaign 020,Event,Sent,False,2023-12-31,True,True,C00161
CM001399,C00161,Contact,CAM0039,Advertisement Campaign 039,Advertisement,Sent,False,2025-01-10,True,True,C00161
CM001400,C00161,Contact,CAM0015,Advertisement Campaign 015,Advertisement,Sent,False,2024-05-11,True,True,C00161
CM001401,C00161,Contact,CAM0059,Content Syndication Campaign 059,Content Syndication,Sent,False,2026-04-19,True,True,C00161
CM001402,C00161,Contact,CAM0026,Telemarketing Campaign 026,Telemarketing,Sent,False,2023-12-20,False,True,C00161
CM001403,C00161,Contact,CAM0043,Webinar Campaign 043,Webinar,Attended,True,2025-10-09,False,True,C00161
CM001404,L00589,Lead,CAM0060,Event Campaign 060,Event,No Show,True,2026-05-07,False,True,C00201
CM001405,L00589,Lead,CAM0003,Event Campaign 003,Event,Attended,True,2023-10-22,False,True,C00201
CM001406,C00271,Contact,CAM0005,Telemarketing Campaign 005,Telemarketing,Clicked,True,2024-08-29,False,True,C00271
CM001407,L00422,Lead,CAM0057,Event Campaign 057,Event,Attended,True,2026-05-18,False,True,C00069
CM001408,C00292,Contact,CAM0060,Event Campaign 060,Event,Sent,False,2026-04-20,True,True,C00292
CM001409,C00292,Contact,CAM0058,Webinar Campaign 058,Webinar,Registered,True,2026-05-29,False,True,C00292
CM001410,C00292,Contact,CAM0057,Event Campaign 057,Event,Sent,False,2026-05-15,True,True,C00292
CM001411,C00292,Contact,CAM0025,Event Campaign 025,Event,Sent,False,2023-02-24,True,True,C00292
CM001412,C00292,Contact,CAM0052,Advertisement Campaign 052,Advertisement,Sent,False,2025-05-06,True,True,C00292
CM001413,C00292,Contact,CAM0045,Email Campaign 045,Email,Sent,False,2025-05-05,True,True,C00292
CM001414,C00292,Contact,CAM0045,Email Campaign 045,Email,Clicked,True,2025-04-13,False,True,C00292
CM001415,L00375,Lead,CAM0055,Advertisement Campaign 055,Advertisement,Sent,False,2025-10-12,False,True,L00375
CM001416,C00080,Contact,CAM0033,Advertisement Campaign 033,Advertisement,Sent,False,2023-03-12,True,True,C00080
CM001417,C00080,Contact,CAM0051,Webinar Campaign 051,Webinar,Sent,False,2025-03-26,True,True,C00080
CM001418,C00080,Contact,CAM0058,Webinar Campaign 058,Webinar,Sent,False,2026-05-08,True,True,C00080
CM001419,C00080,Contact,CAM0043,Webinar Campaign 043,Webinar,Sent,False,2025-10-05,True,True,C00080
CM001420,C00080,Contact,CAM0056,Webinar Campaign 056,Webinar,Attended,True,2026-04-12,False,True,C00080
CM001421,C00080,Contact,CAM0015,Advertisement Campaign 015,Advertisement,Sent,False,2024-05-01,True,True,C00080
CM001422,L00365,Lead,CAM0019,Webinar Campaign 019,Webinar,Sent,False,2024-06-25,True,True,L00365
CM001423,L00365,Lead,CAM0035,Event Campaign 035,Event,Attended,True,2025-01-18,False,True,L00365
CM001424,L00365,Lead,CAM0020,Event Campaign 020,Event,Registered,True,2023-12-22,False,True,L00365
CM001425,L00365,Lead,CAM0055,Advertisement Campaign 055,Advertisement,Sent,False,2025-10-14,True,True,L00365
CM001426,L00365,Lead,CAM0054,Email Campaign 054,Email,Clicked,True,2025-12-30,False,True,L00365
CM001427,L00365,Lead,CAM0043,Webinar Campaign 043,Webinar,No Show,True,2025-10-26,False,True,L00365
CM001428,L00365,Lead,CAM0051,Webinar Campaign 051,Webinar,Sent,False,2025-03-24,True,True,L00365
CM001429,L00365,Lead,CAM0008,Email Campaign 008,Email,Sent,False,2023-04-28,True,False,L00365
CM001430,L00365,Lead,CAM0040,Webinar Campaign 040,Webinar,No Show,True,2023-11-30,False,True,L00365
CM001431,L00365,Lead,CAM0025,Event Campaign 025,Event,Sent,False,2023-03-09,True,True,L00365
CM001432,L00365,Lead,CAM0047,Advertisement Campaign 047,Advertisement,Sent,False,2025-06-27,True,True,L00365
CM001433,L00365,Lead,CAM0001,Email Campaign 001,Email,Sent,False,2024-10-19,True,True,L00365
CM001434,L00365,Lead,CAM0012,Telemarketing Campaign 012,Telemarketing,Sent,False,2023-11-10,True,True,L00365
CM001435,L00365,Lead,CAM0015,Advertisement Campaign 015,Advertisement,Sent,False,2024-05-08,True,True,L00365
CM001436,C00370,Contact,CAM0057,Event Campaign 057,Event,Attended,True,2026-05-13,False,True,C00370
CM001437,C00370,Contact,CAM0010,Content Syndication Campaign 010,Content Syndication,Sent,False,2024-04-15,False,True,C00370
CM001438,C00370,Contact,CAM0049,Webinar Campaign 049,Webinar,Registered,True,2025-10-25,False,True,C00370
CM001439,C00394,Contact,CAM0052,Advertisement Campaign 052,Advertisement,Sent,False,2025-05-10,False,True,C00394
CM001440,C00394,Contact,CAM0019,Webinar Campaign 019,Webinar,Registered,True,2024-07-04,False,True,C00394
CM001441,C00394,Contact,CAM0043,Webinar Campaign 043,Webinar,Registered,True,2025-10-01,False,True,C00394
CM001442,C00394,Contact,CAM0038,Email Campaign 038,Email,Sent,False,2023-02-26,True,True,C00394
CM001443,C00394,Contact,CAM0028,Telemarketing Campaign 028,Telemarketing,Responded,True,2024-12-22,False,True,C00394
CM001444,C00236,Contact,CAM0057,Event Campaign 057,Event,Attended,True,2026-05-08,False,True,C00236
CM001445,C00236,Contact,CAM0041,Email Campaign 041,Email,Sent,False,2025-04-29,True,True,C00236
CM001446,C00236,Contact,CAM0029,Webinar Campaign 029,Webinar,No Show,True,2024-02-14,False,True,C00236
CM001447,L00113,Lead,CAM0006,Telemarketing Campaign 006,Telemarketing,Clicked,True,2023-04-16,False,True,L00113
CM001448,L00113,Lead,CAM0026,Telemarketing Campaign 026,Telemarketing,Responded,True,2024-01-02,False,True,L00113
CM001449,L00113,Lead,CAM0033,Advertisement Campaign 033,Advertisement,Clicked,True,2023-03-21,False,True,L00113
CM001450,L00113,Lead,CAM0051,Webinar Campaign 051,Webinar,No Show,True,2025-03-09,False,False,L00113
CM001451,L00520,Lead,CAM0059,Content Syndication Campaign 059,Content Syndication,Responded,True,2026-04-18,False,True,L00520
CM001452,L00520,Lead,CAM0004,Advertisement Campaign 004,Advertisement,Sent,False,2023-12-04,True,True,L00520
CM001453,L00520,Lead,CAM0034,Webinar Campaign 034,Webinar,Sent,False,2024-05-11,True,True,L00520
CM001454,L00520,Lead,CAM0049,Webinar Campaign 049,Webinar,Sent,False,2025-10-17,True,True,L00520
CM001455,L00520,Lead,CAM0006,Telemarketing Campaign 006,Telemarketing,Sent,False,2023-04-14,True,False,L00520
CM001456,L00520,Lead,CAM0030,Event Campaign 030,Event,Sent,False,2023-09-09,True,False,L00520
CM001457,L00520,Lead,CAM0029,Webinar Campaign 029,Webinar,Sent,False,2024-02-08,True,True,L00520
CM001458,C00286,Contact,CAM0008,Email Campaign 008,Email,Sent,False,2023-05-12,True,True,C00286
CM001459,C00286,Contact,CAM0027,Advertisement Campaign 027,Advertisement,Sent,False,2024-03-29,False,False,C00286
CM001460,C00286,Contact,CAM0054,Email Campaign 054,Email,Sent,False,2026-01-06,True,True,C00286
CM001461,C00286,Contact,CAM0001,Email Campaign 001,Email,Sent,False,2024-10-23,True,True,C00286
CM001462,C00286,Contact,CAM0027,Advertisement Campaign 027,Advertisement,Sent,False,2024-04-10,True,True,C00286
CM001463,C00286,Contact,CAM0018,Content Syndication Campaign 018,Content Syndication,Sent,False,2024-06-23,True,True,C00286
CM001464,C00286,Contact,CAM0057,Event Campaign 057,Event,Sent,False,2026-05-29,True,True,C00286
CM001465,C00286,Contact,CAM0038,Email Campaign 038,Email,Sent,False,2023-02-16,True,True,C00286
CM001466,C00286,Contact,CAM0014,Content Syndication Campaign 014,Content Syndication,Clicked,True,2024-11-26,False,True,C00286
CM001467,C00286,Contact,CAM0018,Content Syndication Campaign 018,Content Syndication,Sent,False,2024-06-19,True,True,C00286
CM001468,C00286,Contact,CAM0035,Event Campaign 035,Event,Sent,False,2025-01-09,True,True,C00286
CM001469,C00286,Contact,CAM0003,Event Campaign 003,Event,Sent,False,2023-11-07,True,True,C00286
CM001470,C00286,Contact,CAM0005,Telemarketing Campaign 005,Telemarketing,Sent,False,2024-08-26,True,True,C00286
CM001471,C00304,Contact,CAM0006,Telemarketing Campaign 006,Telemarketing,Responded,True,2023-04-30,False,True,C00304
CM001472,C00304,Contact,CAM0011,Webinar Campaign 011,Webinar,No Show,True,2024-01-23,False,True,C00304
CM001473,C00304,Contact,CAM0049,Webinar Campaign 049,Webinar,Attended,True,2025-10-26,False,True,C00304
CM001474,C00304,Contact,CAM0041,Email Campaign 041,Email,Clicked,True,2025-04-24,False,False,C00304
CM001475,C00241,Contact,CAM0059,Content Syndication Campaign 059,Content Syndication,Clicked,True,2026-05-05,False,True,C00241
CM001476,C00241,Contact,CAM0060,Event Campaign 060,Event,Attended,True,2026-05-12,False,False,C00241
CM001477,C00241,Contact,CAM0007,Advertisement Campaign 007,Advertisement,Sent,False,2023-12-01,False,True,C00241
CM001478,C00241,Contact,CAM0031,Email Campaign 031,Email,Sent,False,2024-03-06,True,True,C00241
CM001479,L00342,Lead,CAM0039,Advertisement Campaign 039,Advertisement,Clicked,True,2025-01-11,False,True,L00342
CM001480,L00342,Lead,CAM0025,Event Campaign 025,Event,Attended,True,2023-03-09,False,True,L00342
CM001481,L00359,Lead,CAM0030,Event Campaign 030,Event,No Show,True,2023-09-13,False,True,L00359
CM001482,C00150,Contact,CAM0030,Event Campaign 030,Event,Sent,False,2023-09-24,True,False,C00150
CM001483,C00150,Contact,CAM0051,Webinar Campaign 051,Webinar,Sent,False,2025-03-27,True,True,C00150
CM001484,C00150,Contact,CAM0006,Telemarketing Campaign 006,Telemarketing,Sent,False,2023-04-13,True,True,C00150
CM001485,C00150,Contact,CAM0026,Telemarketing Campaign 026,Telemarketing,Responded,True,2023-12-26,False,True,C00150
CM001486,C00150,Contact,CAM0053,Email Campaign 053,Email,Sent,False,2025-06-06,True,True,C00150
CM001487,C00150,Contact,CAM0012,Telemarketing Campaign 012,Telemarketing,Sent,False,2023-11-02,True,True,C00150
CM001488,C00150,Contact,CAM0001,Email Campaign 001,Email,Sent,False,2024-10-21,True,False,C00150
CM001489,C00150,Contact,CAM0045,Email Campaign 045,Email,Sent,False,2025-05-09,True,True,C00150
CM001490,C00150,Contact,CAM0005,Telemarketing Campaign 005,Telemarketing,Clicked,True,2024-08-09,False,True,C00150
CM001491,C00150,Contact,CAM0019,Webinar Campaign 019,Webinar,Sent,False,2024-07-02,True,True,C00150
CM001492,C00150,Contact,CAM0049,Webinar Campaign 049,Webinar,Sent,False,2025-10-11,True,True,C00150
CM001493,C00150,Contact,CAM0054,Email Campaign 054,Email,Sent,False,2026-01-04,True,True,C00150
CM001494,C00150,Contact,CAM0008,Email Campaign 008,Email,Sent,False,2023-04-24,True,True,C00150
CM001495,C00150,Contact,CAM0030,Event Campaign 030,Event,Sent,False,2023-10-04,True,True,C00150
CM001496,C00150,Contact,CAM0048,Event Campaign 048,Event,Sent,False,2025-08-07,True,True,C00150
CM001497,C00150,Contact,CAM0024,Advertisement Campaign 024,Advertisement,Sent,False,2024-04-09,True,True,C00150
CM001498,C00150,Contact,CAM0022,Event Campaign 022,Event,Sent,False,2024-05-15,True,True,C00150
CM001499,L00457,Lead,CAM0001,Email Campaign 001,Email,Sent,False,2024-11-01,True,True,L00457
CM001500,L00457,Lead,CAM0031,Email Campaign 031,Email,Sent,False,2024-02-27,True,True,L00457
CM001501,L00457,Lead,CAM0048,Event Campaign 048,Event,Sent,False,2025-07-20,True,True,L00457
CM001502,L00457,Lead,CAM0009,Webinar Campaign 009,Webinar,Sent,False,2024-08-17,True,True,L00457
CM001503,L00457,Lead,CAM0015,Advertisement Campaign 015,Advertisement,Sent,False,2024-05-10,True,True,L00457
CM001504,L00457,Lead,CAM0022,Event Campaign 022,Event,Attended,True,2024-05-09,False,True,L00457
CM001505,L00457,Lead,CAM0056,Webinar Campaign 056,Webinar,Sent,False,2026-04-16,True,True,L00457
CM001506,L00457,Lead,CAM0021,Advertisement Campaign 021,Advertisement,Sent,False,2023-09-08,True,False,L00457
CM001507,L00457,Lead,CAM0051,Webinar Campaign 051,Webinar,No Show,True,2025-03-22,False,True,L00457
CM001508,L00457,Lead,CAM0041,Email Campaign 041,Email,Sent,False,2025-04-24,True,True,L00457
CM001509,L00517,Lead,CAM0002,Telemarketing Campaign 002,Telemarketing,Responded,True,2023-02-19,False,True,L00517
CM001510,L00517,Lead,CAM0035,Event Campaign 035,Event,Registered,True,2024-12-28,False,False,L00517
CM001511,L00517,Lead,CAM0037,Email Campaign 037,Email,Clicked,True,2024-03-31,False,True,L00517
CM001512,L00517,Lead,CAM0021,Advertisement Campaign 021,Advertisement,Clicked,True,2023-08-29,False,True,L00517
CM001513,L00559,Lead,CAM0050,Webinar Campaign 050,Webinar,Registered,True,2025-09-10,False,True,L00559
CM001514,L00559,Lead,CAM0049,Webinar Campaign 049,Webinar,Attended,True,2025-10-02,False,True,L00559
CM001515,C00152,Contact,CAM0060,Event Campaign 060,Event,Registered,True,2026-04-21,False,True,C00152
CM001516,C00369,Contact,CAM0057,Event Campaign 057,Event,No Show,True,2026-05-18,False,False,C00369
CM001517,L00281,Lead,CAM0052,Advertisement Campaign 052,Advertisement,Sent,False,2025-04-28,False,True,C00145
CM001518,L00281,Lead,CAM0049,Webinar Campaign 049,Webinar,Attended,True,2025-10-24,False,True,C00145
CM001519,L00281,Lead,CAM0058,Webinar Campaign 058,Webinar,Sent,False,2026-05-29,True,True,C00145
CM001520,L00281,Lead,CAM0045,Email Campaign 045,Email,Sent,False,2025-04-18,True,True,C00145
CM001521,L00281,Lead,CAM0013,Content Syndication Campaign 013,Content Syndication,Sent,False,2023-05-02,True,True,C00145
CM001522,L00281,Lead,CAM0015,Advertisement Campaign 015,Advertisement,Sent,False,2024-04-22,True,True,C00145
CM001523,L00170,Lead,CAM0049,Webinar Campaign 049,Webinar,Registered,True,2025-10-05,False,False,L00170
CM001524,L00170,Lead,CAM0049,Webinar Campaign 049,Webinar,Attended,True,2025-10-03,False,False,L00170
CM001525,L00170,Lead,CAM0049,Webinar Campaign 049,Webinar,Attended,True,2025-10-02,False,False,L00170
CM001526,C00359,Contact,CAM0055,Advertisement Campaign 055,Advertisement,Sent,False,2025-09-26,False,True,C00359
CM001527,C00359,Contact,CAM0011,Webinar Campaign 011,Webinar,Registered,True,2024-01-10,False,True,C00359
CM001528,C00359,Contact,CAM0023,Webinar Campaign 023,Webinar,Attended,True,2024-05-16,False,True,C00359
CM001529,C00359,Contact,CAM0031,Email Campaign 031,Email,Clicked,True,2024-02-24,False,True,C00359
CM001530,C00053,Contact,CAM0032,Webinar Campaign 032,Webinar,Registered,True,2023-05-17,False,True,C00053
CM001531,C00053,Contact,CAM0011,Webinar Campaign 011,Webinar,Registered,True,2024-01-12,False,False,C00053
CM001532,C00053,Contact,CAM0056,Webinar Campaign 056,Webinar,Sent,False,2026-05-02,True,True,C00053
CM001533,C00053,Contact,CAM0039,Advertisement Campaign 039,Advertisement,Sent,False,2025-01-05,False,False,C00053
CM001534,C00053,Contact,CAM0047,Advertisement Campaign 047,Advertisement,Sent,False,2025-06-26,True,True,C00053
CM001535,C00053,Contact,CAM0054,Email Campaign 054,Email,Sent,False,2025-12-30,True,True,C00053
CM001536,C00053,Contact,CAM0060,Event Campaign 060,Event,Sent,False,2026-05-01,True,True,C00053
CM001537,C00053,Contact,CAM0016,Content Syndication Campaign 016,Content Syndication,Sent,False,2023-09-12,True,True,C00053
CM001538,C00053,Contact,CAM0020,Event Campaign 020,Event,Sent,False,2023-12-05,True,True,C00053
CM001539,C00243,Contact,CAM0058,Webinar Campaign 058,Webinar,Attended,True,2026-05-11,False,True,C00243
CM001540,C00243,Contact,CAM0032,Webinar Campaign 032,Webinar,Registered,True,2023-05-11,False,True,C00243
CM001541,C00243,Contact,CAM0036,Advertisement Campaign 036,Advertisement,Sent,False,2024-09-23,False,True,C00243
CM001542,C00243,Contact,CAM0018,Content Syndication Campaign 018,Content Syndication,Clicked,True,2024-07-02,False,True,C00243
CM001543,L00487,Lead,CAM0006,Telemarketing Campaign 006,Telemarketing,Sent,False,2023-04-22,True,True,L00487
CM001544,L00487,Lead,CAM0044,Event Campaign 044,Event,Sent,False,2025-10-08,True,True,L00487
CM001545,L00487,Lead,CAM0049,Webinar Campaign 049,Webinar,No Show,True,2025-10-02,False,True,L00487
CM001546,L00487,Lead,CAM0020,Event Campaign 020,Event,Sent,False,2023-12-20,True,True,L00487
CM001547,L00487,Lead,CAM0025,Event Campaign 025,Event,Sent,False,2023-03-06,True,False,L00487
CM001548,L00487,Lead,CAM0025,Event Campaign 025,Event,No Show,True,2023-03-21,False,True,L00487
CM001549,L00487,Lead,CAM0023,Webinar Campaign 023,Webinar,Sent,False,2024-05-06,True,True,L00487
CM001550,L00487,Lead,CAM0053,Email Campaign 053,Email,Sent,False,2025-06-07,True,True,L00487
CM001551,L00487,Lead,CAM0020,Event Campaign 020,Event,Sent,False,2023-12-14,True,True,L00487
CM001552,L00487,Lead,CAM0027,Advertisement Campaign 027,Advertisement,Sent,False,2024-03-25,False,True,L00487
CM001553,C00183,Contact,CAM0052,Advertisement Campaign 052,Advertisement,Sent,False,2025-05-15,False,True,C00183
CM001554,C00183,Contact,CAM0047,Advertisement Campaign 047,Advertisement,Sent,False,2025-07-12,False,False,C00183
CM001555,L00496,Lead,CAM0012,Telemarketing Campaign 012,Telemarketing,Clicked,True,2023-11-03,False,True,C00009
CM001556,L00496,Lead,CAM0002,Telemarketing Campaign 002,Telemarketing,Responded,True,2023-03-10,False,True,C00009
CM001557,C00311,Contact,CAM0039,Advertisement Campaign 039,Advertisement,Sent,False,2024-12-23,False,True,C00311
CM001558,C00311,Contact,CAM0012,Telemarketing Campaign 012,Telemarketing,Responded,True,2023-11-06,False,True,C00311
CM001559,C00311,Contact,CAM0036,Advertisement Campaign 036,Advertisement,Clicked,True,2024-10-06,False,True,C00311
CM001560,L00091,Lead,CAM0035,Event Campaign 035,Event,Sent,False,2024-12-28,True,True,L00091
CM001561,L00091,Lead,CAM0030,Event Campaign 030,Event,Attended,True,2023-09-28,False,True,L00091
CM001562,L00091,Lead,CAM0054,Email Campaign 054,Email,Sent,False,2025-12-26,True,True,L00091
CM001563,L00091,Lead,CAM0049,Webinar Campaign 049,Webinar,Sent,False,2025-10-13,True,True,L00091
CM001564,L00091,Lead,CAM0016,Content Syndication Campaign 016,Content Syndication,Sent,False,2023-09-19,True,True,L00091
CM001565,L00091,Lead,CAM0055,Advertisement Campaign 055,Advertisement,Sent,False,2025-10-15,True,True,L00091
CM001566,L00091,Lead,CAM0028,Telemarketing Campaign 028,Telemarketing,Sent,False,2024-12-23,True,True,L00091
CM001567,L00091,Lead,CAM0002,Telemarketing Campaign 002,Telemarketing,Sent,False,2023-02-19,True,True,L00091
CM001568,L00091,Lead,CAM0052,Advertisement Campaign 052,Advertisement,Sent,False,2025-04-29,True,True,L00091
CM001569,L00091,Lead,CAM0045,Email Campaign 045,Email,Sent,False,2025-04-13,True,True,L00091
CM001570,L00091,Lead,CAM0022,Event Campaign 022,Event,Sent,False,2024-04-30,True,True,L00091
CM001571,L00091,Lead,CAM0053,Email Campaign 053,Email,Sent,False,2025-05-20,True,True,L00091
CM001572,L00091,Lead,CAM0055,Advertisement Campaign 055,Advertisement,Sent,False,2025-10-13,True,False,L00091
CM001573,L00091,Lead,CAM0058,Webinar Campaign 058,Webinar,Sent,False,2026-05-09,True,True,L00091
CM001574,L00091,Lead,CAM0055,Advertisement Campaign 055,Advertisement,Sent,False,2025-10-16,True,True,L00091
CM001575,L00070,Lead,CAM0056,Webinar Campaign 056,Webinar,Attended,True,2026-05-03,False,True,L00070
CM001576,L00163,Lead,CAM0041,Email Campaign 041,Email,Sent,False,2025-05-09,True,True,L00163
CM001577,L00163,Lead,CAM0058,Webinar Campaign 058,Webinar,Sent,False,2026-05-19,True,True,L00163
CM001578,L00163,Lead,CAM0051,Webinar Campaign 051,Webinar,Sent,False,2025-03-20,True,True,L00163
CM001579,L00163,Lead,CAM0020,Event Campaign 020,Event,Sent,False,2023-12-07,True,True,L00163
CM001580,L00163,Lead,CAM0015,Advertisement Campaign 015,Advertisement,Sent,False,2024-05-07,True,True,L00163
CM001581,L00163,Lead,CAM0010,Content Syndication Campaign 010,Content Syndication,Sent,False,2024-04-11,True,True,L00163
CM001582,L00163,Lead,CAM0035,Event Campaign 035,Event,Sent,False,2025-01-17,True,True,L00163
CM001583,L00163,Lead,CAM0050,Webinar Campaign 050,Webinar,Sent,False,2025-09-23,True,False,L00163
CM001584,L00163,Lead,CAM0016,Content Syndication Campaign 016,Content Syndication,Sent,False,2023-09-14,True,True,L00163
CM001585,L00163,Lead,CAM0060,Event Campaign 060,Event,Sent,False,2026-04-29,True,True,L00163
CM001586,L00163,Lead,CAM0026,Telemarketing Campaign 026,Telemarketing,Sent,False,2023-12-21,True,True,L00163
CM001587,C00399,Contact,CAM0014,Content Syndication Campaign 014,Content Syndication,Sent,False,2024-11-30,True,True,C00399
CM001588,C00399,Contact,CAM0041,Email Campaign 041,Email,Sent,False,2025-05-13,True,True,C00399
CM001589,C00399,Contact,CAM0060,Event Campaign 060,Event,Sent,False,2026-04-21,True,True,C00399
CM001590,C00399,Contact,CAM0038,Email Campaign 038,Email,Sent,False,2023-02-16,True,True,C00399
CM001591,C00399,Contact,CAM0048,Event Campaign 048,Event,Sent,False,2025-08-11,True,True,C00399
CM001592,C00399,Contact,CAM0055,Advertisement Campaign 055,Advertisement,Sent,False,2025-10-17,True,True,C00399
CM001593,C00399,Contact,CAM0051,Webinar Campaign 051,Webinar,Sent,False,2025-03-19,True,True,C00399
CM001594,C00399,Contact,CAM0010,Content Syndication Campaign 010,Content Syndication,Sent,False,2024-04-10,True,True,C00399
CM001595,C00399,Contact,CAM0053,Email Campaign 053,Email,Sent,False,2025-05-13,True,True,C00399
CM001596,C00399,Contact,CAM0046,Webinar Campaign 046,Webinar,Sent,False,2026-01-15,True,True,C00399
CM001597,C00399,Contact,CAM0044,Event Campaign 044,Event,Sent,False,2025-10-05,True,False,C00399
CM001598,C00399,Contact,CAM0014,Content Syndication Campaign 014,Content Syndication,Sent,False,2024-11-21,True,True,C00399
CM001599,C00399,Contact,CAM0028,Telemarketing Campaign 028,Telemarketing,Sent,False,2024-11-27,True,False,C00399
CM001600,C00377,Contact,CAM0014,Content Syndication Campaign 014,Content Syndication,Clicked,True,2024-11-04,False,True,C00377
CM001601,C00377,Contact,CAM0040,Webinar Campaign 040,Webinar,Sent,False,2023-12-15,True,True,C00377
CM001602,C00377,Contact,CAM0019,Webinar Campaign 019,Webinar,Registered,True,2024-06-09,False,True,C00377
CM001603,C00377,Contact,CAM0023,Webinar Campaign 023,Webinar,Attended,True,2024-05-12,False,True,C00377
CM001604,C00377,Contact,CAM0016,Content Syndication Campaign 016,Content Syndication,Sent,False,2023-09-13,True,True,C00377
CM001605,C00377,Contact,CAM0011,Webinar Campaign 011,Webinar,Registered,True,2023-12-31,False,True,C00377
CM001606,C00377,Contact,CAM0049,Webinar Campaign 049,Webinar,Registered,True,2025-10-21,False,True,C00377
CM001607,C00377,Contact,CAM0030,Event Campaign 030,Event,Sent,False,2023-10-05,True,True,C00377
CM001608,C00377,Contact,CAM0035,Event Campaign 035,Event,Sent,False,2025-01-15,True,True,C00377
CM001609,C00377,Contact,CAM0018,Content Syndication Campaign 018,Content Syndication,Responded,True,2024-06-24,False,True,C00377
CM001610,C00377,Contact,CAM0006,Telemarketing Campaign 006,Telemarketing,Sent,False,2023-04-10,True,True,C00377
CM001611,C00377,Contact,CAM0045,Email Campaign 045,Email,Sent,False,2025-04-16,True,True,C00377
CM001612,C00377,Contact,CAM0044,Event Campaign 044,Event,Sent,False,2025-10-02,True,True,C00377
CM001613,C00174,Contact,CAM0059,Content Syndication Campaign 059,Content Syndication,Sent,False,2026-05-07,False,True,C00174
CM001614,L00286,Lead,CAM0060,Event Campaign 060,Event,No Show,True,2026-05-07,False,False,C00371
CM001615,L00382,Lead,CAM0059,Content Syndication Campaign 059,Content Syndication,Clicked,True,2026-04-30,False,True,C00031
CM001616,L00382,Lead,CAM0056,Webinar Campaign 056,Webinar,No Show,True,2026-04-14,False,True,C00031
CM001617,L00382,Lead,CAM0036,Advertisement Campaign 036,Advertisement,Clicked,True,2024-10-07,False,True,C00031
CM001618,L00382,Lead,CAM0016,Content Syndication Campaign 016,Content Syndication,Clicked,True,2023-08-21,False,True,C00031
CM001619,L00382,Lead,CAM0034,Webinar Campaign 034,Webinar,Attended,True,2024-05-17,False,True,C00031
CM001620,L00258,Lead,CAM0036,Advertisement Campaign 036,Advertisement,Sent,False,2024-09-19,False,False,L00258
CM001621,L00258,Lead,CAM0053,Email Campaign 053,Email,Sent,False,2025-05-24,True,True,L00258
CM001622,L00258,Lead,CAM0015,Advertisement Campaign 015,Advertisement,Sent,False,2024-05-15,False,False,L00258
CM001623,C00263,Contact,CAM0016,Content Syndication Campaign 016,Content Syndication,Sent,False,2023-09-13,True,True,C00263
CM001624,C00263,Contact,CAM0058,Webinar Campaign 058,Webinar,Sent,False,2026-05-21,True,False,C00263
CM001625,C00263,Contact,CAM0006,Telemarketing Campaign 006,Telemarketing,Sent,False,2023-04-30,True,True,C00263
CM001626,C00263,Contact,CAM0008,Email Campaign 008,Email,Sent,False,2023-04-26,True,True,C00263
CM001627,C00263,Contact,CAM0058,Webinar Campaign 058,Webinar,Attended,True,2026-05-15,False,True,C00263
CM001628,C00263,Contact,CAM0054,Email Campaign 054,Email,Sent,False,2026-01-09,True,True,C00263
CM001629,C00263,Contact,CAM0034,Webinar Campaign 034,Webinar,Sent,False,2024-05-22,True,True,C00263
CM001630,C00263,Contact,CAM0020,Event Campaign 020,Event,No Show,True,2023-12-09,False,True,C00263
CM001631,C00263,Contact,CAM0058,Webinar Campaign 058,Webinar,Sent,False,2026-05-05,True,True,C00263
CM001632,C00263,Contact,CAM0058,Webinar Campaign 058,Webinar,Sent,False,2026-05-29,True,False,C00263
CM001633,C00263,Contact,CAM0053,Email Campaign 053,Email,Sent,False,2025-06-05,True,True,C00263
CM001634,L00299,Lead,CAM0056,Webinar Campaign 056,Webinar,No Show,True,2026-04-20,False,True,L00299
CM001635,L00588,Lead,CAM0028,Telemarketing Campaign 028,Telemarketing,Sent,False,2024-12-15,False,True,L00588
CM001636,L00588,Lead,CAM0022,Event Campaign 022,Event,Registered,True,2024-05-25,False,True,L00588
CM001637,C00288,Contact,CAM0056,Webinar Campaign 056,Webinar,Sent,False,2026-04-19,True,True,C00288
CM001638,C00288,Contact,CAM0058,Webinar Campaign 058,Webinar,Sent,False,2026-05-09,True,True,C00288
CM001639,C00288,Contact,CAM0060,Event Campaign 060,Event,Sent,False,2026-05-01,True,True,C00288
CM001640,C00288,Contact,CAM0010,Content Syndication Campaign 010,Content Syndication,Sent,False,2024-04-08,True,True,C00288
CM001641,C00288,Contact,CAM0009,Webinar Campaign 009,Webinar,Sent,False,2024-08-05,True,True,C00288
CM001642,C00288,Contact,CAM0041,Email Campaign 041,Email,Sent,False,2025-05-12,True,False,C00288
CM001643,C00288,Contact,CAM0044,Event Campaign 044,Event,Sent,False,2025-10-05,True,False,C00288
CM001644,C00288,Contact,CAM0027,Advertisement Campaign 027,Advertisement,Sent,False,2024-04-20,True,True,C00288
CM001645,C00288,Contact,CAM0010,Content Syndication Campaign 010,Content Syndication,Sent,False,2024-04-16,True,True,C00288
CM001646,C00127,Contact,CAM0040,Webinar Campaign 040,Webinar,No Show,True,2023-12-22,False,True,C00127
CM001647,C00127,Contact,CAM0051,Webinar Campaign 051,Webinar,Attended,True,2025-03-09,False,True,C00127
CM001648,C00127,Contact,CAM0009,Webinar Campaign 009,Webinar,Attended,True,2024-07-28,False,True,C00127
CM001649,C00045,Contact,CAM0060,Event Campaign 060,Event,Registered,True,2026-05-07,False,True,C00045
CM001650,C00254,Contact,CAM0021,Advertisement Campaign 021,Advertisement,Clicked,True,2023-09-05,False,True,C00254
CM001651,C00254,Contact,CAM0031,Email Campaign 031,Email,Sent,False,2024-03-04,True,True,C00254
CM001652,C00254,Contact,CAM0001,Email Campaign 001,Email,Clicked,True,2024-10-26,False,False,C00254
CM001653,L00301,Lead,CAM0060,Event Campaign 060,Event,Sent,False,2026-04-24,True,False,L00301
CM001654,L00301,Lead,CAM0040,Webinar Campaign 040,Webinar,Sent,False,2023-12-04,True,True,L00301
CM001655,L00301,Lead,CAM0020,Event Campaign 020,Event,Sent,False,2023-12-11,True,True,L00301
CM001656,L00301,Lead,CAM0041,Email Campaign 041,Email,Sent,False,2025-05-03,True,True,L00301
CM001657,L00301,Lead,CAM0026,Telemarketing Campaign 026,Telemarketing,Sent,False,2023-12-25,True,True,L00301
CM001658,L00301,Lead,CAM0028,Telemarketing Campaign 028,Telemarketing,Sent,False,2024-12-16,True,True,L00301
CM001659,L00301,Lead,CAM0043,Webinar Campaign 043,Webinar,No Show,True,2025-10-12,False,True,L00301
CM001660,L00301,Lead,CAM0027,Advertisement Campaign 027,Advertisement,Sent,False,2024-04-08,True,True,L00301
CM001661,L00301,Lead,CAM0042,Advertisement Campaign 042,Advertisement,Sent,False,2025-11-30,True,True,L00301
CM001662,L00301,Lead,CAM0026,Telemarketing Campaign 026,Telemarketing,Sent,False,2024-01-08,True,True,L00301
CM001663,L00301,Lead,CAM0036,Advertisement Campaign 036,Advertisement,Sent,False,2024-09-26,True,True,L00301
CM001664,L00301,Lead,CAM0030,Event Campaign 030,Event,Sent,False,2023-09-22,True,True,L00301
CM001665,L00301,Lead,CAM0035,Event Campaign 035,Event,Sent,False,2025-01-02,True,True,L00301
CM001666,L00301,Lead,CAM0021,Advertisement Campaign 021,Advertisement,Sent,False,2023-08-10,True,True,L00301
CM001667,L00301,Lead,CAM0008,Email Campaign 008,Email,Sent,False,2023-04-24,True,True,L00301
CM001668,L00301,Lead,CAM0016,Content Syndication Campaign 016,Content Syndication,Sent,False,2023-08-28,True,True,L00301
CM001669,L00211,Lead,CAM0043,Webinar Campaign 043,Webinar,Sent,False,2025-10-16,True,True,L00211
CM001670,L00211,Lead,CAM0027,Advertisement Campaign 027,Advertisement,Sent,False,2024-04-19,True,True,L00211
CM001671,L00211,Lead,CAM0041,Email Campaign 041,Email,Sent,False,2025-05-01,True,True,L00211
CM001672,L00211,Lead,CAM0012,Telemarketing Campaign 012,Telemarketing,Sent,False,2023-10-30,True,True,L00211
CM001673,L00211,Lead,CAM0057,Event Campaign 057,Event,Sent,False,2026-05-06,True,True,L00211
CM001674,L00211,Lead,CAM0018,Content Syndication Campaign 018,Content Syndication,Sent,False,2024-07-05,True,True,L00211
CM001675,L00211,Lead,CAM0033,Advertisement Campaign 033,Advertisement,Sent,False,2023-03-30,True,True,L00211
CM001676,L00211,Lead,CAM0042,Advertisement Campaign 042,Advertisement,Sent,False,2025-11-29,True,True,L00211
CM001677,L00211,Lead,CAM0040,Webinar Campaign 040,Webinar,Sent,False,2023-12-05,True,True,L00211
CM001678,C00291,Contact,CAM0035,Event Campaign 035,Event,Sent,False,2024-12-20,True,True,C00291
CM001679,C00291,Contact,CAM0051,Webinar Campaign 051,Webinar,Sent,False,2025-04-01,True,True,C00291
CM001680,C00291,Contact,CAM0055,Advertisement Campaign 055,Advertisement,Sent,False,2025-09-18,True,True,C00291
CM001681,C00291,Contact,CAM0033,Advertisement Campaign 033,Advertisement,Sent,False,2023-03-20,True,True,C00291
CM001682,C00291,Contact,CAM0030,Event Campaign 030,Event,Sent,False,2023-10-01,True,True,C00291
CM001683,C00291,Contact,CAM0047,Advertisement Campaign 047,Advertisement,Sent,False,2025-06-15,True,True,C00291
CM001684,C00291,Contact,CAM0055,Advertisement Campaign 055,Advertisement,Sent,False,2025-10-13,True,True,C00291
CM001685,C00291,Contact,CAM0001,Email Campaign 001,Email,Sent,False,2024-10-31,True,True,C00291
CM001686,C00291,Contact,CAM0016,Content Syndication Campaign 016,Content Syndication,Sent,False,2023-09-07,True,True,C00291
CM001687,C00291,Contact,CAM0018,Content Syndication Campaign 018,Content Syndication,Sent,False,2024-07-09,True,True,C00291
CM001688,C00291,Contact,CAM0051,Webinar Campaign 051,Webinar,Sent,False,2025-03-31,True,True,C00291
CM001689,C00044,Contact,CAM0039,Advertisement Campaign 039,Advertisement,Sent,False,2024-12-22,True,True,C00044
CM001690,C00044,Contact,CAM0033,Advertisement Campaign 033,Advertisement,Sent,False,2023-03-16,True,True,C00044
CM001691,C00044,Contact,CAM0058,Webinar Campaign 058,Webinar,Sent,False,2026-05-06,True,True,C00044
CM001692,C00044,Contact,CAM0015,Advertisement Campaign 015,Advertisement,Sent,False,2024-05-15,True,True,C00044
CM001693,C00044,Contact,CAM0048,Event Campaign 048,Event,Sent,False,2025-07-23,True,True,C00044
CM001694,C00044,Contact,CAM0034,Webinar Campaign 034,Webinar,Sent,False,2024-05-21,True,True,C00044
CM001695,C00044,Contact,CAM0031,Email Campaign 031,Email,Sent,False,2024-03-09,True,True,C00044
CM001696,C00044,Contact,CAM0024,Advertisement Campaign 024,Advertisement,Sent,False,2024-03-27,True,True,C00044
CM001697,C00044,Contact,CAM0039,Advertisement Campaign 039,Advertisement,Sent,False,2025-01-16,True,True,C00044
CM001698,C00044,Contact,CAM0060,Event Campaign 060,Event,Sent,False,2026-05-03,True,True,C00044
CM001699,C00044,Contact,CAM0025,Event Campaign 025,Event,Sent,False,2023-03-22,True,True,C00044
CM001700,C00044,Contact,CAM0007,Advertisement Campaign 007,Advertisement,Sent,False,2023-12-10,True,True,C00044
CM001701,C00044,Contact,CAM0008,Email Campaign 008,Email,Sent,False,2023-04-22,True,True,C00044
CM001702,C00044,Contact,CAM0011,Webinar Campaign 011,Webinar,Sent,False,2024-01-26,True,False,C00044
CM001703,C00044,Contact,CAM0025,Event Campaign 025,Event,Sent,False,2023-02-28,True,True,C00044
CM001704,L00118,Lead,CAM0014,Content Syndication Campaign 014,Content Syndication,Sent,False,2024-11-26,False,True,L00118
CM001705,L00118,Lead,CAM0037,Email Campaign 037,Email,Responded,True,2024-03-20,False,False,L00118
CM001706,L00330,Lead,CAM0058,Webinar Campaign 058,Webinar,Attended,True,2026-05-29,False,True,L00330
CM001707,L00330,Lead,CAM0010,Content Syndication Campaign 010,Content Syndication,Sent,False,2024-05-03,False,True,L00330
CM001708,L00008,Lead,CAM0060,Event Campaign 060,Event,No Show,True,2026-04-14,False,True,L00008
CM001709,L00008,Lead,CAM0053,Email Campaign 053,Email,Responded,True,2025-05-29,False,True,L00008
CM001710,L00008,Lead,CAM0054,Email Campaign 054,Email,Responded,True,2026-01-08,False,False,L00008
CM001711,L00008,Lead,CAM0004,Advertisement Campaign 004,Advertisement,Clicked,True,2023-12-18,False,True,L00008
CM001712,L00575,Lead,CAM0052,Advertisement Campaign 052,Advertisement,Clicked,True,2025-04-23,False,True,L00575
CM001713,L00575,Lead,CAM0041,Email Campaign 041,Email,Clicked,True,2025-04-25,False,True,L00575
CM001714,L00575,Lead,CAM0059,Content Syndication Campaign 059,Content Syndication,Clicked,True,2026-04-30,False,True,L00575
CM001715,L00575,Lead,CAM0055,Advertisement Campaign 055,Advertisement,Sent,False,2025-09-28,False,True,L00575
CM001716,L00229,Lead,CAM0056,Webinar Campaign 056,Webinar,No Show,True,2026-04-16,False,True,L00229
CM001717,L00229,Lead,CAM0042,Advertisement Campaign 042,Advertisement,Clicked,True,2025-12-01,False,True,L00229
CM001718,L00229,Lead,CAM0035,Event Campaign 035,Event,Registered,True,2024-12-27,False,True,L00229
CM001719,L00229,Lead,CAM0007,Advertisement Campaign 007,Advertisement,Clicked,True,2023-11-21,False,True,L00229
CM001720,C00214,Contact,CAM0051,Webinar Campaign 051,Webinar,Sent,False,2025-03-13,True,True,C00214
CM001721,C00214,Contact,CAM0029,Webinar Campaign 029,Webinar,Sent,False,2024-02-11,True,True,C00214
CM001722,C00214,Contact,CAM0017,Content Syndication Campaign 017,Content Syndication,Sent,False,2023-11-14,True,True,C00214
CM001723,C00214,Contact,CAM0003,Event Campaign 003,Event,Sent,False,2023-11-09,True,True,C00214
CM001724,C00214,Contact,CAM0027,Advertisement Campaign 027,Advertisement,Sent,False,2024-03-24,True,True,C00214
CM001725,C00214,Contact,CAM0033,Advertisement Campaign 033,Advertisement,Sent,False,2023-03-19,True,True,C00214
CM001726,C00214,Contact,CAM0002,Telemarketing Campaign 002,Telemarketing,Sent,False,2023-02-26,True,True,C00214
CM001727,C00214,Contact,CAM0057,Event Campaign 057,Event,Registered,True,2026-05-24,False,True,C00214
CM001728,C00214,Contact,CAM0043,Webinar Campaign 043,Webinar,Sent,False,2025-10-01,True,False,C00214
CM001729,C00214,Contact,CAM0020,Event Campaign 020,Event,Sent,False,2023-12-16,True,True,C00214
CM001730,C00214,Contact,CAM0022,Event Campaign 022,Event,Sent,False,2024-05-10,True,True,C00214
CM001731,C00214,Contact,CAM0022,Event Campaign 022,Event,Sent,False,2024-05-08,True,True,C00214
CM001732,C00214,Contact,CAM0052,Advertisement Campaign 052,Advertisement,Sent,False,2025-04-30,True,True,C00214
CM001733,C00214,Contact,CAM0044,Event Campaign 044,Event,Sent,False,2025-10-21,True,False,C00214
CM001734,C00214,Contact,CAM0006,Telemarketing Campaign 006,Telemarketing,Sent,False,2023-04-28,True,True,C00214
CM001735,L00042,Lead,CAM0046,Webinar Campaign 046,Webinar,No Show,True,2026-01-05,False,True,L00042
CM001736,L00557,Lead,CAM0018,Content Syndication Campaign 018,Content Syndication,Sent,False,2024-06-16,True,True,C00180
CM001737,L00557,Lead,CAM0015,Advertisement Campaign 015,Advertisement,Sent,False,2024-05-11,True,True,C00180
CM001738,L00557,Lead,CAM0060,Event Campaign 060,Event,Sent,False,2026-05-09,True,True,C00180
CM001739,L00557,Lead,CAM0007,Advertisement Campaign 007,Advertisement,Sent,False,2023-12-07,True,True,C00180
CM001740,L00557,Lead,CAM0039,Advertisement Campaign 039,Advertisement,Sent,False,2024-12-30,True,True,C00180
CM001741,L00557,Lead,CAM0024,Advertisement Campaign 024,Advertisement,Sent,False,2024-03-13,False,True,C00180
CM001742,L00557,Lead,CAM0009,Webinar Campaign 009,Webinar,Sent,False,2024-08-19,True,True,C00180
CM001743,L00557,Lead,CAM0058,Webinar Campaign 058,Webinar,Attended,True,2026-05-28,False,True,C00180
CM001744,L00557,Lead,CAM0050,Webinar Campaign 050,Webinar,Registered,True,2025-09-27,False,True,C00180
CM001745,L00557,Lead,CAM0014,Content Syndication Campaign 014,Content Syndication,Sent,False,2024-11-12,True,True,C00180
CM001746,L00557,Lead,CAM0046,Webinar Campaign 046,Webinar,Attended,True,2026-01-04,False,False,C00180
CM001747,L00557,Lead,CAM0047,Advertisement Campaign 047,Advertisement,Sent,False,2025-07-01,True,True,C00180
CM001748,L00557,Lead,CAM0031,Email Campaign 031,Email,Sent,False,2024-02-12,True,True,C00180
CM001749,L00557,Lead,CAM0058,Webinar Campaign 058,Webinar,Sent,False,2026-05-22,True,True,C00180
CM001750,L00557,Lead,CAM0015,Advertisement Campaign 015,Advertisement,Sent,False,2024-04-27,True,True,C00180
CM001751,L00273,Lead,CAM0024,Advertisement Campaign 024,Advertisement,Clicked,True,2024-03-13,False,True,L00273
CM001752,L00273,Lead,CAM0020,Event Campaign 020,Event,Attended,True,2023-12-16,False,True,L00273
CM001753,L00273,Lead,CAM0024,Advertisement Campaign 024,Advertisement,Clicked,True,2024-03-18,False,True,L00273
CM001754,C00181,Contact,CAM0060,Event Campaign 060,Event,Registered,True,2026-04-27,False,True,C00181
CM001755,C00181,Contact,CAM0059,Content Syndication Campaign 059,Content Syndication,Responded,True,2026-04-16,False,True,C00181
CM001756,C00181,Contact,CAM0012,Telemarketing Campaign 012,Telemarketing,Clicked,True,2023-10-23,False,True,C00181
CM001757,C00181,Contact,CAM0036,Advertisement Campaign 036,Advertisement,Sent,False,2024-09-16,False,True,C00181
CM001758,C00181,Contact,CAM0046,Webinar Campaign 046,Webinar,No Show,True,2026-01-16,False,True,C00181
CM001759,C00181,Contact,CAM0036,Advertisement Campaign 036,Advertisement,Sent,False,2024-09-30,False,False,C00181
CM001760,C00181,Contact,CAM0048,Event Campaign 048,Event,Attended,True,2025-08-03,False,True,C00181
CM001761,C00181,Contact,CAM0012,Telemarketing Campaign 012,Telemarketing,Sent,False,2023-10-28,False,True,C00181
CM001762,C00306,Contact,CAM0032,Webinar Campaign 032,Webinar,Attended,True,2023-06-05,False,True,C00306
CM001763,C00306,Contact,CAM0039,Advertisement Campaign 039,Advertisement,Sent,False,2025-01-06,False,True,C00306
CM001764,C00306,Contact,CAM0005,Telemarketing Campaign 005,Telemarketing,Clicked,True,2024-08-23,False,True,C00306
CM001765,C00306,Contact,CAM0047,Advertisement Campaign 047,Advertisement,Sent,False,2025-07-05,False,True,C00306
CM001766,L00325,Lead,CAM0058,Webinar Campaign 058,Webinar,Registered,True,2026-05-29,False,True,L00325
CM001767,C00136,Contact,CAM0006,Telemarketing Campaign 006,Telemarketing,Responded,True,2023-04-05,False,True,C00136
CM001768,L00401,Lead,CAM0056,Webinar Campaign 056,Webinar,No Show,True,2026-04-13,False,True,L00401
CM001769,L00401,Lead,CAM0059,Content Syndication Campaign 059,Content Syndication,Sent,False,2026-04-23,False,True,L00401
CM001770,L00401,Lead,CAM0057,Event Campaign 057,Event,No Show,True,2026-05-09,False,True,L00401
CM001771,L00401,Lead,CAM0030,Event Campaign 030,Event,Registered,True,2023-09-30,False,True,L00401
CM001772,L00401,Lead,CAM0050,Webinar Campaign 050,Webinar,Registered,True,2025-09-04,False,True,L00401
CM001773,L00401,Lead,CAM0048,Event Campaign 048,Event,Attended,True,2025-08-04,False,True,L00401
CM001774,L00401,Lead,CAM0005,Telemarketing Campaign 005,Telemarketing,Sent,False,2024-08-07,False,True,L00401
CM001775,L00599,Lead,CAM0059,Content Syndication Campaign 059,Content Syndication,Clicked,True,2026-05-06,False,True,L00599
CM001776,L00599,Lead,CAM0036,Advertisement Campaign 036,Advertisement,Clicked,True,2024-09-14,False,True,L00599
CM001777,L00599,Lead,CAM0039,Advertisement Campaign 039,Advertisement,Clicked,True,2025-01-12,False,True,L00599
CM001778,L00057,Lead,CAM0058,Webinar Campaign 058,Webinar,No Show,True,2026-05-29,False,True,L00057
CM001779,C00362,Contact,CAM0059,Content Syndication Campaign 059,Content Syndication,Responded,True,2026-04-20,False,False,C00362
CM001780,L00051,Lead,CAM0012,Telemarketing Campaign 012,Telemarketing,Sent,False,2023-11-05,True,True,L00051
CM001781,L00051,Lead,CAM0042,Advertisement Campaign 042,Advertisement,Sent,False,2025-12-14,True,True,L00051
CM001782,L00051,Lead,CAM0034,Webinar Campaign 034,Webinar,Sent,False,2024-05-27,True,True,L00051
CM001783,L00051,Lead,CAM0045,Email Campaign 045,Email,Sent,False,2025-05-08,True,True,L00051
CM001784,L00051,Lead,CAM0015,Advertisement Campaign 015,Advertisement,Sent,False,2024-04-29,True,True,L00051
CM001785,L00051,Lead,CAM0060,Event Campaign 060,Event,No Show,True,2026-04-22,False,True,L00051
CM001786,L00051,Lead,CAM0010,Content Syndication Campaign 010,Content Syndication,Sent,False,2024-04-22,True,True,L00051
CM001787,L00051,Lead,CAM0011,Webinar Campaign 011,Webinar,Sent,False,2023-12-29,True,True,L00051
CM001788,C00258,Contact,CAM0008,Email Campaign 008,Email,Sent,False,2023-05-08,True,True,C00258
CM001789,L00193,Lead,CAM0001,Email Campaign 001,Email,Sent,False,2024-10-05,True,True,L00193
CM001790,L00193,Lead,CAM0019,Webinar Campaign 019,Webinar,Sent,False,2024-06-10,True,True,L00193
CM001791,L00193,Lead,CAM0049,Webinar Campaign 049,Webinar,Attended,True,2025-10-17,False,True,L00193
CM001792,L00193,Lead,CAM0001,Email Campaign 001,Email,Sent,False,2024-10-08,True,True,L00193
CM001793,L00193,Lead,CAM0048,Event Campaign 048,Event,Attended,True,2025-07-13,False,True,L00193
CM001794,L00193,Lead,CAM0016,Content Syndication Campaign 016,Content Syndication,Sent,False,2023-09-02,True,True,L00193
CM001795,C00363,Contact,CAM0057,Event Campaign 057,Event,Attended,True,2026-05-04,False,False,C00363
CM001796,C00363,Contact,CAM0045,Email Campaign 045,Email,Sent,False,2025-05-07,True,True,C00363
CM001797,C00363,Contact,CAM0031,Email Campaign 031,Email,Clicked,True,2024-03-10,False,True,C00363
CM001798,C00064,Contact,CAM0049,Webinar Campaign 049,Webinar,Sent,False,2025-10-26,True,True,C00064
CM001799,C00064,Contact,CAM0017,Content Syndication Campaign 017,Content Syndication,Sent,False,2023-11-26,True,True,C00064
CM001800,C00064,Contact,CAM0055,Advertisement Campaign 055,Advertisement,Sent,False,2025-09-20,True,True,C00064
CM001801,C00064,Contact,CAM0036,Advertisement Campaign 036,Advertisement,Sent,False,2024-09-16,True,True,C00064
CM001802,C00064,Contact,CAM0032,Webinar Campaign 032,Webinar,Sent,False,2023-05-12,True,True,C00064
CM001803,C00064,Contact,CAM0025,Event Campaign 025,Event,Sent,False,2023-02-28,True,True,C00064
CM001804,C00064,Contact,CAM0023,Webinar Campaign 023,Webinar,Sent,False,2024-05-05,True,True,C00064
CM001805,C00064,Contact,CAM0014,Content Syndication Campaign 014,Content Syndication,Sent,False,2024-11-17,True,True,C00064
CM001806,C00064,Contact,CAM0043,Webinar Campaign 043,Webinar,Sent,False,2025-10-19,True,False,C00064
CM001807,C00064,Contact,CAM0037,Email Campaign 037,Email,Sent,False,2024-03-02,True,True,C00064
CM001808,C00064,Contact,CAM0002,Telemarketing Campaign 002,Telemarketing,Sent,False,2023-02-25,True,True,C00064
CM001809,C00064,Contact,CAM0020,Event Campaign 020,Event,Sent,False,2023-12-08,True,False,C00064
CM001810,C00064,Contact,CAM0054,Email Campaign 054,Email,Sent,False,2026-01-09,True,True,C00064
CM001811,C00064,Contact,CAM0030,Event Campaign 030,Event,Sent,False,2023-09-24,True,False,C00064
CM001812,C00064,Contact,CAM0016,Content Syndication Campaign 016,Content Syndication,Sent,False,2023-09-18,True,True,C00064
CM001813,C00064,Contact,CAM0014,Content Syndication Campaign 014,Content Syndication,Responded,True,2024-11-30,False,True,C00064
CM001814,C00064,Contact,CAM0012,Telemarketing Campaign 012,Telemarketing,Sent,False,2023-11-01,True,True,C00064
CM001815,C00064,Contact,CAM0052,Advertisement Campaign 052,Advertisement,Clicked,True,2025-05-12,False,True,C00064
CM001816,C00064,Contact,CAM0019,Webinar Campaign 019,Webinar,Sent,False,2024-06-21,True,True,C00064
CM001817,C00064,Contact,CAM0018,Content Syndication Campaign 018,Content Syndication,Sent,False,2024-07-01,True,True,C00064
CM001818,C00064,Contact,CAM0004,Advertisement Campaign 004,Advertisement,Sent,False,2023-12-14,True,True,C00064
CM001819,C00064,Contact,CAM0054,Email Campaign 054,Email,Sent,False,2026-01-01,True,True,C00064
CM001820,C00064,Contact,CAM0024,Advertisement Campaign 024,Advertisement,Sent,False,2024-03-23,True,True,C00064
CM001821,C00064,Contact,CAM0043,Webinar Campaign 043,Webinar,Sent,False,2025-10-16,True,True,C00064
CM001822,C00064,Contact,CAM0043,Webinar Campaign 043,Webinar,Sent,False,2025-10-25,True,True,C00064
CM001823,C00064,Contact,CAM0022,Event Campaign 022,Event,Sent,False,2024-05-01,True,True,C00064
CM001824,C00064,Contact,CAM0030,Event Campaign 030,Event,Sent,False,2023-09-26,True,True,C00064
CM001825,C00064,Contact,CAM0007,Advertisement Campaign 007,Advertisement,Sent,False,2023-12-02,True,False,C00064
CM001826,C00064,Contact,CAM0041,Email Campaign 041,Email,Sent,False,2025-05-02,True,True,C00064
CM001827,C00064,Contact,CAM0041,Email Campaign 041,Email,Sent,False,2025-05-05,True,True,C00064
CM001828,C00064,Contact,CAM0013,Content Syndication Campaign 013,Content Syndication,Responded,True,2023-04-28,False,True,C00064
CM001829,C00064,Contact,CAM0012,Telemarketing Campaign 012,Telemarketing,Sent,False,2023-10-23,True,True,C00064
CM001830,C00064,Contact,CAM0024,Advertisement Campaign 024,Advertisement,Sent,False,2024-04-11,True,False,C00064
CM001831,C00064,Contact,CAM0042,Advertisement Campaign 042,Advertisement,Sent,False,2025-12-16,False,True,C00064
CM001832,C00064,Contact,CAM0032,Webinar Campaign 032,Webinar,Sent,False,2023-05-20,True,True,C00064
CM001833,C00064,Contact,CAM0004,Advertisement Campaign 004,Advertisement,Sent,False,2023-12-12,True,True,C00064
CM001834,C00064,Contact,CAM0035,Event Campaign 035,Event,Sent,False,2025-01-10,True,True,C00064
CM001835,C00064,Contact,CAM0043,Webinar Campaign 043,Webinar,Sent,False,2025-10-27,True,True,C00064
CM001836,C00064,Contact,CAM0012,Telemarketing Campaign 012,Telemarketing,Sent,False,2023-11-12,True,True,C00064
CM001837,C00064,Contact,CAM0027,Advertisement Campaign 027,Advertisement,Sent,False,2024-03-31,True,True,C00064
CM001838,C00042,Contact,CAM0051,Webinar Campaign 051,Webinar,Attended,True,2025-03-16,False,True,C00042
CM001839,C00042,Contact,CAM0038,Email Campaign 038,Email,Sent,False,2023-02-02,True,True,C00042
CM001840,C00042,Contact,CAM0019,Webinar Campaign 019,Webinar,Sent,False,2024-07-07,True,False,C00042
CM001841,C00042,Contact,CAM0005,Telemarketing Campaign 005,Telemarketing,Sent,False,2024-08-29,True,True,C00042
CM001842,C00042,Contact,CAM0008,Email Campaign 008,Email,Sent,False,2023-05-07,True,True,C00042
CM001843,C00042,Contact,CAM0015,Advertisement Campaign 015,Advertisement,Sent,False,2024-05-08,False,True,C00042
CM001844,C00042,Contact,CAM0047,Advertisement Campaign 047,Advertisement,Sent,False,2025-06-24,True,True,C00042
CM001845,C00042,Contact,CAM0006,Telemarketing Campaign 006,Telemarketing,Sent,False,2023-04-11,True,False,C00042
CM001846,C00042,Contact,CAM0008,Email Campaign 008,Email,Sent,False,2023-05-03,True,True,C00042
CM001847,C00042,Contact,CAM0059,Content Syndication Campaign 059,Content Syndication,Sent,False,2026-05-09,True,True,C00042
CM001848,C00069,Contact,CAM0059,Content Syndication Campaign 059,Content Syndication,Responded,True,2026-05-03,False,True,C00069
CM001849,C00069,Contact,CAM0055,Advertisement Campaign 055,Advertisement,Clicked,True,2025-10-13,False,True,C00069
CM001850,C00069,Contact,CAM0001,Email Campaign 001,Email,Clicked,True,2024-10-23,False,True,C00069
CM001851,C00069,Contact,CAM0016,Content Syndication Campaign 016,Content Syndication,Responded,True,2023-08-21,False,True,C00069
CM001852,C00069,Contact,CAM0019,Webinar Campaign 019,Webinar,Registered,True,2024-06-14,False,True,C00069
CM001853,L00387,Lead,CAM0038,Email Campaign 038,Email,Clicked,True,2023-02-26,False,True,L00387
CM001854,L00154,Lead,CAM0060,Event Campaign 060,Event,Attended,True,2026-05-04,False,True,L00154
CM001855,L00154,Lead,CAM0010,Content Syndication Campaign 010,Content Syndication,Responded,True,2024-04-07,False,True,L00154
CM001856,L00396,Lead,CAM0058,Webinar Campaign 058,Webinar,Attended,True,2026-05-19,False,True,L00396
CM001857,L00396,Lead,CAM0044,Event Campaign 044,Event,Attended,True,2025-10-22,False,True,L00396
CM001858,L00250,Lead,CAM0038,Email Campaign 038,Email,Sent,False,2023-02-01,True,True,L00250
CM001859,L00250,Lead,CAM0060,Event Campaign 060,Event,Registered,True,2026-04-27,False,True,L00250
CM001860,L00250,Lead,CAM0006,Telemarketing Campaign 006,Telemarketing,Sent,False,2023-04-08,True,True,L00250
CM001861,L00250,Lead,CAM0034,Webinar Campaign 034,Webinar,Sent,False,2024-05-22,True,True,L00250
CM001862,L00250,Lead,CAM0033,Advertisement Campaign 033,Advertisement,Sent,False,2023-03-31,True,True,L00250
CM001863,L00250,Lead,CAM0004,Advertisement Campaign 004,Advertisement,Sent,False,2023-12-19,True,True,L00250
CM001864,L00250,Lead,CAM0037,Email Campaign 037,Email,Responded,True,2024-03-24,False,True,L00250
CM001865,L00250,Lead,CAM0005,Telemarketing Campaign 005,Telemarketing,Sent,False,2024-08-31,True,True,L00250
CM001866,L00250,Lead,CAM0042,Advertisement Campaign 042,Advertisement,Sent,False,2025-12-08,True,True,L00250
CM001867,L00250,Lead,CAM0013,Content Syndication Campaign 013,Content Syndication,Clicked,True,2023-05-19,False,True,L00250
CM001868,L00250,Lead,CAM0008,Email Campaign 008,Email,Sent,False,2023-05-02,True,True,L00250
CM001869,L00216,Lead,CAM0058,Webinar Campaign 058,Webinar,Attended,True,2026-05-14,False,True,L00216
CM001870,L00216,Lead,CAM0058,Webinar Campaign 058,Webinar,No Show,True,2026-05-08,False,True,L00216
CM001871,L00216,Lead,CAM0042,Advertisement Campaign 042,Advertisement,Sent,False,2025-11-28,False,True,L00216
CM001872,L00216,Lead,CAM0028,Telemarketing Campaign 028,Telemarketing,Sent,False,2024-12-22,False,True,L00216
CM001873,L00216,Lead,CAM0016,Content Syndication Campaign 016,Content Syndication,Sent,False,2023-09-06,False,True,L00216
CM001874,L00216,Lead,CAM0001,Email Campaign 001,Email,Clicked,True,2024-10-27,False,True,L00216
CM001875,L00216,Lead,CAM0055,Advertisement Campaign 055,Advertisement,Sent,False,2025-10-10,False,True,L00216
CM001876,L00216,Lead,CAM0011,Webinar Campaign 011,Webinar,Registered,True,2024-01-05,False,True,L00216
CM001877,L00082,Lead,CAM0044,Event Campaign 044,Event,Attended,True,2025-10-10,False,False,L00082
CM001878,L00324,Lead,CAM0056,Webinar Campaign 056,Webinar,Registered,True,2026-05-03,False,True,C00174
CM001879,L00324,Lead,CAM0016,Content Syndication Campaign 016,Content Syndication,Clicked,True,2023-09-17,False,True,C00174
CM001880,L00324,Lead,CAM0021,Advertisement Campaign 021,Advertisement,Sent,False,2023-08-20,False,True,C00174
CM001881,L00003,Lead,CAM0041,Email Campaign 041,Email,Sent,False,2025-04-18,True,True,L00003
CM001882,L00003,Lead,CAM0011,Webinar Campaign 011,Webinar,Sent,False,2024-01-13,True,True,L00003
CM001883,L00003,Lead,CAM0028,Telemarketing Campaign 028,Telemarketing,Sent,False,2024-12-08,True,True,L00003
CM001884,L00003,Lead,CAM0022,Event Campaign 022,Event,Sent,False,2024-05-02,True,False,L00003
CM001885,L00003,Lead,CAM0057,Event Campaign 057,Event,Sent,False,2026-05-21,True,True,L00003
CM001886,L00003,Lead,CAM0021,Advertisement Campaign 021,Advertisement,Sent,False,2023-08-13,True,True,L00003
CM001887,L00003,Lead,CAM0030,Event Campaign 030,Event,Sent,False,2023-09-15,True,True,L00003
CM001888,L00003,Lead,CAM0042,Advertisement Campaign 042,Advertisement,Clicked,True,2025-11-23,False,True,L00003
CM001889,L00003,Lead,CAM0058,Webinar Campaign 058,Webinar,Sent,False,2026-05-29,True,True,L00003
CM001890,L00003,Lead,CAM0033,Advertisement Campaign 033,Advertisement,Sent,False,2023-04-04,True,False,L00003
CM001891,L00003,Lead,CAM0051,Webinar Campaign 051,Webinar,Sent,False,2025-03-24,True,True,L00003
CM001892,L00003,Lead,CAM0008,Email Campaign 008,Email,Sent,False,2023-04-26,True,False,L00003
CM001893,L00003,Lead,CAM0054,Email Campaign 054,Email,Sent,False,2025-12-27,True,True,L00003
CM001894,L00003,Lead,CAM0013,Content Syndication Campaign 013,Content Syndication,Sent,False,2023-04-23,True,True,L00003
CM001895,L00003,Lead,CAM0046,Webinar Campaign 046,Webinar,Registered,True,2026-01-27,False,True,L00003
CM001896,L00003,Lead,CAM0033,Advertisement Campaign 033,Advertisement,Sent,False,2023-03-14,True,True,L00003
CM001897,L00003,Lead,CAM0037,Email Campaign 037,Email,Sent,False,2024-03-22,True,True,L00003
CM001898,C00329,Contact,CAM0021,Advertisement Campaign 021,Advertisement,Clicked,True,2023-08-20,False,True,C00329
CM001899,C00329,Contact,CAM0030,Event Campaign 030,Event,Sent,False,2023-09-25,True,True,C00329
CM001900,C00329,Contact,CAM0036,Advertisement Campaign 036,Advertisement,Sent,False,2024-10-03,True,True,C00329
CM001901,C00329,Contact,CAM0009,Webinar Campaign 009,Webinar,Sent,False,2024-07-28,True,True,C00329
CM001902,C00329,Contact,CAM0035,Event Campaign 035,Event,Sent,False,2024-12-31,True,True,C00329
CM001903,C00329,Contact,CAM0013,Content Syndication Campaign 013,Content Syndication,Sent,False,2023-05-20,True,True,C00329
CM001904,C00329,Contact,CAM0053,Email Campaign 053,Email,Clicked,True,2025-06-08,False,True,C00329
CM001905,C00329,Contact,CAM0018,Content Syndication Campaign 018,Content Syndication,Clicked,True,2024-07-10,False,True,C00329
CM001906,C00329,Contact,CAM0019,Webinar Campaign 019,Webinar,Sent,False,2024-06-12,True,False,C00329
CM001907,C00329,Contact,CAM0025,Event Campaign 025,Event,Sent,False,2023-03-18,True,True,C00329
CM001908,L00277,Lead,CAM0029,Webinar Campaign 029,Webinar,Sent,False,2024-01-31,True,True,L00277
CM001909,L00277,Lead,CAM0037,Email Campaign 037,Email,Sent,False,2024-03-10,True,True,L00277
CM001910,L00277,Lead,CAM0059,Content Syndication Campaign 059,Content Syndication,Sent,False,2026-05-05,True,True,L00277
CM001911,L00277,Lead,CAM0048,Event Campaign 048,Event,Sent,False,2025-08-07,True,True,L00277
CM001912,L00277,Lead,CAM0010,Content Syndication Campaign 010,Content Syndication,Sent,False,2024-04-24,True,True,L00277
CM001913,L00277,Lead,CAM0012,Telemarketing Campaign 012,Telemarketing,Sent,False,2023-11-08,True,True,L00277
CM001914,L00277,Lead,CAM0022,Event Campaign 022,Event,Sent,False,2024-05-15,True,True,L00277
CM001915,L00277,Lead,CAM0017,Content Syndication Campaign 017,Content Syndication,Sent,False,2023-11-26,True,True,L00277
CM001916,L00277,Lead,CAM0045,Email Campaign 045,Email,Sent,False,2025-04-17,True,True,L00277
CM001917,L00277,Lead,CAM0060,Event Campaign 060,Event,Registered,True,2026-04-23,False,True,L00277
CM001918,L00277,Lead,CAM0035,Event Campaign 035,Event,Sent,False,2025-01-12,True,True,L00277
CM001919,L00277,Lead,CAM0054,Email Campaign 054,Email,Sent,False,2026-01-02,True,False,L00277
CM001920,L00135,Lead,CAM0025,Event Campaign 025,Event,Registered,True,2023-03-07,False,True,L00135
CM001921,L00135,Lead,CAM0037,Email Campaign 037,Email,Sent,False,2024-03-19,True,True,L00135
CM001922,L00135,Lead,CAM0020,Event Campaign 020,Event,Attended,True,2023-12-30,False,True,L00135
CM001923,C00361,Contact,CAM0058,Webinar Campaign 058,Webinar,Sent,False,2026-05-04,True,True,C00361
CM001924,C00361,Contact,CAM0023,Webinar Campaign 023,Webinar,Sent,False,2024-04-25,True,True,C00361
CM001925,C00361,Contact,CAM0007,Advertisement Campaign 007,Advertisement,Clicked,True,2023-11-24,False,True,C00361
CM001926,C00361,Contact,CAM0041,Email Campaign 041,Email,Sent,False,2025-05-06,True,True,C00361
CM001927,C00361,Contact,CAM0059,Content Syndication Campaign 059,Content Syndication,Sent,False,2026-04-27,True,True,C00361
CM001928,C00361,Contact,CAM0011,Webinar Campaign 011,Webinar,Registered,True,2024-01-26,False,True,C00361
CM001929,C00361,Contact,CAM0060,Event Campaign 060,Event,Sent,False,2026-04-30,True,True,C00361
CM001930,C00361,Contact,CAM0033,Advertisement Campaign 033,Advertisement,Sent,False,2023-03-18,True,True,C00361
CM001931,C00361,Contact,CAM0034,Webinar Campaign 034,Webinar,No Show,True,2024-05-29,False,True,C00361
CM001932,C00361,Contact,CAM0058,Webinar Campaign 058,Webinar,Sent,False,2026-05-29,True,True,C00361
CM001933,C00361,Contact,CAM0020,Event Campaign 020,Event,Sent,False,2023-12-05,True,True,C00361
CM001934,C00361,Contact,CAM0045,Email Campaign 045,Email,Sent,False,2025-05-10,True,True,C00361
CM001935,L00291,Lead,CAM0039,Advertisement Campaign 039,Advertisement,Sent,False,2025-01-15,False,True,C00258
CM001936,L00291,Lead,CAM0059,Content Syndication Campaign 059,Content Syndication,Responded,True,2026-04-19,False,True,C00258
CM001937,L00014,Lead,CAM0019,Webinar Campaign 019,Webinar,Registered,True,2024-07-04,False,True,L00014
CM001938,L00014,Lead,CAM0006,Telemarketing Campaign 006,Telemarketing,Responded,True,2023-04-27,False,False,L00014
CM001939,L00537,Lead,CAM0001,Email Campaign 001,Email,Sent,False,2024-10-08,True,True,L00537
CM001940,L00537,Lead,CAM0052,Advertisement Campaign 052,Advertisement,Clicked,True,2025-04-29,False,True,L00537
CM001941,C00172,Contact,CAM0058,Webinar Campaign 058,Webinar,Registered,True,2026-05-04,False,False,C00172
CM001942,C00172,Contact,CAM0051,Webinar Campaign 051,Webinar,Registered,True,2025-03-19,False,True,C00172
CM001943,C00172,Contact,CAM0031,Email Campaign 031,Email,Sent,False,2024-02-25,True,True,C00172
CM001944,C00172,Contact,CAM0037,Email Campaign 037,Email,Clicked,True,2024-03-18,False,True,C00172
CM001945,C00172,Contact,CAM0019,Webinar Campaign 019,Webinar,Attended,True,2024-07-02,False,True,C00172
CM001946,C00193,Contact,CAM0041,Email Campaign 041,Email,Sent,False,2025-04-19,True,False,C00193
CM001947,C00343,Contact,CAM0013,Content Syndication Campaign 013,Content Syndication,Responded,True,2023-04-22,False,True,C00343
CM001948,C00343,Contact,CAM0004,Advertisement Campaign 004,Advertisement,Sent,False,2023-12-04,False,True,C00343
CM001949,L00475,Lead,CAM0019,Webinar Campaign 019,Webinar,Attended,True,2024-07-02,False,True,L00475
CM001950,L00475,Lead,CAM0027,Advertisement Campaign 027,Advertisement,Sent,False,2024-04-21,False,True,L00475
CM001951,L00167,Lead,CAM0016,Content Syndication Campaign 016,Content Syndication,Responded,True,2023-09-05,False,True,L00167
CM001952,L00230,Lead,CAM0044,Event Campaign 044,Event,Attended,True,2025-10-19,False,False,C00087
CM001953,L00230,Lead,CAM0058,Webinar Campaign 058,Webinar,Attended,True,2026-05-19,False,True,C00087
CM001954,L00230,Lead,CAM0048,Event Campaign 048,Event,Registered,True,2025-07-25,False,True,C00087
CM001955,L00230,Lead,CAM0043,Webinar Campaign 043,Webinar,Attended,True,2025-10-27,False,True,C00087
CM001956,L00230,Lead,CAM0048,Event Campaign 048,Event,Attended,True,2025-07-16,False,True,C00087
CM001957,L00230,Lead,CAM0034,Webinar Campaign 034,Webinar,No Show,True,2024-05-13,False,True,C00087
CM001958,L00269,Lead,CAM0031,Email Campaign 031,Email,Clicked,True,2024-03-03,False,True,L00269
CM001959,L00530,Lead,CAM0004,Advertisement Campaign 004,Advertisement,Sent,False,2023-12-02,True,True,L00530
CM001960,L00530,Lead,CAM0010,Content Syndication Campaign 010,Content Syndication,Sent,False,2024-04-06,True,True,L00530
CM001961,L00530,Lead,CAM0012,Telemarketing Campaign 012,Telemarketing,Sent,False,2023-10-18,True,True,L00530
CM001962,L00530,Lead,CAM0020,Event Campaign 020,Event,Sent,False,2023-12-29,True,True,L00530
CM001963,L00530,Lead,CAM0054,Email Campaign 054,Email,Sent,False,2025-12-27,True,True,L00530
CM001964,L00530,Lead,CAM0057,Event Campaign 057,Event,Sent,False,2026-05-20,True,True,L00530
CM001965,L00530,Lead,CAM0019,Webinar Campaign 019,Webinar,Sent,False,2024-06-18,True,True,L00530
CM001966,L00530,Lead,CAM0044,Event Campaign 044,Event,Sent,False,2025-10-07,True,True,L00530
CM001967,L00530,Lead,CAM0001,Email Campaign 001,Email,Sent,False,2024-10-25,True,True,L00530
CM001968,L00530,Lead,CAM0031,Email Campaign 031,Email,Sent,False,2024-03-01,True,True,L00530
CM001969,L00530,Lead,CAM0038,Email Campaign 038,Email,Sent,False,2023-02-22,True,True,L00530
CM001970,L00530,Lead,CAM0052,Advertisement Campaign 052,Advertisement,Sent,False,2025-05-01,True,True,L00530
CM001971,L00530,Lead,CAM0050,Webinar Campaign 050,Webinar,Sent,False,2025-09-25,True,True,L00530
CM001972,L00288,Lead,CAM0012,Telemarketing Campaign 012,Telemarketing,Sent,False,2023-10-24,False,True,L00288
CM001973,L00288,Lead,CAM0054,Email Campaign 054,Email,Sent,False,2025-12-23,True,True,L00288
CM001974,L00288,Lead,CAM0049,Webinar Campaign 049,Webinar,Attended,True,2025-10-10,False,True,L00288
CM001975,C00334,Contact,CAM0057,Event Campaign 057,Event,Registered,True,2026-05-29,False,True,C00334
CM001976,C00334,Contact,CAM0010,Content Syndication Campaign 010,Content Syndication,Clicked,True,2024-04-20,False,True,C00334
CM001977,L00200,Lead,CAM0030,Event Campaign 030,Event,Attended,True,2023-09-12,False,True,C00139
CM001978,C00265,Contact,CAM0059,Content Syndication Campaign 059,Content Syndication,Sent,False,2026-04-19,False,True,C00265
CM001979,C00265,Contact,CAM0002,Telemarketing Campaign 002,Telemarketing,Responded,True,2023-02-15,False,True,C00265
CM001980,C00265,Contact,CAM0003,Event Campaign 003,Event,Attended,True,2023-10-26,False,True,C00265
CM001981,L00427,Lead,CAM0041,Email Campaign 041,Email,Sent,False,2025-04-23,True,True,C00100
CM001982,L00427,Lead,CAM0027,Advertisement Campaign 027,Advertisement,Sent,False,2024-04-05,False,True,C00100
CM001983,L00427,Lead,CAM0046,Webinar Campaign 046,Webinar,Registered,True,2026-01-23,False,True,C00100
CM001984,C00043,Contact,CAM0059,Content Syndication Campaign 059,Content Syndication,Responded,True,2026-05-09,False,True,C00043
CM001985,C00043,Contact,CAM0059,Content Syndication Campaign 059,Content Syndication,Clicked,True,2026-05-08,False,True,C00043
CM001986,C00043,Contact,CAM0053,Email Campaign 053,Email,Sent,False,2025-05-21,True,True,C00043
CM001987,C00043,Contact,CAM0006,Telemarketing Campaign 006,Telemarketing,Sent,False,2023-04-30,False,True,C00043
CM001988,C00043,Contact,CAM0011,Webinar Campaign 011,Webinar,Attended,True,2023-12-30,False,True,C00043
CM001989,C00043,Contact,CAM0024,Advertisement Campaign 024,Advertisement,Sent,False,2024-03-24,False,True,C00043
CM001990,C00043,Contact,CAM0035,Event Campaign 035,Event,Registered,True,2025-01-14,False,True,C00043
CM001991,C00261,Contact,CAM0060,Event Campaign 060,Event,No Show,True,2026-04-20,False,True,C00261
CM001992,C00160,Contact,CAM0032,Webinar Campaign 032,Webinar,Attended,True,2023-05-13,False,True,C00160
CM001993,C00160,Contact,CAM0031,Email Campaign 031,Email,Clicked,True,2024-02-11,False,True,C00160
CM001994,C00160,Contact,CAM0041,Email Campaign 041,Email,Sent,False,2025-05-05,True,True,C00160
CM001995,C00160,Contact,CAM0028,Telemarketing Campaign 028,Telemarketing,Responded,True,2024-12-14,False,True,C00160
CM001996,C00160,Contact,CAM0058,Webinar Campaign 058,Webinar,Attended,True,2026-05-10,False,True,C00160
CM001997,L00364,Lead,CAM0056,Webinar Campaign 056,Webinar,Registered,True,2026-04-15,False,True,L00364
CM001998,L00364,Lead,CAM0025,Event Campaign 025,Event,No Show,True,2023-03-23,False,True,L00364
CM001999,L00246,Lead,CAM0058,Webinar Campaign 058,Webinar,Registered,True,2026-05-14,False,True,L00246
CM002000,L00246,Lead,CAM0025,Event Campaign 025,Event,Attended,True,2023-03-16,False,True,L00246
CM002001,C00131,Contact,CAM0051,Webinar Campaign 051,Webinar,Sent,False,2025-03-05,True,True,C00131
CM002002,C00131,Contact,CAM0014,Content Syndication Campaign 014,Content Syndication,Sent,False,2024-11-29,True,True,C00131
CM002003,C00131,Contact,CAM0043,Webinar Campaign 043,Webinar,Sent,False,2025-10-22,True,True,C00131
CM002004,C00131,Contact,CAM0026,Telemarketing Campaign 026,Telemarketing,Sent,False,2023-12-26,True,True,C00131
CM002005,C00131,Contact,CAM0011,Webinar Campaign 011,Webinar,Sent,False,2024-01-02,True,True,C00131
CM002006,C00131,Contact,CAM0014,Content Syndication Campaign 014,Content Syndication,Sent,False,2024-11-22,False,True,C00131
CM002007,C00131,Contact,CAM0041,Email Campaign 041,Email,Sent,False,2025-04-30,True,True,C00131
CM002008,C00131,Contact,CAM0048,Event Campaign 048,Event,Sent,False,2025-08-04,True,True,C00131
CM002009,C00131,Contact,CAM0020,Event Campaign 020,Event,Registered,True,2023-12-05,False,True,C00131
CM002010,C00131,Contact,CAM0056,Webinar Campaign 056,Webinar,Sent,False,2026-05-04,True,True,C00131
CM002011,C00189,Contact,CAM0010,Content Syndication Campaign 010,Content Syndication,Clicked,True,2024-04-27,False,False,C00189
CM002012,C00189,Contact,CAM0036,Advertisement Campaign 036,Advertisement,Sent,False,2024-09-14,True,True,C00189
CM002013,C00189,Contact,CAM0001,Email Campaign 001,Email,Sent,False,2024-10-17,True,False,C00189
CM002014,C00189,Contact,CAM0038,Email Campaign 038,Email,Clicked,True,2023-02-27,False,True,C00189
CM002015,C00189,Contact,CAM0045,Email Campaign 045,Email,Responded,True,2025-05-09,False,True,C00189
CM002016,C00189,Contact,CAM0029,Webinar Campaign 029,Webinar,Sent,False,2024-01-19,True,False,C00189
CM002017,C00189,Contact,CAM0015,Advertisement Campaign 015,Advertisement,Sent,False,2024-05-05,True,True,C00189
CM002018,C00189,Contact,CAM0015,Advertisement Campaign 015,Advertisement,Sent,False,2024-04-26,True,True,C00189
CM002019,C00189,Contact,CAM0042,Advertisement Campaign 042,Advertisement,Clicked,True,2025-12-10,False,True,C00189
CM002020,C00189,Contact,CAM0026,Telemarketing Campaign 026,Telemarketing,Sent,False,2023-12-16,True,True,C00189
CM002021,C00189,Contact,CAM0056,Webinar Campaign 056,Webinar,Sent,False,2026-05-07,True,True,C00189
CM002022,C00189,Contact,CAM0059,Content Syndication Campaign 059,Content Syndication,Sent,False,2026-05-04,True,False,C00189
CM002023,C00189,Contact,CAM0027,Advertisement Campaign 027,Advertisement,Clicked,True,2024-03-31,False,True,C00189
CM002024,C00189,Contact,CAM0017,Content Syndication Campaign 017,Content Syndication,Sent,False,2023-11-11,True,True,C00189
CM002025,C00189,Contact,CAM0049,Webinar Campaign 049,Webinar,Sent,False,2025-10-14,True,True,C00189
CM002026,L00238,Lead,CAM0059,Content Syndication Campaign 059,Content Syndication,Responded,True,2026-05-05,False,True,C00104
CM002027,L00238,Lead,CAM0052,Advertisement Campaign 052,Advertisement,Clicked,True,2025-04-29,False,True,C00104
CM002028,L00238,Lead,CAM0046,Webinar Campaign 046,Webinar,Registered,True,2026-01-05,False,True,C00104
CM002029,L00424,Lead,CAM0035,Event Campaign 035,Event,Registered,True,2025-01-12,False,False,L00424
CM002030,L00424,Lead,CAM0014,Content Syndication Campaign 014,Content Syndication,Responded,True,2024-11-19,False,True,L00424
CM002031,L00424,Lead,CAM0024,Advertisement Campaign 024,Advertisement,Sent,False,2024-03-24,False,True,L00424
CM002032,C00220,Contact,CAM0044,Event Campaign 044,Event,Attended,True,2025-10-01,False,True,C00220
CM002033,C00305,Contact,CAM0039,Advertisement Campaign 039,Advertisement,Sent,False,2025-01-20,True,True,C00305
CM002034,C00305,Contact,CAM0041,Email Campaign 041,Email,Sent,False,2025-04-28,True,False,C00305
CM002035,C00305,Contact,CAM0039,Advertisement Campaign 039,Advertisement,Sent,False,2025-01-02,True,True,C00305
CM002036,C00305,Contact,CAM0018,Content Syndication Campaign 018,Content Syndication,Clicked,True,2024-07-10,False,True,C00305
CM002037,C00305,Contact,CAM0046,Webinar Campaign 046,Webinar,Sent,False,2026-01-24,True,True,C00305
CM002038,C00305,Contact,CAM0019,Webinar Campaign 019,Webinar,Sent,False,2024-06-09,True,True,C00305
CM002039,C00305,Contact,CAM0049,Webinar Campaign 049,Webinar,Sent,False,2025-10-11,True,True,C00305
CM002040,C00305,Contact,CAM0023,Webinar Campaign 023,Webinar,Sent,False,2024-05-04,True,True,C00305
CM002041,C00305,Contact,CAM0051,Webinar Campaign 051,Webinar,Sent,False,2025-03-14,True,True,C00305
CM002042,L00185,Lead,CAM0016,Content Syndication Campaign 016,Content Syndication,Sent,False,2023-09-12,True,True,C00266
CM002043,L00185,Lead,CAM0054,Email Campaign 054,Email,Sent,False,2025-12-29,True,True,C00266
CM002044,L00185,Lead,CAM0021,Advertisement Campaign 021,Advertisement,Sent,False,2023-08-26,False,True,C00266
CM002045,L00185,Lead,CAM0020,Event Campaign 020,Event,Sent,False,2023-12-26,True,True,C00266
CM002046,L00185,Lead,CAM0005,Telemarketing Campaign 005,Telemarketing,Sent,False,2024-08-23,True,True,C00266
CM002047,L00185,Lead,CAM0022,Event Campaign 022,Event,Sent,False,2024-05-15,True,True,C00266
CM002048,L00185,Lead,CAM0014,Content Syndication Campaign 014,Content Syndication,Sent,False,2024-11-24,True,True,C00266
CM002049,L00185,Lead,CAM0022,Event Campaign 022,Event,Sent,False,2024-04-29,True,True,C00266
CM002050,L00185,Lead,CAM0012,Telemarketing Campaign 012,Telemarketing,Sent,False,2023-10-18,True,True,C00266
CM002051,L00185,Lead,CAM0012,Telemarketing Campaign 012,Telemarketing,Sent,False,2023-11-08,True,True,C00266
CM002052,L00192,Lead,CAM0049,Webinar Campaign 049,Webinar,No Show,True,2025-10-22,False,True,L00192
CM002053,L00192,Lead,CAM0031,Email Campaign 031,Email,Clicked,True,2024-03-07,False,True,L00192
CM002054,L00192,Lead,CAM0048,Event Campaign 048,Event,No Show,True,2025-08-03,False,True,L00192
CM002055,L00192,Lead,CAM0044,Event Campaign 044,Event,No Show,True,2025-10-30,False,True,L00192
CM002056,C00149,Contact,CAM0037,Email Campaign 037,Email,Clicked,True,2024-03-18,False,True,C00149
CM002057,L00030,Lead,CAM0012,Telemarketing Campaign 012,Telemarketing,Sent,False,2023-11-08,False,True,L00030
CM002058,L00030,Lead,CAM0016,Content Syndication Campaign 016,Content Syndication,Clicked,True,2023-09-05,False,True,L00030
CM002059,L00030,Lead,CAM0053,Email Campaign 053,Email,Sent,False,2025-06-05,True,True,L00030
CM002060,L00030,Lead,CAM0006,Telemarketing Campaign 006,Telemarketing,Clicked,True,2023-04-18,False,True,L00030
CM002061,C00357,Contact,CAM0038,Email Campaign 038,Email,Sent,False,2023-02-15,True,True,C00357
CM002062,C00357,Contact,CAM0010,Content Syndication Campaign 010,Content Syndication,Sent,False,2024-05-01,True,True,C00357
CM002063,C00357,Contact,CAM0031,Email Campaign 031,Email,Sent,False,2024-02-12,True,True,C00357
CM002064,C00357,Contact,CAM0008,Email Campaign 008,Email,Sent,False,2023-05-06,True,True,C00357
CM002065,C00357,Contact,CAM0039,Advertisement Campaign 039,Advertisement,Sent,False,2025-01-11,True,True,C00357
CM002066,C00357,Contact,CAM0042,Advertisement Campaign 042,Advertisement,Sent,False,2025-11-29,True,True,C00357
CM002067,C00357,Contact,CAM0049,Webinar Campaign 049,Webinar,Sent,False,2025-10-30,True,True,C00357
CM002068,C00357,Contact,CAM0010,Content Syndication Campaign 010,Content Syndication,Sent,False,2024-04-22,True,True,C00357
CM002069,C00357,Contact,CAM0028,Telemarketing Campaign 028,Telemarketing,Sent,False,2024-12-04,False,True,C00357
CM002070,C00357,Contact,CAM0022,Event Campaign 022,Event,Sent,False,2024-05-22,True,True,C00357
CM002071,C00357,Contact,CAM0025,Event Campaign 025,Event,Sent,False,2023-02-24,True,True,C00357
CM002072,C00357,Contact,CAM0057,Event Campaign 057,Event,Sent,False,2026-05-29,True,True,C00357
CM002073,C00357,Contact,CAM0034,Webinar Campaign 034,Webinar,Sent,False,2024-05-20,True,True,C00357
CM002074,C00357,Contact,CAM0027,Advertisement Campaign 027,Advertisement,Sent,False,2024-04-03,True,True,C00357
CM002075,C00357,Contact,CAM0055,Advertisement Campaign 055,Advertisement,Sent,False,2025-09-22,True,True,C00357
CM002076,C00357,Contact,CAM0032,Webinar Campaign 032,Webinar,Sent,False,2023-05-25,True,True,C00357
CM002077,C00357,Contact,CAM0026,Telemarketing Campaign 026,Telemarketing,Sent,False,2024-01-07,True,True,C00357
CM002078,C00251,Contact,CAM0059,Content Syndication Campaign 059,Content Syndication,Clicked,True,2026-04-20,False,True,C00251
CM002079,C00251,Contact,CAM0028,Telemarketing Campaign 028,Telemarketing,Responded,True,2024-11-30,False,True,C00251
CM002080,C00251,Contact,CAM0038,Email Campaign 038,Email,Sent,False,2023-02-28,True,True,C00251
CM002081,L00294,Lead,CAM0014,Content Syndication Campaign 014,Content Syndication,Sent,False,2024-11-13,True,True,L00294
CM002082,L00294,Lead,CAM0004,Advertisement Campaign 004,Advertisement,Sent,False,2023-12-29,True,False,L00294
CM002083,L00294,Lead,CAM0053,Email Campaign 053,Email,Sent,False,2025-05-30,True,True,L00294
CM002084,L00294,Lead,CAM0019,Webinar Campaign 019,Webinar,Sent,False,2024-06-15,True,True,L00294
CM002085,L00294,Lead,CAM0058,Webinar Campaign 058,Webinar,Attended,True,2026-05-08,False,False,L00294
CM002086,L00294,Lead,CAM0014,Content Syndication Campaign 014,Content Syndication,Responded,True,2024-11-28,False,True,L00294
CM002087,L00294,Lead,CAM0022,Event Campaign 022,Event,Registered,True,2024-05-19,False,True,L00294
CM002088,L00294,Lead,CAM0053,Email Campaign 053,Email,Sent,False,2025-05-17,True,True,L00294
CM002089,L00287,Lead,CAM0057,Event Campaign 057,Event,Attended,True,2026-05-04,False,True,C00384
CM002090,L00287,Lead,CAM0016,Content Syndication Campaign 016,Content Syndication,Sent,False,2023-09-05,False,True,C00384
CM002091,L00287,Lead,CAM0032,Webinar Campaign 032,Webinar,Registered,True,2023-06-01,False,True,C00384
CM002092,L00049,Lead,CAM0016,Content Syndication Campaign 016,Content Syndication,Sent,False,2023-09-06,False,True,C00224
CM002093,L00407,Lead,CAM0005,Telemarketing Campaign 005,Telemarketing,Sent,False,2024-08-11,False,True,L00407
CM002094,L00488,Lead,CAM0012,Telemarketing Campaign 012,Telemarketing,Clicked,True,2023-11-06,False,True,L00488
CM002095,L00488,Lead,CAM0043,Webinar Campaign 043,Webinar,Attended,True,2025-10-06,False,True,L00488
CM002096,L00488,Lead,CAM0002,Telemarketing Campaign 002,Telemarketing,Clicked,True,2023-03-02,False,True,L00488
CM002097,C00057,Contact,CAM0060,Event Campaign 060,Event,Registered,True,2026-04-21,False,True,C00057
CM002098,C00057,Contact,CAM0007,Advertisement Campaign 007,Advertisement,Sent,False,2023-11-24,False,True,C00057
CM002099,C00057,Contact,CAM0039,Advertisement Campaign 039,Advertisement,Sent,False,2025-01-10,False,True,C00057
CM002100,C00057,Contact,CAM0035,Event Campaign 035,Event,Attended,True,2025-01-18,False,False,C00057
CM002101,L00343,Lead,CAM0058,Webinar Campaign 058,Webinar,Registered,True,2026-05-29,False,True,L00343
CM002102,C00100,Contact,CAM0035,Event Campaign 035,Event,No Show,True,2025-01-09,False,False,C00100
CM002103,C00100,Contact,CAM0002,Telemarketing Campaign 002,Telemarketing,Sent,False,2023-02-22,False,True,C00100
CM002104,L00090,Lead,CAM0059,Content Syndication Campaign 059,Content Syndication,Sent,False,2026-05-01,True,True,L00090
CM002105,L00090,Lead,CAM0028,Telemarketing Campaign 028,Telemarketing,Sent,False,2024-11-29,True,True,L00090
CM002106,L00090,Lead,CAM0048,Event Campaign 048,Event,Sent,False,2025-08-03,True,True,L00090
CM002107,L00090,Lead,CAM0056,Webinar Campaign 056,Webinar,Sent,False,2026-05-09,True,True,L00090
CM002108,L00090,Lead,CAM0001,Email Campaign 001,Email,Clicked,True,2024-10-05,False,False,L00090
CM002109,L00090,Lead,CAM0044,Event Campaign 044,Event,Sent,False,2025-10-07,True,True,L00090
CM002110,L00090,Lead,CAM0055,Advertisement Campaign 055,Advertisement,Sent,False,2025-10-10,True,True,L00090
CM002111,L00090,Lead,CAM0035,Event Campaign 035,Event,No Show,True,2025-01-01,False,True,L00090
CM002112,L00090,Lead,CAM0058,Webinar Campaign 058,Webinar,Sent,False,2026-05-23,True,True,L00090
CM002113,L00090,Lead,CAM0042,Advertisement Campaign 042,Advertisement,Sent,False,2025-12-08,True,True,L00090
CM002114,L00090,Lead,CAM0038,Email Campaign 038,Email,Sent,False,2023-02-12,True,True,L00090
CM002115,L00090,Lead,CAM0008,Email Campaign 008,Email,Sent,False,2023-05-08,True,True,L00090
CM002116,L00090,Lead,CAM0048,Event Campaign 048,Event,Sent,False,2025-08-09,True,True,L00090
CM002117,L00090,Lead,CAM0052,Advertisement Campaign 052,Advertisement,Sent,False,2025-05-11,True,True,L00090
CM002118,L00090,Lead,CAM0020,Event Campaign 020,Event,Sent,False,2023-12-10,True,True,L00090
CM002119,L00090,Lead,CAM0010,Content Syndication Campaign 010,Content Syndication,Clicked,True,2024-04-08,False,True,L00090
CM002120,L00090,Lead,CAM0035,Event Campaign 035,Event,Sent,False,2025-01-01,True,True,L00090
CM002121,L00090,Lead,CAM0057,Event Campaign 057,Event,Sent,False,2026-05-20,True,True,L00090
CM002122,L00090,Lead,CAM0044,Event Campaign 044,Event,Sent,False,2025-10-04,True,True,L00090
CM002123,L00090,Lead,CAM0049,Webinar Campaign 049,Webinar,No Show,True,2025-10-05,False,True,L00090
CM002124,L00090,Lead,CAM0034,Webinar Campaign 034,Webinar,Sent,False,2024-05-15,True,True,L00090
CM002125,L00090,Lead,CAM0026,Telemarketing Campaign 026,Telemarketing,Sent,False,2024-01-03,True,True,L00090
CM002126,L00090,Lead,CAM0019,Webinar Campaign 019,Webinar,Sent,False,2024-06-24,True,True,L00090
CM002127,L00090,Lead,CAM0049,Webinar Campaign 049,Webinar,Sent,False,2025-10-09,True,True,L00090
CM002128,L00090,Lead,CAM0039,Advertisement Campaign 039,Advertisement,Sent,False,2024-12-25,True,True,L00090
CM002129,L00090,Lead,CAM0045,Email Campaign 045,Email,Sent,False,2025-04-14,True,True,L00090
CM002130,L00090,Lead,CAM0051,Webinar Campaign 051,Webinar,Sent,False,2025-03-31,True,True,L00090
CM002131,L00090,Lead,CAM0059,Content Syndication Campaign 059,Content Syndication,Sent,False,2026-04-16,True,True,L00090
CM002132,L00090,Lead,CAM0051,Webinar Campaign 051,Webinar,Sent,False,2025-03-31,True,False,L00090
CM002133,L00090,Lead,CAM0027,Advertisement Campaign 027,Advertisement,Sent,False,2024-03-31,True,True,L00090
CM002134,L00090,Lead,CAM0008,Email Campaign 008,Email,Sent,False,2023-05-02,True,True,L00090
CM002135,L00090,Lead,CAM0034,Webinar Campaign 034,Webinar,Sent,False,2024-05-26,True,True,L00090
CM002136,L00090,Lead,CAM0027,Advertisement Campaign 027,Advertisement,Sent,False,2024-03-26,True,True,L00090
CM002137,L00090,Lead,CAM0057,Event Campaign 057,Event,Sent,False,2026-05-07,True,False,L00090
CM002138,L00090,Lead,CAM0003,Event Campaign 003,Event,Sent,False,2023-11-09,True,True,L00090
CM002139,L00090,Lead,CAM0052,Advertisement Campaign 052,Advertisement,Sent,False,2025-04-30,True,True,L00090
CM002140,L00090,Lead,CAM0038,Email Campaign 038,Email,Sent,False,2023-02-09,True,False,L00090
CM002141,L00090,Lead,CAM0005,Telemarketing Campaign 005,Telemarketing,Sent,False,2024-08-29,True,True,L00090
CM002142,L00090,Lead,CAM0015,Advertisement Campaign 015,Advertisement,Sent,False,2024-05-08,True,True,L00090
CM002143,L00090,Lead,CAM0004,Advertisement Campaign 004,Advertisement,Sent,False,2023-12-23,True,True,L00090
CM002144,L00090,Lead,CAM0056,Webinar Campaign 056,Webinar,Sent,False,2026-04-19,True,True,L00090
CM002145,L00090,Lead,CAM0039,Advertisement Campaign 039,Advertisement,Sent,False,2025-01-19,True,True,L00090
CM002146,L00389,Lead,CAM0015,Advertisement Campaign 015,Advertisement,Clicked,True,2024-05-14,False,True,L00389
CM002147,L00389,Lead,CAM0028,Telemarketing Campaign 028,Telemarketing,Responded,True,2024-11-27,False,True,L00389
CM002148,L00005,Lead,CAM0059,Content Syndication Campaign 059,Content Syndication,Clicked,True,2026-05-10,False,True,L00005
CM002149,L00005,Lead,CAM0039,Advertisement Campaign 039,Advertisement,Clicked,True,2024-12-24,False,False,L00005
CM002150,L00005,Lead,CAM0024,Advertisement Campaign 024,Advertisement,Sent,False,2024-03-18,False,True,L00005
CM002151,L00005,Lead,CAM0052,Advertisement Campaign 052,Advertisement,Clicked,True,2025-04-23,False,True,L00005
CM002152,L00005,Lead,CAM0037,Email Campaign 037,Email,Responded,True,2024-03-23,False,False,L00005
CM002153,L00050,Lead,CAM0001,Email Campaign 001,Email,Sent,False,2024-10-11,True,True,L00050
CM002154,L00081,Lead,CAM0060,Event Campaign 060,Event,Attended,True,2026-04-26,False,True,L00081
CM002155,L00081,Lead,CAM0013,Content Syndication Campaign 013,Content Syndication,Clicked,True,2023-05-03,False,False,L00081
CM002156,L00013,Lead,CAM0056,Webinar Campaign 056,Webinar,Attended,True,2026-05-06,False,True,L00013
CM002157,L00013,Lead,CAM0026,Telemarketing Campaign 026,Telemarketing,Responded,True,2023-12-12,False,True,L00013
CM002158,C00226,Contact,CAM0022,Event Campaign 022,Event,No Show,True,2024-05-20,False,True,C00226
CM002159,L00596,Lead,CAM0008,Email Campaign 008,Email,Clicked,True,2023-05-15,False,True,L00596
CM002160,L00596,Lead,CAM0014,Content Syndication Campaign 014,Content Syndication,Clicked,True,2024-11-14,False,True,L00596
CM002161,L00596,Lead,CAM0059,Content Syndication Campaign 059,Content Syndication,Responded,True,2026-04-13,False,True,L00596
CM002162,L00283,Lead,CAM0060,Event Campaign 060,Event,Attended,True,2026-05-12,False,True,L00283
CM002163,L00283,Lead,CAM0040,Webinar Campaign 040,Webinar,Attended,True,2023-11-26,False,True,L00283
CM002164,L00114,Lead,CAM0003,Event Campaign 003,Event,Sent,False,2023-11-12,True,True,L00114
CM002165,L00114,Lead,CAM0005,Telemarketing Campaign 005,Telemarketing,Sent,False,2024-08-10,True,True,L00114
CM002166,L00114,Lead,CAM0024,Advertisement Campaign 024,Advertisement,Sent,False,2024-03-31,True,True,L00114
CM002167,L00114,Lead,CAM0046,Webinar Campaign 046,Webinar,Sent,False,2025-12-29,True,True,L00114
CM002168,L00114,Lead,CAM0050,Webinar Campaign 050,Webinar,Registered,True,2025-09-19,False,True,L00114
CM002169,L00114,Lead,CAM0018,Content Syndication Campaign 018,Content Syndication,Responded,True,2024-06-29,False,True,L00114
CM002170,L00114,Lead,CAM0018,Content Syndication Campaign 018,Content Syndication,Clicked,True,2024-06-26,False,True,L00114
CM002171,L00114,Lead,CAM0035,Event Campaign 035,Event,Attended,True,2025-01-14,False,True,L00114
CM002172,L00392,Lead,CAM0042,Advertisement Campaign 042,Advertisement,Sent,False,2025-12-19,False,True,L00392
CM002173,L00392,Lead,CAM0036,Advertisement Campaign 036,Advertisement,Sent,False,2024-09-17,False,True,L00392
CM002174,L00392,Lead,CAM0001,Email Campaign 001,Email,Sent,False,2024-10-05,True,True,L00392
CM002175,L00207,Lead,CAM0060,Event Campaign 060,Event,Registered,True,2026-05-07,False,True,L00207
CM002176,L00207,Lead,CAM0048,Event Campaign 048,Event,Registered,True,2025-08-08,False,False,L00207
CM002177,L00207,Lead,CAM0050,Webinar Campaign 050,Webinar,Registered,True,2025-09-01,False,True,L00207
CM002178,C00124,Contact,CAM0036,Advertisement Campaign 036,Advertisement,Sent,False,2024-09-10,False,True,C00124
CM002179,C00124,Contact,CAM0055,Advertisement Campaign 055,Advertisement,Sent,False,2025-10-02,True,False,C00124
CM002180,C00124,Contact,CAM0050,Webinar Campaign 050,Webinar,Sent,False,2025-09-03,True,True,C00124
CM002181,C00124,Contact,CAM0043,Webinar Campaign 043,Webinar,No Show,True,2025-10-09,False,True,C00124
CM002182,C00124,Contact,CAM0058,Webinar Campaign 058,Webinar,Sent,False,2026-05-04,True,True,C00124
CM002183,C00124,Contact,CAM0003,Event Campaign 003,Event,Sent,False,2023-11-16,True,True,C00124
CM002184,C00124,Contact,CAM0034,Webinar Campaign 034,Webinar,Sent,False,2024-05-30,True,True,C00124
CM002185,C00124,Contact,CAM0002,Telemarketing Campaign 002,Telemarketing,Sent,False,2023-02-17,True,True,C00124
CM002186,C00124,Contact,CAM0048,Event Campaign 048,Event,Sent,False,2025-07-31,True,False,C00124
CM002187,C00124,Contact,CAM0008,Email Campaign 008,Email,Sent,False,2023-05-17,True,True,C00124
CM002188,C00124,Contact,CAM0034,Webinar Campaign 034,Webinar,Sent,False,2024-05-31,True,True,C00124
CM002189,C00124,Contact,CAM0047,Advertisement Campaign 047,Advertisement,Sent,False,2025-06-18,True,True,C00124
CM002190,C00124,Contact,CAM0038,Email Campaign 038,Email,Sent,False,2023-02-25,True,True,C00124
CM002191,L00568,Lead,CAM0038,Email Campaign 038,Email,Sent,False,2023-02-27,True,True,L00568
CM002192,L00568,Lead,CAM0005,Telemarketing Campaign 005,Telemarketing,Sent,False,2024-09-03,True,True,L00568
CM002193,L00568,Lead,CAM0016,Content Syndication Campaign 016,Content Syndication,Sent,False,2023-08-23,True,True,L00568
CM002194,L00568,Lead,CAM0052,Advertisement Campaign 052,Advertisement,Sent,False,2025-04-25,True,True,L00568
CM002195,L00568,Lead,CAM0001,Email Campaign 001,Email,Sent,False,2024-10-22,True,True,L00568
CM002196,L00568,Lead,CAM0060,Event Campaign 060,Event,Sent,False,2026-04-14,True,True,L00568
CM002197,L00568,Lead,CAM0014,Content Syndication Campaign 014,Content Syndication,Sent,False,2024-11-29,True,True,L00568
CM002198,L00568,Lead,CAM0047,Advertisement Campaign 047,Advertisement,Sent,False,2025-07-11,True,True,L00568
CM002199,L00568,Lead,CAM0014,Content Syndication Campaign 014,Content Syndication,Sent,False,2024-11-26,True,True,L00568
CM002200,L00568,Lead,CAM0003,Event Campaign 003,Event,Sent,False,2023-11-06,True,True,L00568
CM002201,L00568,Lead,CAM0037,Email Campaign 037,Email,Sent,False,2024-03-13,True,True,L00568
CM002202,L00568,Lead,CAM0046,Webinar Campaign 046,Webinar,Sent,False,2026-01-10,True,True,L00568
CM002203,L00568,Lead,CAM0006,Telemarketing Campaign 006,Telemarketing,Sent,False,2023-04-19,True,True,L00568
CM002204,L00568,Lead,CAM0017,Content Syndication Campaign 017,Content Syndication,Sent,False,2023-11-21,True,True,L00568
CM002205,L00568,Lead,CAM0019,Webinar Campaign 019,Webinar,Sent,False,2024-06-16,True,True,L00568
CM002206,L00035,Lead,CAM0058,Webinar Campaign 058,Webinar,Attended,True,2026-05-24,False,True,L00035
CM002207,L00035,Lead,CAM0035,Event Campaign 035,Event,Registered,True,2025-01-04,False,True,L00035
CM002208,L00035,Lead,CAM0012,Telemarketing Campaign 012,Telemarketing,Clicked,True,2023-10-26,False,True,L00035
CM002209,L00035,Lead,CAM0052,Advertisement Campaign 052,Advertisement,Sent,False,2025-05-16,False,True,L00035
CM002210,L00381,Lead,CAM0015,Advertisement Campaign 015,Advertisement,Sent,False,2024-05-16,True,True,L00381
CM002211,L00381,Lead,CAM0032,Webinar Campaign 032,Webinar,Attended,True,2023-05-29,False,True,L00381
CM002212,L00381,Lead,CAM0008,Email Campaign 008,Email,Sent,False,2023-04-24,True,False,L00381
CM002213,L00381,Lead,CAM0023,Webinar Campaign 023,Webinar,Sent,False,2024-05-21,True,True,L00381
CM002214,L00381,Lead,CAM0018,Content Syndication Campaign 018,Content Syndication,Sent,False,2024-06-29,True,False,L00381
CM002215,L00381,Lead,CAM0013,Content Syndication Campaign 013,Content Syndication,Sent,False,2023-05-03,True,True,L00381
CM002216,L00381,Lead,CAM0033,Advertisement Campaign 033,Advertisement,Sent,False,2023-03-12,True,True,L00381
CM002217,L00381,Lead,CAM0027,Advertisement Campaign 027,Advertisement,Sent,False,2024-04-16,True,True,L00381
CM002218,L00381,Lead,CAM0028,Telemarketing Campaign 028,Telemarketing,Responded,True,2024-11-27,False,True,L00381
CM002219,L00381,Lead,CAM0053,Email Campaign 053,Email,Sent,False,2025-05-20,True,True,L00381
CM002220,L00381,Lead,CAM0022,Event Campaign 022,Event,Registered,True,2024-05-02,False,True,L00381
CM002221,L00381,Lead,CAM0008,Email Campaign 008,Email,Sent,False,2023-05-14,True,True,L00381
CM002222,L00381,Lead,CAM0048,Event Campaign 048,Event,Sent,False,2025-07-29,True,True,L00381
CM002223,L00381,Lead,CAM0013,Content Syndication Campaign 013,Content Syndication,Sent,False,2023-04-22,True,False,L00381
CM002224,L00570,Lead,CAM0025,Event Campaign 025,Event,Registered,True,2023-03-05,False,False,L00570
CM002225,L00570,Lead,CAM0046,Webinar Campaign 046,Webinar,Registered,True,2026-01-05,False,True,L00570
CM002226,C00235,Contact,CAM0048,Event Campaign 048,Event,Sent,False,2025-08-07,True,True,C00235
CM002227,C00235,Contact,CAM0060,Event Campaign 060,Event,Sent,False,2026-05-12,True,True,C00235
CM002228,C00235,Contact,CAM0016,Content Syndication Campaign 016,Content Syndication,Sent,False,2023-09-14,True,True,C00235
CM002229,C00235,Contact,CAM0051,Webinar Campaign 051,Webinar,Sent,False,2025-04-02,True,True,C00235
CM002230,C00235,Contact,CAM0003,Event Campaign 003,Event,Sent,False,2023-11-16,True,True,C00235
CM002231,C00235,Contact,CAM0021,Advertisement Campaign 021,Advertisement,Sent,False,2023-08-18,True,True,C00235
CM002232,C00235,Contact,CAM0001,Email Campaign 001,Email,Sent,False,2024-10-31,True,True,C00235
CM002233,C00235,Contact,CAM0024,Advertisement Campaign 024,Advertisement,Sent,False,2024-03-27,True,True,C00235
CM002234,C00235,Contact,CAM0037,Email Campaign 037,Email,Sent,False,2024-03-16,True,True,C00235
CM002235,C00235,Contact,CAM0058,Webinar Campaign 058,Webinar,Sent,False,2026-05-16,True,True,C00235
CM002236,L00024,Lead,CAM0060,Event Campaign 060,Event,Attended,True,2026-04-19,False,True,L00024
CM002237,L00024,Lead,CAM0045,Email Campaign 045,Email,Sent,False,2025-04-21,True,True,L00024
CM002238,L00024,Lead,CAM0031,Email Campaign 031,Email,Sent,False,2024-03-10,True,True,L00024
CM002239,L00177,Lead,CAM0046,Webinar Campaign 046,Webinar,Registered,True,2026-01-09,False,True,L00177
CM002240,L00446,Lead,CAM0030,Event Campaign 030,Event,No Show,True,2023-09-14,False,True,L00446
CM002241,L00446,Lead,CAM0048,Event Campaign 048,Event,Sent,False,2025-08-07,True,False,L00446
CM002242,L00446,Lead,CAM0003,Event Campaign 003,Event,Sent,False,2023-11-02,True,True,L00446
CM002243,L00446,Lead,CAM0011,Webinar Campaign 011,Webinar,Sent,False,2024-01-07,True,True,L00446
CM002244,L00446,Lead,CAM0037,Email Campaign 037,Email,Sent,False,2024-03-20,True,True,L00446
CM002245,L00446,Lead,CAM0023,Webinar Campaign 023,Webinar,Sent,False,2024-05-13,True,True,L00446
CM002246,L00446,Lead,CAM0018,Content Syndication Campaign 018,Content Syndication,Sent,False,2024-06-22,True,False,L00446
CM002247,L00446,Lead,CAM0056,Webinar Campaign 056,Webinar,Sent,False,2026-04-16,True,False,L00446
CM002248,L00446,Lead,CAM0055,Advertisement Campaign 055,Advertisement,Sent,False,2025-10-03,True,True,L00446
CM002249,L00446,Lead,CAM0006,Telemarketing Campaign 006,Telemarketing,Sent,False,2023-04-29,True,True,L00446
CM002250,L00446,Lead,CAM0032,Webinar Campaign 032,Webinar,Sent,False,2023-05-31,True,True,L00446
CM002251,L00446,Lead,CAM0041,Email Campaign 041,Email,Sent,False,2025-04-18,True,False,L00446
CM002252,L00446,Lead,CAM0047,Advertisement Campaign 047,Advertisement,Sent,False,2025-06-27,True,True,L00446
CM002253,C00078,Contact,CAM0016,Content Syndication Campaign 016,Content Syndication,Sent,False,2023-08-21,True,True,C00078
CM002254,C00078,Contact,CAM0031,Email Campaign 031,Email,Sent,False,2024-03-08,True,True,C00078
CM002255,C00078,Contact,CAM0044,Event Campaign 044,Event,Sent,False,2025-10-20,True,True,C00078
CM002256,C00078,Contact,CAM0018,Content Syndication Campaign 018,Content Syndication,Sent,False,2024-07-11,True,False,C00078
CM002257,C00078,Contact,CAM0042,Advertisement Campaign 042,Advertisement,Sent,False,2025-11-24,True,False,C00078
CM002258,C00078,Contact,CAM0031,Email Campaign 031,Email,Sent,False,2024-02-24,True,True,C00078
CM002259,C00078,Contact,CAM0010,Content Syndication Campaign 010,Content Syndication,Sent,False,2024-04-20,True,True,C00078
CM002260,C00078,Contact,CAM0013,Content Syndication Campaign 013,Content Syndication,Sent,False,2023-05-20,True,True,C00078
CM002261,C00078,Contact,CAM0046,Webinar Campaign 046,Webinar,Sent,False,2026-01-04,True,True,C00078
CM002262,C00078,Contact,CAM0004,Advertisement Campaign 004,Advertisement,Sent,False,2023-12-28,True,True,C00078
CM002263,C00078,Contact,CAM0023,Webinar Campaign 023,Webinar,Sent,False,2024-04-29,True,True,C00078
CM002264,C00078,Contact,CAM0030,Event Campaign 030,Event,Sent,False,2023-09-16,True,True,C00078
CM002265,C00078,Contact,CAM0024,Advertisement Campaign 024,Advertisement,Sent,False,2024-03-27,True,True,C00078
CM002266,C00078,Contact,CAM0025,Event Campaign 025,Event,Sent,False,2023-03-06,True,True,C00078
CM002267,C00078,Contact,CAM0059,Content Syndication Campaign 059,Content Syndication,Clicked,True,2026-05-08,False,True,C00078
CM002268,L00239,Lead,CAM0047,Advertisement Campaign 047,Advertisement,Sent,False,2025-07-03,True,False,C00207
CM002269,L00239,Lead,CAM0039,Advertisement Campaign 039,Advertisement,Sent,False,2024-12-24,True,True,C00207
CM002270,L00239,Lead,CAM0050,Webinar Campaign 050,Webinar,Sent,False,2025-09-17,True,True,C00207
CM002271,L00239,Lead,CAM0059,Content Syndication Campaign 059,Content Syndication,Sent,False,2026-04-13,True,True,C00207
CM002272,L00239,Lead,CAM0046,Webinar Campaign 046,Webinar,Sent,False,2026-01-12,True,True,C00207
CM002273,L00239,Lead,CAM0020,Event Campaign 020,Event,Sent,False,2023-12-21,True,True,C00207
CM002274,L00239,Lead,CAM0055,Advertisement Campaign 055,Advertisement,Sent,False,2025-09-24,True,True,C00207
CM002275,L00239,Lead,CAM0050,Webinar Campaign 050,Webinar,Sent,False,2025-09-17,True,True,C00207
CM002276,L00239,Lead,CAM0029,Webinar Campaign 029,Webinar,No Show,True,2024-02-14,False,True,C00207
CM002277,L00239,Lead,CAM0004,Advertisement Campaign 004,Advertisement,Sent,False,2023-12-08,True,True,C00207
CM002278,L00239,Lead,CAM0058,Webinar Campaign 058,Webinar,Sent,False,2026-05-12,True,True,C00207
CM002279,L00239,Lead,CAM0033,Advertisement Campaign 033,Advertisement,Sent,False,2023-03-08,False,True,C00207
CM002280,L00239,Lead,CAM0025,Event Campaign 025,Event,Registered,True,2023-03-14,False,True,C00207
CM002281,C00299,Contact,CAM0046,Webinar Campaign 046,Webinar,Attended,True,2026-01-01,False,True,C00299
CM002282,C00299,Contact,CAM0010,Content Syndication Campaign 010,Content Syndication,Responded,True,2024-04-10,False,True,C00299
CM002283,C00299,Contact,CAM0003,Event Campaign 003,Event,Registered,True,2023-11-06,False,True,C00299
CM002284,C00299,Contact,CAM0003,Event Campaign 003,Event,Attended,True,2023-10-31,False,True,C00299
CM002285,L00073,Lead,CAM0049,Webinar Campaign 049,Webinar,Attended,True,2025-10-19,False,True,C00306
CM002286,L00131,Lead,CAM0056,Webinar Campaign 056,Webinar,Registered,True,2026-04-11,False,True,L00131
CM002287,L00131,Lead,CAM0002,Telemarketing Campaign 002,Telemarketing,Responded,True,2023-03-13,False,True,L00131
CM002288,L00131,Lead,CAM0011,Webinar Campaign 011,Webinar,No Show,True,2024-01-11,False,True,L00131
CM002289,L00131,Lead,CAM0027,Advertisement Campaign 027,Advertisement,Clicked,True,2024-04-13,False,True,L00131
CM002290,L00226,Lead,CAM0040,Webinar Campaign 040,Webinar,No Show,True,2023-12-01,False,True,L00226
CM002291,L00226,Lead,CAM0015,Advertisement Campaign 015,Advertisement,Sent,False,2024-05-07,False,True,L00226
CM002292,L00226,Lead,CAM0030,Event Campaign 030,Event,Registered,True,2023-09-14,False,True,L00226
CM002293,L00226,Lead,CAM0056,Webinar Campaign 056,Webinar,Registered,True,2026-04-25,False,True,L00226
CM002294,L00352,Lead,CAM0060,Event Campaign 060,Event,Attended,True,2026-05-11,False,True,L00352
CM002295,L00352,Lead,CAM0002,Telemarketing Campaign 002,Telemarketing,Sent,False,2023-02-22,False,False,L00352
CM002296,C00021,Contact,CAM0055,Advertisement Campaign 055,Advertisement,Sent,False,2025-09-19,False,True,C00021
CM002297,C00021,Contact,CAM0002,Telemarketing Campaign 002,Telemarketing,Clicked,True,2023-03-01,False,True,C00021
CM002298,C00021,Contact,CAM0017,Content Syndication Campaign 017,Content Syndication,Clicked,True,2023-11-28,False,True,C00021
CM002299,C00219,Contact,CAM0002,Telemarketing Campaign 002,Telemarketing,Clicked,True,2023-02-27,False,True,C00219
CM002300,L00036,Lead,CAM0032,Webinar Campaign 032,Webinar,Registered,True,2023-05-21,False,True,L00036
CM002301,L00076,Lead,CAM0032,Webinar Campaign 032,Webinar,Registered,True,2023-06-01,False,True,C00186
CM002302,L00076,Lead,CAM0022,Event Campaign 022,Event,Attended,True,2024-05-18,False,False,C00186
CM002303,L00076,Lead,CAM0050,Webinar Campaign 050,Webinar,Registered,True,2025-09-21,False,True,C00186
CM002304,C00144,Contact,CAM0057,Event Campaign 057,Event,Registered,True,2026-05-14,False,True,C00144
CM002305,C00144,Contact,CAM0046,Webinar Campaign 046,Webinar,Registered,True,2026-01-09,False,True,C00144
CM002306,L00535,Lead,CAM0060,Event Campaign 060,Event,Registered,True,2026-05-07,False,True,L00535
CM002307,L00535,Lead,CAM0030,Event Campaign 030,Event,Registered,True,2023-09-29,False,False,L00535
CM002308,L00144,Lead,CAM0052,Advertisement Campaign 052,Advertisement,Clicked,True,2025-05-13,False,True,C00209
CM002309,L00144,Lead,CAM0031,Email Campaign 031,Email,Responded,True,2024-02-26,False,True,C00209
CM002310,C00094,Contact,CAM0052,Advertisement Campaign 052,Advertisement,Clicked,True,2025-05-14,False,False,C00094
CM002311,C00094,Contact,CAM0040,Webinar Campaign 040,Webinar,Attended,True,2023-12-03,False,True,C00094
CM002312,C00094,Contact,CAM0034,Webinar Campaign 034,Webinar,Registered,True,2024-05-25,False,True,C00094
CM002313,C00094,Contact,CAM0060,Event Campaign 060,Event,Registered,True,2026-05-13,False,True,C00094
CM002314,L00129,Lead,CAM0003,Event Campaign 003,Event,No Show,True,2023-11-01,False,True,C00259
CM002315,L00129,Lead,CAM0028,Telemarketing Campaign 028,Telemarketing,Responded,True,2024-11-25,False,True,C00259
CM002316,L00129,Lead,CAM0011,Webinar Campaign 011,Webinar,Registered,True,2024-01-04,False,True,C00259
CM002317,L00303,Lead,CAM0018,Content Syndication Campaign 018,Content Syndication,Sent,False,2024-06-22,True,True,L00303
CM002318,L00303,Lead,CAM0025,Event Campaign 025,Event,Sent,False,2023-03-09,True,True,L00303
CM002319,L00303,Lead,CAM0002,Telemarketing Campaign 002,Telemarketing,Responded,True,2023-03-01,False,False,L00303
CM002320,L00303,Lead,CAM0032,Webinar Campaign 032,Webinar,Sent,False,2023-05-31,True,True,L00303
CM002321,L00303,Lead,CAM0056,Webinar Campaign 056,Webinar,Sent,False,2026-04-28,True,True,L00303
CM002322,L00303,Lead,CAM0002,Telemarketing Campaign 002,Telemarketing,Sent,False,2023-03-03,True,True,L00303
CM002323,L00303,Lead,CAM0043,Webinar Campaign 043,Webinar,Sent,False,2025-10-14,True,False,L00303
CM002324,L00303,Lead,CAM0028,Telemarketing Campaign 028,Telemarketing,Sent,False,2024-12-14,True,True,L00303
CM002325,L00303,Lead,CAM0058,Webinar Campaign 058,Webinar,Attended,True,2026-05-12,False,True,L00303
CM002326,L00303,Lead,CAM0036,Advertisement Campaign 036,Advertisement,Sent,False,2024-10-02,True,True,L00303
CM002327,L00303,Lead,CAM0025,Event Campaign 025,Event,Sent,False,2023-03-12,True,True,L00303
CM002328,L00303,Lead,CAM0007,Advertisement Campaign 007,Advertisement,Sent,False,2023-12-11,True,True,L00303
CM002329,L00303,Lead,CAM0034,Webinar Campaign 034,Webinar,Sent,False,2024-05-15,True,True,L00303
CM002330,L00303,Lead,CAM0059,Content Syndication Campaign 059,Content Syndication,Sent,False,2026-04-16,True,False,L00303
CM002331,L00303,Lead,CAM0001,Email Campaign 001,Email,Sent,False,2024-10-14,True,True,L00303
CM002332,L00303,Lead,CAM0001,Email Campaign 001,Email,Sent,False,2024-10-25,True,True,L00303
CM002333,L00303,Lead,CAM0054,Email Campaign 054,Email,Sent,False,2025-12-24,True,True,L00303
CM002334,L00178,Lead,CAM0001,Email Campaign 001,Email,Sent,False,2024-10-17,True,True,L00178
CM002335,L00178,Lead,CAM0031,Email Campaign 031,Email,Sent,False,2024-02-23,True,True,L00178
CM002336,L00178,Lead,CAM0002,Telemarketing Campaign 002,Telemarketing,Sent,False,2023-03-16,True,True,L00178
CM002337,L00178,Lead,CAM0049,Webinar Campaign 049,Webinar,Sent,False,2025-10-28,True,True,L00178
CM002338,L00178,Lead,CAM0024,Advertisement Campaign 024,Advertisement,Sent,False,2024-04-06,True,True,L00178
CM002339,L00178,Lead,CAM0059,Content Syndication Campaign 059,Content Syndication,Sent,False,2026-05-06,True,True,L00178
CM002340,L00178,Lead,CAM0004,Advertisement Campaign 004,Advertisement,Sent,False,2023-12-27,True,True,L00178
CM002341,L00178,Lead,CAM0020,Event Campaign 020,Event,Sent,False,2023-12-23,True,True,L00178
CM002342,L00178,Lead,CAM0024,Advertisement Campaign 024,Advertisement,Sent,False,2024-03-13,True,True,L00178
CM002343,L00178,Lead,CAM0005,Telemarketing Campaign 005,Telemarketing,Sent,False,2024-09-01,True,True,L00178
CM002344,L00178,Lead,CAM0027,Advertisement Campaign 027,Advertisement,Sent,False,2024-04-15,True,True,L00178
CM002345,L00178,Lead,CAM0028,Telemarketing Campaign 028,Telemarketing,Responded,True,2024-11-30,False,True,L00178
CM002346,L00178,Lead,CAM0027,Advertisement Campaign 027,Advertisement,Sent,False,2024-04-20,True,True,L00178
CM002347,L00178,Lead,CAM0033,Advertisement Campaign 033,Advertisement,Sent,False,2023-04-01,True,True,L00178
CM002348,L00178,Lead,CAM0012,Telemarketing Campaign 012,Telemarketing,Clicked,True,2023-11-03,False,False,L00178
CM002349,L00178,Lead,CAM0015,Advertisement Campaign 015,Advertisement,Sent,False,2024-04-25,True,True,L00178
CM002350,L00531,Lead,CAM0012,Telemarketing Campaign 012,Telemarketing,Clicked,True,2023-10-31,False,True,C00393
CM002351,L00531,Lead,CAM0033,Advertisement Campaign 033,Advertisement,Sent,False,2023-04-03,False,True,C00393
CM002352,L00531,Lead,CAM0055,Advertisement Campaign 055,Advertisement,Sent,False,2025-10-05,False,True,C00393
CM002353,L00434,Lead,CAM0059,Content Syndication Campaign 059,Content Syndication,Clicked,True,2026-04-24,False,True,L00434
CM002354,L00434,Lead,CAM0053,Email Campaign 053,Email,Sent,False,2025-06-04,True,True,L00434
CM002355,L00434,Lead,CAM0020,Event Campaign 020,Event,Registered,True,2023-12-28,False,True,L00434
CM002356,L00209,Lead,CAM0051,Webinar Campaign 051,Webinar,No Show,True,2025-03-29,False,False,L00209
CM002357,L00209,Lead,CAM0048,Event Campaign 048,Event,Registered,True,2025-07-16,False,True,L00209
CM002358,C00352,Contact,CAM0021,Advertisement Campaign 021,Advertisement,Clicked,True,2023-08-10,False,True,C00352
CM002359,C00352,Contact,CAM0003,Event Campaign 003,Event,Attended,True,2023-11-09,False,True,C00352
CM002360,L00189,Lead,CAM0039,Advertisement Campaign 039,Advertisement,Sent,False,2024-12-25,False,True,L00189
CM002361,L00271,Lead,CAM0050,Webinar Campaign 050,Webinar,Registered,True,2025-09-11,False,True,C00080
CM002362,L00271,Lead,CAM0044,Event Campaign 044,Event,Sent,False,2025-10-05,True,True,C00080
CM002363,L00271,Lead,CAM0034,Webinar Campaign 034,Webinar,Sent,False,2024-05-17,True,True,C00080
CM002364,L00271,Lead,CAM0024,Advertisement Campaign 024,Advertisement,Sent,False,2024-03-31,True,False,C00080
CM002365,L00271,Lead,CAM0038,Email Campaign 038,Email,Sent,False,2023-02-06,True,True,C00080
CM002366,L00271,Lead,CAM0007,Advertisement Campaign 007,Advertisement,Sent,False,2023-12-04,False,True,C00080
CM002367,L00271,Lead,CAM0053,Email Campaign 053,Email,Sent,False,2025-06-06,True,True,C00080
CM002368,L00271,Lead,CAM0054,Email Campaign 054,Email,Sent,False,2025-12-24,True,False,C00080
CM002369,L00271,Lead,CAM0016,Content Syndication Campaign 016,Content Syndication,Sent,False,2023-09-18,True,True,C00080
CM002370,L00271,Lead,CAM0046,Webinar Campaign 046,Webinar,Sent,False,2026-01-24,True,True,C00080
CM002371,L00271,Lead,CAM0042,Advertisement Campaign 042,Advertisement,Sent,False,2025-12-06,True,True,C00080
CM002372,L00271,Lead,CAM0052,Advertisement Campaign 052,Advertisement,Clicked,True,2025-05-06,False,True,C00080
CM002373,L00271,Lead,CAM0054,Email Campaign 054,Email,Sent,False,2025-12-25,True,False,C00080
CM002374,L00271,Lead,CAM0045,Email Campaign 045,Email,Sent,False,2025-05-04,True,True,C00080
CM002375,L00271,Lead,CAM0057,Event Campaign 057,Event,Registered,True,2026-05-14,False,True,C00080
CM002376,L00271,Lead,CAM0020,Event Campaign 020,Event,Sent,False,2023-12-21,True,True,C00080
CM002377,L00358,Lead,CAM0032,Webinar Campaign 032,Webinar,Sent,False,2023-05-10,True,True,C00339
CM002378,L00358,Lead,CAM0013,Content Syndication Campaign 013,Content Syndication,Sent,False,2023-04-29,True,True,C00339
CM002379,L00358,Lead,CAM0029,Webinar Campaign 029,Webinar,Sent,False,2024-02-16,True,True,C00339
CM002380,L00358,Lead,CAM0024,Advertisement Campaign 024,Advertisement,Sent,False,2024-03-24,True,True,C00339
CM002381,L00358,Lead,CAM0034,Webinar Campaign 034,Webinar,Sent,False,2024-05-20,True,True,C00339
CM002382,L00358,Lead,CAM0018,Content Syndication Campaign 018,Content Syndication,Sent,False,2024-06-25,True,True,C00339
CM002383,L00358,Lead,CAM0054,Email Campaign 054,Email,Sent,False,2025-12-31,True,False,C00339
CM002384,L00358,Lead,CAM0039,Advertisement Campaign 039,Advertisement,Sent,False,2025-01-05,True,True,C00339
CM002385,L00358,Lead,CAM0038,Email Campaign 038,Email,Sent,False,2023-02-14,True,True,C00339
CM002386,L00358,Lead,CAM0049,Webinar Campaign 049,Webinar,Sent,False,2025-10-30,True,True,C00339
CM002387,L00147,Lead,CAM0037,Email Campaign 037,Email,Sent,False,2024-03-18,True,False,L00147
CM002388,L00147,Lead,CAM0017,Content Syndication Campaign 017,Content Syndication,Clicked,True,2023-11-07,False,True,L00147
CM002389,L00543,Lead,CAM0041,Email Campaign 041,Email,Sent,False,2025-05-08,True,True,L00543
CM002390,L00543,Lead,CAM0036,Advertisement Campaign 036,Advertisement,Sent,False,2024-09-16,True,True,L00543
CM002391,L00543,Lead,CAM0021,Advertisement Campaign 021,Advertisement,Sent,False,2023-08-27,False,True,L00543
CM002392,L00543,Lead,CAM0048,Event Campaign 048,Event,Sent,False,2025-08-02,True,True,L00543
CM002393,L00543,Lead,CAM0021,Advertisement Campaign 021,Advertisement,Sent,False,2023-08-17,True,False,L00543
CM002394,L00543,Lead,CAM0048,Event Campaign 048,Event,Sent,False,2025-07-16,True,True,L00543
CM002395,L00543,Lead,CAM0060,Event Campaign 060,Event,Attended,True,2026-05-11,False,True,L00543
CM002396,L00543,Lead,CAM0001,Email Campaign 001,Email,Sent,False,2024-10-25,True,True,L00543
CM002397,L00543,Lead,CAM0011,Webinar Campaign 011,Webinar,Sent,False,2024-01-09,True,False,L00543
CM002398,L00373,Lead,CAM0009,Webinar Campaign 009,Webinar,Attended,True,2024-07-30,False,True,L00373
CM002399,C00012,Contact,CAM0053,Email Campaign 053,Email,Sent,False,2025-06-09,True,True,C00012
CM002400,C00012,Contact,CAM0006,Telemarketing Campaign 006,Telemarketing,Clicked,True,2023-04-08,False,True,C00012
CM002401,C00012,Contact,CAM0012,Telemarketing Campaign 012,Telemarketing,Sent,False,2023-10-16,True,True,C00012
CM002402,C00012,Contact,CAM0014,Content Syndication Campaign 014,Content Syndication,Sent,False,2024-11-27,True,False,C00012
CM002403,C00012,Contact,CAM0006,Telemarketing Campaign 006,Telemarketing,Sent,False,2023-04-27,True,True,C00012
CM002404,C00012,Contact,CAM0016,Content Syndication Campaign 016,Content Syndication,Clicked,True,2023-09-05,False,True,C00012
CM002405,C00012,Contact,CAM0012,Telemarketing Campaign 012,Telemarketing,Sent,False,2023-10-27,True,True,C00012
CM002406,C00012,Contact,CAM0021,Advertisement Campaign 021,Advertisement,Sent,False,2023-08-24,True,True,C00012
CM002407,C00012,Contact,CAM0010,Content Syndication Campaign 010,Content Syndication,Sent,False,2024-04-12,True,True,C00012
CM002408,C00012,Contact,CAM0057,Event Campaign 057,Event,Attended,True,2026-05-27,False,True,C00012
CM002409,C00012,Contact,CAM0048,Event Campaign 048,Event,Sent,False,2025-08-02,True,True,C00012
CM002410,C00012,Contact,CAM0039,Advertisement Campaign 039,Advertisement,Sent,False,2025-01-17,False,False,C00012
CM002411,C00012,Contact,CAM0036,Advertisement Campaign 036,Advertisement,Sent,False,2024-09-14,True,False,C00012
CM002412,C00012,Contact,CAM0042,Advertisement Campaign 042,Advertisement,Sent,False,2025-12-06,False,True,C00012
CM002413,L00397,Lead,CAM0043,Webinar Campaign 043,Webinar,Sent,False,2025-10-20,True,True,L00397
CM002414,L00397,Lead,CAM0026,Telemarketing Campaign 026,Telemarketing,Sent,False,2023-12-24,True,True,L00397
CM002415,L00397,Lead,CAM0028,Telemarketing Campaign 028,Telemarketing,Sent,False,2024-12-10,True,True,L00397
CM002416,L00397,Lead,CAM0035,Event Campaign 035,Event,Sent,False,2024-12-26,True,True,L00397
CM002417,L00397,Lead,CAM0014,Content Syndication Campaign 014,Content Syndication,Sent,False,2024-11-04,True,True,L00397
CM002418,L00397,Lead,CAM0026,Telemarketing Campaign 026,Telemarketing,Responded,True,2023-12-14,False,True,L00397
CM002419,L00397,Lead,CAM0003,Event Campaign 003,Event,Sent,False,2023-11-10,True,True,L00397
CM002420,L00397,Lead,CAM0004,Advertisement Campaign 004,Advertisement,Sent,False,2023-12-08,True,True,L00397
CM002421,L00397,Lead,CAM0040,Webinar Campaign 040,Webinar,Sent,False,2023-12-12,True,True,L00397
CM002422,L00397,Lead,CAM0017,Content Syndication Campaign 017,Content Syndication,Sent,False,2023-11-06,True,True,L00397
CM002423,L00121,Lead,CAM0016,Content Syndication Campaign 016,Content Syndication,Sent,False,2023-09-15,True,True,L00121
CM002424,L00121,Lead,CAM0016,Content Syndication Campaign 016,Content Syndication,Sent,False,2023-09-07,True,True,L00121
CM002425,L00121,Lead,CAM0041,Email Campaign 041,Email,Sent,False,2025-04-19,True,True,L00121
CM002426,L00121,Lead,CAM0013,Content Syndication Campaign 013,Content Syndication,Sent,False,2023-04-23,True,True,L00121
CM002427,L00121,Lead,CAM0009,Webinar Campaign 009,Webinar,Sent,False,2024-08-08,True,True,L00121
CM002428,L00121,Lead,CAM0009,Webinar Campaign 009,Webinar,Sent,False,2024-08-12,True,True,L00121
CM002429,L00121,Lead,CAM0020,Event Campaign 020,Event,No Show,True,2023-12-09,False,True,L00121
CM002430,L00121,Lead,CAM0002,Telemarketing Campaign 002,Telemarketing,Sent,False,2023-02-20,True,True,L00121
CM002431,L00121,Lead,CAM0003,Event Campaign 003,Event,Sent,False,2023-11-06,True,True,L00121
CM002432,L00121,Lead,CAM0044,Event Campaign 044,Event,Attended,True,2025-10-10,False,True,L00121
CM002433,L00121,Lead,CAM0033,Advertisement Campaign 033,Advertisement,Sent,False,2023-03-11,True,True,L00121
CM002434,L00121,Lead,CAM0009,Webinar Campaign 009,Webinar,Sent,False,2024-08-23,True,True,L00121
CM002435,L00121,Lead,CAM0016,Content Syndication Campaign 016,Content Syndication,Sent,False,2023-08-27,True,True,L00121
CM002436,L00121,Lead,CAM0041,Email Campaign 041,Email,Sent,False,2025-05-08,True,True,L00121
CM002437,L00121,Lead,CAM0049,Webinar Campaign 049,Webinar,Sent,False,2025-10-24,True,True,L00121
CM002438,L00121,Lead,CAM0053,Email Campaign 053,Email,Sent,False,2025-05-15,True,True,L00121
CM002439,L00121,Lead,CAM0014,Content Syndication Campaign 014,Content Syndication,Sent,False,2024-11-20,True,True,L00121
CM002440,C00297,Contact,CAM0058,Webinar Campaign 058,Webinar,Attended,True,2026-05-23,False,True,C00297
CM002441,L00507,Lead,CAM0003,Event Campaign 003,Event,Registered,True,2023-10-22,False,True,L00507
CM002442,L00507,Lead,CAM0040,Webinar Campaign 040,Webinar,No Show,True,2023-11-26,False,True,L00507
CM002443,L00507,Lead,CAM0010,Content Syndication Campaign 010,Content Syndication,Responded,True,2024-04-17,False,True,L00507
CM002444,L00356,Lead,CAM0028,Telemarketing Campaign 028,Telemarketing,Sent,False,2024-11-29,False,True,L00356
CM002445,L00356,Lead,CAM0028,Telemarketing Campaign 028,Telemarketing,Clicked,True,2024-11-30,False,True,L00356
CM002446,L00019,Lead,CAM0057,Event Campaign 057,Event,Registered,True,2026-05-07,False,False,C00205
CM002447,C00003,Contact,CAM0017,Content Syndication Campaign 017,Content Syndication,Responded,True,2023-11-21,False,True,C00003
CM002448,C00196,Contact,CAM0029,Webinar Campaign 029,Webinar,Registered,True,2024-02-17,False,True,C00196
CM002449,C00196,Contact,CAM0022,Event Campaign 022,Event,Attended,True,2024-04-29,False,True,C00196
CM002450,C00040,Contact,CAM0060,Event Campaign 060,Event,Attended,True,2026-05-13,False,True,C00040
CM002451,C00040,Contact,CAM0023,Webinar Campaign 023,Webinar,Attended,True,2024-05-13,False,True,C00040
CM002452,C00040,Contact,CAM0023,Webinar Campaign 023,Webinar,No Show,True,2024-05-06,False,True,C00040
CM002453,C00202,Contact,CAM0060,Event Campaign 060,Event,No Show,True,2026-05-01,False,False,C00202
CM002454,C00202,Contact,CAM0036,Advertisement Campaign 036,Advertisement,Sent,False,2024-09-14,False,True,C00202
CM002455,C00202,Contact,CAM0009,Webinar Campaign 009,Webinar,Registered,True,2024-08-26,False,True,C00202
CM002456,C00202,Contact,CAM0042,Advertisement Campaign 042,Advertisement,Clicked,True,2025-12-18,False,True,C00202
CM002457,L00171,Lead,CAM0058,Webinar Campaign 058,Webinar,Sent,False,2026-05-13,True,False,L00171
CM002458,L00171,Lead,CAM0023,Webinar Campaign 023,Webinar,Sent,False,2024-05-06,True,True,L00171
CM002459,L00171,Lead,CAM0003,Event Campaign 003,Event,Attended,True,2023-11-14,False,True,L00171
CM002460,L00171,Lead,CAM0037,Email Campaign 037,Email,Sent,False,2024-03-14,True,False,L00171
CM002461,L00171,Lead,CAM0026,Telemarketing Campaign 026,Telemarketing,Sent,False,2023-12-18,True,True,L00171
CM002462,L00171,Lead,CAM0038,Email Campaign 038,Email,Sent,False,2023-02-10,True,True,L00171
CM002463,L00171,Lead,CAM0038,Email Campaign 038,Email,Sent,False,2023-02-17,True,True,L00171
CM002464,L00171,Lead,CAM0038,Email Campaign 038,Email,Sent,False,2023-02-03,True,True,L00171
CM002465,L00171,Lead,CAM0021,Advertisement Campaign 021,Advertisement,Sent,False,2023-08-30,True,True,L00171
CM002466,L00171,Lead,CAM0016,Content Syndication Campaign 016,Content Syndication,Clicked,True,2023-09-18,False,True,L00171
CM002467,C00382,Contact,CAM0057,Event Campaign 057,Event,No Show,True,2026-05-29,False,True,C00382
CM002468,C00382,Contact,CAM0050,Webinar Campaign 050,Webinar,Attended,True,2025-09-26,False,True,C00382
CM002469,L00224,Lead,CAM0058,Webinar Campaign 058,Webinar,Registered,True,2026-05-06,False,True,L00224
CM002470,L00224,Lead,CAM0030,Event Campaign 030,Event,Registered,True,2023-09-13,False,True,L00224
CM002471,L00224,Lead,CAM0021,Advertisement Campaign 021,Advertisement,Sent,False,2023-08-16,False,True,L00224
CM002472,L00224,Lead,CAM0047,Advertisement Campaign 047,Advertisement,Sent,False,2025-06-15,False,True,L00224
CM002473,L00511,Lead,CAM0056,Webinar Campaign 056,Webinar,Attended,True,2026-04-17,False,True,L00511
CM002474,L00511,Lead,CAM0043,Webinar Campaign 043,Webinar,No Show,True,2025-10-24,False,True,L00511
CM002475,L00016,Lead,CAM0003,Event Campaign 003,Event,Attended,True,2023-10-18,False,True,L00016
CM002476,L00016,Lead,CAM0057,Event Campaign 057,Event,Registered,True,2026-05-14,False,True,L00016
CM002477,L00016,Lead,CAM0051,Webinar Campaign 051,Webinar,No Show,True,2025-03-13,False,True,L00016
CM002478,L00016,Lead,CAM0033,Advertisement Campaign 033,Advertisement,Sent,False,2023-03-28,False,True,L00016
CM002479,L00461,Lead,CAM0059,Content Syndication Campaign 059,Content Syndication,Clicked,True,2026-05-03,False,True,L00461
CM002480,L00461,Lead,CAM0060,Event Campaign 060,Event,Attended,True,2026-05-12,False,True,L00461
CM002481,L00461,Lead,CAM0059,Content Syndication Campaign 059,Content Syndication,Sent,False,2026-05-08,True,True,L00461
CM002482,L00461,Lead,CAM0058,Webinar Campaign 058,Webinar,Sent,False,2026-05-29,True,True,L00461
CM002483,L00461,Lead,CAM0059,Content Syndication Campaign 059,Content Syndication,Sent,False,2026-05-01,True,True,L00461
CM002484,L00461,Lead,CAM0060,Event Campaign 060,Event,Sent,False,2026-04-15,True,True,L00461
CM002485,L00461,Lead,CAM0037,Email Campaign 037,Email,Sent,False,2024-03-09,True,True,L00461
CM002486,L00461,Lead,CAM0043,Webinar Campaign 043,Webinar,Sent,False,2025-10-03,True,True,L00461
CM002487,L00461,Lead,CAM0049,Webinar Campaign 049,Webinar,Sent,False,2025-10-27,True,False,L00461
CM002488,L00461,Lead,CAM0021,Advertisement Campaign 021,Advertisement,Sent,False,2023-08-23,True,False,L00461
CM002489,L00461,Lead,CAM0019,Webinar Campaign 019,Webinar,Sent,False,2024-06-14,True,True,L00461
CM002490,L00461,Lead,CAM0019,Webinar Campaign 019,Webinar,Registered,True,2024-07-03,False,True,L00461
CM002491,L00461,Lead,CAM0021,Advertisement Campaign 021,Advertisement,Sent,False,2023-08-27,True,True,L00461
CM002492,L00214,Lead,CAM0034,Webinar Campaign 034,Webinar,Sent,False,2024-05-27,True,True,C00398
CM002493,L00214,Lead,CAM0022,Event Campaign 022,Event,Sent,False,2024-05-15,True,True,C00398
CM002494,L00214,Lead,CAM0018,Content Syndication Campaign 018,Content Syndication,Clicked,True,2024-07-11,False,True,C00398
CM002495,L00214,Lead,CAM0030,Event Campaign 030,Event,Sent,False,2023-09-13,True,True,C00398
CM002496,L00214,Lead,CAM0021,Advertisement Campaign 021,Advertisement,Sent,False,2023-08-21,True,True,C00398
CM002497,L00214,Lead,CAM0049,Webinar Campaign 049,Webinar,Sent,False,2025-10-18,True,True,C00398
CM002498,L00214,Lead,CAM0015,Advertisement Campaign 015,Advertisement,Sent,False,2024-05-16,True,True,C00398
CM002499,L00214,Lead,CAM0042,Advertisement Campaign 042,Advertisement,Sent,False,2025-12-12,True,True,C00398
CM002500,L00214,Lead,CAM0027,Advertisement Campaign 027,Advertisement,Sent,False,2024-04-05,True,True,C00398
CM002501,L00214,Lead,CAM0016,Content Syndication Campaign 016,Content Syndication,Clicked,True,2023-08-30,False,True,C00398
CM002502,L00214,Lead,CAM0028,Telemarketing Campaign 028,Telemarketing,Sent,False,2024-12-01,True,True,C00398
CM002503,L00214,Lead,CAM0008,Email Campaign 008,Email,Sent,False,2023-04-27,True,True,C00398
CM002504,L00214,Lead,CAM0032,Webinar Campaign 032,Webinar,Sent,False,2023-05-12,True,True,C00398
CM002505,L00214,Lead,CAM0044,Event Campaign 044,Event,Attended,True,2025-10-05,False,True,C00398
CM002506,L00214,Lead,CAM0036,Advertisement Campaign 036,Advertisement,Sent,False,2024-09-28,True,True,C00398
CM002507,L00214,Lead,CAM0001,Email Campaign 001,Email,Sent,False,2024-10-08,True,True,C00398
CM002508,C00146,Contact,CAM0060,Event Campaign 060,Event,Sent,False,2026-04-16,True,True,C00146
CM002509,C00146,Contact,CAM0058,Webinar Campaign 058,Webinar,Registered,True,2026-05-29,False,True,C00146
CM002510,C00146,Contact,CAM0058,Webinar Campaign 058,Webinar,Sent,False,2026-05-10,True,True,C00146
CM002511,C00146,Contact,CAM0060,Event Campaign 060,Event,Sent,False,2026-04-24,True,True,C00146
CM002512,C00146,Contact,CAM0028,Telemarketing Campaign 028,Telemarketing,Clicked,True,2024-12-03,False,True,C00146
CM002513,C00146,Contact,CAM0010,Content Syndication Campaign 010,Content Syndication,Sent,False,2024-04-20,True,True,C00146
CM002514,C00146,Contact,CAM0014,Content Syndication Campaign 014,Content Syndication,Responded,True,2024-11-26,False,False,C00146
CM002515,C00146,Contact,CAM0051,Webinar Campaign 051,Webinar,Sent,False,2025-03-23,True,True,C00146
CM002516,C00157,Contact,CAM0056,Webinar Campaign 056,Webinar,Registered,True,2026-04-27,False,True,C00157
CM002517,C00018,Contact,CAM0047,Advertisement Campaign 047,Advertisement,Sent,False,2025-06-15,True,False,C00018
CM002518,C00018,Contact,CAM0037,Email Campaign 037,Email,Sent,False,2024-03-22,True,True,C00018
CM002519,C00018,Contact,CAM0012,Telemarketing Campaign 012,Telemarketing,Sent,False,2023-10-18,True,True,C00018
CM002520,C00018,Contact,CAM0031,Email Campaign 031,Email,Responded,True,2024-03-01,False,True,C00018
CM002521,C00018,Contact,CAM0035,Event Campaign 035,Event,Sent,False,2024-12-25,True,True,C00018
CM002522,C00018,Contact,CAM0004,Advertisement Campaign 004,Advertisement,Clicked,True,2023-12-07,False,False,C00018
CM002523,C00018,Contact,CAM0019,Webinar Campaign 019,Webinar,Sent,False,2024-06-17,True,True,C00018
CM002524,C00018,Contact,CAM0052,Advertisement Campaign 052,Advertisement,Sent,False,2025-05-19,True,True,C00018
CM002525,C00018,Contact,CAM0022,Event Campaign 022,Event,Registered,True,2024-05-22,False,True,C00018
CM002526,C00018,Contact,CAM0043,Webinar Campaign 043,Webinar,Sent,False,2025-10-03,True,True,C00018
CM002527,C00018,Contact,CAM0037,Email Campaign 037,Email,Responded,True,2024-03-26,False,True,C00018
CM002528,C00018,Contact,CAM0001,Email Campaign 001,Email,Sent,False,2024-10-03,True,True,C00018
CM002529,C00018,Contact,CAM0057,Event Campaign 057,Event,Sent,False,2026-05-05,True,True,C00018
CM002530,C00018,Contact,CAM0058,Webinar Campaign 058,Webinar,Sent,False,2026-05-11,True,True,C00018
CM002531,C00018,Contact,CAM0041,Email Campaign 041,Email,Sent,False,2025-04-26,True,True,C00018
CM002532,C00018,Contact,CAM0010,Content Syndication Campaign 010,Content Syndication,Sent,False,2024-04-09,True,True,C00018
CM002533,C00018,Contact,CAM0051,Webinar Campaign 051,Webinar,Sent,False,2025-03-10,True,True,C00018
CM002534,L00453,Lead,CAM0034,Webinar Campaign 034,Webinar,Registered,True,2024-05-31,False,True,L00453
CM002535,L00453,Lead,CAM0005,Telemarketing Campaign 005,Telemarketing,Responded,True,2024-09-02,False,True,L00453
CM002536,L00337,Lead,CAM0014,Content Syndication Campaign 014,Content Syndication,Sent,False,2024-11-04,True,True,L00337
CM002537,L00337,Lead,CAM0004,Advertisement Campaign 004,Advertisement,Sent,False,2023-12-02,True,True,L00337
CM002538,L00337,Lead,CAM0019,Webinar Campaign 019,Webinar,Sent,False,2024-06-26,True,True,L00337
CM002539,L00337,Lead,CAM0035,Event Campaign 035,Event,Attended,True,2025-01-09,False,True,L00337
CM002540,L00337,Lead,CAM0004,Advertisement Campaign 004,Advertisement,Sent,False,2023-12-02,False,True,L00337
CM002541,L00337,Lead,CAM0011,Webinar Campaign 011,Webinar,Sent,False,2023-12-30,True,True,L00337
CM002542,L00337,Lead,CAM0021,Advertisement Campaign 021,Advertisement,Sent,False,2023-08-29,True,True,L00337
CM002543,L00337,Lead,CAM0043,Webinar Campaign 043,Webinar,Sent,False,2025-10-02,True,True,L00337
CM002544,L00337,Lead,CAM0036,Advertisement Campaign 036,Advertisement,Sent,False,2024-10-01,True,True,L00337
CM002545,L00337,Lead,CAM0003,Event Campaign 003,Event,Registered,True,2023-11-04,False,True,L00337
CM002546,C00229,Contact,CAM0046,Webinar Campaign 046,Webinar,Registered,True,2026-01-01,False,True,C00229
CM002547,C00229,Contact,CAM0058,Webinar Campaign 058,Webinar,Attended,True,2026-05-08,False,True,C00229
CM002548,L00505,Lead,CAM0023,Webinar Campaign 023,Webinar,No Show,True,2024-05-09,False,True,L00505
CM002549,L00505,Lead,CAM0033,Advertisement Campaign 033,Advertisement,Sent,False,2023-03-17,False,True,L00505
CM002550,L00505,Lead,CAM0026,Telemarketing Campaign 026,Telemarketing,Responded,True,2024-01-01,False,False,L00505
CM002551,L00505,Lead,CAM0015,Advertisement Campaign 015,Advertisement,Sent,False,2024-04-19,False,True,L00505
CM002552,L00505,Lead,CAM0040,Webinar Campaign 040,Webinar,Attended,True,2023-12-19,False,True,L00505
CM002553,L00497,Lead,CAM0004,Advertisement Campaign 004,Advertisement,Clicked,True,2023-12-26,False,True,L00497
CM002554,L00497,Lead,CAM0051,Webinar Campaign 051,Webinar,Sent,False,2025-03-04,True,True,L00497
CM002555,L00497,Lead,CAM0002,Telemarketing Campaign 002,Telemarketing,Sent,False,2023-02-25,True,True,L00497
CM002556,L00497,Lead,CAM0042,Advertisement Campaign 042,Advertisement,Sent,False,2025-11-28,True,True,L00497
CM002557,L00497,Lead,CAM0051,Webinar Campaign 051,Webinar,Sent,False,2025-03-13,True,True,L00497
CM002558,L00497,Lead,CAM0045,Email Campaign 045,Email,Sent,False,2025-05-08,True,True,L00497
CM002559,L00497,Lead,CAM0001,Email Campaign 001,Email,Sent,False,2024-10-25,True,True,L00497
CM002560,L00497,Lead,CAM0054,Email Campaign 054,Email,Sent,False,2025-12-21,True,True,L00497
CM002561,L00497,Lead,CAM0006,Telemarketing Campaign 006,Telemarketing,Sent,False,2023-04-24,True,True,L00497
CM002562,L00227,Lead,CAM0052,Advertisement Campaign 052,Advertisement,Clicked,True,2025-05-06,False,True,C00012
CM002563,L00227,Lead,CAM0003,Event Campaign 003,Event,Registered,True,2023-11-08,False,True,C00012
CM002564,L00390,Lead,CAM0059,Content Syndication Campaign 059,Content Syndication,Responded,True,2026-04-19,False,True,C00331
CM002565,L00390,Lead,CAM0026,Telemarketing Campaign 026,Telemarketing,Clicked,True,2023-12-28,False,True,C00331
CM002566,C00093,Contact,CAM0004,Advertisement Campaign 004,Advertisement,Sent,False,2023-12-24,False,True,C00093
CM002567,C00093,Contact,CAM0059,Content Syndication Campaign 059,Content Syndication,Sent,False,2026-04-21,True,True,C00093
CM002568,C00093,Contact,CAM0055,Advertisement Campaign 055,Advertisement,Sent,False,2025-10-08,True,True,C00093
CM002569,C00093,Contact,CAM0053,Email Campaign 053,Email,Sent,False,2025-06-09,True,True,C00093
CM002570,C00093,Contact,CAM0011,Webinar Campaign 011,Webinar,Sent,False,2024-01-04,True,True,C00093
CM002571,C00093,Contact,CAM0043,Webinar Campaign 043,Webinar,Sent,False,2025-10-22,True,True,C00093
CM002572,C00093,Contact,CAM0001,Email Campaign 001,Email,Sent,False,2024-10-18,True,True,C00093
CM002573,C00093,Contact,CAM0044,Event Campaign 044,Event,Sent,False,2025-10-09,True,True,C00093
CM002574,C00256,Contact,CAM0003,Event Campaign 003,Event,Attended,True,2023-11-09,False,True,C00256
CM002575,C00391,Contact,CAM0017,Content Syndication Campaign 017,Content Syndication,Sent,False,2023-11-21,True,True,C00391
CM002576,C00391,Contact,CAM0028,Telemarketing Campaign 028,Telemarketing,Sent,False,2024-12-18,True,True,C00391
CM002577,C00391,Contact,CAM0008,Email Campaign 008,Email,Sent,False,2023-04-22,True,True,C00391
CM002578,C00391,Contact,CAM0005,Telemarketing Campaign 005,Telemarketing,Sent,False,2024-08-05,True,False,C00391
CM002579,C00391,Contact,CAM0052,Advertisement Campaign 052,Advertisement,Sent,False,2025-04-29,True,True,C00391
CM002580,C00391,Contact,CAM0015,Advertisement Campaign 015,Advertisement,Sent,False,2024-05-07,True,True,C00391
CM002581,C00391,Contact,CAM0007,Advertisement Campaign 007,Advertisement,Clicked,True,2023-11-29,False,True,C00391
CM002582,C00391,Contact,CAM0017,Content Syndication Campaign 017,Content Syndication,Sent,False,2023-11-11,True,False,C00391
CM002583,C00391,Contact,CAM0026,Telemarketing Campaign 026,Telemarketing,Sent,False,2023-12-18,True,True,C00391
CM002584,C00391,Contact,CAM0030,Event Campaign 030,Event,Sent,False,2023-09-24,True,True,C00391
CM002585,L00466,Lead,CAM0056,Webinar Campaign 056,Webinar,Registered,True,2026-05-08,False,True,L00466
CM002586,C00177,Contact,CAM0057,Event Campaign 057,Event,Attended,True,2026-05-29,False,True,C00177
CM002587,L00550,Lead,CAM0059,Content Syndication Campaign 059,Content Syndication,Clicked,True,2026-04-23,False,True,L00550
CM002588,C00070,Contact,CAM0060,Event Campaign 060,Event,Attended,True,2026-04-26,False,True,C00070
CM002589,L00240,Lead,CAM0060,Event Campaign 060,Event,No Show,True,2026-05-08,False,True,C00344
CM002590,L00240,Lead,CAM0045,Email Campaign 045,Email,Responded,True,2025-04-17,False,True,C00344
CM002591,L00240,Lead,CAM0038,Email Campaign 038,Email,Sent,False,2023-02-11,True,True,C00344
CM002592,L00297,Lead,CAM0017,Content Syndication Campaign 017,Content Syndication,Clicked,True,2023-11-10,False,True,L00297
CM002593,L00297,Lead,CAM0051,Webinar Campaign 051,Webinar,Registered,True,2025-03-20,False,True,L00297
CM002594,L00297,Lead,CAM0037,Email Campaign 037,Email,Sent,False,2024-03-20,True,True,L00297
CM002595,L00385,Lead,CAM0014,Content Syndication Campaign 014,Content Syndication,Sent,False,2024-11-29,True,True,L00385
CM002596,L00385,Lead,CAM0054,Email Campaign 054,Email,Sent,False,2025-12-22,True,True,L00385
CM002597,L00385,Lead,CAM0038,Email Campaign 038,Email,Sent,False,2023-02-01,True,True,L00385
CM002598,L00385,Lead,CAM0056,Webinar Campaign 056,Webinar,Sent,False,2026-05-06,True,True,L00385
CM002599,L00385,Lead,CAM0012,Telemarketing Campaign 012,Telemarketing,Sent,False,2023-11-10,True,True,L00385
CM002600,L00385,Lead,CAM0006,Telemarketing Campaign 006,Telemarketing,Sent,False,2023-04-28,True,True,L00385
CM002601,L00385,Lead,CAM0050,Webinar Campaign 050,Webinar,Sent,False,2025-09-09,True,True,L00385
CM002602,L00385,Lead,CAM0018,Content Syndication Campaign 018,Content Syndication,Sent,False,2024-06-23,True,True,L00385
CM002603,L00385,Lead,CAM0021,Advertisement Campaign 021,Advertisement,Sent,False,2023-08-11,True,True,L00385
CM002604,L00385,Lead,CAM0017,Content Syndication Campaign 017,Content Syndication,Sent,False,2023-11-12,True,True,L00385
CM002605,L00385,Lead,CAM0026,Telemarketing Campaign 026,Telemarketing,Responded,True,2023-12-27,False,True,L00385
CM002606,L00385,Lead,CAM0054,Email Campaign 054,Email,Sent,False,2025-12-22,True,True,L00385
CM002607,L00385,Lead,CAM0041,Email Campaign 041,Email,Sent,False,2025-05-07,True,True,L00385
CM002608,L00385,Lead,CAM0005,Telemarketing Campaign 005,Telemarketing,Sent,False,2024-09-02,True,False,L00385
CM002609,L00585,Lead,CAM0039,Advertisement Campaign 039,Advertisement,Sent,False,2025-01-16,False,True,L00585
CM002610,L00585,Lead,CAM0038,Email Campaign 038,Email,Clicked,True,2023-02-05,False,True,L00585
CM002611,L00585,Lead,CAM0001,Email Campaign 001,Email,Sent,False,2024-10-23,True,True,L00585
CM002612,L00285,Lead,CAM0056,Webinar Campaign 056,Webinar,Attended,True,2026-04-22,False,True,L00285
CM002613,L00285,Lead,CAM0006,Telemarketing Campaign 006,Telemarketing,Clicked,True,2023-04-15,False,True,L00285
CM002614,L00285,Lead,CAM0037,Email Campaign 037,Email,Sent,False,2024-03-12,True,True,L00285
CM002615,L00285,Lead,CAM0016,Content Syndication Campaign 016,Content Syndication,Responded,True,2023-09-11,False,True,L00285
CM002616,L00223,Lead,CAM0056,Webinar Campaign 056,Webinar,Registered,True,2026-05-02,False,True,C00332
CM002617,L00155,Lead,CAM0057,Event Campaign 057,Event,No Show,True,2026-05-23,False,True,C00243
CM002618,L00155,Lead,CAM0037,Email Campaign 037,Email,Sent,False,2024-03-19,True,True,C00243
CM002619,C00218,Contact,CAM0042,Advertisement Campaign 042,Advertisement,Sent,False,2025-11-30,False,True,C00218
CM002620,C00218,Contact,CAM0002,Telemarketing Campaign 002,Telemarketing,Clicked,True,2023-03-15,False,True,C00218
CM002621,C00307,Contact,CAM0060,Event Campaign 060,Event,Registered,True,2026-04-16,False,True,C00307
CM002622,C00307,Contact,CAM0034,Webinar Campaign 034,Webinar,No Show,True,2024-06-01,False,False,C00307
CM002623,C00307,Contact,CAM0013,Content Syndication Campaign 013,Content Syndication,Responded,True,2023-05-07,False,True,C00307
CM002624,C00316,Contact,CAM0057,Event Campaign 057,Event,Attended,True,2026-05-29,False,True,C00316
CM002625,C00316,Contact,CAM0056,Webinar Campaign 056,Webinar,Registered,True,2026-05-06,False,False,C00316
CM002626,C00316,Contact,CAM0021,Advertisement Campaign 021,Advertisement,Sent,False,2023-08-10,False,True,C00316
CM002627,C00316,Contact,CAM0010,Content Syndication Campaign 010,Content Syndication,Clicked,True,2024-04-06,False,True,C00316
CM002628,L00105,Lead,CAM0023,Webinar Campaign 023,Webinar,Sent,False,2024-05-13,True,True,L00105
CM002629,L00105,Lead,CAM0019,Webinar Campaign 019,Webinar,Sent,False,2024-07-04,True,False,L00105
CM002630,L00105,Lead,CAM0005,Telemarketing Campaign 005,Telemarketing,Clicked,True,2024-08-10,False,True,L00105
CM002631,L00105,Lead,CAM0014,Content Syndication Campaign 014,Content Syndication,Responded,True,2024-11-17,False,True,L00105
CM002632,L00105,Lead,CAM0003,Event Campaign 003,Event,Sent,False,2023-10-24,True,True,L00105
CM002633,L00105,Lead,CAM0011,Webinar Campaign 011,Webinar,Sent,False,2024-01-15,True,True,L00105
CM002634,L00105,Lead,CAM0057,Event Campaign 057,Event,Sent,False,2026-05-25,True,True,L00105
CM002635,L00105,Lead,CAM0033,Advertisement Campaign 033,Advertisement,Sent,False,2023-03-29,True,True,L00105
CM002636,L00105,Lead,CAM0037,Email Campaign 037,Email,Sent,False,2024-03-15,True,True,L00105
CM002637,L00105,Lead,CAM0024,Advertisement Campaign 024,Advertisement,Sent,False,2024-03-30,True,True,L00105
CM002638,L00105,Lead,CAM0039,Advertisement Campaign 039,Advertisement,Sent,False,2024-12-25,True,True,L00105
CM002639,L00105,Lead,CAM0034,Webinar Campaign 034,Webinar,Sent,False,2024-05-22,True,True,L00105
CM002640,L00105,Lead,CAM0055,Advertisement Campaign 055,Advertisement,Sent,False,2025-10-09,True,True,L00105
CM002641,L00105,Lead,CAM0048,Event Campaign 048,Event,Sent,False,2025-07-13,True,True,L00105
CM002642,L00105,Lead,CAM0034,Webinar Campaign 034,Webinar,Sent,False,2024-05-12,True,True,L00105
CM002643,L00105,Lead,CAM0047,Advertisement Campaign 047,Advertisement,Sent,False,2025-06-28,True,True,L00105
CM002644,L00498,Lead,CAM0056,Webinar Campaign 056,Webinar,Registered,True,2026-04-22,False,True,L00498
CM002645,L00498,Lead,CAM0028,Telemarketing Campaign 028,Telemarketing,Responded,True,2024-12-22,False,True,L00498
CM002646,L00498,Lead,CAM0013,Content Syndication Campaign 013,Content Syndication,Responded,True,2023-04-24,False,False,L00498
CM002647,L00518,Lead,CAM0039,Advertisement Campaign 039,Advertisement,Sent,False,2025-01-02,False,True,C00246
CM002648,L00518,Lead,CAM0040,Webinar Campaign 040,Webinar,Sent,False,2023-12-01,True,True,C00246
CM002649,L00518,Lead,CAM0039,Advertisement Campaign 039,Advertisement,Sent,False,2024-12-26,True,True,C00246
CM002650,L00518,Lead,CAM0034,Webinar Campaign 034,Webinar,Sent,False,2024-05-28,True,True,C00246
CM002651,L00518,Lead,CAM0032,Webinar Campaign 032,Webinar,Sent,False,2023-05-27,True,False,C00246
CM002652,L00518,Lead,CAM0047,Advertisement Campaign 047,Advertisement,Sent,False,2025-07-04,False,False,C00246
CM002653,L00518,Lead,CAM0021,Advertisement Campaign 021,Advertisement,Sent,False,2023-08-16,True,True,C00246
CM002654,L00518,Lead,CAM0020,Event Campaign 020,Event,Sent,False,2023-12-10,True,True,C00246
CM002655,L00518,Lead,CAM0015,Advertisement Campaign 015,Advertisement,Sent,False,2024-04-19,True,True,C00246
CM002656,L00518,Lead,CAM0050,Webinar Campaign 050,Webinar,Sent,False,2025-09-25,True,True,C00246
CM002657,L00518,Lead,CAM0001,Email Campaign 001,Email,Sent,False,2024-10-19,True,True,C00246
CM002658,L00518,Lead,CAM0013,Content Syndication Campaign 013,Content Syndication,Sent,False,2023-05-01,True,True,C00246
CM002659,L00518,Lead,CAM0009,Webinar Campaign 009,Webinar,Sent,False,2024-08-09,True,True,C00246
CM002660,C00137,Contact,CAM0001,Email Campaign 001,Email,Sent,False,2024-10-17,True,True,C00137
CM002661,L00233,Lead,CAM0032,Webinar Campaign 032,Webinar,Registered,True,2023-05-19,False,True,L00233
CM002662,L00233,Lead,CAM0005,Telemarketing Campaign 005,Telemarketing,Clicked,True,2024-09-02,False,True,L00233
CM002663,C00342,Contact,CAM0056,Webinar Campaign 056,Webinar,Attended,True,2026-04-16,False,True,C00342
CM002664,C00342,Contact,CAM0031,Email Campaign 031,Email,Responded,True,2024-02-28,False,True,C00342
CM002665,C00342,Contact,CAM0053,Email Campaign 053,Email,Responded,True,2025-06-08,False,True,C00342
CM002666,L00336,Lead,CAM0031,Email Campaign 031,Email,Sent,False,2024-02-23,True,True,L00336
CM002667,L00336,Lead,CAM0031,Email Campaign 031,Email,Responded,True,2024-03-05,False,False,L00336
CM002668,L00336,Lead,CAM0045,Email Campaign 045,Email,Sent,False,2025-04-17,True,True,L00336
CM002669,L00336,Lead,CAM0027,Advertisement Campaign 027,Advertisement,Sent,False,2024-04-10,True,False,L00336
CM002670,L00336,Lead,CAM0042,Advertisement Campaign 042,Advertisement,Sent,False,2025-11-29,True,True,L00336
CM002671,L00336,Lead,CAM0026,Telemarketing Campaign 026,Telemarketing,Responded,True,2024-01-01,False,False,L00336
CM002672,L00336,Lead,CAM0052,Advertisement Campaign 052,Advertisement,Sent,False,2025-04-28,True,True,L00336
CM002673,L00336,Lead,CAM0034,Webinar Campaign 034,Webinar,Sent,False,2024-05-31,True,True,L00336
CM002674,L00336,Lead,CAM0018,Content Syndication Campaign 018,Content Syndication,Sent,False,2024-06-14,True,True,L00336
CM002675,L00336,Lead,CAM0053,Email Campaign 053,Email,Sent,False,2025-05-26,True,True,L00336
CM002676,L00336,Lead,CAM0019,Webinar Campaign 019,Webinar,Sent,False,2024-06-25,True,False,L00336
CM002677,L00336,Lead,CAM0057,Event Campaign 057,Event,Attended,True,2026-05-13,False,True,L00336
CM002678,L00336,Lead,CAM0058,Webinar Campaign 058,Webinar,Sent,False,2026-05-29,True,True,L00336
CM002679,L00336,Lead,CAM0034,Webinar Campaign 034,Webinar,Sent,False,2024-05-13,True,True,L00336
CM002680,C00287,Contact,CAM0058,Webinar Campaign 058,Webinar,Registered,True,2026-05-17,False,True,C00287
CM002681,L00524,Lead,CAM0031,Email Campaign 031,Email,Sent,False,2024-02-24,True,True,L00524
CM002682,L00524,Lead,CAM0053,Email Campaign 053,Email,Clicked,True,2025-05-31,False,True,L00524
CM002683,L00524,Lead,CAM0029,Webinar Campaign 029,Webinar,Attended,True,2024-01-23,False,True,L00524
CM002684,C00148,Contact,CAM0049,Webinar Campaign 049,Webinar,Attended,True,2025-10-13,False,True,C00148
CM002685,C00148,Contact,CAM0012,Telemarketing Campaign 012,Telemarketing,Responded,True,2023-11-12,False,True,C00148
CM002686,C00204,Contact,CAM0026,Telemarketing Campaign 026,Telemarketing,Clicked,True,2023-12-20,False,True,C00204
CM002687,C00204,Contact,CAM0005,Telemarketing Campaign 005,Telemarketing,Clicked,True,2024-08-17,False,True,C00204
CM002688,C00221,Contact,CAM0058,Webinar Campaign 058,Webinar,No Show,True,2026-05-24,False,True,C00221
CM002689,C00221,Contact,CAM0023,Webinar Campaign 023,Webinar,Registered,True,2024-05-18,False,True,C00221
CM002690,C00221,Contact,CAM0002,Telemarketing Campaign 002,Telemarketing,Clicked,True,2023-02-21,False,True,C00221
CM002691,L00421,Lead,CAM0045,Email Campaign 045,Email,Sent,False,2025-04-28,True,True,C00347
CM002692,L00393,Lead,CAM0057,Event Campaign 057,Event,Registered,True,2026-05-27,False,True,C00355
CM002693,C00216,Contact,CAM0012,Telemarketing Campaign 012,Telemarketing,Sent,False,2023-11-11,False,False,C00216
CM002694,C00216,Contact,CAM0050,Webinar Campaign 050,Webinar,Registered,True,2025-09-17,False,True,C00216
CM002695,C00216,Contact,CAM0010,Content Syndication Campaign 010,Content Syndication,Sent,False,2024-05-02,False,True,C00216
CM002696,C00216,Contact,CAM0046,Webinar Campaign 046,Webinar,Registered,True,2026-01-04,False,True,C00216
CM002697,C00216,Contact,CAM0045,Email Campaign 045,Email,Sent,False,2025-05-03,True,True,C00216
CM002698,L00586,Lead,CAM0048,Event Campaign 048,Event,Attended,True,2025-08-06,False,False,L00586
CM002699,L00586,Lead,CAM0019,Webinar Campaign 019,Webinar,Attended,True,2024-06-15,False,True,L00586
CM002700,L00439,Lead,CAM0040,Webinar Campaign 040,Webinar,Attended,True,2023-12-22,False,True,L00439
CM002701,L00439,Lead,CAM0026,Telemarketing Campaign 026,Telemarketing,Clicked,True,2024-01-07,False,True,L00439
CM002702,L00439,Lead,CAM0016,Content Syndication Campaign 016,Content Syndication,Responded,True,2023-09-03,False,True,L00439
CM002703,L00221,Lead,CAM0060,Event Campaign 060,Event,No Show,True,2026-04-17,False,True,C00111
CM002704,L00221,Lead,CAM0031,Email Campaign 031,Email,Responded,True,2024-03-09,False,False,C00111
CM002705,L00467,Lead,CAM0058,Webinar Campaign 058,Webinar,Registered,True,2026-05-08,False,True,C00287
CM002706,L00467,Lead,CAM0029,Webinar Campaign 029,Webinar,No Show,True,2024-02-03,False,True,C00287
CM002707,C00381,Contact,CAM0058,Webinar Campaign 058,Webinar,Attended,True,2026-05-22,False,True,C00381
CM002708,L00313,Lead,CAM0060,Event Campaign 060,Event,Attended,True,2026-04-23,False,True,C00015
CM002709,L00140,Lead,CAM0056,Webinar Campaign 056,Webinar,Registered,True,2026-04-27,False,True,L00140
CM002710,L00140,Lead,CAM0044,Event Campaign 044,Event,Attended,True,2025-10-24,False,True,L00140
CM002711,L00140,Lead,CAM0044,Event Campaign 044,Event,Attended,True,2025-10-06,False,True,L00140
CM002712,L00486,Lead,CAM0017,Content Syndication Campaign 017,Content Syndication,Sent,False,2023-11-22,True,True,L00486
CM002713,L00486,Lead,CAM0026,Telemarketing Campaign 026,Telemarketing,Sent,False,2023-12-19,True,True,L00486
CM002714,L00486,Lead,CAM0029,Webinar Campaign 029,Webinar,Sent,False,2024-01-20,True,True,L00486
CM002715,L00486,Lead,CAM0024,Advertisement Campaign 024,Advertisement,Sent,False,2024-04-02,True,True,L00486
CM002716,L00486,Lead,CAM0059,Content Syndication Campaign 059,Content Syndication,Sent,False,2026-04-20,True,True,L00486
CM002717,L00486,Lead,CAM0057,Event Campaign 057,Event,Sent,False,2026-05-15,True,True,L00486
CM002718,L00486,Lead,CAM0060,Event Campaign 060,Event,Sent,False,2026-04-30,True,True,L00486
CM002719,L00486,Lead,CAM0026,Telemarketing Campaign 026,Telemarketing,Sent,False,2024-01-06,True,True,L00486
CM002720,L00486,Lead,CAM0048,Event Campaign 048,Event,Sent,False,2025-07-31,True,False,L00486
CM002721,L00486,Lead,CAM0045,Email Campaign 045,Email,Sent,False,2025-04-27,True,True,L00486
CM002722,L00486,Lead,CAM0048,Event Campaign 048,Event,Attended,True,2025-07-20,False,True,L00486
CM002723,L00486,Lead,CAM0010,Content Syndication Campaign 010,Content Syndication,Sent,False,2024-05-04,False,True,L00486
CM002724,L00486,Lead,CAM0057,Event Campaign 057,Event,Registered,True,2026-05-28,False,True,L00486
CM002725,L00486,Lead,CAM0057,Event Campaign 057,Event,Sent,False,2026-05-11,True,True,L00486
CM002726,C00076,Contact,CAM0028,Telemarketing Campaign 028,Telemarketing,Clicked,True,2024-11-29,False,True,C00076
CM002727,L00145,Lead,CAM0058,Webinar Campaign 058,Webinar,Registered,True,2026-05-24,False,True,L00145
CM002728,L00248,Lead,CAM0047,Advertisement Campaign 047,Advertisement,Clicked,True,2025-07-14,False,True,L00248
CM002729,L00054,Lead,CAM0003,Event Campaign 003,Event,Attended,True,2023-10-26,False,True,C00034
CM002730,L00054,Lead,CAM0019,Webinar Campaign 019,Webinar,Registered,True,2024-06-21,False,True,C00034
CM002731,L00038,Lead,CAM0056,Webinar Campaign 056,Webinar,Registered,True,2026-04-20,False,True,L00038
CM002732,L00038,Lead,CAM0033,Advertisement Campaign 033,Advertisement,Clicked,True,2023-03-12,False,True,L00038
CM002733,C00223,Contact,CAM0028,Telemarketing Campaign 028,Telemarketing,Sent,False,2024-11-25,False,True,C00223
CM002734,C00223,Contact,CAM0059,Content Syndication Campaign 059,Content Syndication,Responded,True,2026-05-11,False,True,C00223
CM002735,C00289,Contact,CAM0051,Webinar Campaign 051,Webinar,No Show,True,2025-03-16,False,True,C00289
CM002736,C00289,Contact,CAM0037,Email Campaign 037,Email,Sent,False,2024-03-15,True,False,C00289
CM002737,L00093,Lead,CAM0008,Email Campaign 008,Email,Responded,True,2023-04-24,False,True,L00093
CM002738,L00471,Lead,CAM0021,Advertisement Campaign 021,Advertisement,Sent,False,2023-08-14,False,True,C00392
CM002739,L00471,Lead,CAM0003,Event Campaign 003,Event,Sent,False,2023-10-21,True,True,C00392
CM002740,L00471,Lead,CAM0010,Content Syndication Campaign 010,Content Syndication,Sent,False,2024-04-17,True,True,C00392
CM002741,L00471,Lead,CAM0033,Advertisement Campaign 033,Advertisement,Sent,False,2023-03-29,True,True,C00392
CM002742,L00471,Lead,CAM0028,Telemarketing Campaign 028,Telemarketing,Sent,False,2024-12-14,False,True,C00392
CM002743,L00471,Lead,CAM0052,Advertisement Campaign 052,Advertisement,Sent,False,2025-04-28,True,True,C00392
CM002744,L00471,Lead,CAM0029,Webinar Campaign 029,Webinar,Sent,False,2024-02-16,True,True,C00392
CM002745,L00471,Lead,CAM0024,Advertisement Campaign 024,Advertisement,Sent,False,2024-03-27,True,True,C00392
CM002746,L00471,Lead,CAM0038,Email Campaign 038,Email,Sent,False,2023-02-06,True,True,C00392
CM002747,L00471,Lead,CAM0051,Webinar Campaign 051,Webinar,Sent,False,2025-03-11,True,True,C00392
CM002748,L00471,Lead,CAM0050,Webinar Campaign 050,Webinar,Sent,False,2025-09-01,True,False,C00392
CM002749,C00179,Contact,CAM0056,Webinar Campaign 056,Webinar,Registered,True,2026-05-05,False,True,C00179
CM002750,L00383,Lead,CAM0006,Telemarketing Campaign 006,Telemarketing,Responded,True,2023-04-22,False,True,L00383
CM002751,L00383,Lead,CAM0047,Advertisement Campaign 047,Advertisement,Sent,False,2025-07-03,False,True,L00383
CM002752,L00383,Lead,CAM0006,Telemarketing Campaign 006,Telemarketing,Responded,True,2023-04-22,False,True,L00383
CM002753,L00441,Lead,CAM0056,Webinar Campaign 056,Webinar,Sent,False,2026-05-08,True,True,L00441
CM002754,L00441,Lead,CAM0026,Telemarketing Campaign 026,Telemarketing,Sent,False,2023-12-17,False,True,L00441
CM002755,L00441,Lead,CAM0006,Telemarketing Campaign 006,Telemarketing,Clicked,True,2023-04-09,False,True,L00441
CM002756,L00441,Lead,CAM0025,Event Campaign 025,Event,Sent,False,2023-03-21,True,False,L00441
CM002757,L00441,Lead,CAM0017,Content Syndication Campaign 017,Content Syndication,Sent,False,2023-11-27,True,True,L00441
CM002758,L00441,Lead,CAM0035,Event Campaign 035,Event,Sent,False,2025-01-04,True,False,L00441
CM002759,L00441,Lead,CAM0014,Content Syndication Campaign 014,Content Syndication,Sent,False,2024-11-23,True,True,L00441
CM002760,L00441,Lead,CAM0005,Telemarketing Campaign 005,Telemarketing,Sent,False,2024-08-14,True,True,L00441
CM002761,L00441,Lead,CAM0054,Email Campaign 054,Email,Sent,False,2025-12-28,True,True,L00441
CM002762,L00441,Lead,CAM0052,Advertisement Campaign 052,Advertisement,Sent,False,2025-04-30,True,True,L00441
CM002763,L00441,Lead,CAM0031,Email Campaign 031,Email,Sent,False,2024-02-14,True,True,L00441
CM002764,L00441,Lead,CAM0052,Advertisement Campaign 052,Advertisement,Sent,False,2025-05-07,True,True,L00441
CM002765,L00441,Lead,CAM0058,Webinar Campaign 058,Webinar,Sent,False,2026-05-29,True,True,L00441
CM002766,L00441,Lead,CAM0056,Webinar Campaign 056,Webinar,Sent,False,2026-04-24,True,True,L00441
CM002767,L00441,Lead,CAM0050,Webinar Campaign 050,Webinar,Sent,False,2025-09-06,True,True,L00441
CM002768,L00441,Lead,CAM0003,Event Campaign 003,Event,Sent,False,2023-11-04,True,True,L00441
CM002769,L00441,Lead,CAM0046,Webinar Campaign 046,Webinar,Sent,False,2026-01-15,True,True,L00441
CM002770,L00495,Lead,CAM0013,Content Syndication Campaign 013,Content Syndication,Responded,True,2023-04-24,False,True,L00495
CM002771,L00495,Lead,CAM0053,Email Campaign 053,Email,Responded,True,2025-05-15,False,True,L00495
CM002772,L00495,Lead,CAM0002,Telemarketing Campaign 002,Telemarketing,Sent,False,2023-02-24,True,True,L00495
CM002773,L00495,Lead,CAM0045,Email Campaign 045,Email,Sent,False,2025-04-23,True,True,L00495
CM002774,L00495,Lead,CAM0055,Advertisement Campaign 055,Advertisement,Sent,False,2025-09-26,True,True,L00495
CM002775,L00495,Lead,CAM0035,Event Campaign 035,Event,Sent,False,2025-01-03,True,True,L00495
CM002776,L00495,Lead,CAM0055,Advertisement Campaign 055,Advertisement,Sent,False,2025-09-29,True,True,L00495
CM002777,L00495,Lead,CAM0038,Email Campaign 038,Email,Sent,False,2023-02-20,True,True,L00495
CM002778,L00495,Lead,CAM0036,Advertisement Campaign 036,Advertisement,Sent,False,2024-09-10,True,True,L00495
CM002779,L00495,Lead,CAM0007,Advertisement Campaign 007,Advertisement,Sent,False,2023-11-24,True,True,L00495
CM002780,L00495,Lead,CAM0011,Webinar Campaign 011,Webinar,Sent,False,2024-01-26,True,True,L00495
CM002781,L00495,Lead,CAM0042,Advertisement Campaign 042,Advertisement,Clicked,True,2025-11-28,False,False,L00495
CM002782,L00495,Lead,CAM0041,Email Campaign 041,Email,Responded,True,2025-05-03,False,True,L00495
CM002783,L00495,Lead,CAM0037,Email Campaign 037,Email,Sent,False,2024-03-07,True,True,L00495
CM002784,L00495,Lead,CAM0013,Content Syndication Campaign 013,Content Syndication,Sent,False,2023-05-13,True,True,L00495
CM002785,L00495,Lead,CAM0006,Telemarketing Campaign 006,Telemarketing,Sent,False,2023-04-24,True,True,L00495
CM002786,C00390,Contact,CAM0060,Event Campaign 060,Event,Registered,True,2026-04-30,False,True,C00390
CM002787,C00390,Contact,CAM0032,Webinar Campaign 032,Webinar,Attended,True,2023-05-11,False,True,C00390
CM002788,L00029,Lead,CAM0060,Event Campaign 060,Event,No Show,True,2026-05-10,False,True,L00029
CM002789,L00598,Lead,CAM0049,Webinar Campaign 049,Webinar,Attended,True,2025-10-26,False,True,L00598
CM002790,L00598,Lead,CAM0029,Webinar Campaign 029,Webinar,Registered,True,2024-02-12,False,True,L00598
CM002791,L00598,Lead,CAM0008,Email Campaign 008,Email,Sent,False,2023-05-09,True,True,L00598
CM002792,L00598,Lead,CAM0033,Advertisement Campaign 033,Advertisement,Sent,False,2023-03-26,False,True,L00598
CM002793,L00526,Lead,CAM0024,Advertisement Campaign 024,Advertisement,Sent,False,2024-03-19,True,False,L00526
CM002794,L00526,Lead,CAM0012,Telemarketing Campaign 012,Telemarketing,Sent,False,2023-11-01,False,True,L00526
CM002795,L00526,Lead,CAM0050,Webinar Campaign 050,Webinar,Sent,False,2025-09-12,True,True,L00526
CM002796,L00526,Lead,CAM0009,Webinar Campaign 009,Webinar,Sent,False,2024-07-31,True,True,L00526
CM002797,L00526,Lead,CAM0060,Event Campaign 060,Event,Sent,False,2026-04-16,True,True,L00526
CM002798,L00526,Lead,CAM0038,Email Campaign 038,Email,Sent,False,2023-02-07,True,True,L00526
CM002799,L00526,Lead,CAM0029,Webinar Campaign 029,Webinar,Sent,False,2024-02-11,True,True,L00526
CM002800,L00526,Lead,CAM0014,Content Syndication Campaign 014,Content Syndication,Sent,False,2024-11-28,False,True,L00526
CM002801,L00526,Lead,CAM0013,Content Syndication Campaign 013,Content Syndication,Sent,False,2023-04-28,True,False,L00526
CM002802,L00526,Lead,CAM0012,Telemarketing Campaign 012,Telemarketing,Sent,False,2023-10-17,True,True,L00526
CM002803,L00526,Lead,CAM0050,Webinar Campaign 050,Webinar,Sent,False,2025-09-26,True,False,L00526
CM002804,L00025,Lead,CAM0046,Webinar Campaign 046,Webinar,Attended,True,2025-12-31,False,True,L00025
CM002805,L00367,Lead,CAM0040,Webinar Campaign 040,Webinar,Attended,True,2023-12-16,False,True,L00367
CM002806,L00367,Lead,CAM0008,Email Campaign 008,Email,Sent,False,2023-04-25,True,True,L00367
CM002807,L00367,Lead,CAM0036,Advertisement Campaign 036,Advertisement,Sent,False,2024-09-10,True,True,L00367
CM002808,L00367,Lead,CAM0011,Webinar Campaign 011,Webinar,Sent,False,2024-01-04,True,True,L00367
CM002809,L00367,Lead,CAM0054,Email Campaign 054,Email,Sent,False,2025-12-27,True,True,L00367
CM002810,L00367,Lead,CAM0028,Telemarketing Campaign 028,Telemarketing,Sent,False,2024-12-18,True,True,L00367
CM002811,L00367,Lead,CAM0001,Email Campaign 001,Email,Sent,False,2024-10-31,True,True,L00367
CM002812,L00367,Lead,CAM0004,Advertisement Campaign 004,Advertisement,Sent,False,2023-12-11,True,False,L00367
CM002813,L00367,Lead,CAM0033,Advertisement Campaign 033,Advertisement,Sent,False,2023-03-30,True,True,L00367
CM002814,L00367,Lead,CAM0032,Webinar Campaign 032,Webinar,Sent,False,2023-05-27,True,True,L00367
CM002815,L00367,Lead,CAM0020,Event Campaign 020,Event,Sent,False,2023-12-21,True,True,L00367
CM002816,L00367,Lead,CAM0037,Email Campaign 037,Email,Sent,False,2024-03-27,True,True,L00367
CM002817,L00367,Lead,CAM0048,Event Campaign 048,Event,Sent,False,2025-08-03,True,True,L00367
CM002818,L00237,Lead,CAM0037,Email Campaign 037,Email,Sent,False,2024-03-28,True,True,L00237
CM002819,L00237,Lead,CAM0031,Email Campaign 031,Email,Sent,False,2024-03-02,True,True,L00237
CM002820,L00237,Lead,CAM0035,Event Campaign 035,Event,Registered,True,2025-01-12,False,True,L00237
CM002821,L00237,Lead,CAM0020,Event Campaign 020,Event,Attended,True,2023-12-06,False,True,L00237
CM002822,L00314,Lead,CAM0010,Content Syndication Campaign 010,Content Syndication,Responded,True,2024-04-23,False,True,L00314
CM002823,C00244,Contact,CAM0056,Webinar Campaign 056,Webinar,No Show,True,2026-04-13,False,True,C00244
CM002824,L00196,Lead,CAM0010,Content Syndication Campaign 010,Content Syndication,Sent,False,2024-04-20,True,True,L00196
CM002825,L00196,Lead,CAM0051,Webinar Campaign 051,Webinar,Sent,False,2025-03-19,True,True,L00196
CM002826,L00196,Lead,CAM0035,Event Campaign 035,Event,Registered,True,2025-01-10,False,True,L00196
CM002827,L00196,Lead,CAM0058,Webinar Campaign 058,Webinar,Sent,False,2026-05-29,True,True,L00196
CM002828,L00196,Lead,CAM0024,Advertisement Campaign 024,Advertisement,Sent,False,2024-03-21,True,True,L00196
CM002829,L00196,Lead,CAM0043,Webinar Campaign 043,Webinar,Sent,False,2025-10-14,True,True,L00196
CM002830,C00039,Contact,CAM0004,Advertisement Campaign 004,Advertisement,Sent,False,2023-12-07,False,True,C00039
CM002831,C00039,Contact,CAM0028,Telemarketing Campaign 028,Telemarketing,Sent,False,2024-12-20,False,True,C00039
CM002832,C00333,Contact,CAM0037,Email Campaign 037,Email,Clicked,True,2024-03-04,False,True,C00333
CM002833,L00188,Lead,CAM0029,Webinar Campaign 029,Webinar,Attended,True,2024-02-14,False,True,L00188
CM002834,L00188,Lead,CAM0032,Webinar Campaign 032,Webinar,Registered,True,2023-05-13,False,True,L00188
CM002835,L00188,Lead,CAM0014,Content Syndication Campaign 014,Content Syndication,Clicked,True,2024-11-18,False,True,L00188
CM002836,L00023,Lead,CAM0024,Advertisement Campaign 024,Advertisement,Sent,False,2024-03-26,True,False,L00023
CM002837,L00023,Lead,CAM0002,Telemarketing Campaign 002,Telemarketing,Sent,False,2023-02-27,True,True,L00023
CM002838,L00023,Lead,CAM0006,Telemarketing Campaign 006,Telemarketing,Clicked,True,2023-05-01,False,False,L00023
CM002839,L00023,Lead,CAM0002,Telemarketing Campaign 002,Telemarketing,Responded,True,2023-02-15,False,False,L00023
CM002840,L00023,Lead,CAM0050,Webinar Campaign 050,Webinar,Sent,False,2025-09-19,True,True,L00023
CM002841,L00023,Lead,CAM0007,Advertisement Campaign 007,Advertisement,Sent,False,2023-11-23,True,True,L00023
CM002842,L00023,Lead,CAM0012,Telemarketing Campaign 012,Telemarketing,Sent,False,2023-10-28,True,True,L00023
CM002843,L00023,Lead,CAM0048,Event Campaign 048,Event,Registered,True,2025-07-29,False,False,L00023
CM002844,L00023,Lead,CAM0026,Telemarketing Campaign 026,Telemarketing,Sent,False,2023-12-15,True,True,L00023
CM002845,L00368,Lead,CAM0008,Email Campaign 008,Email,Clicked,True,2023-05-13,False,False,L00368
CM002846,L00095,Lead,CAM0033,Advertisement Campaign 033,Advertisement,Clicked,True,2023-03-17,False,True,C00088
CM002847,L00095,Lead,CAM0011,Webinar Campaign 011,Webinar,Attended,True,2024-01-26,False,True,C00088
CM002848,C00274,Contact,CAM0059,Content Syndication Campaign 059,Content Syndication,Responded,True,2026-05-02,False,True,C00274
CM002849,C00117,Contact,CAM0031,Email Campaign 031,Email,Sent,False,2024-02-26,True,True,C00117
CM002850,C00030,Contact,CAM0047,Advertisement Campaign 047,Advertisement,Sent,False,2025-06-18,True,True,C00030
CM002851,C00030,Contact,CAM0030,Event Campaign 030,Event,Sent,False,2023-09-16,True,False,C00030
CM002852,C00030,Contact,CAM0049,Webinar Campaign 049,Webinar,Sent,False,2025-10-30,True,True,C00030
CM002853,C00030,Contact,CAM0004,Advertisement Campaign 004,Advertisement,Sent,False,2023-12-14,True,True,C00030
CM002854,C00030,Contact,CAM0038,Email Campaign 038,Email,Responded,True,2023-02-03,False,False,C00030
CM002855,C00030,Contact,CAM0017,Content Syndication Campaign 017,Content Syndication,Sent,False,2023-11-23,True,False,C00030
CM002856,C00030,Contact,CAM0035,Event Campaign 035,Event,No Show,True,2025-01-14,False,True,C00030
CM002857,C00030,Contact,CAM0038,Email Campaign 038,Email,Clicked,True,2023-02-22,False,True,C00030
CM002858,C00030,Contact,CAM0049,Webinar Campaign 049,Webinar,Sent,False,2025-10-07,True,True,C00030
CM002859,C00030,Contact,CAM0034,Webinar Campaign 034,Webinar,Sent,False,2024-05-26,True,True,C00030
CM002860,C00030,Contact,CAM0001,Email Campaign 001,Email,Sent,False,2024-10-08,True,True,C00030
CM002861,C00030,Contact,CAM0059,Content Syndication Campaign 059,Content Syndication,Clicked,True,2026-04-21,False,True,C00030
CM002862,C00030,Contact,CAM0031,Email Campaign 031,Email,Sent,False,2024-02-26,True,True,C00030
CM002863,C00030,Contact,CAM0008,Email Campaign 008,Email,Sent,False,2023-05-13,True,True,C00030
CM002864,C00133,Contact,CAM0030,Event Campaign 030,Event,Attended,True,2023-09-16,False,False,C00133
CM002865,C00133,Contact,CAM0049,Webinar Campaign 049,Webinar,Attended,True,2025-10-24,False,True,C00133
CM002866,C00133,Contact,CAM0047,Advertisement Campaign 047,Advertisement,Clicked,True,2025-06-24,False,True,C00133
CM002867,C00133,Contact,CAM0002,Telemarketing Campaign 002,Telemarketing,Sent,False,2023-02-28,False,False,C00133
CM002868,C00133,Contact,CAM0060,Event Campaign 060,Event,Registered,True,2026-04-14,False,True,C00133
CM002869,L00152,Lead,CAM0056,Webinar Campaign 056,Webinar,Attended,True,2026-04-14,False,True,L00152
CM002870,L00414,Lead,CAM0020,Event Campaign 020,Event,Sent,False,2023-12-06,True,True,L00414
CM002871,L00414,Lead,CAM0028,Telemarketing Campaign 028,Telemarketing,Sent,False,2024-12-02,True,True,L00414
CM002872,L00414,Lead,CAM0022,Event Campaign 022,Event,Sent,False,2024-05-14,True,True,L00414
CM002873,L00414,Lead,CAM0007,Advertisement Campaign 007,Advertisement,Sent,False,2023-11-22,True,True,L00414
CM002874,L00414,Lead,CAM0002,Telemarketing Campaign 002,Telemarketing,Clicked,True,2023-02-25,False,True,L00414
CM002875,L00414,Lead,CAM0059,Content Syndication Campaign 059,Content Syndication,Clicked,True,2026-04-29,False,True,L00414
CM002876,C00324,Contact,CAM0002,Telemarketing Campaign 002,Telemarketing,Sent,False,2023-02-25,True,True,C00324
CM002877,C00324,Contact,CAM0026,Telemarketing Campaign 026,Telemarketing,Sent,False,2023-12-17,True,False,C00324
CM002878,C00324,Contact,CAM0054,Email Campaign 054,Email,Sent,False,2026-01-09,True,True,C00324
CM002879,C00324,Contact,CAM0052,Advertisement Campaign 052,Advertisement,Sent,False,2025-04-24,True,True,C00324
CM002880,C00324,Contact,CAM0013,Content Syndication Campaign 013,Content Syndication,Responded,True,2023-05-04,False,True,C00324
CM002881,C00324,Contact,CAM0045,Email Campaign 045,Email,Sent,False,2025-04-26,True,True,C00324
CM002882,C00324,Contact,CAM0020,Event Campaign 020,Event,Registered,True,2023-12-25,False,True,C00324
CM002883,C00324,Contact,CAM0046,Webinar Campaign 046,Webinar,Sent,False,2026-01-26,True,True,C00324
CM002884,C00324,Contact,CAM0032,Webinar Campaign 032,Webinar,No Show,True,2023-05-18,False,True,C00324
CM002885,C00324,Contact,CAM0020,Event Campaign 020,Event,Sent,False,2023-12-03,True,True,C00324
CM002886,C00324,Contact,CAM0058,Webinar Campaign 058,Webinar,Sent,False,2026-05-12,True,True,C00324
CM002887,C00324,Contact,CAM0015,Advertisement Campaign 015,Advertisement,Sent,False,2024-04-29,True,True,C00324
CM002888,L00125,Lead,CAM0007,Advertisement Campaign 007,Advertisement,Sent,False,2023-12-01,True,True,L00125
CM002889,L00125,Lead,CAM0006,Telemarketing Campaign 006,Telemarketing,Responded,True,2023-04-13,False,True,L00125
CM002890,L00125,Lead,CAM0017,Content Syndication Campaign 017,Content Syndication,Responded,True,2023-11-21,False,True,L00125
CM002891,L00125,Lead,CAM0011,Webinar Campaign 011,Webinar,No Show,True,2024-01-09,False,True,L00125
CM002892,L00125,Lead,CAM0009,Webinar Campaign 009,Webinar,Sent,False,2024-08-18,True,True,L00125
CM002893,L00125,Lead,CAM0019,Webinar Campaign 019,Webinar,Sent,False,2024-07-03,True,True,L00125
CM002894,L00125,Lead,CAM0016,Content Syndication Campaign 016,Content Syndication,Sent,False,2023-08-27,True,True,L00125
CM002895,L00125,Lead,CAM0059,Content Syndication Campaign 059,Content Syndication,Sent,False,2026-05-09,True,True,L00125
CM002896,L00125,Lead,CAM0039,Advertisement Campaign 039,Advertisement,Sent,False,2024-12-23,True,True,L00125
CM002897,L00125,Lead,CAM0041,Email Campaign 041,Email,Sent,False,2025-05-01,True,True,L00125
CM002898,L00125,Lead,CAM0042,Advertisement Campaign 042,Advertisement,Sent,False,2025-11-24,True,True,L00125
CM002899,L00125,Lead,CAM0004,Advertisement Campaign 004,Advertisement,Sent,False,2023-12-29,True,True,L00125
CM002900,L00125,Lead,CAM0030,Event Campaign 030,Event,Sent,False,2023-09-08,True,True,L00125
CM002901,C00385,Contact,CAM0058,Webinar Campaign 058,Webinar,Registered,True,2026-05-18,False,True,C00385
CM002902,C00385,Contact,CAM0019,Webinar Campaign 019,Webinar,Registered,True,2024-06-27,False,True,C00385
CM002903,L00428,Lead,CAM0025,Event Campaign 025,Event,Attended,True,2023-03-23,False,False,L00428
CM002904,L00428,Lead,CAM0049,Webinar Campaign 049,Webinar,Registered,True,2025-10-27,False,True,L00428
CM002905,L00350,Lead,CAM0049,Webinar Campaign 049,Webinar,Attended,True,2025-10-22,False,True,L00350
CM002906,L00350,Lead,CAM0008,Email Campaign 008,Email,Clicked,True,2023-05-12,False,True,L00350
CM002907,L00350,Lead,CAM0033,Advertisement Campaign 033,Advertisement,Sent,False,2023-03-29,False,True,L00350
CM002908,L00018,Lead,CAM0051,Webinar Campaign 051,Webinar,No Show,True,2025-03-05,False,True,C00131
CM002909,L00018,Lead,CAM0019,Webinar Campaign 019,Webinar,No Show,True,2024-07-01,False,True,C00131
CM002910,L00018,Lead,CAM0049,Webinar Campaign 049,Webinar,Attended,True,2025-10-19,False,True,C00131
CM002911,L00018,Lead,CAM0058,Webinar Campaign 058,Webinar,Attended,True,2026-05-11,False,True,C00131
CM002912,C00007,Contact,CAM0057,Event Campaign 057,Event,No Show,True,2026-05-26,False,True,C00007
CM002913,C00007,Contact,CAM0008,Email Campaign 008,Email,Sent,False,2023-05-08,True,True,C00007
CM002914,C00007,Contact,CAM0002,Telemarketing Campaign 002,Telemarketing,Clicked,True,2023-02-21,False,True,C00007
CM002915,C00007,Contact,CAM0003,Event Campaign 003,Event,No Show,True,2023-11-06,False,True,C00007
CM002916,C00016,Contact,CAM0025,Event Campaign 025,Event,Attended,True,2023-03-18,False,True,C00016
CM002917,C00016,Contact,CAM0013,Content Syndication Campaign 013,Content Syndication,Sent,False,2023-05-17,False,True,C00016
CM002918,C00016,Contact,CAM0008,Email Campaign 008,Email,Sent,False,2023-04-23,True,True,C00016
CM002919,C00016,Contact,CAM0015,Advertisement Campaign 015,Advertisement,Sent,False,2024-04-21,False,False,C00016
CM002920,L00179,Lead,CAM0007,Advertisement Campaign 007,Advertisement,Sent,False,2023-11-28,True,True,L00179
CM002921,L00179,Lead,CAM0028,Telemarketing Campaign 028,Telemarketing,Sent,False,2024-12-23,True,True,L00179
CM002922,L00179,Lead,CAM0050,Webinar Campaign 050,Webinar,Sent,False,2025-09-20,True,True,L00179
CM002923,L00179,Lead,CAM0001,Email Campaign 001,Email,Clicked,True,2024-10-10,False,True,L00179
CM002924,L00179,Lead,CAM0052,Advertisement Campaign 052,Advertisement,Sent,False,2025-04-30,True,True,L00179
CM002925,L00179,Lead,CAM0024,Advertisement Campaign 024,Advertisement,Sent,False,2024-04-11,True,True,L00179
CM002926,L00179,Lead,CAM0048,Event Campaign 048,Event,Registered,True,2025-07-20,False,True,L00179
CM002927,L00179,Lead,CAM0037,Email Campaign 037,Email,Sent,False,2024-03-29,True,True,L00179
CM002928,L00179,Lead,CAM0057,Event Campaign 057,Event,Attended,True,2026-05-29,False,True,L00179
CM002929,L00179,Lead,CAM0010,Content Syndication Campaign 010,Content Syndication,Sent,False,2024-05-01,True,True,L00179
CM002930,L00179,Lead,CAM0053,Email Campaign 053,Email,Sent,False,2025-05-15,True,True,L00179
CM002931,L00179,Lead,CAM0034,Webinar Campaign 034,Webinar,Sent,False,2024-05-14,True,True,L00179
CM002932,L00179,Lead,CAM0047,Advertisement Campaign 047,Advertisement,Sent,False,2025-06-22,True,True,L00179
CM002933,L00179,Lead,CAM0047,Advertisement Campaign 047,Advertisement,Sent,False,2025-06-16,True,True,L00179
CM002934,L00179,Lead,CAM0035,Event Campaign 035,Event,Sent,False,2024-12-29,True,True,L00179
CM002935,L00179,Lead,CAM0028,Telemarketing Campaign 028,Telemarketing,Sent,False,2024-11-28,True,False,L00179
CM002936,L00179,Lead,CAM0049,Webinar Campaign 049,Webinar,Sent,False,2025-10-31,True,True,L00179
CM002937,L00328,Lead,CAM0041,Email Campaign 041,Email,Sent,False,2025-05-12,True,True,L00328
CM002938,C00285,Contact,CAM0059,Content Syndication Campaign 059,Content Syndication,Clicked,True,2026-05-12,False,True,C00285
CM002939,C00285,Contact,CAM0031,Email Campaign 031,Email,Clicked,True,2024-02-14,False,True,C00285
CM002940,C00092,Contact,CAM0037,Email Campaign 037,Email,Sent,False,2024-03-13,True,True,C00092
CM002941,C00092,Contact,CAM0039,Advertisement Campaign 039,Advertisement,Sent,False,2025-01-20,False,True,C00092
CM002942,C00092,Contact,CAM0028,Telemarketing Campaign 028,Telemarketing,Sent,False,2024-12-22,True,True,C00092
CM002943,C00092,Contact,CAM0050,Webinar Campaign 050,Webinar,Sent,False,2025-09-03,True,True,C00092
CM002944,C00092,Contact,CAM0001,Email Campaign 001,Email,Responded,True,2024-10-22,False,True,C00092
CM002945,C00092,Contact,CAM0010,Content Syndication Campaign 010,Content Syndication,Sent,False,2024-04-13,True,False,C00092
CM002946,C00293,Contact,CAM0022,Event Campaign 022,Event,Attended,True,2024-05-14,False,True,C00293
CM002947,C00293,Contact,CAM0003,Event Campaign 003,Event,No Show,True,2023-10-22,False,True,C00293
CM002948,L00026,Lead,CAM0049,Webinar Campaign 049,Webinar,Sent,False,2025-10-31,True,True,L00026
CM002949,L00026,Lead,CAM0057,Event Campaign 057,Event,Sent,False,2026-05-23,True,True,L00026
CM002950,L00026,Lead,CAM0019,Webinar Campaign 019,Webinar,Sent,False,2024-07-01,True,True,L00026
CM002951,L00026,Lead,CAM0003,Event Campaign 003,Event,No Show,True,2023-10-29,False,True,L00026
CM002952,L00026,Lead,CAM0046,Webinar Campaign 046,Webinar,Sent,False,2026-01-13,True,True,L00026
CM002953,L00026,Lead,CAM0040,Webinar Campaign 040,Webinar,Sent,False,2023-11-30,True,True,L00026
CM002954,L00563,Lead,CAM0056,Webinar Campaign 056,Webinar,Registered,True,2026-04-11,False,True,L00563
CM002955,L00563,Lead,CAM0033,Advertisement Campaign 033,Advertisement,Sent,False,2023-03-27,False,True,L00563
CM002956,L00563,Lead,CAM0009,Webinar Campaign 009,Webinar,No Show,True,2024-08-02,False,True,L00563
CM002957,L00548,Lead,CAM0056,Webinar Campaign 056,Webinar,Registered,True,2026-04-17,False,True,L00548
CM002958,L00548,Lead,CAM0009,Webinar Campaign 009,Webinar,Attended,True,2024-07-31,False,True,L00548
CM002959,L00548,Lead,CAM0038,Email Campaign 038,Email,Clicked,True,2023-02-08,False,True,L00548
CM002960,L00245,Lead,CAM0025,Event Campaign 025,Event,Registered,True,2023-03-22,False,True,L00245
CM002961,L00245,Lead,CAM0017,Content Syndication Campaign 017,Content Syndication,Sent,False,2023-11-18,False,True,L00245
CM002962,L00245,Lead,CAM0032,Webinar Campaign 032,Webinar,Registered,True,2023-05-16,False,True,L00245
CM002963,C00195,Contact,CAM0059,Content Syndication Campaign 059,Content Syndication,Clicked,True,2026-05-02,False,True,C00195
CM002964,C00195,Contact,CAM0030,Event Campaign 030,Event,Attended,True,2023-10-07,False,True,C00195
CM002965,C00195,Contact,CAM0013,Content Syndication Campaign 013,Content Syndication,Clicked,True,2023-05-15,False,False,C00195
CM002966,C00195,Contact,CAM0012,Telemarketing Campaign 012,Telemarketing,Sent,False,2023-11-04,False,True,C00195
CM002967,L00104,Lead,CAM0056,Webinar Campaign 056,Webinar,Registered,True,2026-04-30,False,True,L00104
CM002968,L00104,Lead,CAM0045,Email Campaign 045,Email,Responded,True,2025-05-10,False,True,L00104
CM002969,L00104,Lead,CAM0019,Webinar Campaign 019,Webinar,Registered,True,2024-06-16,False,True,L00104
CM002970,L00567,Lead,CAM0057,Event Campaign 057,Event,Attended,True,2026-05-07,False,True,L00567
CM002971,L00567,Lead,CAM0006,Telemarketing Campaign 006,Telemarketing,Clicked,True,2023-04-14,False,True,L00567
CM002972,L00567,Lead,CAM0006,Telemarketing Campaign 006,Telemarketing,Clicked,True,2023-04-07,False,True,L00567
CM002973,L00567,Lead,CAM0015,Advertisement Campaign 015,Advertisement,Sent,False,2024-04-27,False,True,L00567
CM002974,C00371,Contact,CAM0058,Webinar Campaign 058,Webinar,Registered,True,2026-05-28,False,True,C00371
CM002975,C00032,Contact,CAM0028,Telemarketing Campaign 028,Telemarketing,Sent,False,2024-12-19,False,True,C00032
CM002976,C00032,Contact,CAM0058,Webinar Campaign 058,Webinar,Sent,False,2026-05-28,True,True,C00032
CM002977,C00032,Contact,CAM0029,Webinar Campaign 029,Webinar,Sent,False,2024-02-16,True,True,C00032
CM002978,C00032,Contact,CAM0011,Webinar Campaign 011,Webinar,Sent,False,2024-01-06,True,True,C00032
CM002979,C00032,Contact,CAM0024,Advertisement Campaign 024,Advertisement,Sent,False,2024-03-27,False,True,C00032
CM002980,C00032,Contact,CAM0052,Advertisement Campaign 052,Advertisement,Sent,False,2025-05-02,True,True,C00032
CM002981,C00032,Contact,CAM0060,Event Campaign 060,Event,Sent,False,2026-05-12,True,True,C00032
CM002982,C00032,Contact,CAM0037,Email Campaign 037,Email,Sent,False,2024-03-28,True,True,C00032
CM002983,L00217,Lead,CAM0004,Advertisement Campaign 004,Advertisement,Sent,False,2023-12-30,True,True,L00217
CM002984,L00217,Lead,CAM0060,Event Campaign 060,Event,Sent,False,2026-04-16,True,True,L00217
CM002985,L00217,Lead,CAM0058,Webinar Campaign 058,Webinar,Sent,False,2026-05-14,True,True,L00217
CM002986,L00217,Lead,CAM0051,Webinar Campaign 051,Webinar,Sent,False,2025-03-05,True,True,L00217
CM002987,L00217,Lead,CAM0005,Telemarketing Campaign 005,Telemarketing,Sent,False,2024-08-16,True,True,L00217
CM002988,L00217,Lead,CAM0054,Email Campaign 054,Email,Sent,False,2025-12-22,True,True,L00217
CM002989,L00378,Lead,CAM0040,Webinar Campaign 040,Webinar,Registered,True,2023-12-15,False,False,L00378
CM002990,L00156,Lead,CAM0059,Content Syndication Campaign 059,Content Syndication,Clicked,True,2026-04-16,False,True,L00156
CM002991,L00156,Lead,CAM0047,Advertisement Campaign 047,Advertisement,Sent,False,2025-07-13,False,True,L00156
CM002992,L00156,Lead,CAM0013,Content Syndication Campaign 013,Content Syndication,Clicked,True,2023-05-18,False,True,L00156
CM002993,C00190,Contact,CAM0058,Webinar Campaign 058,Webinar,Attended,True,2026-05-04,False,False,C00190
CM002994,C00190,Contact,CAM0026,Telemarketing Campaign 026,Telemarketing,Clicked,True,2023-12-28,False,True,C00190
CM002995,C00190,Contact,CAM0038,Email Campaign 038,Email,Clicked,True,2023-02-18,False,True,C00190
CM002996,C00321,Contact,CAM0032,Webinar Campaign 032,Webinar,Registered,True,2023-05-19,False,True,C00321
CM002997,C00321,Contact,CAM0041,Email Campaign 041,Email,Clicked,True,2025-05-08,False,True,C00321
CM002998,C00321,Contact,CAM0010,Content Syndication Campaign 010,Content Syndication,Responded,True,2024-04-09,False,True,C00321
CM002999,C00321,Contact,CAM0052,Advertisement Campaign 052,Advertisement,Sent,False,2025-05-18,False,True,C00321
CM003000,L00055,Lead,CAM0057,Event Campaign 057,Event,Attended,True,2026-05-25,False,True,L00055
CM003001,L00055,Lead,CAM0014,Content Syndication Campaign 014,Content Syndication,Responded,True,2024-11-30,False,False,L00055
CM003002,L00055,Lead,CAM0007,Advertisement Campaign 007,Advertisement,Sent,False,2023-12-02,False,True,L00055
CM003003,C00378,Contact,CAM0045,Email Campaign 045,Email,Clicked,True,2025-04-21,False,True,C00378
CM003004,C00301,Contact,CAM0059,Content Syndication Campaign 059,Content Syndication,Sent,False,2026-04-19,True,True,C00301
CM003005,C00301,Contact,CAM0056,Webinar Campaign 056,Webinar,Sent,False,2026-04-19,True,True,C00301
CM003006,C00301,Contact,CAM0058,Webinar Campaign 058,Webinar,Sent,False,2026-05-23,True,True,C00301
CM003007,C00301,Contact,CAM0058,Webinar Campaign 058,Webinar,Sent,False,2026-05-21,True,True,C00301
CM003008,C00301,Contact,CAM0059,Content Syndication Campaign 059,Content Syndication,Sent,False,2026-05-01,True,True,C00301
CM003009,C00301,Contact,CAM0059,Content Syndication Campaign 059,Content Syndication,Sent,False,2026-05-04,True,True,C00301
CM003010,C00301,Contact,CAM0060,Event Campaign 060,Event,Sent,False,2026-05-04,True,True,C00301
CM003011,C00301,Contact,CAM0035,Event Campaign 035,Event,Sent,False,2025-01-16,True,True,C00301
CM003012,C00301,Contact,CAM0052,Advertisement Campaign 052,Advertisement,Sent,False,2025-04-23,True,True,C00301
CM003013,C00301,Contact,CAM0046,Webinar Campaign 046,Webinar,Sent,False,2026-01-20,True,True,C00301
CM003014,C00301,Contact,CAM0012,Telemarketing Campaign 012,Telemarketing,Sent,False,2023-11-09,True,True,C00301
CM003015,C00301,Contact,CAM0039,Advertisement Campaign 039,Advertisement,Sent,False,2025-01-12,False,True,C00301
CM003016,C00301,Contact,CAM0005,Telemarketing Campaign 005,Telemarketing,Responded,True,2024-08-20,False,True,C00301
CM003017,C00301,Contact,CAM0042,Advertisement Campaign 042,Advertisement,Sent,False,2025-12-07,True,True,C00301
CM003018,L00341,Lead,CAM0041,Email Campaign 041,Email,Responded,True,2025-05-08,False,False,C00059
CM003019,L00165,Lead,CAM0057,Event Campaign 057,Event,Attended,True,2026-05-10,False,True,L00165
CM003020,L00165,Lead,CAM0021,Advertisement Campaign 021,Advertisement,Clicked,True,2023-08-16,False,True,L00165
CM003021,L00028,Lead,CAM0051,Webinar Campaign 051,Webinar,Sent,False,2025-03-04,True,True,L00028
CM003022,L00028,Lead,CAM0002,Telemarketing Campaign 002,Telemarketing,Sent,False,2023-02-28,True,True,L00028
CM003023,L00028,Lead,CAM0031,Email Campaign 031,Email,Sent,False,2024-02-28,True,True,L00028
CM003024,L00028,Lead,CAM0008,Email Campaign 008,Email,Clicked,True,2023-05-06,False,True,L00028
CM003025,L00028,Lead,CAM0029,Webinar Campaign 029,Webinar,Attended,True,2024-02-15,False,True,L00028
CM003026,L00028,Lead,CAM0054,Email Campaign 054,Email,Sent,False,2025-12-16,True,True,L00028
CM003027,C00086,Contact,CAM0043,Webinar Campaign 043,Webinar,Registered,True,2025-10-07,False,True,C00086
CM003028,C00086,Contact,CAM0027,Advertisement Campaign 027,Advertisement,Sent,False,2024-04-01,True,True,C00086
CM003029,C00086,Contact,CAM0002,Telemarketing Campaign 002,Telemarketing,Responded,True,2023-02-27,False,True,C00086
CM003030,C00086,Contact,CAM0034,Webinar Campaign 034,Webinar,Sent,False,2024-06-06,True,True,C00086
CM003031,C00086,Contact,CAM0002,Telemarketing Campaign 002,Telemarketing,Sent,False,2023-02-26,True,True,C00086
CM003032,C00086,Contact,CAM0051,Webinar Campaign 051,Webinar,Sent,False,2025-03-05,True,False,C00086
CM003033,C00086,Contact,CAM0057,Event Campaign 057,Event,Sent,False,2026-05-14,True,True,C00086
CM003034,C00086,Contact,CAM0051,Webinar Campaign 051,Webinar,Attended,True,2025-03-06,False,True,C00086
CM003035,C00086,Contact,CAM0025,Event Campaign 025,Event,Sent,False,2023-03-19,True,True,C00086
CM003036,C00086,Contact,CAM0025,Event Campaign 025,Event,Sent,False,2023-02-27,True,True,C00086
CM003037,C00086,Contact,CAM0036,Advertisement Campaign 036,Advertisement,Sent,False,2024-09-12,True,True,C00086
CM003038,C00086,Contact,CAM0051,Webinar Campaign 051,Webinar,Sent,False,2025-03-18,True,True,C00086
CM003039,C00086,Contact,CAM0046,Webinar Campaign 046,Webinar,Sent,False,2026-01-15,True,True,C00086
CM003040,C00086,Contact,CAM0029,Webinar Campaign 029,Webinar,No Show,True,2024-02-11,False,True,C00086
CM003041,C00086,Contact,CAM0049,Webinar Campaign 049,Webinar,Sent,False,2025-10-17,True,True,C00086
CM003042,C00086,Contact,CAM0026,Telemarketing Campaign 026,Telemarketing,Sent,False,2023-12-12,True,True,C00086
CM003043,C00086,Contact,CAM0047,Advertisement Campaign 047,Advertisement,Sent,False,2025-06-16,False,True,C00086
CM003044,L00369,Lead,CAM0022,Event Campaign 022,Event,Sent,False,2024-05-19,True,True,L00369
CM003045,L00369,Lead,CAM0042,Advertisement Campaign 042,Advertisement,Sent,False,2025-12-02,True,True,L00369
CM003046,L00369,Lead,CAM0031,Email Campaign 031,Email,Sent,False,2024-03-03,True,True,L00369
CM003047,L00369,Lead,CAM0032,Webinar Campaign 032,Webinar,Sent,False,2023-05-30,True,True,L00369
CM003048,L00369,Lead,CAM0048,Event Campaign 048,Event,Sent,False,2025-07-28,True,True,L00369
CM003049,L00369,Lead,CAM0018,Content Syndication Campaign 018,Content Syndication,Sent,False,2024-06-26,True,True,L00369
CM003050,L00369,Lead,CAM0053,Email Campaign 053,Email,Sent,False,2025-05-22,True,True,L00369
CM003051,L00369,Lead,CAM0060,Event Campaign 060,Event,Registered,True,2026-05-06,False,False,L00369
CM003052,L00369,Lead,CAM0007,Advertisement Campaign 007,Advertisement,Sent,False,2023-11-22,True,True,L00369
CM003053,L00369,Lead,CAM0031,Email Campaign 031,Email,Sent,False,2024-03-09,True,False,L00369
CM003054,L00369,Lead,CAM0002,Telemarketing Campaign 002,Telemarketing,Sent,False,2023-03-09,True,True,L00369
CM003055,L00369,Lead,CAM0021,Advertisement Campaign 021,Advertisement,Sent,False,2023-09-03,True,True,L00369
CM003056,L00369,Lead,CAM0023,Webinar Campaign 023,Webinar,Sent,False,2024-05-01,True,True,L00369
CM003057,L00369,Lead,CAM0040,Webinar Campaign 040,Webinar,Sent,False,2023-11-30,True,True,L00369
CM003058,L00369,Lead,CAM0024,Advertisement Campaign 024,Advertisement,Sent,False,2024-03-29,True,True,L00369
CM003059,L00369,Lead,CAM0022,Event Campaign 022,Event,Sent,False,2024-05-05,True,True,L00369
CM003060,L00048,Lead,CAM0057,Event Campaign 057,Event,Attended,True,2026-05-21,False,True,L00048
CM003061,C00058,Contact,CAM0058,Webinar Campaign 058,Webinar,Attended,True,2026-05-18,False,False,C00058
CM003062,C00058,Contact,CAM0042,Advertisement Campaign 042,Advertisement,Sent,False,2025-12-17,False,True,C00058
CM003063,C00347,Contact,CAM0060,Event Campaign 060,Event,Attended,True,2026-04-27,False,True,C00347
CM003064,C00347,Contact,CAM0041,Email Campaign 041,Email,Sent,False,2025-04-30,True,True,C00347
CM003065,C00347,Contact,CAM0016,Content Syndication Campaign 016,Content Syndication,Clicked,True,2023-09-07,False,True,C00347
CM003066,L00436,Lead,CAM0027,Advertisement Campaign 027,Advertisement,Sent,False,2024-04-06,True,True,C00142
CM003067,L00436,Lead,CAM0022,Event Campaign 022,Event,Sent,False,2024-05-15,True,True,C00142
CM003068,L00436,Lead,CAM0056,Webinar Campaign 056,Webinar,Sent,False,2026-05-02,True,True,C00142
CM003069,L00436,Lead,CAM0052,Advertisement Campaign 052,Advertisement,Sent,False,2025-04-30,True,True,C00142
CM003070,L00436,Lead,CAM0016,Content Syndication Campaign 016,Content Syndication,Sent,False,2023-09-11,True,True,C00142
CM003071,L00436,Lead,CAM0040,Webinar Campaign 040,Webinar,Sent,False,2023-12-07,True,True,C00142
CM003072,C00188,Contact,CAM0031,Email Campaign 031,Email,Sent,False,2024-02-13,True,True,C00188
CM003073,C00188,Contact,CAM0007,Advertisement Campaign 007,Advertisement,Sent,False,2023-12-01,False,True,C00188
CM003074,C00188,Contact,CAM0049,Webinar Campaign 049,Webinar,Registered,True,2025-10-14,False,True,C00188
CM003075,C00107,Contact,CAM0018,Content Syndication Campaign 018,Content Syndication,Clicked,True,2024-07-05,False,True,C00107
CM003076,C00107,Contact,CAM0008,Email Campaign 008,Email,Sent,False,2023-05-19,True,True,C00107
CM003077,C00107,Contact,CAM0054,Email Campaign 054,Email,Sent,False,2025-12-20,True,True,C00107
CM003078,C00107,Contact,CAM0045,Email Campaign 045,Email,Sent,False,2025-04-20,True,False,C00107
CM003079,C00107,Contact,CAM0047,Advertisement Campaign 047,Advertisement,Sent,False,2025-07-06,True,True,C00107
CM003080,C00107,Contact,CAM0058,Webinar Campaign 058,Webinar,Sent,False,2026-05-18,True,True,C00107
CM003081,C00107,Contact,CAM0053,Email Campaign 053,Email,Sent,False,2025-05-15,True,True,C00107
CM003082,C00107,Contact,CAM0011,Webinar Campaign 011,Webinar,Sent,False,2024-01-19,True,True,C00107
CM003083,C00107,Contact,CAM0002,Telemarketing Campaign 002,Telemarketing,Sent,False,2023-02-22,True,True,C00107
CM003084,C00126,Contact,CAM0059,Content Syndication Campaign 059,Content Syndication,Sent,False,2026-04-20,False,True,C00126
CM003085,C00126,Contact,CAM0009,Webinar Campaign 009,Webinar,No Show,True,2024-08-20,False,False,C00126
CM003086,C00126,Contact,CAM0035,Event Campaign 035,Event,No Show,True,2025-01-11,False,False,C00126
CM003087,C00383,Contact,CAM0027,Advertisement Campaign 027,Advertisement,Sent,False,2024-04-11,False,True,C00383
CM003088,C00383,Contact,CAM0018,Content Syndication Campaign 018,Content Syndication,Responded,True,2024-07-05,False,True,C00383
CM003089,C00383,Contact,CAM0020,Event Campaign 020,Event,Attended,True,2023-12-18,False,True,C00383
CM003090,C00383,Contact,CAM0037,Email Campaign 037,Email,Clicked,True,2024-03-23,False,True,C00383
CM003091,L00320,Lead,CAM0056,Webinar Campaign 056,Webinar,No Show,True,2026-04-12,False,True,C00058
CM003092,L00320,Lead,CAM0055,Advertisement Campaign 055,Advertisement,Sent,False,2025-10-09,False,True,C00058
CM003093,L00320,Lead,CAM0048,Event Campaign 048,Event,Registered,True,2025-07-15,False,True,C00058
CM003094,C00197,Contact,CAM0012,Telemarketing Campaign 012,Telemarketing,Clicked,True,2023-11-08,False,False,C00197
CM003095,L00448,Lead,CAM0037,Email Campaign 037,Email,Clicked,True,2024-03-25,False,False,C00010
CM003096,L00172,Lead,CAM0057,Event Campaign 057,Event,Registered,True,2026-05-24,False,False,L00172
CM003097,L00172,Lead,CAM0038,Email Campaign 038,Email,Clicked,True,2023-02-12,False,True,L00172
CM003098,C00143,Contact,CAM0044,Event Campaign 044,Event,Registered,True,2025-10-08,False,True,C00143
CM003099,C00143,Contact,CAM0034,Webinar Campaign 034,Webinar,Attended,True,2024-05-16,False,True,C00143
CM003100,C00232,Contact,CAM0036,Advertisement Campaign 036,Advertisement,Sent,False,2024-09-14,True,True,C00232
CM003101,C00232,Contact,CAM0008,Email Campaign 008,Email,Sent,False,2023-04-25,True,True,C00232
CM003102,C00232,Contact,CAM0035,Event Campaign 035,Event,Registered,True,2025-01-09,False,True,C00232
CM003103,C00232,Contact,CAM0024,Advertisement Campaign 024,Advertisement,Sent,False,2024-03-13,False,False,C00232
CM003104,C00232,Contact,CAM0051,Webinar Campaign 051,Webinar,Sent,False,2025-03-25,True,True,C00232
CM003105,C00232,Contact,CAM0012,Telemarketing Campaign 012,Telemarketing,Sent,False,2023-11-08,True,True,C00232
CM003106,C00232,Contact,CAM0060,Event Campaign 060,Event,Sent,False,2026-04-19,True,True,C00232
CM003107,C00232,Contact,CAM0057,Event Campaign 057,Event,Attended,True,2026-05-04,False,True,C00232
CM003108,C00232,Contact,CAM0047,Advertisement Campaign 047,Advertisement,Sent,False,2025-07-05,False,True,C00232
CM003109,C00232,Contact,CAM0031,Email Campaign 031,Email,Sent,False,2024-03-02,True,True,C00232
CM003110,C00232,Contact,CAM0036,Advertisement Campaign 036,Advertisement,Sent,False,2024-10-08,True,True,C00232
CM003111,C00232,Contact,CAM0055,Advertisement Campaign 055,Advertisement,Sent,False,2025-09-23,True,False,C00232
CM003112,C00232,Contact,CAM0052,Advertisement Campaign 052,Advertisement,Sent,False,2025-05-10,False,True,C00232
CM003113,C00232,Contact,CAM0049,Webinar Campaign 049,Webinar,Sent,False,2025-10-07,True,True,C00232
CM003114,C00328,Contact,CAM0003,Event Campaign 003,Event,Attended,True,2023-11-08,False,True,C00328
CM003115,C00145,Contact,CAM0058,Webinar Campaign 058,Webinar,No Show,True,2026-05-05,False,True,C00145
CM003116,L00529,Lead,CAM0029,Webinar Campaign 029,Webinar,Sent,False,2024-02-15,True,True,L00529
CM003117,L00529,Lead,CAM0011,Webinar Campaign 011,Webinar,Attended,True,2024-01-06,False,True,L00529
CM003118,L00529,Lead,CAM0055,Advertisement Campaign 055,Advertisement,Sent,False,2025-10-13,True,False,L00529
CM003119,L00529,Lead,CAM0026,Telemarketing Campaign 026,Telemarketing,Responded,True,2023-12-15,False,True,L00529
CM003120,L00529,Lead,CAM0001,Email Campaign 001,Email,Sent,False,2024-10-15,True,True,L00529
CM003121,L00529,Lead,CAM0040,Webinar Campaign 040,Webinar,Sent,False,2023-11-27,True,True,L00529
CM003122,L00529,Lead,CAM0020,Event Campaign 020,Event,Sent,False,2023-12-16,True,True,L00529
CM003123,L00529,Lead,CAM0050,Webinar Campaign 050,Webinar,Registered,True,2025-09-02,False,False,L00529
CM003124,L00529,Lead,CAM0010,Content Syndication Campaign 010,Content Syndication,Sent,False,2024-04-20,True,True,L00529
CM003125,L00529,Lead,CAM0045,Email Campaign 045,Email,Sent,False,2025-04-12,True,True,L00529
CM003126,L00529,Lead,CAM0050,Webinar Campaign 050,Webinar,Sent,False,2025-09-22,True,False,L00529
CM003127,L00529,Lead,CAM0008,Email Campaign 008,Email,Sent,False,2023-05-05,True,False,L00529
CM003128,L00529,Lead,CAM0036,Advertisement Campaign 036,Advertisement,Sent,False,2024-09-18,True,True,L00529
CM003129,L00529,Lead,CAM0039,Advertisement Campaign 039,Advertisement,Sent,False,2024-12-22,True,True,L00529
CM003130,L00077,Lead,CAM0016,Content Syndication Campaign 016,Content Syndication,Sent,False,2023-09-07,False,True,C00129
CM003131,L00454,Lead,CAM0024,Advertisement Campaign 024,Advertisement,Sent,False,2024-04-10,False,True,L00454
CM003132,L00454,Lead,CAM0002,Telemarketing Campaign 002,Telemarketing,Clicked,True,2023-02-25,False,True,L00454
CM003133,L00587,Lead,CAM0050,Webinar Campaign 050,Webinar,Attended,True,2025-09-12,False,True,C00046
CM003134,L00587,Lead,CAM0012,Telemarketing Campaign 012,Telemarketing,Sent,False,2023-10-22,False,True,C00046
CM003135,C00072,Contact,CAM0059,Content Syndication Campaign 059,Content Syndication,Clicked,True,2026-05-08,False,True,C00072
CM003136,C00212,Contact,CAM0030,Event Campaign 030,Event,Attended,True,2023-09-21,False,True,C00212
CM003137,C00212,Contact,CAM0002,Telemarketing Campaign 002,Telemarketing,Sent,False,2023-03-08,False,False,C00212
CM003138,C00005,Contact,CAM0057,Event Campaign 057,Event,Attended,True,2026-05-05,False,False,C00005
CM003139,C00365,Contact,CAM0042,Advertisement Campaign 042,Advertisement,Sent,False,2025-12-04,False,True,C00365
CM003140,C00365,Contact,CAM0005,Telemarketing Campaign 005,Telemarketing,Sent,False,2024-08-13,False,True,C00365
CM003141,L00516,Lead,CAM0050,Webinar Campaign 050,Webinar,Attended,True,2025-09-02,False,True,L00516
CM003142,L00046,Lead,CAM0032,Webinar Campaign 032,Webinar,Registered,True,2023-06-03,False,False,L00046
CM003143,L00120,Lead,CAM0009,Webinar Campaign 009,Webinar,Sent,False,2024-08-22,True,True,L00120
CM003144,L00120,Lead,CAM0025,Event Campaign 025,Event,Sent,False,2023-02-24,True,True,L00120
CM003145,L00120,Lead,CAM0011,Webinar Campaign 011,Webinar,Sent,False,2024-01-19,True,True,L00120
CM003146,L00120,Lead,CAM0006,Telemarketing Campaign 006,Telemarketing,Sent,False,2023-04-30,True,True,L00120
CM003147,L00120,Lead,CAM0045,Email Campaign 045,Email,Sent,False,2025-04-25,True,True,L00120
CM003148,L00120,Lead,CAM0051,Webinar Campaign 051,Webinar,Sent,False,2025-03-26,True,True,L00120
CM003149,L00120,Lead,CAM0045,Email Campaign 045,Email,Sent,False,2025-04-19,True,True,L00120
CM003150,L00120,Lead,CAM0055,Advertisement Campaign 055,Advertisement,Clicked,True,2025-10-01,False,True,L00120
CM003151,L00120,Lead,CAM0030,Event Campaign 030,Event,Attended,True,2023-09-16,False,True,L00120
CM003152,L00120,Lead,CAM0041,Email Campaign 041,Email,Sent,False,2025-05-04,True,True,L00120
CM003153,L00120,Lead,CAM0013,Content Syndication Campaign 013,Content Syndication,Sent,False,2023-05-10,True,True,L00120
CM003154,L00120,Lead,CAM0027,Advertisement Campaign 027,Advertisement,Sent,False,2024-04-04,True,True,L00120
CM003155,L00120,Lead,CAM0007,Advertisement Campaign 007,Advertisement,Sent,False,2023-11-20,True,True,L00120
CM003156,L00120,Lead,CAM0037,Email Campaign 037,Email,Sent,False,2024-03-03,True,True,L00120
CM003157,L00120,Lead,CAM0027,Advertisement Campaign 027,Advertisement,Sent,False,2024-04-04,True,False,L00120
CM003158,L00120,Lead,CAM0034,Webinar Campaign 034,Webinar,Sent,False,2024-06-03,True,True,L00120
CM003159,C00038,Contact,CAM0022,Event Campaign 022,Event,Attended,True,2024-04-27,False,True,C00038
CM003160,L00579,Lead,CAM0022,Event Campaign 022,Event,Attended,True,2024-04-28,False,True,L00579
CM003161,L00579,Lead,CAM0033,Advertisement Campaign 033,Advertisement,Sent,False,2023-03-16,False,True,L00579
CM003162,C00114,Contact,CAM0008,Email Campaign 008,Email,Sent,False,2023-04-24,True,True,C00114
CM003163,C00168,Contact,CAM0056,Webinar Campaign 056,Webinar,Registered,True,2026-04-15,False,True,C00168
CM003164,C00168,Contact,CAM0057,Event Campaign 057,Event,Attended,True,2026-05-29,False,True,C00168
CM003165,C00168,Contact,CAM0033,Advertisement Campaign 033,Advertisement,Sent,False,2023-03-15,False,True,C00168
CM003166,C00168,Contact,CAM0008,Email Campaign 008,Email,Sent,False,2023-05-06,True,True,C00168
CM003167,C00168,Contact,CAM0002,Telemarketing Campaign 002,Telemarketing,Sent,False,2023-03-05,True,False,C00168
CM003168,C00168,Contact,CAM0051,Webinar Campaign 051,Webinar,Attended,True,2025-03-29,False,True,C00168
CM003169,C00168,Contact,CAM0032,Webinar Campaign 032,Webinar,Sent,False,2023-05-23,True,True,C00168
CM003170,C00168,Contact,CAM0020,Event Campaign 020,Event,Sent,False,2023-12-11,True,True,C00168
CM003171,C00168,Contact,CAM0001,Email Campaign 001,Email,Sent,False,2024-10-13,True,True,C00168
CM003172,C00168,Contact,CAM0035,Event Campaign 035,Event,Sent,False,2024-12-21,True,True,C00168
CM003173,C00168,Contact,CAM0053,Email Campaign 053,Email,Clicked,True,2025-05-13,False,True,C00168
CM003174,C00168,Contact,CAM0051,Webinar Campaign 051,Webinar,Sent,False,2025-04-02,True,True,C00168
CM003175,C00168,Contact,CAM0044,Event Campaign 044,Event,Sent,False,2025-10-09,True,False,C00168
CM003176,C00168,Contact,CAM0004,Advertisement Campaign 004,Advertisement,Sent,False,2023-12-27,True,True,C00168
CM003177,C00168,Contact,CAM0046,Webinar Campaign 046,Webinar,Sent,False,2025-12-29,True,True,C00168
CM003178,C00168,Contact,CAM0041,Email Campaign 041,Email,Sent,False,2025-05-08,True,True,C00168
CM003179,C00168,Contact,CAM0051,Webinar Campaign 051,Webinar,Sent,False,2025-03-04,True,True,C00168
CM003180,C00168,Contact,CAM0009,Webinar Campaign 009,Webinar,Sent,False,2024-08-08,True,True,C00168
CM003181,C00168,Contact,CAM0052,Advertisement Campaign 052,Advertisement,Sent,False,2025-05-04,True,False,C00168
CM003182,C00168,Contact,CAM0043,Webinar Campaign 043,Webinar,Sent,False,2025-10-10,True,True,C00168
CM003183,C00168,Contact,CAM0046,Webinar Campaign 046,Webinar,Sent,False,2026-01-05,True,False,C00168
CM003184,C00168,Contact,CAM0010,Content Syndication Campaign 010,Content Syndication,Sent,False,2024-04-13,True,True,C00168
CM003185,C00168,Contact,CAM0052,Advertisement Campaign 052,Advertisement,Sent,False,2025-05-12,True,True,C00168
CM003186,C00168,Contact,CAM0002,Telemarketing Campaign 002,Telemarketing,Sent,False,2023-02-20,True,True,C00168
CM003187,C00168,Contact,CAM0014,Content Syndication Campaign 014,Content Syndication,Sent,False,2024-11-07,True,True,C00168
CM003188,C00168,Contact,CAM0010,Content Syndication Campaign 010,Content Syndication,Clicked,True,2024-04-21,False,True,C00168
CM003189,C00168,Contact,CAM0014,Content Syndication Campaign 014,Content Syndication,Sent,False,2024-11-16,True,True,C00168
CM003190,C00168,Contact,CAM0038,Email Campaign 038,Email,Sent,False,2023-02-28,True,True,C00168
CM003191,C00168,Contact,CAM0056,Webinar Campaign 056,Webinar,Attended,True,2026-04-26,False,True,C00168
CM003192,C00168,Contact,CAM0060,Event Campaign 060,Event,Sent,False,2026-05-04,True,True,C00168
CM003193,C00168,Contact,CAM0007,Advertisement Campaign 007,Advertisement,Sent,False,2023-12-08,True,False,C00168
CM003194,C00168,Contact,CAM0059,Content Syndication Campaign 059,Content Syndication,Sent,False,2026-05-04,True,True,C00168
CM003195,C00168,Contact,CAM0007,Advertisement Campaign 007,Advertisement,Sent,False,2023-11-25,True,True,C00168
CM003196,C00168,Contact,CAM0045,Email Campaign 045,Email,Sent,False,2025-04-28,True,False,C00168
CM003197,C00168,Contact,CAM0012,Telemarketing Campaign 012,Telemarketing,Sent,False,2023-10-25,True,True,C00168
CM003198,C00168,Contact,CAM0050,Webinar Campaign 050,Webinar,Sent,False,2025-09-01,True,True,C00168
CM003199,C00168,Contact,CAM0021,Advertisement Campaign 021,Advertisement,Sent,False,2023-08-25,False,False,C00168
CM003200,C00168,Contact,CAM0053,Email Campaign 053,Email,Sent,False,2025-05-31,True,True,C00168
CM003201,C00168,Contact,CAM0033,Advertisement Campaign 033,Advertisement,Sent,False,2023-03-20,True,True,C00168
CM003202,C00168,Contact,CAM0032,Webinar Campaign 032,Webinar,Sent,False,2023-05-31,True,True,C00168
CM003203,C00168,Contact,CAM0027,Advertisement Campaign 027,Advertisement,Sent,False,2024-04-01,True,True,C00168
CM003204,C00168,Contact,CAM0014,Content Syndication Campaign 014,Content Syndication,Sent,False,2024-11-26,True,True,C00168
CM003205,C00168,Contact,CAM0031,Email Campaign 031,Email,Sent,False,2024-02-16,True,True,C00168
CM003206,C00168,Contact,CAM0040,Webinar Campaign 040,Webinar,Sent,False,2023-11-28,True,True,C00168
CM003207,C00168,Contact,CAM0009,Webinar Campaign 009,Webinar,Sent,False,2024-08-01,True,False,C00168
CM003208,C00096,Contact,CAM0011,Webinar Campaign 011,Webinar,Registered,True,2024-01-27,False,True,C00096
CM003209,C00096,Contact,CAM0047,Advertisement Campaign 047,Advertisement,Sent,False,2025-07-01,False,True,C00096
CM003210,C00096,Contact,CAM0007,Advertisement Campaign 007,Advertisement,Clicked,True,2023-11-15,False,True,C00096
CM003211,C00376,Contact,CAM0002,Telemarketing Campaign 002,Telemarketing,Sent,False,2023-03-11,True,True,C00376
CM003212,C00376,Contact,CAM0017,Content Syndication Campaign 017,Content Syndication,Clicked,True,2023-11-25,False,False,C00376
CM003213,C00376,Contact,CAM0053,Email Campaign 053,Email,Sent,False,2025-05-18,True,True,C00376
CM003214,C00376,Contact,CAM0033,Advertisement Campaign 033,Advertisement,Sent,False,2023-03-31,True,True,C00376
CM003215,C00376,Contact,CAM0023,Webinar Campaign 023,Webinar,Sent,False,2024-05-15,True,True,C00376
CM003216,C00376,Contact,CAM0032,Webinar Campaign 032,Webinar,Sent,False,2023-05-30,True,True,C00376
CM003217,C00376,Contact,CAM0049,Webinar Campaign 049,Webinar,Sent,False,2025-10-08,True,True,C00376
CM003218,C00376,Contact,CAM0055,Advertisement Campaign 055,Advertisement,Sent,False,2025-09-25,True,True,C00376
CM003219,C00376,Contact,CAM0020,Event Campaign 020,Event,Sent,False,2023-12-07,True,True,C00376
CM003220,C00350,Contact,CAM0056,Webinar Campaign 056,Webinar,Attended,True,2026-05-09,False,True,C00350
CM003221,C00350,Contact,CAM0023,Webinar Campaign 023,Webinar,Registered,True,2024-05-18,False,True,C00350
CM003222,C00350,Contact,CAM0005,Telemarketing Campaign 005,Telemarketing,Responded,True,2024-08-12,False,True,C00350
CM003223,C00350,Contact,CAM0039,Advertisement Campaign 039,Advertisement,Clicked,True,2025-01-06,False,True,C00350
CM003224,C00035,Contact,CAM0049,Webinar Campaign 049,Webinar,Registered,True,2025-10-31,False,True,C00035
CM003225,C00345,Contact,CAM0032,Webinar Campaign 032,Webinar,Attended,True,2023-05-13,False,False,C00345
CM003226,C00345,Contact,CAM0031,Email Campaign 031,Email,Sent,False,2024-02-27,True,True,C00345
CM003227,C00345,Contact,CAM0054,Email Campaign 054,Email,Responded,True,2025-12-13,False,True,C00345
CM003228,L00061,Lead,CAM0017,Content Syndication Campaign 017,Content Syndication,Responded,True,2023-11-27,False,True,C00183
CM003229,L00061,Lead,CAM0046,Webinar Campaign 046,Webinar,Registered,True,2026-01-01,False,True,C00183
CM003230,C00077,Contact,CAM0005,Telemarketing Campaign 005,Telemarketing,Clicked,True,2024-09-03,False,False,C00077
CM003231,C00077,Contact,CAM0053,Email Campaign 053,Email,Sent,False,2025-06-01,True,True,C00077
CM003232,C00047,Contact,CAM0059,Content Syndication Campaign 059,Content Syndication,Clicked,True,2026-05-06,False,False,C00047
CM003233,L00292,Lead,CAM0029,Webinar Campaign 029,Webinar,Attended,True,2024-02-09,False,True,L00292
CM003234,L00292,Lead,CAM0033,Advertisement Campaign 033,Advertisement,Sent,False,2023-03-27,False,True,L00292
CM003235,C00034,Contact,CAM0032,Webinar Campaign 032,Webinar,No Show,True,2023-05-21,False,True,C00034
CM003236,C00034,Contact,CAM0049,Webinar Campaign 049,Webinar,Attended,True,2025-10-28,False,True,C00034
CM003237,C00103,Contact,CAM0060,Event Campaign 060,Event,Attended,True,2026-04-29,False,True,C00103
CM003238,C00283,Contact,CAM0007,Advertisement Campaign 007,Advertisement,Sent,False,2023-11-26,True,True,C00283
CM003239,C00283,Contact,CAM0052,Advertisement Campaign 052,Advertisement,Sent,False,2025-04-29,True,True,C00283
CM003240,C00283,Contact,CAM0023,Webinar Campaign 023,Webinar,Attended,True,2024-05-02,False,True,C00283
CM003241,C00283,Contact,CAM0047,Advertisement Campaign 047,Advertisement,Sent,False,2025-07-02,True,True,C00283
CM003242,C00283,Contact,CAM0018,Content Syndication Campaign 018,Content Syndication,Sent,False,2024-06-26,True,True,C00283
CM003243,C00283,Contact,CAM0004,Advertisement Campaign 004,Advertisement,Sent,False,2023-12-16,True,True,C00283
CM003244,C00283,Contact,CAM0041,Email Campaign 041,Email,Sent,False,2025-04-22,True,True,C00283
CM003245,C00283,Contact,CAM0011,Webinar Campaign 011,Webinar,Sent,False,2024-01-14,True,True,C00283
CM003246,C00283,Contact,CAM0009,Webinar Campaign 009,Webinar,Sent,False,2024-08-23,True,True,C00283
CM003247,C00283,Contact,CAM0056,Webinar Campaign 056,Webinar,Registered,True,2026-05-08,False,True,C00283
CM003248,C00283,Contact,CAM0014,Content Syndication Campaign 014,Content Syndication,Sent,False,2024-11-22,True,True,C00283
CM003249,C00283,Contact,CAM0059,Content Syndication Campaign 059,Content Syndication,Sent,False,2026-04-24,True,True,C00283
CM003250,C00283,Contact,CAM0021,Advertisement Campaign 021,Advertisement,Sent,False,2023-08-15,False,True,C00283
CM003251,C00283,Contact,CAM0017,Content Syndication Campaign 017,Content Syndication,Sent,False,2023-11-12,True,True,C00283
CM003252,C00186,Contact,CAM0020,Event Campaign 020,Event,No Show,True,2023-12-17,False,True,C00186
CM003253,C00186,Contact,CAM0056,Webinar Campaign 056,Webinar,Attended,True,2026-05-06,False,True,C00186
CM003254,L00094,Lead,CAM0003,Event Campaign 003,Event,Registered,True,2023-10-21,False,True,L00094
CM003255,L00094,Lead,CAM0004,Advertisement Campaign 004,Advertisement,Clicked,True,2023-12-17,False,True,L00094
CM003256,L00094,Lead,CAM0049,Webinar Campaign 049,Webinar,No Show,True,2025-10-04,False,True,L00094
CM003257,C00322,Contact,CAM0060,Event Campaign 060,Event,Sent,False,2026-04-14,True,True,C00322
CM003258,C00322,Contact,CAM0036,Advertisement Campaign 036,Advertisement,Sent,False,2024-09-19,True,True,C00322
CM003259,C00322,Contact,CAM0046,Webinar Campaign 046,Webinar,No Show,True,2026-01-19,False,True,C00322
CM003260,C00322,Contact,CAM0027,Advertisement Campaign 027,Advertisement,Sent,False,2024-03-31,True,True,C00322
CM003261,C00322,Contact,CAM0016,Content Syndication Campaign 016,Content Syndication,Sent,False,2023-09-05,True,True,C00322
CM003262,C00322,Contact,CAM0017,Content Syndication Campaign 017,Content Syndication,Sent,False,2023-11-21,True,True,C00322
CM003263,L00384,Lead,CAM0053,Email Campaign 053,Email,Clicked,True,2025-05-31,False,True,L00384
CM003264,L00384,Lead,CAM0051,Webinar Campaign 051,Webinar,No Show,True,2025-03-16,False,True,L00384
CM003265,C00205,Contact,CAM0059,Content Syndication Campaign 059,Content Syndication,Clicked,True,2026-05-05,False,True,C00205
CM003266,C00205,Contact,CAM0052,Advertisement Campaign 052,Advertisement,Sent,False,2025-05-06,False,True,C00205
CM003267,C00205,Contact,CAM0011,Webinar Campaign 011,Webinar,Registered,True,2024-01-05,False,True,C00205
CM003268,L00234,Lead,CAM0014,Content Syndication Campaign 014,Content Syndication,Responded,True,2024-11-25,False,True,L00234
CM003269,L00234,Lead,CAM0042,Advertisement Campaign 042,Advertisement,Sent,False,2025-11-22,False,False,L00234
CM003270,L00489,Lead,CAM0014,Content Syndication Campaign 014,Content Syndication,Clicked,True,2024-12-02,False,True,L00489
CM003271,L00489,Lead,CAM0029,Webinar Campaign 029,Webinar,No Show,True,2024-01-23,False,True,L00489
CM003272,L00489,Lead,CAM0058,Webinar Campaign 058,Webinar,Registered,True,2026-05-17,False,True,L00489
CM003273,L00052,Lead,CAM0004,Advertisement Campaign 004,Advertisement,Sent,False,2023-12-30,False,True,L00052
CM003274,L00052,Lead,CAM0007,Advertisement Campaign 007,Advertisement,Sent,False,2023-12-01,False,True,L00052
CM003275,L00176,Lead,CAM0050,Webinar Campaign 050,Webinar,Sent,False,2025-09-08,True,True,L00176
CM003276,L00176,Lead,CAM0057,Event Campaign 057,Event,Attended,True,2026-05-19,False,True,L00176
CM003277,L00176,Lead,CAM0050,Webinar Campaign 050,Webinar,Sent,False,2025-09-26,True,True,L00176
CM003278,L00176,Lead,CAM0049,Webinar Campaign 049,Webinar,Sent,False,2025-10-16,True,True,L00176
CM003279,L00176,Lead,CAM0020,Event Campaign 020,Event,Sent,False,2023-12-23,True,True,L00176
CM003280,L00176,Lead,CAM0026,Telemarketing Campaign 026,Telemarketing,Sent,False,2023-12-15,False,True,L00176
CM003281,L00176,Lead,CAM0050,Webinar Campaign 050,Webinar,Sent,False,2025-09-07,True,True,L00176
CM003282,L00176,Lead,CAM0008,Email Campaign 008,Email,Sent,False,2023-05-17,True,True,L00176
CM003283,L00176,Lead,CAM0010,Content Syndication Campaign 010,Content Syndication,Sent,False,2024-04-29,True,True,L00176
CM003284,L00176,Lead,CAM0048,Event Campaign 048,Event,Attended,True,2025-07-28,False,True,L00176
CM003285,L00176,Lead,CAM0059,Content Syndication Campaign 059,Content Syndication,Clicked,True,2026-04-21,False,True,L00176
CM003286,L00176,Lead,CAM0026,Telemarketing Campaign 026,Telemarketing,Sent,False,2024-01-09,False,True,L00176
CM003287,L00176,Lead,CAM0052,Advertisement Campaign 052,Advertisement,Sent,False,2025-04-21,True,True,L00176
CM003288,C00358,Contact,CAM0030,Event Campaign 030,Event,Sent,False,2023-09-19,True,True,C00358
CM003289,C00358,Contact,CAM0048,Event Campaign 048,Event,Sent,False,2025-07-29,True,True,C00358
CM003290,C00358,Contact,CAM0007,Advertisement Campaign 007,Advertisement,Sent,False,2023-12-06,True,True,C00358
CM003291,C00358,Contact,CAM0015,Advertisement Campaign 015,Advertisement,Sent,False,2024-04-23,True,True,C00358
CM003292,C00358,Contact,CAM0010,Content Syndication Campaign 010,Content Syndication,Sent,False,2024-04-17,True,True,C00358
CM003293,C00358,Contact,CAM0030,Event Campaign 030,Event,No Show,True,2023-09-26,False,False,C00358
CM003294,C00194,Contact,CAM0057,Event Campaign 057,Event,Attended,True,2026-05-08,False,True,C00194
CM003295,L00379,Lead,CAM0027,Advertisement Campaign 027,Advertisement,Clicked,True,2024-04-17,False,True,C00075
CM003296,L00379,Lead,CAM0017,Content Syndication Campaign 017,Content Syndication,Responded,True,2023-11-13,False,True,C00075
CM003297,L00469,Lead,CAM0057,Event Campaign 057,Event,Registered,True,2026-05-15,False,True,L00469
CM003298,L00469,Lead,CAM0012,Telemarketing Campaign 012,Telemarketing,Clicked,True,2023-10-28,False,True,L00469
CM003299,L00348,Lead,CAM0058,Webinar Campaign 058,Webinar,Registered,True,2026-05-20,False,True,L00348
CM003300,L00348,Lead,CAM0003,Event Campaign 003,Event,Attended,True,2023-11-02,False,True,L00348
CM003301,L00348,Lead,CAM0042,Advertisement Campaign 042,Advertisement,Clicked,True,2025-12-19,False,True,L00348
CM003302,L00478,Lead,CAM0030,Event Campaign 030,Event,Sent,False,2023-10-03,True,True,L00478
CM003303,L00478,Lead,CAM0055,Advertisement Campaign 055,Advertisement,Sent,False,2025-10-05,True,True,L00478
CM003304,L00478,Lead,CAM0034,Webinar Campaign 034,Webinar,Sent,False,2024-05-25,True,True,L00478
CM003305,L00478,Lead,CAM0008,Email Campaign 008,Email,Responded,True,2023-05-20,False,True,L00478
CM003306,L00478,Lead,CAM0010,Content Syndication Campaign 010,Content Syndication,Sent,False,2024-04-18,True,True,L00478
CM003307,L00478,Lead,CAM0030,Event Campaign 030,Event,Sent,False,2023-09-24,True,True,L00478
CM003308,L00478,Lead,CAM0023,Webinar Campaign 023,Webinar,Sent,False,2024-05-13,True,True,L00478
CM003309,L00478,Lead,CAM0007,Advertisement Campaign 007,Advertisement,Sent,False,2023-11-14,False,True,L00478
CM003310,L00478,Lead,CAM0003,Event Campaign 003,Event,Sent,False,2023-10-27,True,True,L00478
CM003311,L00478,Lead,CAM0038,Email Campaign 038,Email,Sent,False,2023-02-02,True,True,L00478
CM003312,L00478,Lead,CAM0046,Webinar Campaign 046,Webinar,Sent,False,2026-01-04,True,False,L00478
CM003313,L00478,Lead,CAM0014,Content Syndication Campaign 014,Content Syndication,Sent,False,2024-11-22,True,True,L00478
CM003314,L00478,Lead,CAM0015,Advertisement Campaign 015,Advertisement,Sent,False,2024-04-20,True,True,L00478
CM003315,L00478,Lead,CAM0033,Advertisement Campaign 033,Advertisement,Clicked,True,2023-03-08,False,True,L00478
CM003316,L00478,Lead,CAM0008,Email Campaign 008,Email,Sent,False,2023-05-21,True,True,L00478
CM003317,C00037,Contact,CAM0032,Webinar Campaign 032,Webinar,No Show,True,2023-05-19,False,True,C00037
CM003318,C00037,Contact,CAM0018,Content Syndication Campaign 018,Content Syndication,Sent,False,2024-06-19,False,True,C00037
CM003319,C00037,Contact,CAM0060,Event Campaign 060,Event,Registered,True,2026-04-30,False,True,C00037
CM003320,C00037,Contact,CAM0034,Webinar Campaign 034,Webinar,Registered,True,2024-05-10,False,True,C00037
CM003321,C00037,Contact,CAM0056,Webinar Campaign 056,Webinar,No Show,True,2026-04-19,False,True,C00037
CM003322,C00118,Contact,CAM0023,Webinar Campaign 023,Webinar,No Show,True,2024-05-05,False,True,C00118
CM003323,C00118,Contact,CAM0025,Event Campaign 025,Event,No Show,True,2023-03-24,False,True,C00118
CM003324,L00465,Lead,CAM0035,Event Campaign 035,Event,Registered,True,2025-01-05,False,True,L00465
CM003325,L00465,Lead,CAM0011,Webinar Campaign 011,Webinar,Attended,True,2024-01-21,False,True,L00465
CM003326,L00191,Lead,CAM0018,Content Syndication Campaign 018,Content Syndication,Responded,True,2024-07-10,False,True,L00191
CM003327,L00191,Lead,CAM0002,Telemarketing Campaign 002,Telemarketing,Sent,False,2023-03-04,True,True,L00191
CM003328,L00191,Lead,CAM0040,Webinar Campaign 040,Webinar,Sent,False,2023-11-30,True,True,L00191
CM003329,L00191,Lead,CAM0032,Webinar Campaign 032,Webinar,Registered,True,2023-06-06,False,False,L00191
CM003330,L00191,Lead,CAM0022,Event Campaign 022,Event,Sent,False,2024-04-26,True,False,L00191
CM003331,L00191,Lead,CAM0060,Event Campaign 060,Event,Sent,False,2026-05-04,True,True,L00191
CM003332,L00191,Lead,CAM0017,Content Syndication Campaign 017,Content Syndication,Sent,False,2023-11-12,True,True,L00191
CM003333,L00413,Lead,CAM0060,Event Campaign 060,Event,Registered,True,2026-04-27,False,True,C00298
CM003334,L00413,Lead,CAM0007,Advertisement Campaign 007,Advertisement,Sent,False,2023-11-14,False,True,C00298
CM003335,L00413,Lead,CAM0014,Content Syndication Campaign 014,Content Syndication,Responded,True,2024-11-04,False,True,C00298
CM003336,L00225,Lead,CAM0056,Webinar Campaign 056,Webinar,Registered,True,2026-05-03,False,True,L00225
CM003337,L00225,Lead,CAM0053,Email Campaign 053,Email,Clicked,True,2025-05-12,False,True,L00225
CM003338,L00225,Lead,CAM0029,Webinar Campaign 029,Webinar,No Show,True,2024-02-06,False,True,L00225
CM003339,L00084,Lead,CAM0044,Event Campaign 044,Event,Attended,True,2025-10-02,False,False,L00084
CM003340,L00084,Lead,CAM0013,Content Syndication Campaign 013,Content Syndication,Clicked,True,2023-05-12,False,True,L00084
CM003341,L00084,Lead,CAM0023,Webinar Campaign 023,Webinar,Registered,True,2024-04-25,False,True,L00084
CM003342,L00490,Lead,CAM0033,Advertisement Campaign 033,Advertisement,Sent,False,2023-03-27,False,True,C00143
CM003343,L00068,Lead,CAM0028,Telemarketing Campaign 028,Telemarketing,Clicked,True,2024-12-05,False,True,L00068
CM003344,L00068,Lead,CAM0025,Event Campaign 025,Event,Attended,True,2023-03-08,False,False,L00068
CM003345,L00068,Lead,CAM0047,Advertisement Campaign 047,Advertisement,Clicked,True,2025-07-11,False,True,L00068
CM003346,L00068,Lead,CAM0037,Email Campaign 037,Email,Clicked,True,2024-03-11,False,True,L00068
CM003347,L00079,Lead,CAM0058,Webinar Campaign 058,Webinar,No Show,True,2026-05-15,False,True,L00079
CM003348,L00079,Lead,CAM0034,Webinar Campaign 034,Webinar,No Show,True,2024-06-04,False,True,L00079
CM003349,L00079,Lead,CAM0040,Webinar Campaign 040,Webinar,Attended,True,2023-12-04,False,False,L00079
CM003350,L00079,Lead,CAM0013,Content Syndication Campaign 013,Content Syndication,Responded,True,2023-05-11,False,True,L00079
CM003351,C00272,Contact,CAM0023,Webinar Campaign 023,Webinar,Registered,True,2024-05-18,False,True,C00272
CM003352,C00272,Contact,CAM0015,Advertisement Campaign 015,Advertisement,Clicked,True,2024-04-21,False,True,C00272
CM003353,L00459,Lead,CAM0006,Telemarketing Campaign 006,Telemarketing,Clicked,True,2023-04-13,False,True,L00459
CM003354,L00420,Lead,CAM0010,Content Syndication Campaign 010,Content Syndication,Responded,True,2024-04-18,False,True,C00032
CM003355,C00020,Contact,CAM0004,Advertisement Campaign 004,Advertisement,Sent,False,2023-12-22,False,True,C00020
CM003356,C00020,Contact,CAM0019,Webinar Campaign 019,Webinar,Registered,True,2024-06-12,False,True,C00020
CM003357,L00565,Lead,CAM0060,Event Campaign 060,Event,Registered,True,2026-04-19,False,True,L00565
CM003358,L00565,Lead,CAM0014,Content Syndication Campaign 014,Content Syndication,Sent,False,2024-11-17,False,True,L00565
CM003359,L00404,Lead,CAM0021,Advertisement Campaign 021,Advertisement,Sent,False,2023-08-17,False,True,L00404
CM003360,C00134,Contact,CAM0057,Event Campaign 057,Event,Registered,True,2026-05-24,False,True,C00134
CM003361,C00134,Contact,CAM0041,Email Campaign 041,Email,Responded,True,2025-05-05,False,True,C00134
CM003362,C00134,Contact,CAM0021,Advertisement Campaign 021,Advertisement,Clicked,True,2023-08-14,False,True,C00134
CM003363,C00340,Contact,CAM0027,Advertisement Campaign 027,Advertisement,Sent,False,2024-04-06,False,True,C00340
CM003364,C00340,Contact,CAM0018,Content Syndication Campaign 018,Content Syndication,Clicked,True,2024-06-18,False,True,C00340
CM003365,C00165,Contact,CAM0033,Advertisement Campaign 033,Advertisement,Clicked,True,2023-03-26,False,True,C00165
CM003366,C00165,Contact,CAM0038,Email Campaign 038,Email,Clicked,True,2023-02-07,False,True,C00165
CM003367,C00356,Contact,CAM0047,Advertisement Campaign 047,Advertisement,Clicked,True,2025-06-17,False,False,C00356
CM003368,C00356,Contact,CAM0037,Email Campaign 037,Email,Sent,False,2024-03-11,True,True,C00356
CM003369,C00356,Contact,CAM0006,Telemarketing Campaign 006,Telemarketing,Sent,False,2023-05-01,False,True,C00356
CM003370,C00176,Contact,CAM0033,Advertisement Campaign 033,Advertisement,Clicked,True,2023-03-08,False,True,C00176
CM003371,C00176,Contact,CAM0033,Advertisement Campaign 033,Advertisement,Sent,False,2023-03-11,True,True,C00176
CM003372,C00176,Contact,CAM0039,Advertisement Campaign 039,Advertisement,Sent,False,2024-12-26,True,True,C00176
CM003373,C00176,Contact,CAM0003,Event Campaign 003,Event,Sent,False,2023-11-06,True,True,C00176
CM003374,C00176,Contact,CAM0007,Advertisement Campaign 007,Advertisement,Sent,False,2023-12-09,True,True,C00176
CM003375,C00176,Contact,CAM0048,Event Campaign 048,Event,Registered,True,2025-07-19,False,True,C00176
CM003376,C00176,Contact,CAM0036,Advertisement Campaign 036,Advertisement,Sent,False,2024-09-15,True,True,C00176
CM003377,C00176,Contact,CAM0023,Webinar Campaign 023,Webinar,Sent,False,2024-04-28,True,True,C00176
CM003378,C00176,Contact,CAM0011,Webinar Campaign 011,Webinar,Registered,True,2024-01-21,False,True,C00176
CM003379,C00176,Contact,CAM0013,Content Syndication Campaign 013,Content Syndication,Sent,False,2023-05-16,True,True,C00176
CM003380,C00176,Contact,CAM0019,Webinar Campaign 019,Webinar,Sent,False,2024-07-03,True,True,C00176
CM003381,C00176,Contact,CAM0030,Event Campaign 030,Event,Sent,False,2023-10-07,True,True,C00176
CM003382,C00176,Contact,CAM0049,Webinar Campaign 049,Webinar,Sent,False,2025-10-25,True,True,C00176
CM003383,C00176,Contact,CAM0027,Advertisement Campaign 027,Advertisement,Sent,False,2024-04-17,True,True,C00176
CM003384,C00176,Contact,CAM0027,Advertisement Campaign 027,Advertisement,Sent,False,2024-04-14,False,True,C00176
CM003385,C00176,Contact,CAM0057,Event Campaign 057,Event,Sent,False,2026-05-28,True,True,C00176
CM003386,C00176,Contact,CAM0006,Telemarketing Campaign 006,Telemarketing,Sent,False,2023-04-10,True,True,C00176
CM003387,C00237,Contact,CAM0045,Email Campaign 045,Email,Sent,False,2025-04-22,True,True,C00237
CM003388,C00102,Contact,CAM0052,Advertisement Campaign 052,Advertisement,Sent,False,2025-05-20,True,True,C00102
CM003389,C00102,Contact,CAM0036,Advertisement Campaign 036,Advertisement,Sent,False,2024-09-16,True,False,C00102
CM003390,C00102,Contact,CAM0021,Advertisement Campaign 021,Advertisement,Sent,False,2023-09-05,True,True,C00102
CM003391,C00102,Contact,CAM0031,Email Campaign 031,Email,Sent,False,2024-02-21,True,True,C00102
CM003392,C00102,Contact,CAM0037,Email Campaign 037,Email,Sent,False,2024-03-19,True,True,C00102
CM003393,C00102,Contact,CAM0059,Content Syndication Campaign 059,Content Syndication,Sent,False,2026-05-06,True,True,C00102
CM003394,C00102,Contact,CAM0011,Webinar Campaign 011,Webinar,Sent,False,2024-01-14,True,True,C00102
CM003395,C00102,Contact,CAM0005,Telemarketing Campaign 005,Telemarketing,Sent,False,2024-08-25,True,True,C00102
CM003396,C00102,Contact,CAM0028,Telemarketing Campaign 028,Telemarketing,Sent,False,2024-11-28,True,True,C00102
CM003397,C00102,Contact,CAM0026,Telemarketing Campaign 026,Telemarketing,Responded,True,2023-12-28,False,True,C00102
CM003398,C00102,Contact,CAM0055,Advertisement Campaign 055,Advertisement,Sent,False,2025-10-04,True,True,C00102
CM003399,C00102,Contact,CAM0017,Content Syndication Campaign 017,Content Syndication,Sent,False,2023-11-18,True,True,C00102
CM003400,C00102,Contact,CAM0009,Webinar Campaign 009,Webinar,Sent,False,2024-08-15,True,True,C00102
CM003401,C00102,Contact,CAM0008,Email Campaign 008,Email,Sent,False,2023-05-20,True,True,C00102
CM003402,C00102,Contact,CAM0054,Email Campaign 054,Email,Sent,False,2026-01-04,True,True,C00102
CM003403,C00102,Contact,CAM0037,Email Campaign 037,Email,Sent,False,2024-03-25,True,True,C00102
CM003404,L00504,Lead,CAM0002,Telemarketing Campaign 002,Telemarketing,Sent,False,2023-03-15,True,True,C00255
CM003405,L00504,Lead,CAM0049,Webinar Campaign 049,Webinar,Sent,False,2025-10-26,True,True,C00255
CM003406,L00504,Lead,CAM0045,Email Campaign 045,Email,Sent,False,2025-05-04,True,True,C00255
CM003407,L00504,Lead,CAM0055,Advertisement Campaign 055,Advertisement,Sent,False,2025-10-01,True,True,C00255
CM003408,L00504,Lead,CAM0021,Advertisement Campaign 021,Advertisement,Sent,False,2023-08-27,True,True,C00255
CM003409,L00504,Lead,CAM0017,Content Syndication Campaign 017,Content Syndication,Sent,False,2023-11-18,True,True,C00255
CM003410,L00504,Lead,CAM0041,Email Campaign 041,Email,Sent,False,2025-05-07,True,True,C00255
CM003411,L00504,Lead,CAM0057,Event Campaign 057,Event,Sent,False,2026-05-28,True,True,C00255
CM003412,L00558,Lead,CAM0011,Webinar Campaign 011,Webinar,No Show,True,2024-01-16,False,True,L00558
CM003413,L00429,Lead,CAM0027,Advertisement Campaign 027,Advertisement,Clicked,True,2024-04-18,False,True,C00133
CM003414,L00429,Lead,CAM0013,Content Syndication Campaign 013,Content Syndication,Clicked,True,2023-05-17,False,True,C00133
CM003415,L00429,Lead,CAM0006,Telemarketing Campaign 006,Telemarketing,Sent,False,2023-05-01,False,True,C00133
CM003416,C00048,Contact,CAM0005,Telemarketing Campaign 005,Telemarketing,Clicked,True,2024-08-15,False,True,C00048
CM003417,C00048,Contact,CAM0043,Webinar Campaign 043,Webinar,Attended,True,2025-09-30,False,True,C00048
CM003418,L00347,Lead,CAM0018,Content Syndication Campaign 018,Content Syndication,Sent,False,2024-06-19,False,True,L00347
CM003419,L00347,Lead,CAM0010,Content Syndication Campaign 010,Content Syndication,Responded,True,2024-04-22,False,True,L00347
CM003420,L00347,Lead,CAM0024,Advertisement Campaign 024,Advertisement,Sent,False,2024-03-14,False,True,L00347
CM003421,C00113,Contact,CAM0060,Event Campaign 060,Event,Registered,True,2026-05-12,False,False,C00113
CM003422,C00113,Contact,CAM0024,Advertisement Campaign 024,Advertisement,Sent,False,2024-03-28,False,True,C00113
CM003423,L00499,Lead,CAM0031,Email Campaign 031,Email,Clicked,True,2024-03-05,False,True,L00499
CM003424,L00377,Lead,CAM0041,Email Campaign 041,Email,Sent,False,2025-05-04,True,True,L00377
CM003425,L00377,Lead,CAM0026,Telemarketing Campaign 026,Telemarketing,Sent,False,2023-12-29,True,True,L00377
CM003426,L00377,Lead,CAM0049,Webinar Campaign 049,Webinar,Sent,False,2025-10-02,True,True,L00377
CM003427,L00377,Lead,CAM0010,Content Syndication Campaign 010,Content Syndication,Sent,False,2024-04-10,True,True,L00377
CM003428,L00377,Lead,CAM0003,Event Campaign 003,Event,Sent,False,2023-11-07,True,True,L00377
CM003429,L00377,Lead,CAM0013,Content Syndication Campaign 013,Content Syndication,Responded,True,2023-04-30,False,True,L00377
CM003430,L00377,Lead,CAM0004,Advertisement Campaign 004,Advertisement,Clicked,True,2023-12-18,False,True,L00377
CM003431,L00377,Lead,CAM0010,Content Syndication Campaign 010,Content Syndication,Responded,True,2024-04-11,False,True,L00377
CM003432,L00377,Lead,CAM0046,Webinar Campaign 046,Webinar,Registered,True,2026-01-12,False,True,L00377
CM003433,L00377,Lead,CAM0042,Advertisement Campaign 042,Advertisement,Sent,False,2025-12-06,True,True,L00377
CM003434,L00377,Lead,CAM0038,Email Campaign 038,Email,Sent,False,2023-02-24,True,False,L00377
CM003435,L00377,Lead,CAM0026,Telemarketing Campaign 026,Telemarketing,Sent,False,2023-12-24,True,True,L00377
CM003436,L00377,Lead,CAM0014,Content Syndication Campaign 014,Content Syndication,Sent,False,2024-11-08,True,True,L00377
CM003437,L00377,Lead,CAM0051,Webinar Campaign 051,Webinar,Sent,False,2025-03-12,True,True,L00377
CM003438,L00377,Lead,CAM0053,Email Campaign 053,Email,Sent,False,2025-06-03,True,False,L00377
CM003439,L00377,Lead,CAM0016,Content Syndication Campaign 016,Content Syndication,Sent,False,2023-09-12,True,True,L00377
CM003440,L00377,Lead,CAM0054,Email Campaign 054,Email,Sent,False,2026-01-04,True,True,L00377
CM003441,L00184,Lead,CAM0047,Advertisement Campaign 047,Advertisement,Clicked,True,2025-07-04,False,True,L00184
CM003442,L00184,Lead,CAM0055,Advertisement Campaign 055,Advertisement,Clicked,True,2025-10-04,False,True,L00184
CM003443,L00270,Lead,CAM0027,Advertisement Campaign 027,Advertisement,Sent,False,2024-04-19,True,True,L00270
CM003444,L00270,Lead,CAM0015,Advertisement Campaign 015,Advertisement,Sent,False,2024-04-26,True,True,L00270
CM003445,L00270,Lead,CAM0008,Email Campaign 008,Email,Sent,False,2023-04-22,True,False,L00270
CM003446,L00270,Lead,CAM0038,Email Campaign 038,Email,Sent,False,2023-02-04,True,True,L00270
CM003447,L00270,Lead,CAM0038,Email Campaign 038,Email,Sent,False,2023-02-02,True,True,L00270
CM003448,L00270,Lead,CAM0045,Email Campaign 045,Email,Sent,False,2025-04-21,True,True,L00270
CM003449,L00270,Lead,CAM0051,Webinar Campaign 051,Webinar,Sent,False,2025-03-29,True,True,L00270
CM003450,L00270,Lead,CAM0060,Event Campaign 060,Event,No Show,True,2026-04-26,False,True,L00270
CM003451,L00270,Lead,CAM0012,Telemarketing Campaign 012,Telemarketing,Sent,False,2023-11-01,False,True,L00270
CM003452,L00270,Lead,CAM0026,Telemarketing Campaign 026,Telemarketing,Sent,False,2023-12-16,True,True,L00270
CM003453,L00270,Lead,CAM0020,Event Campaign 020,Event,Sent,False,2023-12-13,True,True,L00270
CM003454,C00015,Contact,CAM0056,Webinar Campaign 056,Webinar,Registered,True,2026-04-13,False,False,C00015
CM003455,C00015,Contact,CAM0025,Event Campaign 025,Event,No Show,True,2023-02-23,False,True,C00015
CM003456,L00394,Lead,CAM0056,Webinar Campaign 056,Webinar,No Show,True,2026-04-22,False,True,L00394
CM003457,L00394,Lead,CAM0019,Webinar Campaign 019,Webinar,Attended,True,2024-07-04,False,True,L00394
CM003458,L00041,Lead,CAM0059,Content Syndication Campaign 059,Content Syndication,Responded,True,2026-05-06,False,True,L00041
CM003459,L00041,Lead,CAM0037,Email Campaign 037,Email,Sent,False,2024-03-14,True,True,L00041
CM003460,L00041,Lead,CAM0020,Event Campaign 020,Event,Registered,True,2023-12-09,False,True,L00041
CM003461,L00349,Lead,CAM0014,Content Syndication Campaign 014,Content Syndication,Sent,False,2024-11-17,True,True,L00349
CM003462,L00349,Lead,CAM0024,Advertisement Campaign 024,Advertisement,Clicked,True,2024-03-24,False,True,L00349
CM003463,L00349,Lead,CAM0002,Telemarketing Campaign 002,Telemarketing,Clicked,True,2023-03-15,False,True,L00349
CM003464,L00349,Lead,CAM0001,Email Campaign 001,Email,Sent,False,2024-10-19,True,True,L00349
CM003465,L00349,Lead,CAM0002,Telemarketing Campaign 002,Telemarketing,Sent,False,2023-02-24,False,True,L00349
CM003466,L00349,Lead,CAM0004,Advertisement Campaign 004,Advertisement,Sent,False,2023-12-24,True,True,L00349
CM003467,L00349,Lead,CAM0056,Webinar Campaign 056,Webinar,Sent,False,2026-05-10,True,True,L00349
CM003468,L00349,Lead,CAM0017,Content Syndication Campaign 017,Content Syndication,Sent,False,2023-11-21,True,True,L00349
CM003469,L00349,Lead,CAM0032,Webinar Campaign 032,Webinar,Sent,False,2023-05-24,True,True,L00349
CM003470,L00349,Lead,CAM0058,Webinar Campaign 058,Webinar,Registered,True,2026-05-29,False,True,L00349
CM003471,L00257,Lead,CAM0041,Email Campaign 041,Email,Sent,False,2025-05-02,True,True,L00257
CM003472,L00305,Lead,CAM0060,Event Campaign 060,Event,Attended,True,2026-05-02,False,True,C00342
CM003473,L00305,Lead,CAM0009,Webinar Campaign 009,Webinar,Registered,True,2024-08-01,False,True,C00342
CM003474,L00305,Lead,CAM0043,Webinar Campaign 043,Webinar,No Show,True,2025-10-03,False,True,C00342
CM003475,C00085,Contact,CAM0059,Content Syndication Campaign 059,Content Syndication,Responded,True,2026-05-07,False,True,C00085
CM003476,C00085,Contact,CAM0046,Webinar Campaign 046,Webinar,Attended,True,2026-01-21,False,True,C00085
CM003477,C00085,Contact,CAM0035,Event Campaign 035,Event,Registered,True,2024-12-29,False,True,C00085
CM003478,C00119,Contact,CAM0009,Webinar Campaign 009,Webinar,Sent,False,2024-08-22,True,True,C00119
CM003479,C00119,Contact,CAM0007,Advertisement Campaign 007,Advertisement,Sent,False,2023-11-13,True,True,C00119
CM003480,C00119,Contact,CAM0015,Advertisement Campaign 015,Advertisement,Sent,False,2024-04-20,True,True,C00119
CM003481,C00119,Contact,CAM0022,Event Campaign 022,Event,Attended,True,2024-05-04,False,True,C00119
CM003482,C00119,Contact,CAM0050,Webinar Campaign 050,Webinar,Sent,False,2025-09-15,True,True,C00119
CM003483,C00119,Contact,CAM0003,Event Campaign 003,Event,Sent,False,2023-10-26,True,True,C00119
CM003484,C00119,Contact,CAM0033,Advertisement Campaign 033,Advertisement,Sent,False,2023-03-09,True,True,C00119
CM003485,C00119,Contact,CAM0048,Event Campaign 048,Event,Registered,True,2025-08-11,False,False,C00119
CM003486,C00119,Contact,CAM0022,Event Campaign 022,Event,Sent,False,2024-05-04,True,True,C00119
CM003487,C00119,Contact,CAM0019,Webinar Campaign 019,Webinar,Sent,False,2024-06-15,True,True,C00119
CM003488,C00119,Contact,CAM0013,Content Syndication Campaign 013,Content Syndication,Sent,False,2023-05-01,True,True,C00119
CM003489,C00119,Contact,CAM0026,Telemarketing Campaign 026,Telemarketing,Sent,False,2023-12-17,True,True,C00119
CM003490,C00119,Contact,CAM0037,Email Campaign 037,Email,Sent,False,2024-03-25,True,True,C00119
CM003491,C00119,Contact,CAM0035,Event Campaign 035,Event,Sent,False,2025-01-05,True,True,C00119
CM003492,C00355,Contact,CAM0020,Event Campaign 020,Event,No Show,True,2023-12-04,False,True,C00355
CM003493,L00139,Lead,CAM0042,Advertisement Campaign 042,Advertisement,Sent,False,2025-12-09,True,True,L00139
CM003494,L00139,Lead,CAM0059,Content Syndication Campaign 059,Content Syndication,Sent,False,2026-04-14,True,True,L00139
CM003495,L00139,Lead,CAM0049,Webinar Campaign 049,Webinar,Registered,True,2025-10-29,False,True,L00139
CM003496,L00139,Lead,CAM0042,Advertisement Campaign 042,Advertisement,Sent,False,2025-11-27,True,True,L00139
CM003497,L00139,Lead,CAM0009,Webinar Campaign 009,Webinar,Sent,False,2024-08-13,True,True,L00139
CM003498,L00139,Lead,CAM0055,Advertisement Campaign 055,Advertisement,Sent,False,2025-10-04,True,True,L00139
CM003499,L00139,Lead,CAM0050,Webinar Campaign 050,Webinar,Sent,False,2025-09-06,True,True,L00139
CM003500,L00139,Lead,CAM0033,Advertisement Campaign 033,Advertisement,Sent,False,2023-03-18,True,True,L00139
CM003501,L00139,Lead,CAM0056,Webinar Campaign 056,Webinar,Registered,True,2026-04-22,False,True,L00139
CM003502,L00139,Lead,CAM0028,Telemarketing Campaign 028,Telemarketing,Sent,False,2024-11-30,True,True,L00139
CM003503,L00139,Lead,CAM0032,Webinar Campaign 032,Webinar,Sent,False,2023-05-26,True,True,L00139
CM003504,L00139,Lead,CAM0048,Event Campaign 048,Event,Sent,False,2025-07-19,True,True,L00139
CM003505,L00139,Lead,CAM0044,Event Campaign 044,Event,Sent,False,2025-10-09,True,True,L00139
CM003506,L00139,Lead,CAM0034,Webinar Campaign 034,Webinar,Sent,False,2024-05-20,True,True,L00139
CM003507,L00139,Lead,CAM0047,Advertisement Campaign 047,Advertisement,Sent,False,2025-06-25,True,True,L00139
CM003508,L00139,Lead,CAM0054,Email Campaign 054,Email,Sent,False,2025-12-26,True,True,L00139
CM003509,L00139,Lead,CAM0039,Advertisement Campaign 039,Advertisement,Sent,False,2024-12-26,False,False,L00139
CM003510,L00139,Lead,CAM0054,Email Campaign 054,Email,Sent,False,2025-12-12,True,True,L00139
CM003511,L00139,Lead,CAM0025,Event Campaign 025,Event,Sent,False,2023-02-25,True,True,L00139
CM003512,L00139,Lead,CAM0032,Webinar Campaign 032,Webinar,Sent,False,2023-05-15,True,True,L00139
CM003513,L00139,Lead,CAM0039,Advertisement Campaign 039,Advertisement,Sent,False,2024-12-30,True,True,L00139
CM003514,L00139,Lead,CAM0035,Event Campaign 035,Event,Sent,False,2024-12-30,True,True,L00139
CM003515,L00139,Lead,CAM0011,Webinar Campaign 011,Webinar,Sent,False,2024-01-04,True,True,L00139
CM003516,L00139,Lead,CAM0028,Telemarketing Campaign 028,Telemarketing,Sent,False,2024-12-02,True,True,L00139
CM003517,L00139,Lead,CAM0009,Webinar Campaign 009,Webinar,Sent,False,2024-08-18,True,True,L00139
CM003518,L00139,Lead,CAM0042,Advertisement Campaign 042,Advertisement,Sent,False,2025-12-14,True,True,L00139
CM003519,L00139,Lead,CAM0048,Event Campaign 048,Event,Sent,False,2025-07-18,True,True,L00139
CM003520,L00139,Lead,CAM0041,Email Campaign 041,Email,Sent,False,2025-04-19,True,True,L00139
CM003521,L00139,Lead,CAM0052,Advertisement Campaign 052,Advertisement,Sent,False,2025-05-11,True,True,L00139
CM003522,L00139,Lead,CAM0040,Webinar Campaign 040,Webinar,Sent,False,2023-12-15,True,True,L00139
CM003523,L00139,Lead,CAM0023,Webinar Campaign 023,Webinar,No Show,True,2024-05-18,False,True,L00139
CM003524,L00139,Lead,CAM0004,Advertisement Campaign 004,Advertisement,Sent,False,2023-12-15,True,True,L00139
CM003525,L00139,Lead,CAM0002,Telemarketing Campaign 002,Telemarketing,Sent,False,2023-03-15,True,True,L00139
CM003526,L00139,Lead,CAM0058,Webinar Campaign 058,Webinar,Sent,False,2026-05-23,True,True,L00139
CM003527,L00139,Lead,CAM0047,Advertisement Campaign 047,Advertisement,Sent,False,2025-07-14,True,True,L00139
CM003528,L00139,Lead,CAM0021,Advertisement Campaign 021,Advertisement,Sent,False,2023-08-19,False,True,L00139
CM003529,L00139,Lead,CAM0058,Webinar Campaign 058,Webinar,Sent,False,2026-05-22,True,True,L00139
CM003530,L00139,Lead,CAM0015,Advertisement Campaign 015,Advertisement,Clicked,True,2024-05-08,False,False,L00139
CM003531,L00139,Lead,CAM0047,Advertisement Campaign 047,Advertisement,Sent,False,2025-07-09,True,True,L00139
CM003532,L00139,Lead,CAM0013,Content Syndication Campaign 013,Content Syndication,Sent,False,2023-05-20,True,True,L00139
CM003533,L00139,Lead,CAM0043,Webinar Campaign 043,Webinar,Sent,False,2025-10-10,True,True,L00139
CM003534,L00139,Lead,CAM0005,Telemarketing Campaign 005,Telemarketing,Sent,False,2024-08-21,True,True,L00139
CM003535,L00139,Lead,CAM0041,Email Campaign 041,Email,Sent,False,2025-04-29,True,True,L00139
CM003536,L00139,Lead,CAM0028,Telemarketing Campaign 028,Telemarketing,Sent,False,2024-12-14,True,True,L00139
CM003537,L00333,Lead,CAM0033,Advertisement Campaign 033,Advertisement,Sent,False,2023-04-01,False,True,L00333
CM003538,L00333,Lead,CAM0056,Webinar Campaign 056,Webinar,Registered,True,2026-04-15,False,True,L00333
CM003539,L00333,Lead,CAM0036,Advertisement Campaign 036,Advertisement,Sent,False,2024-09-15,False,True,L00333
CM003540,L00101,Lead,CAM0057,Event Campaign 057,Event,Registered,True,2026-05-19,False,True,C00278
CM003541,L00101,Lead,CAM0039,Advertisement Campaign 039,Advertisement,Sent,False,2024-12-24,False,True,C00278
CM003542,L00101,Lead,CAM0049,Webinar Campaign 049,Webinar,Attended,True,2025-10-25,False,True,C00278
CM003543,L00597,Lead,CAM0037,Email Campaign 037,Email,Sent,False,2024-03-07,True,False,L00597
CM003544,L00597,Lead,CAM0015,Advertisement Campaign 015,Advertisement,Sent,False,2024-04-30,True,True,L00597
CM003545,L00597,Lead,CAM0037,Email Campaign 037,Email,Sent,False,2024-03-04,True,True,L00597
CM003546,L00597,Lead,CAM0017,Content Syndication Campaign 017,Content Syndication,Sent,False,2023-11-14,True,True,L00597
CM003547,L00597,Lead,CAM0031,Email Campaign 031,Email,Sent,False,2024-03-09,True,True,L00597
CM003548,L00597,Lead,CAM0049,Webinar Campaign 049,Webinar,Attended,True,2025-10-19,False,True,L00597
CM003549,L00597,Lead,CAM0011,Webinar Campaign 011,Webinar,Sent,False,2024-01-17,True,True,L00597
CM003550,L00597,Lead,CAM0028,Telemarketing Campaign 028,Telemarketing,Sent,False,2024-12-06,True,True,L00597
CM003551,L00597,Lead,CAM0030,Event Campaign 030,Event,Registered,True,2023-10-03,False,True,L00597
CM003552,L00597,Lead,CAM0056,Webinar Campaign 056,Webinar,Sent,False,2026-04-30,True,True,L00597
CM003553,L00597,Lead,CAM0033,Advertisement Campaign 033,Advertisement,Clicked,True,2023-03-28,False,True,L00597
CM003554,L00597,Lead,CAM0021,Advertisement Campaign 021,Advertisement,Sent,False,2023-08-16,True,True,L00597
CM003555,L00597,Lead,CAM0024,Advertisement Campaign 024,Advertisement,Sent,False,2024-03-13,True,True,L00597
CM003556,L00597,Lead,CAM0019,Webinar Campaign 019,Webinar,Sent,False,2024-07-06,True,True,L00597
CM003557,L00597,Lead,CAM0009,Webinar Campaign 009,Webinar,Sent,False,2024-08-21,True,True,L00597
CM003558,L00597,Lead,CAM0043,Webinar Campaign 043,Webinar,Registered,True,2025-10-22,False,True,L00597
CM003559,L00597,Lead,CAM0046,Webinar Campaign 046,Webinar,Sent,False,2026-01-12,True,True,L00597
CM003560,L00021,Lead,CAM0059,Content Syndication Campaign 059,Content Syndication,Clicked,True,2026-04-25,False,True,L00021
CM003561,L00021,Lead,CAM0014,Content Syndication Campaign 014,Content Syndication,Sent,False,2024-11-13,False,True,L00021
CM003562,L00021,Lead,CAM0007,Advertisement Campaign 007,Advertisement,Clicked,True,2023-11-28,False,True,L00021
CM003563,L00235,Lead,CAM0020,Event Campaign 020,Event,Registered,True,2023-12-25,False,True,L00235
CM003564,L00235,Lead,CAM0044,Event Campaign 044,Event,Attended,True,2025-10-20,False,True,L00235
CM003565,L00235,Lead,CAM0036,Advertisement Campaign 036,Advertisement,Sent,False,2024-09-25,False,True,L00235
CM003566,L00576,Lead,CAM0039,Advertisement Campaign 039,Advertisement,Sent,False,2024-12-31,True,True,L00576
CM003567,L00576,Lead,CAM0049,Webinar Campaign 049,Webinar,Sent,False,2025-10-25,True,False,L00576
CM003568,L00576,Lead,CAM0029,Webinar Campaign 029,Webinar,No Show,True,2024-01-20,False,True,L00576
CM003569,L00576,Lead,CAM0043,Webinar Campaign 043,Webinar,Sent,False,2025-10-10,True,True,L00576
CM003570,L00576,Lead,CAM0012,Telemarketing Campaign 012,Telemarketing,Sent,False,2023-11-10,True,True,L00576
CM003571,L00576,Lead,CAM0039,Advertisement Campaign 039,Advertisement,Sent,False,2024-12-31,True,True,L00576
CM003572,L00386,Lead,CAM0033,Advertisement Campaign 033,Advertisement,Sent,False,2023-03-24,True,True,L00386
CM003573,L00386,Lead,CAM0053,Email Campaign 053,Email,Sent,False,2025-06-07,True,True,L00386
CM003574,L00386,Lead,CAM0035,Event Campaign 035,Event,Sent,False,2025-01-05,True,True,L00386
CM003575,L00386,Lead,CAM0005,Telemarketing Campaign 005,Telemarketing,Sent,False,2024-08-29,True,True,L00386
CM003576,L00386,Lead,CAM0022,Event Campaign 022,Event,Sent,False,2024-04-29,True,True,L00386
CM003577,L00386,Lead,CAM0037,Email Campaign 037,Email,Sent,False,2024-03-14,True,False,L00386
CM003578,L00386,Lead,CAM0037,Email Campaign 037,Email,Sent,False,2024-03-23,True,True,L00386
CM003579,L00386,Lead,CAM0034,Webinar Campaign 034,Webinar,Sent,False,2024-05-19,True,True,L00386
CM003580,L00386,Lead,CAM0043,Webinar Campaign 043,Webinar,Sent,False,2025-10-27,True,True,L00386
CM003581,L00386,Lead,CAM0035,Event Campaign 035,Event,Sent,False,2024-12-23,True,True,L00386
CM003582,L00386,Lead,CAM0011,Webinar Campaign 011,Webinar,Sent,False,2024-01-16,True,True,L00386
CM003583,L00386,Lead,CAM0005,Telemarketing Campaign 005,Telemarketing,Sent,False,2024-08-05,True,True,L00386
CM003584,L00386,Lead,CAM0018,Content Syndication Campaign 018,Content Syndication,Sent,False,2024-06-22,True,True,L00386
CM003585,L00386,Lead,CAM0009,Webinar Campaign 009,Webinar,Sent,False,2024-08-26,True,True,L00386
CM003586,L00386,Lead,CAM0042,Advertisement Campaign 042,Advertisement,Sent,False,2025-12-09,True,True,L00386
CM003587,L00386,Lead,CAM0059,Content Syndication Campaign 059,Content Syndication,Clicked,True,2026-04-25,False,True,L00386
CM003588,L00386,Lead,CAM0056,Webinar Campaign 056,Webinar,Sent,False,2026-04-18,True,False,L00386
CM003589,L00551,Lead,CAM0020,Event Campaign 020,Event,Sent,False,2023-12-14,True,True,L00551
CM003590,L00551,Lead,CAM0017,Content Syndication Campaign 017,Content Syndication,Clicked,True,2023-11-01,False,True,L00551
CM003591,L00551,Lead,CAM0042,Advertisement Campaign 042,Advertisement,Sent,False,2025-12-02,True,True,L00551
CM003592,L00551,Lead,CAM0027,Advertisement Campaign 027,Advertisement,Sent,False,2024-03-28,True,False,L00551
CM003593,L00551,Lead,CAM0010,Content Syndication Campaign 010,Content Syndication,Sent,False,2024-04-14,True,True,L00551
CM003594,L00551,Lead,CAM0056,Webinar Campaign 056,Webinar,Sent,False,2026-04-14,True,True,L00551
CM003595,L00551,Lead,CAM0039,Advertisement Campaign 039,Advertisement,Sent,False,2025-01-17,True,True,L00551
CM003596,L00551,Lead,CAM0025,Event Campaign 025,Event,Sent,False,2023-03-20,True,True,L00551
CM003597,L00551,Lead,CAM0031,Email Campaign 031,Email,Sent,False,2024-03-02,True,True,L00551
CM003598,L00551,Lead,CAM0020,Event Campaign 020,Event,Sent,False,2023-12-19,True,True,L00551
CM003599,L00551,Lead,CAM0024,Advertisement Campaign 024,Advertisement,Sent,False,2024-03-31,True,True,L00551
CM003600,L00551,Lead,CAM0005,Telemarketing Campaign 005,Telemarketing,Sent,False,2024-08-12,True,True,L00551
CM003601,L00551,Lead,CAM0050,Webinar Campaign 050,Webinar,Sent,False,2025-09-25,True,True,L00551
CM003602,C00239,Contact,CAM0054,Email Campaign 054,Email,Sent,False,2025-12-14,True,True,C00239
CM003603,C00239,Contact,CAM0044,Event Campaign 044,Event,Registered,True,2025-10-10,False,True,C00239
CM003604,L00412,Lead,CAM0059,Content Syndication Campaign 059,Content Syndication,Sent,False,2026-04-15,True,True,C00358
CM003605,L00412,Lead,CAM0006,Telemarketing Campaign 006,Telemarketing,Sent,False,2023-04-10,True,False,C00358
CM003606,L00412,Lead,CAM0056,Webinar Campaign 056,Webinar,Sent,False,2026-04-26,True,True,C00358
CM003607,L00412,Lead,CAM0055,Advertisement Campaign 055,Advertisement,Sent,False,2025-10-05,False,True,C00358
CM003608,L00412,Lead,CAM0023,Webinar Campaign 023,Webinar,Sent,False,2024-05-20,True,True,C00358
CM003609,L00412,Lead,CAM0009,Webinar Campaign 009,Webinar,Sent,False,2024-08-12,True,True,C00358
CM003610,L00412,Lead,CAM0014,Content Syndication Campaign 014,Content Syndication,Sent,False,2024-11-27,True,True,C00358
CM003611,L00412,Lead,CAM0057,Event Campaign 057,Event,Sent,False,2026-05-29,True,True,C00358
CM003612,L00412,Lead,CAM0001,Email Campaign 001,Email,Sent,False,2024-10-09,True,True,C00358
CM003613,L00412,Lead,CAM0006,Telemarketing Campaign 006,Telemarketing,Sent,False,2023-04-15,True,True,C00358
CM003614,L00295,Lead,CAM0007,Advertisement Campaign 007,Advertisement,Clicked,True,2023-12-06,False,True,L00295
CM003615,L00542,Lead,CAM0058,Webinar Campaign 058,Webinar,Registered,True,2026-05-06,False,True,L00542
CM003616,L00542,Lead,CAM0010,Content Syndication Campaign 010,Content Syndication,Sent,False,2024-04-19,False,True,L00542
CM003617,L00542,Lead,CAM0049,Webinar Campaign 049,Webinar,Registered,True,2025-10-24,False,True,L00542
CM003618,L00096,Lead,CAM0015,Advertisement Campaign 015,Advertisement,Sent,False,2024-05-08,False,True,C00004
CM003619,L00096,Lead,CAM0049,Webinar Campaign 049,Webinar,Registered,True,2025-10-13,False,True,C00004
CM003620,L00060,Lead,CAM0005,Telemarketing Campaign 005,Telemarketing,Sent,False,2024-08-16,True,False,L00060
CM003621,L00060,Lead,CAM0004,Advertisement Campaign 004,Advertisement,Sent,False,2023-12-28,True,False,L00060
CM003622,L00060,Lead,CAM0016,Content Syndication Campaign 016,Content Syndication,Sent,False,2023-09-06,True,True,L00060
CM003623,L00060,Lead,CAM0016,Content Syndication Campaign 016,Content Syndication,Sent,False,2023-09-15,True,True,L00060
CM003624,L00060,Lead,CAM0012,Telemarketing Campaign 012,Telemarketing,Sent,False,2023-11-03,True,True,L00060
CM003625,L00060,Lead,CAM0056,Webinar Campaign 056,Webinar,Sent,False,2026-04-21,True,True,L00060
CM003626,L00060,Lead,CAM0037,Email Campaign 037,Email,Sent,False,2024-03-02,True,True,L00060
CM003627,L00060,Lead,CAM0003,Event Campaign 003,Event,Sent,False,2023-11-04,True,True,L00060
CM003628,L00060,Lead,CAM0055,Advertisement Campaign 055,Advertisement,Sent,False,2025-10-10,True,True,L00060
CM003629,L00060,Lead,CAM0019,Webinar Campaign 019,Webinar,Sent,False,2024-07-06,True,True,L00060
CM003630,L00060,Lead,CAM0060,Event Campaign 060,Event,Sent,False,2026-04-19,True,False,L00060
CM003631,L00060,Lead,CAM0014,Content Syndication Campaign 014,Content Syndication,Sent,False,2024-11-03,True,True,L00060
CM003632,L00060,Lead,CAM0006,Telemarketing Campaign 006,Telemarketing,Sent,False,2023-04-29,True,False,L00060
CM003633,L00060,Lead,CAM0008,Email Campaign 008,Email,Sent,False,2023-05-06,True,True,L00060
CM003634,L00463,Lead,CAM0041,Email Campaign 041,Email,Sent,False,2025-05-09,True,False,C00373
CM003635,L00463,Lead,CAM0022,Event Campaign 022,Event,Sent,False,2024-05-07,True,True,C00373
CM003636,L00463,Lead,CAM0024,Advertisement Campaign 024,Advertisement,Sent,False,2024-03-30,True,True,C00373
CM003637,L00463,Lead,CAM0058,Webinar Campaign 058,Webinar,Sent,False,2026-05-20,True,True,C00373
CM003638,L00463,Lead,CAM0045,Email Campaign 045,Email,Sent,False,2025-04-14,True,True,C00373
CM003639,L00463,Lead,CAM0003,Event Campaign 003,Event,Sent,False,2023-11-01,True,False,C00373
CM003640,L00463,Lead,CAM0034,Webinar Campaign 034,Webinar,Sent,False,2024-05-15,True,True,C00373
CM003641,L00463,Lead,CAM0045,Email Campaign 045,Email,Sent,False,2025-04-17,True,True,C00373
CM003642,L00463,Lead,CAM0023,Webinar Campaign 023,Webinar,Sent,False,2024-05-19,True,False,C00373
CM003643,L00463,Lead,CAM0042,Advertisement Campaign 042,Advertisement,Sent,False,2025-12-16,True,True,C00373
CM003644,L00463,Lead,CAM0038,Email Campaign 038,Email,Sent,False,2023-02-19,True,True,C00373
CM003645,L00463,Lead,CAM0020,Event Campaign 020,Event,Sent,False,2023-12-29,True,True,C00373
CM003646,L00463,Lead,CAM0001,Email Campaign 001,Email,Sent,False,2024-11-01,True,True,C00373
CM003647,L00463,Lead,CAM0003,Event Campaign 003,Event,Attended,True,2023-10-27,False,True,C00373
CM003648,L00463,Lead,CAM0042,Advertisement Campaign 042,Advertisement,Sent,False,2025-12-17,False,True,C00373
CM003649,L00244,Lead,CAM0014,Content Syndication Campaign 014,Content Syndication,Sent,False,2024-11-18,True,True,L00244
CM003650,L00244,Lead,CAM0036,Advertisement Campaign 036,Advertisement,Sent,False,2024-10-03,True,True,L00244
CM003651,L00244,Lead,CAM0026,Telemarketing Campaign 026,Telemarketing,Sent,False,2024-01-07,True,True,L00244
CM003652,L00244,Lead,CAM0025,Event Campaign 025,Event,Sent,False,2023-03-12,True,True,L00244
CM003653,L00244,Lead,CAM0017,Content Syndication Campaign 017,Content Syndication,Sent,False,2023-11-14,True,True,L00244
CM003654,L00244,Lead,CAM0025,Event Campaign 025,Event,Registered,True,2023-02-23,False,True,L00244
CM003655,L00244,Lead,CAM0011,Webinar Campaign 011,Webinar,Sent,False,2024-01-13,True,True,L00244
CM003656,L00244,Lead,CAM0052,Advertisement Campaign 052,Advertisement,Sent,False,2025-05-06,False,True,L00244
CM003657,L00244,Lead,CAM0025,Event Campaign 025,Event,Sent,False,2023-02-23,True,False,L00244
CM003658,L00244,Lead,CAM0024,Advertisement Campaign 024,Advertisement,Sent,False,2024-03-28,False,True,L00244
CM003659,L00244,Lead,CAM0059,Content Syndication Campaign 059,Content Syndication,Sent,False,2026-04-15,True,True,L00244
CM003660,L00244,Lead,CAM0030,Event Campaign 030,Event,Sent,False,2023-09-23,True,True,L00244
CM003661,L00244,Lead,CAM0043,Webinar Campaign 043,Webinar,Sent,False,2025-10-21,True,False,L00244
CM003662,L00244,Lead,CAM0060,Event Campaign 060,Event,Sent,False,2026-04-20,True,True,L00244
CM003663,L00244,Lead,CAM0052,Advertisement Campaign 052,Advertisement,Sent,False,2025-04-30,True,True,L00244
CM003664,L00244,Lead,CAM0022,Event Campaign 022,Event,Sent,False,2024-05-12,True,True,L00244
CM003665,L00009,Lead,CAM0060,Event Campaign 060,Event,No Show,True,2026-04-20,False,True,L00009
CM003666,L00009,Lead,CAM0047,Advertisement Campaign 047,Advertisement,Clicked,True,2025-06-20,False,True,L00009
CM003667,C00060,Contact,CAM0004,Advertisement Campaign 004,Advertisement,Clicked,True,2023-12-19,False,False,C00060
CM003668,C00209,Contact,CAM0044,Event Campaign 044,Event,Sent,False,2025-10-15,True,True,C00209
CM003669,C00209,Contact,CAM0026,Telemarketing Campaign 026,Telemarketing,Sent,False,2024-01-02,True,True,C00209
CM003670,C00209,Contact,CAM0019,Webinar Campaign 019,Webinar,Sent,False,2024-06-20,True,True,C00209
CM003671,C00209,Contact,CAM0054,Email Campaign 054,Email,Sent,False,2025-12-17,True,True,C00209
CM003672,C00209,Contact,CAM0049,Webinar Campaign 049,Webinar,Sent,False,2025-10-20,True,True,C00209
CM003673,C00209,Contact,CAM0051,Webinar Campaign 051,Webinar,Attended,True,2025-03-12,False,True,C00209
CM003674,C00209,Contact,CAM0010,Content Syndication Campaign 010,Content Syndication,Responded,True,2024-04-12,False,True,C00209
CM003675,C00209,Contact,CAM0017,Content Syndication Campaign 017,Content Syndication,Sent,False,2023-11-04,True,True,C00209
CM003676,C00209,Contact,CAM0024,Advertisement Campaign 024,Advertisement,Sent,False,2024-04-11,True,True,C00209
CM003677,C00209,Contact,CAM0011,Webinar Campaign 011,Webinar,Attended,True,2024-01-24,False,True,C00209
CM003678,C00209,Contact,CAM0024,Advertisement Campaign 024,Advertisement,Sent,False,2024-03-21,True,False,C00209
CM003679,C00209,Contact,CAM0015,Advertisement Campaign 015,Advertisement,Sent,False,2024-04-25,True,True,C00209
CM003680,L00560,Lead,CAM0056,Webinar Campaign 056,Webinar,Registered,True,2026-05-03,False,True,L00560
CM003681,C00389,Contact,CAM0047,Advertisement Campaign 047,Advertisement,Sent,False,2025-06-22,True,True,C00389
CM003682,C00389,Contact,CAM0024,Advertisement Campaign 024,Advertisement,Sent,False,2024-04-09,True,True,C00389
CM003683,C00389,Contact,CAM0031,Email Campaign 031,Email,Sent,False,2024-02-15,True,True,C00389
CM003684,C00389,Contact,CAM0016,Content Syndication Campaign 016,Content Syndication,Sent,False,2023-09-14,True,True,C00389
CM003685,C00389,Contact,CAM0014,Content Syndication Campaign 014,Content Syndication,Sent,False,2024-11-28,True,True,C00389
CM003686,C00389,Contact,CAM0052,Advertisement Campaign 052,Advertisement,Sent,False,2025-04-30,True,True,C00389
CM003687,C00389,Contact,CAM0024,Advertisement Campaign 024,Advertisement,Sent,False,2024-04-02,True,True,C00389
CM003688,C00389,Contact,CAM0017,Content Syndication Campaign 017,Content Syndication,Sent,False,2023-11-08,True,True,C00389
CM003689,C00389,Contact,CAM0044,Event Campaign 044,Event,Sent,False,2025-10-26,True,True,C00389
CM003690,C00389,Contact,CAM0042,Advertisement Campaign 042,Advertisement,Sent,False,2025-11-25,True,True,C00389
CM003691,C00389,Contact,CAM0017,Content Syndication Campaign 017,Content Syndication,Sent,False,2023-11-11,True,True,C00389
CM003692,C00389,Contact,CAM0011,Webinar Campaign 011,Webinar,Sent,False,2024-01-13,True,True,C00389
CM003693,C00389,Contact,CAM0038,Email Campaign 038,Email,Sent,False,2023-02-07,True,True,C00389
CM003694,C00389,Contact,CAM0056,Webinar Campaign 056,Webinar,No Show,True,2026-05-06,False,True,C00389
CM003695,C00389,Contact,CAM0009,Webinar Campaign 009,Webinar,Sent,False,2024-08-04,True,True,C00389
CM003696,L00289,Lead,CAM0015,Advertisement Campaign 015,Advertisement,Sent,False,2024-05-10,False,False,L00289
CM003697,L00289,Lead,CAM0042,Advertisement Campaign 042,Advertisement,Sent,False,2025-12-07,True,True,L00289
CM003698,L00289,Lead,CAM0031,Email Campaign 031,Email,Sent,False,2024-02-19,True,True,L00289
CM003699,L00289,Lead,CAM0033,Advertisement Campaign 033,Advertisement,Sent,False,2023-03-10,True,True,L00289
CM003700,L00289,Lead,CAM0022,Event Campaign 022,Event,Sent,False,2024-05-12,True,True,L00289
CM003701,L00289,Lead,CAM0041,Email Campaign 041,Email,Sent,False,2025-04-19,True,True,L00289
CM003702,L00289,Lead,CAM0056,Webinar Campaign 056,Webinar,Sent,False,2026-05-08,True,True,L00289
CM003703,L00289,Lead,CAM0007,Advertisement Campaign 007,Advertisement,Sent,False,2023-11-23,True,True,L00289
CM003704,L00289,Lead,CAM0042,Advertisement Campaign 042,Advertisement,Sent,False,2025-12-12,False,True,L00289
CM003705,L00289,Lead,CAM0057,Event Campaign 057,Event,Sent,False,2026-05-25,True,True,L00289
CM003706,L00289,Lead,CAM0014,Content Syndication Campaign 014,Content Syndication,Clicked,True,2024-11-14,False,True,L00289
CM003707,L00289,Lead,CAM0026,Telemarketing Campaign 026,Telemarketing,Sent,False,2024-01-08,True,True,L00289
CM003708,L00289,Lead,CAM0035,Event Campaign 035,Event,Sent,False,2024-12-20,True,True,L00289
CM003709,L00194,Lead,CAM0011,Webinar Campaign 011,Webinar,Registered,True,2024-01-06,False,True,L00194
CM003710,L00194,Lead,CAM0038,Email Campaign 038,Email,Sent,False,2023-02-28,True,True,L00194
CM003711,L00194,Lead,CAM0023,Webinar Campaign 023,Webinar,Sent,False,2024-05-03,True,True,L00194
CM003712,L00194,Lead,CAM0024,Advertisement Campaign 024,Advertisement,Sent,False,2024-04-04,True,True,L00194
CM003713,L00194,Lead,CAM0057,Event Campaign 057,Event,Sent,False,2026-05-18,True,True,L00194
CM003714,L00194,Lead,CAM0033,Advertisement Campaign 033,Advertisement,Sent,False,2023-04-03,True,True,L00194
CM003715,L00194,Lead,CAM0005,Telemarketing Campaign 005,Telemarketing,Sent,False,2024-08-16,True,True,L00194
CM003716,L00194,Lead,CAM0057,Event Campaign 057,Event,Sent,False,2026-05-11,True,False,L00194
CM003717,L00194,Lead,CAM0001,Email Campaign 001,Email,Sent,False,2024-10-06,True,True,L00194
CM003718,L00194,Lead,CAM0042,Advertisement Campaign 042,Advertisement,Clicked,True,2025-11-28,False,True,L00194
CM003719,L00194,Lead,CAM0007,Advertisement Campaign 007,Advertisement,Sent,False,2023-12-11,True,False,L00194
CM003720,C00327,Contact,CAM0056,Webinar Campaign 056,Webinar,Attended,True,2026-05-09,False,False,C00327
CM003721,C00327,Contact,CAM0017,Content Syndication Campaign 017,Content Syndication,Clicked,True,2023-11-22,False,False,C00327
CM003722,L00001,Lead,CAM0033,Advertisement Campaign 033,Advertisement,Clicked,True,2023-03-18,False,False,L00001
CM003723,L00001,Lead,CAM0005,Telemarketing Campaign 005,Telemarketing,Sent,False,2024-08-29,False,True,L00001
CM003724,L00001,Lead,CAM0052,Advertisement Campaign 052,Advertisement,Sent,False,2025-05-01,False,False,L00001
CM003725,L00311,Lead,CAM0060,Event Campaign 060,Event,Attended,True,2026-05-06,False,True,C00144
CM003726,L00311,Lead,CAM0053,Email Campaign 053,Email,Sent,False,2025-05-17,True,True,C00144
CM003727,L00311,Lead,CAM0013,Content Syndication Campaign 013,Content Syndication,Sent,False,2023-04-30,False,True,C00144
CM003728,C00380,Contact,CAM0034,Webinar Campaign 034,Webinar,Sent,False,2024-06-04,True,True,C00380
CM003729,C00380,Contact,CAM0006,Telemarketing Campaign 006,Telemarketing,Sent,False,2023-04-28,True,True,C00380
CM003730,C00380,Contact,CAM0008,Email Campaign 008,Email,Sent,False,2023-05-04,True,True,C00380
CM003731,C00380,Contact,CAM0016,Content Syndication Campaign 016,Content Syndication,Sent,False,2023-09-10,True,True,C00380
CM003732,C00380,Contact,CAM0016,Content Syndication Campaign 016,Content Syndication,Clicked,True,2023-08-31,False,True,C00380
CM003733,C00380,Contact,CAM0007,Advertisement Campaign 007,Advertisement,Sent,False,2023-11-26,True,True,C00380
CM003734,C00380,Contact,CAM0023,Webinar Campaign 023,Webinar,Sent,False,2024-05-06,True,True,C00380
CM003735,C00380,Contact,CAM0033,Advertisement Campaign 033,Advertisement,Sent,False,2023-04-05,True,False,C00380
CM003736,C00380,Contact,CAM0019,Webinar Campaign 019,Webinar,Sent,False,2024-06-10,True,True,C00380
CM003737,C00380,Contact,CAM0041,Email Campaign 041,Email,Sent,False,2025-05-11,True,True,C00380
CM003738,C00380,Contact,CAM0043,Webinar Campaign 043,Webinar,No Show,True,2025-10-15,False,True,C00380
CM003739,C00380,Contact,CAM0024,Advertisement Campaign 024,Advertisement,Sent,False,2024-03-27,True,True,C00380
CM003740,C00380,Contact,CAM0005,Telemarketing Campaign 005,Telemarketing,Sent,False,2024-08-30,True,True,C00380
CM003741,C00380,Contact,CAM0019,Webinar Campaign 019,Webinar,Sent,False,2024-06-30,True,True,C00380
CM003742,C00380,Contact,CAM0037,Email Campaign 037,Email,Sent,False,2024-03-03,True,True,C00380
CM003743,C00380,Contact,CAM0024,Advertisement Campaign 024,Advertisement,Sent,False,2024-03-21,False,False,C00380
CM003744,C00380,Contact,CAM0035,Event Campaign 035,Event,Sent,False,2025-01-03,True,True,C00380
CM003745,C00051,Contact,CAM0057,Event Campaign 057,Event,Attended,True,2026-05-14,False,True,C00051
CM003746,C00051,Contact,CAM0007,Advertisement Campaign 007,Advertisement,Clicked,True,2023-11-15,False,True,C00051
CM003747,L00243,Lead,CAM0060,Event Campaign 060,Event,Attended,True,2026-04-18,False,True,C00049
CM003748,L00243,Lead,CAM0053,Email Campaign 053,Email,Sent,False,2025-06-02,True,True,C00049
CM003749,C00187,Contact,CAM0057,Event Campaign 057,Event,Registered,True,2026-05-10,False,True,C00187
CM003750,C00187,Contact,CAM0003,Event Campaign 003,Event,Registered,True,2023-11-14,False,True,C00187
CM003751,C00187,Contact,CAM0018,Content Syndication Campaign 018,Content Syndication,Responded,True,2024-06-29,False,False,C00187
CM003752,C00303,Contact,CAM0035,Event Campaign 035,Event,Sent,False,2025-01-12,True,True,C00303
CM003753,C00303,Contact,CAM0001,Email Campaign 001,Email,Sent,False,2024-10-03,True,True,C00303
CM003754,C00303,Contact,CAM0051,Webinar Campaign 051,Webinar,Sent,False,2025-03-28,True,True,C00303
CM003755,C00303,Contact,CAM0040,Webinar Campaign 040,Webinar,Sent,False,2023-11-28,True,True,C00303
CM003756,C00303,Contact,CAM0058,Webinar Campaign 058,Webinar,Sent,False,2026-05-05,True,True,C00303
CM003757,C00303,Contact,CAM0018,Content Syndication Campaign 018,Content Syndication,Sent,False,2024-07-11,True,True,C00303
CM003758,C00303,Contact,CAM0044,Event Campaign 044,Event,Sent,False,2025-10-28,True,True,C00303
CM003759,L00484,Lead,CAM0060,Event Campaign 060,Event,Attended,True,2026-04-20,False,True,C00235
CM003760,L00484,Lead,CAM0048,Event Campaign 048,Event,No Show,True,2025-08-03,False,True,C00235
CM003761,L00484,Lead,CAM0017,Content Syndication Campaign 017,Content Syndication,Sent,False,2023-11-16,False,True,C00235
CM003762,L00187,Lead,CAM0059,Content Syndication Campaign 059,Content Syndication,Responded,True,2026-05-05,False,True,L00187
CM003763,L00187,Lead,CAM0036,Advertisement Campaign 036,Advertisement,Sent,False,2024-09-25,False,True,L00187
CM003764,C00344,Contact,CAM0035,Event Campaign 035,Event,Sent,False,2024-12-29,True,True,C00344
CM003765,C00344,Contact,CAM0031,Email Campaign 031,Email,Sent,False,2024-02-17,True,True,C00344
CM003766,C00344,Contact,CAM0050,Webinar Campaign 050,Webinar,Sent,False,2025-09-23,True,True,C00344
CM003767,C00344,Contact,CAM0005,Telemarketing Campaign 005,Telemarketing,Sent,False,2024-08-21,True,True,C00344
CM003768,C00344,Contact,CAM0048,Event Campaign 048,Event,Sent,False,2025-08-10,True,True,C00344
CM003769,C00344,Contact,CAM0029,Webinar Campaign 029,Webinar,Sent,False,2024-02-10,True,True,C00344
CM003770,C00344,Contact,CAM0042,Advertisement Campaign 042,Advertisement,Sent,False,2025-12-16,True,True,C00344
CM003771,C00344,Contact,CAM0050,Webinar Campaign 050,Webinar,Sent,False,2025-09-24,True,True,C00344
CM003772,L00182,Lead,CAM0027,Advertisement Campaign 027,Advertisement,Sent,False,2024-04-17,True,True,L00182
CM003773,L00182,Lead,CAM0006,Telemarketing Campaign 006,Telemarketing,Sent,False,2023-04-09,True,True,L00182
CM003774,L00182,Lead,CAM0020,Event Campaign 020,Event,Attended,True,2023-12-30,False,True,L00182
CM003775,L00182,Lead,CAM0056,Webinar Campaign 056,Webinar,Sent,False,2026-05-01,True,True,L00182
CM003776,L00182,Lead,CAM0016,Content Syndication Campaign 016,Content Syndication,Sent,False,2023-08-23,True,True,L00182
CM003777,L00182,Lead,CAM0024,Advertisement Campaign 024,Advertisement,Sent,False,2024-03-21,True,True,L00182
CM003778,L00182,Lead,CAM0039,Advertisement Campaign 039,Advertisement,Sent,False,2025-01-16,True,True,L00182
CM003779,L00182,Lead,CAM0054,Email Campaign 054,Email,Sent,False,2025-12-12,True,False,L00182
CM003780,L00182,Lead,CAM0056,Webinar Campaign 056,Webinar,Sent,False,2026-04-11,True,True,L00182
CM003781,L00122,Lead,CAM0021,Advertisement Campaign 021,Advertisement,Sent,False,2023-09-07,False,True,L00122
CM003782,L00122,Lead,CAM0010,Content Syndication Campaign 010,Content Syndication,Sent,False,2024-04-12,True,True,L00122
CM003783,L00122,Lead,CAM0042,Advertisement Campaign 042,Advertisement,Sent,False,2025-12-12,True,True,L00122
CM003784,L00122,Lead,CAM0041,Email Campaign 041,Email,Sent,False,2025-05-07,True,True,L00122
CM003785,L00122,Lead,CAM0004,Advertisement Campaign 004,Advertisement,Sent,False,2023-12-29,True,False,L00122
CM003786,L00122,Lead,CAM0040,Webinar Campaign 040,Webinar,Sent,False,2023-12-24,True,True,L00122
CM003787,L00122,Lead,CAM0055,Advertisement Campaign 055,Advertisement,Sent,False,2025-09-18,True,True,L00122
CM003788,L00515,Lead,CAM0029,Webinar Campaign 029,Webinar,Sent,False,2024-02-13,True,True,L00515
CM003789,L00515,Lead,CAM0047,Advertisement Campaign 047,Advertisement,Sent,False,2025-06-15,True,True,L00515
CM003790,L00515,Lead,CAM0048,Event Campaign 048,Event,Sent,False,2025-07-25,True,True,L00515
CM003791,L00515,Lead,CAM0046,Webinar Campaign 046,Webinar,Sent,False,2026-01-17,True,True,L00515
CM003792,L00515,Lead,CAM0049,Webinar Campaign 049,Webinar,Sent,False,2025-10-31,True,True,L00515
CM003793,L00515,Lead,CAM0047,Advertisement Campaign 047,Advertisement,Sent,False,2025-07-09,True,True,L00515
CM003794,L00066,Lead,CAM0056,Webinar Campaign 056,Webinar,Attended,True,2026-04-30,False,False,C00260
CM003795,L00066,Lead,CAM0022,Event Campaign 022,Event,Attended,True,2024-05-05,False,True,C00260
CM003796,L00053,Lead,CAM0009,Webinar Campaign 009,Webinar,Sent,False,2024-07-30,True,True,C00286
CM003797,L00053,Lead,CAM0021,Advertisement Campaign 021,Advertisement,Sent,False,2023-09-02,True,False,C00286
CM003798,L00053,Lead,CAM0052,Advertisement Campaign 052,Advertisement,Sent,False,2025-05-19,True,True,C00286
CM003799,L00053,Lead,CAM0050,Webinar Campaign 050,Webinar,Sent,False,2025-09-24,True,True,C00286
CM003800,L00053,Lead,CAM0039,Advertisement Campaign 039,Advertisement,Sent,False,2025-01-16,True,True,C00286
CM003801,L00053,Lead,CAM0055,Advertisement Campaign 055,Advertisement,Sent,False,2025-09-20,True,True,C00286
CM003802,L00053,Lead,CAM0007,Advertisement Campaign 007,Advertisement,Sent,False,2023-11-27,True,True,C00286
CM003803,L00053,Lead,CAM0044,Event Campaign 044,Event,Sent,False,2025-10-24,True,True,C00286
CM003804,L00053,Lead,CAM0002,Telemarketing Campaign 002,Telemarketing,Sent,False,2023-03-15,True,False,C00286
CM003805,L00053,Lead,CAM0036,Advertisement Campaign 036,Advertisement,Sent,False,2024-10-06,True,True,C00286
CM003806,L00053,Lead,CAM0004,Advertisement Campaign 004,Advertisement,Sent,False,2023-12-29,True,True,C00286
CM003807,L00053,Lead,CAM0021,Advertisement Campaign 021,Advertisement,Sent,False,2023-08-15,True,False,C00286
CM003808,L00034,Lead,CAM0053,Email Campaign 053,Email,Responded,True,2025-05-12,False,False,C00093
CM003809,L00034,Lead,CAM0046,Webinar Campaign 046,Webinar,Attended,True,2026-01-23,False,False,C00093
CM003810,L00034,Lead,CAM0028,Telemarketing Campaign 028,Telemarketing,Sent,False,2024-12-22,False,True,C00093
CM003811,L00202,Lead,CAM0047,Advertisement Campaign 047,Advertisement,Sent,False,2025-06-16,False,True,C00309
CM003812,L00202,Lead,CAM0028,Telemarketing Campaign 028,Telemarketing,Sent,False,2024-12-20,False,True,C00309
CM003813,L00202,Lead,CAM0023,Webinar Campaign 023,Webinar,Registered,True,2024-04-25,False,True,C00309
CM003814,L00020,Lead,CAM0001,Email Campaign 001,Email,Sent,False,2024-10-15,True,False,L00020
CM003815,L00020,Lead,CAM0019,Webinar Campaign 019,Webinar,No Show,True,2024-06-12,False,True,L00020
CM003816,L00322,Lead,CAM0042,Advertisement Campaign 042,Advertisement,Sent,False,2025-12-13,True,False,L00322
CM003817,L00322,Lead,CAM0001,Email Campaign 001,Email,Responded,True,2024-10-03,False,True,L00322
CM003818,L00322,Lead,CAM0057,Event Campaign 057,Event,Sent,False,2026-05-23,True,True,L00322
CM003819,L00322,Lead,CAM0016,Content Syndication Campaign 016,Content Syndication,Sent,False,2023-08-31,True,True,L00322
CM003820,L00322,Lead,CAM0037,Email Campaign 037,Email,Sent,False,2024-03-04,True,True,L00322
CM003821,L00322,Lead,CAM0027,Advertisement Campaign 027,Advertisement,Sent,False,2024-04-21,False,True,L00322
CM003822,L00322,Lead,CAM0003,Event Campaign 003,Event,Sent,False,2023-10-18,True,True,L00322
CM003823,L00561,Lead,CAM0057,Event Campaign 057,Event,No Show,True,2026-05-27,False,True,L00561
CM003824,L00561,Lead,CAM0028,Telemarketing Campaign 028,Telemarketing,Responded,True,2024-11-25,False,True,L00561
CM003825,C00056,Contact,CAM0057,Event Campaign 057,Event,Registered,True,2026-05-27,False,True,C00056
CM003826,C00056,Contact,CAM0012,Telemarketing Campaign 012,Telemarketing,Responded,True,2023-10-24,False,False,C00056
CM003827,C00056,Contact,CAM0055,Advertisement Campaign 055,Advertisement,Clicked,True,2025-10-09,False,True,C00056
CM003828,C00056,Contact,CAM0030,Event Campaign 030,Event,No Show,True,2023-09-18,False,True,C00056
CM003829,C00393,Contact,CAM0028,Telemarketing Campaign 028,Telemarketing,Clicked,True,2024-12-13,False,True,C00393
CM003830,C00393,Contact,CAM0022,Event Campaign 022,Event,Attended,True,2024-05-03,False,True,C00393
CM003831,C00393,Contact,CAM0050,Webinar Campaign 050,Webinar,Registered,True,2025-09-19,False,True,C00393
CM003832,C00393,Contact,CAM0016,Content Syndication Campaign 016,Content Syndication,Clicked,True,2023-08-21,False,True,C00393
CM003833,L00290,Lead,CAM0059,Content Syndication Campaign 059,Content Syndication,Clicked,True,2026-04-14,False,False,L00290
CM003834,L00110,Lead,CAM0056,Webinar Campaign 056,Webinar,Sent,False,2026-04-13,True,False,C00151
CM003835,L00110,Lead,CAM0059,Content Syndication Campaign 059,Content Syndication,Sent,False,2026-04-22,True,False,C00151
CM003836,L00110,Lead,CAM0058,Webinar Campaign 058,Webinar,Sent,False,2026-05-29,True,True,C00151
CM003837,L00110,Lead,CAM0057,Event Campaign 057,Event,Sent,False,2026-05-09,True,True,C00151
CM003838,L00110,Lead,CAM0059,Content Syndication Campaign 059,Content Syndication,Clicked,True,2026-05-01,False,True,C00151
CM003839,L00110,Lead,CAM0051,Webinar Campaign 051,Webinar,Sent,False,2025-03-19,True,True,C00151
CM003840,L00110,Lead,CAM0030,Event Campaign 030,Event,Sent,False,2023-09-29,True,True,C00151
CM003841,L00110,Lead,CAM0016,Content Syndication Campaign 016,Content Syndication,Sent,False,2023-08-29,True,True,C00151
CM003842,L00110,Lead,CAM0023,Webinar Campaign 023,Webinar,Sent,False,2024-05-10,True,True,C00151
CM003843,L00110,Lead,CAM0044,Event Campaign 044,Event,Sent,False,2025-10-04,True,True,C00151
CM003844,C00379,Contact,CAM0058,Webinar Campaign 058,Webinar,Sent,False,2026-05-08,True,True,C00379
CM003845,C00379,Contact,CAM0059,Content Syndication Campaign 059,Content Syndication,Sent,False,2026-04-22,True,True,C00379
CM003846,C00379,Contact,CAM0010,Content Syndication Campaign 010,Content Syndication,Sent,False,2024-04-21,True,False,C00379
CM003847,C00379,Contact,CAM0033,Advertisement Campaign 033,Advertisement,Clicked,True,2023-03-27,False,True,C00379
CM003848,C00379,Contact,CAM0007,Advertisement Campaign 007,Advertisement,Sent,False,2023-11-22,True,True,C00379
CM003849,C00379,Contact,CAM0043,Webinar Campaign 043,Webinar,Sent,False,2025-10-14,True,True,C00379
CM003850,C00379,Contact,CAM0009,Webinar Campaign 009,Webinar,Sent,False,2024-08-05,True,True,C00379
CM003851,C00379,Contact,CAM0018,Content Syndication Campaign 018,Content Syndication,Sent,False,2024-07-07,True,True,C00379
CM003852,C00379,Contact,CAM0013,Content Syndication Campaign 013,Content Syndication,Sent,False,2023-05-08,True,True,C00379
CM003853,C00379,Contact,CAM0029,Webinar Campaign 029,Webinar,Sent,False,2024-02-15,True,True,C00379
CM003854,C00379,Contact,CAM0023,Webinar Campaign 023,Webinar,Registered,True,2024-05-06,False,True,C00379
CM003855,C00379,Contact,CAM0033,Advertisement Campaign 033,Advertisement,Sent,False,2023-03-18,True,True,C00379
CM003856,C00379,Contact,CAM0012,Telemarketing Campaign 012,Telemarketing,Sent,False,2023-10-22,True,True,C00379
CM003857,C00379,Contact,CAM0031,Email Campaign 031,Email,Sent,False,2024-03-06,True,False,C00379
CM003858,C00379,Contact,CAM0006,Telemarketing Campaign 006,Telemarketing,Sent,False,2023-04-11,True,True,C00379
CM003859,C00379,Contact,CAM0003,Event Campaign 003,Event,Sent,False,2023-10-20,True,True,C00379
CM003860,L00562,Lead,CAM0055,Advertisement Campaign 055,Advertisement,Sent,False,2025-09-28,False,True,L00562
CM003861,L00562,Lead,CAM0002,Telemarketing Campaign 002,Telemarketing,Sent,False,2023-03-09,False,True,L00562
CM003862,L00562,Lead,CAM0023,Webinar Campaign 023,Webinar,Registered,True,2024-05-08,False,True,L00562
CM003863,L00562,Lead,CAM0058,Webinar Campaign 058,Webinar,No Show,True,2026-05-06,False,True,L00562
CM003864,C00198,Contact,CAM0050,Webinar Campaign 050,Webinar,Attended,True,2025-09-20,False,True,C00198
CM003865,C00242,Contact,CAM0059,Content Syndication Campaign 059,Content Syndication,Sent,False,2026-04-21,False,True,C00242
CM003866,C00242,Contact,CAM0050,Webinar Campaign 050,Webinar,Attended,True,2025-09-02,False,True,C00242
CM003867,C00242,Contact,CAM0026,Telemarketing Campaign 026,Telemarketing,Responded,True,2023-12-21,False,True,C00242
CM003868,L00417,Lead,CAM0032,Webinar Campaign 032,Webinar,Registered,True,2023-05-13,False,True,L00417
CM003869,L00417,Lead,CAM0023,Webinar Campaign 023,Webinar,Attended,True,2024-05-03,False,True,L00417
CM003870,C00281,Contact,CAM0046,Webinar Campaign 046,Webinar,Registered,True,2026-01-20,False,True,C00281
CM003871,C00281,Contact,CAM0037,Email Campaign 037,Email,Sent,False,2024-03-21,True,True,C00281
CM003872,C00281,Contact,CAM0008,Email Campaign 008,Email,Sent,False,2023-04-27,True,True,C00281
CM003873,C00281,Contact,CAM0025,Event Campaign 025,Event,Attended,True,2023-03-07,False,True,C00281
CM003874,L00438,Lead,CAM0007,Advertisement Campaign 007,Advertisement,Sent,False,2023-11-27,True,True,C00114
CM003875,L00438,Lead,CAM0037,Email Campaign 037,Email,Sent,False,2024-03-30,True,True,C00114
CM003876,L00438,Lead,CAM0035,Event Campaign 035,Event,Sent,False,2024-12-21,True,True,C00114
CM003877,L00438,Lead,CAM0028,Telemarketing Campaign 028,Telemarketing,Sent,False,2024-12-12,True,True,C00114
CM003878,L00438,Lead,CAM0026,Telemarketing Campaign 026,Telemarketing,Sent,False,2023-12-29,True,True,C00114
CM003879,L00438,Lead,CAM0017,Content Syndication Campaign 017,Content Syndication,Responded,True,2023-10-30,False,True,C00114
CM003880,L00438,Lead,CAM0048,Event Campaign 048,Event,Sent,False,2025-07-17,True,False,C00114
CM003881,L00438,Lead,CAM0020,Event Campaign 020,Event,Sent,False,2023-12-17,True,True,C00114
CM003882,L00438,Lead,CAM0026,Telemarketing Campaign 026,Telemarketing,Sent,False,2023-12-17,True,True,C00114
CM003883,L00438,Lead,CAM0052,Advertisement Campaign 052,Advertisement,Clicked,True,2025-05-10,False,True,C00114
CM003884,L00438,Lead,CAM0038,Email Campaign 038,Email,Sent,False,2023-02-17,True,True,C00114
CM003885,L00438,Lead,CAM0003,Event Campaign 003,Event,Sent,False,2023-10-20,True,True,C00114
CM003886,L00438,Lead,CAM0004,Advertisement Campaign 004,Advertisement,Sent,False,2023-12-05,True,True,C00114
CM003887,L00438,Lead,CAM0033,Advertisement Campaign 033,Advertisement,Clicked,True,2023-03-30,False,True,C00114
CM003888,L00438,Lead,CAM0043,Webinar Campaign 043,Webinar,Attended,True,2025-10-17,False,True,C00114
CM003889,L00133,Lead,CAM0058,Webinar Campaign 058,Webinar,Registered,True,2026-05-26,False,True,L00133
CM003890,L00133,Lead,CAM0018,Content Syndication Campaign 018,Content Syndication,Clicked,True,2024-06-15,False,True,L00133
CM003891,L00133,Lead,CAM0036,Advertisement Campaign 036,Advertisement,Sent,False,2024-09-09,False,True,L00133
CM003892,L00554,Lead,CAM0050,Webinar Campaign 050,Webinar,Sent,False,2025-09-21,True,True,C00152
CM003893,L00554,Lead,CAM0005,Telemarketing Campaign 005,Telemarketing,Sent,False,2024-09-03,False,True,C00152
CM003894,L00554,Lead,CAM0057,Event Campaign 057,Event,Sent,False,2026-05-19,True,True,C00152
CM003895,L00554,Lead,CAM0034,Webinar Campaign 034,Webinar,Sent,False,2024-05-11,True,True,C00152
CM003896,L00554,Lead,CAM0029,Webinar Campaign 029,Webinar,Sent,False,2024-01-23,True,True,C00152
CM003897,L00554,Lead,CAM0040,Webinar Campaign 040,Webinar,Sent,False,2023-12-17,True,True,C00152
CM003898,C00310,Contact,CAM0057,Event Campaign 057,Event,Attended,True,2026-05-19,False,True,C00310
CM003899,C00310,Contact,CAM0047,Advertisement Campaign 047,Advertisement,Clicked,True,2025-06-15,False,True,C00310
CM003900,C00163,Contact,CAM0002,Telemarketing Campaign 002,Telemarketing,Responded,True,2023-03-08,False,True,C00163
CM003901,L00415,Lead,CAM0043,Webinar Campaign 043,Webinar,Registered,True,2025-10-15,False,True,L00415
CM003902,C00249,Contact,CAM0058,Webinar Campaign 058,Webinar,Registered,True,2026-05-22,False,True,C00249
CM003903,C00249,Contact,CAM0033,Advertisement Campaign 033,Advertisement,Sent,False,2023-03-22,False,True,C00249
CM003904,C00249,Contact,CAM0049,Webinar Campaign 049,Webinar,Attended,True,2025-10-22,False,True,C00249
CM003905,L00472,Lead,CAM0033,Advertisement Campaign 033,Advertisement,Sent,False,2023-03-21,False,True,L00472
CM003906,L00472,Lead,CAM0055,Advertisement Campaign 055,Advertisement,Sent,False,2025-09-28,False,True,L00472
CM003907,L00472,Lead,CAM0013,Content Syndication Campaign 013,Content Syndication,Clicked,True,2023-05-08,False,True,L00472
CM003908,C00063,Contact,CAM0028,Telemarketing Campaign 028,Telemarketing,Sent,False,2024-12-07,False,True,C00063
CM003909,C00063,Contact,CAM0018,Content Syndication Campaign 018,Content Syndication,Sent,False,2024-07-04,False,True,C00063
CM003910,L00354,Lead,CAM0026,Telemarketing Campaign 026,Telemarketing,Responded,True,2024-01-06,False,True,L00354
CM003911,L00219,Lead,CAM0057,Event Campaign 057,Event,Attended,True,2026-05-21,False,False,L00219
CM003912,L00282,Lead,CAM0040,Webinar Campaign 040,Webinar,Attended,True,2023-12-01,False,True,L00282
CM003913,L00282,Lead,CAM0020,Event Campaign 020,Event,Registered,True,2023-12-20,False,False,L00282
CM003914,L00282,Lead,CAM0027,Advertisement Campaign 027,Advertisement,Sent,False,2024-04-07,False,True,L00282
CM003915,L00195,Lead,CAM0002,Telemarketing Campaign 002,Telemarketing,Clicked,True,2023-02-18,False,True,L00195
CM003916,L00097,Lead,CAM0048,Event Campaign 048,Event,Sent,False,2025-07-28,True,True,L00097
CM003917,L00097,Lead,CAM0025,Event Campaign 025,Event,No Show,True,2023-03-08,False,True,L00097
CM003918,L00097,Lead,CAM0007,Advertisement Campaign 007,Advertisement,Sent,False,2023-12-02,True,True,L00097
CM003919,L00097,Lead,CAM0059,Content Syndication Campaign 059,Content Syndication,Sent,False,2026-04-30,True,True,L00097
CM003920,L00097,Lead,CAM0047,Advertisement Campaign 047,Advertisement,Sent,False,2025-06-17,True,False,L00097
CM003921,L00097,Lead,CAM0050,Webinar Campaign 050,Webinar,No Show,True,2025-08-29,False,True,L00097
CM003922,L00097,Lead,CAM0056,Webinar Campaign 056,Webinar,Sent,False,2026-04-11,True,True,L00097
CM003923,L00097,Lead,CAM0043,Webinar Campaign 043,Webinar,Sent,False,2025-10-26,True,True,L00097
CM003924,L00097,Lead,CAM0060,Event Campaign 060,Event,Sent,False,2026-04-14,True,True,L00097
CM003925,L00097,Lead,CAM0031,Email Campaign 031,Email,Sent,False,2024-02-29,True,True,L00097
CM003926,L00097,Lead,CAM0034,Webinar Campaign 034,Webinar,Sent,False,2024-05-11,True,True,L00097
CM003927,L00097,Lead,CAM0036,Advertisement Campaign 036,Advertisement,Sent,False,2024-09-26,True,True,L00097
CM003928,C00125,Contact,CAM0060,Event Campaign 060,Event,Registered,True,2026-04-14,False,True,C00125
CM003929,C00125,Contact,CAM0048,Event Campaign 048,Event,Registered,True,2025-07-20,False,True,C00125
CM003930,C00125,Contact,CAM0041,Email Campaign 041,Email,Clicked,True,2025-05-08,False,True,C00125
CM003931,L00536,Lead,CAM0058,Webinar Campaign 058,Webinar,Attended,True,2026-05-29,False,True,C00328
CM003932,L00536,Lead,CAM0032,Webinar Campaign 032,Webinar,No Show,True,2023-05-31,False,True,C00328
CM003933,L00536,Lead,CAM0019,Webinar Campaign 019,Webinar,No Show,True,2024-06-30,False,True,C00328
CM003934,L00102,Lead,CAM0060,Event Campaign 060,Event,Registered,True,2026-05-07,False,True,L00102
CM003935,L00102,Lead,CAM0008,Email Campaign 008,Email,Clicked,True,2023-05-02,False,True,L00102
CM003936,L00569,Lead,CAM0039,Advertisement Campaign 039,Advertisement,Sent,False,2025-01-15,True,True,C00074
CM003937,L00569,Lead,CAM0039,Advertisement Campaign 039,Advertisement,Sent,False,2024-12-25,False,True,C00074
CM003938,L00569,Lead,CAM0052,Advertisement Campaign 052,Advertisement,Sent,False,2025-05-02,True,True,C00074
CM003939,L00569,Lead,CAM0017,Content Syndication Campaign 017,Content Syndication,Sent,False,2023-11-17,True,True,C00074
CM003940,L00569,Lead,CAM0049,Webinar Campaign 049,Webinar,Sent,False,2025-10-16,True,True,C00074
CM003941,L00569,Lead,CAM0019,Webinar Campaign 019,Webinar,Registered,True,2024-07-08,False,True,C00074
CM003942,L00569,Lead,CAM0033,Advertisement Campaign 033,Advertisement,Sent,False,2023-03-24,True,True,C00074
CM003943,L00569,Lead,CAM0049,Webinar Campaign 049,Webinar,Sent,False,2025-10-14,True,False,C00074
CM003944,L00569,Lead,CAM0022,Event Campaign 022,Event,Sent,False,2024-05-02,True,True,C00074
CM003945,L00569,Lead,CAM0007,Advertisement Campaign 007,Advertisement,Sent,False,2023-12-09,True,True,C00074
CM003946,L00569,Lead,CAM0049,Webinar Campaign 049,Webinar,Sent,False,2025-10-20,True,True,C00074
CM003947,L00569,Lead,CAM0018,Content Syndication Campaign 018,Content Syndication,Sent,False,2024-07-01,True,True,C00074
CM003948,L00569,Lead,CAM0014,Content Syndication Campaign 014,Content Syndication,Sent,False,2024-11-17,True,True,C00074
CM003949,L00569,Lead,CAM0042,Advertisement Campaign 042,Advertisement,Sent,False,2025-12-10,False,False,C00074
CM003950,L00569,Lead,CAM0033,Advertisement Campaign 033,Advertisement,Sent,False,2023-03-08,True,True,C00074
CM003951,L00569,Lead,CAM0002,Telemarketing Campaign 002,Telemarketing,Sent,False,2023-02-17,True,True,C00074
CM003952,L00569,Lead,CAM0055,Advertisement Campaign 055,Advertisement,Sent,False,2025-10-07,True,True,C00074
CM003953,L00569,Lead,CAM0032,Webinar Campaign 032,Webinar,Attended,True,2023-05-11,False,True,C00074
CM003954,L00569,Lead,CAM0017,Content Syndication Campaign 017,Content Syndication,Sent,False,2023-11-13,True,True,C00074
CM003955,L00569,Lead,CAM0006,Telemarketing Campaign 006,Telemarketing,Sent,False,2023-04-12,True,False,C00074
CM003956,L00569,Lead,CAM0042,Advertisement Campaign 042,Advertisement,Clicked,True,2025-12-19,False,True,C00074
CM003957,L00569,Lead,CAM0046,Webinar Campaign 046,Webinar,Sent,False,2026-01-22,True,True,C00074
CM003958,L00569,Lead,CAM0045,Email Campaign 045,Email,Sent,False,2025-05-10,True,True,C00074
CM003959,L00569,Lead,CAM0039,Advertisement Campaign 039,Advertisement,Sent,False,2025-01-17,True,True,C00074
CM003960,L00569,Lead,CAM0053,Email Campaign 053,Email,Sent,False,2025-05-23,True,True,C00074
CM003961,L00569,Lead,CAM0037,Email Campaign 037,Email,Sent,False,2024-03-13,True,True,C00074
CM003962,L00569,Lead,CAM0015,Advertisement Campaign 015,Advertisement,Sent,False,2024-05-06,True,True,C00074
CM003963,L00569,Lead,CAM0014,Content Syndication Campaign 014,Content Syndication,Sent,False,2024-11-16,True,True,C00074
CM003964,L00569,Lead,CAM0024,Advertisement Campaign 024,Advertisement,Sent,False,2024-04-11,True,True,C00074
CM003965,L00569,Lead,CAM0044,Event Campaign 044,Event,Sent,False,2025-10-21,True,False,C00074
CM003966,L00569,Lead,CAM0002,Telemarketing Campaign 002,Telemarketing,Sent,False,2023-02-25,True,True,C00074
CM003967,L00569,Lead,CAM0019,Webinar Campaign 019,Webinar,Sent,False,2024-06-26,True,True,C00074
CM003968,L00569,Lead,CAM0026,Telemarketing Campaign 026,Telemarketing,Sent,False,2023-12-14,True,True,C00074
CM003969,L00569,Lead,CAM0035,Event Campaign 035,Event,No Show,True,2025-01-13,False,True,C00074
CM003970,L00569,Lead,CAM0009,Webinar Campaign 009,Webinar,Sent,False,2024-08-09,True,True,C00074
CM003971,L00569,Lead,CAM0006,Telemarketing Campaign 006,Telemarketing,Sent,False,2023-04-25,True,True,C00074
CM003972,L00569,Lead,CAM0055,Advertisement Campaign 055,Advertisement,Sent,False,2025-09-25,True,True,C00074
CM003973,L00569,Lead,CAM0006,Telemarketing Campaign 006,Telemarketing,Sent,False,2023-04-15,True,True,C00074
CM003974,L00569,Lead,CAM0005,Telemarketing Campaign 005,Telemarketing,Sent,False,2024-09-03,True,True,C00074
CM003975,L00569,Lead,CAM0012,Telemarketing Campaign 012,Telemarketing,Sent,False,2023-11-04,True,True,C00074
CM003976,L00569,Lead,CAM0021,Advertisement Campaign 021,Advertisement,Sent,False,2023-08-20,True,True,C00074
CM003977,L00569,Lead,CAM0013,Content Syndication Campaign 013,Content Syndication,Sent,False,2023-05-03,True,True,C00074
CM003978,L00241,Lead,CAM0029,Webinar Campaign 029,Webinar,Registered,True,2024-02-08,False,True,C00387
CM003979,L00261,Lead,CAM0020,Event Campaign 020,Event,Sent,False,2023-12-15,True,True,L00261
CM003980,L00261,Lead,CAM0047,Advertisement Campaign 047,Advertisement,Sent,False,2025-07-05,True,True,L00261
CM003981,L00261,Lead,CAM0035,Event Campaign 035,Event,Sent,False,2024-12-28,True,False,L00261
CM003982,L00261,Lead,CAM0032,Webinar Campaign 032,Webinar,Sent,False,2023-05-16,True,True,L00261
CM003983,L00261,Lead,CAM0007,Advertisement Campaign 007,Advertisement,Sent,False,2023-12-06,True,False,L00261
CM003984,L00261,Lead,CAM0048,Event Campaign 048,Event,Sent,False,2025-07-14,True,True,L00261
CM003985,L00261,Lead,CAM0036,Advertisement Campaign 036,Advertisement,Sent,False,2024-09-11,True,True,L00261
CM003986,L00087,Lead,CAM0005,Telemarketing Campaign 005,Telemarketing,Clicked,True,2024-08-08,False,True,L00087
CM003987,C00095,Contact,CAM0027,Advertisement Campaign 027,Advertisement,Clicked,True,2024-04-05,False,True,C00095
CM003988,L00409,Lead,CAM0006,Telemarketing Campaign 006,Telemarketing,Sent,False,2023-04-09,True,True,C00270
CM003989,L00409,Lead,CAM0027,Advertisement Campaign 027,Advertisement,Clicked,True,2024-04-02,False,True,C00270
CM003990,L00409,Lead,CAM0052,Advertisement Campaign 052,Advertisement,Sent,False,2025-05-19,True,True,C00270
CM003991,L00409,Lead,CAM0041,Email Campaign 041,Email,Sent,False,2025-04-29,True,True,C00270
CM003992,L00409,Lead,CAM0047,Advertisement Campaign 047,Advertisement,Sent,False,2025-07-08,True,True,C00270
CM003993,L00409,Lead,CAM0029,Webinar Campaign 029,Webinar,Sent,False,2024-01-23,True,False,C00270
CM003994,L00409,Lead,CAM0024,Advertisement Campaign 024,Advertisement,Sent,False,2024-03-23,True,True,C00270
CM003995,L00409,Lead,CAM0046,Webinar Campaign 046,Webinar,Sent,False,2026-01-26,True,True,C00270
CM003996,L00409,Lead,CAM0029,Webinar Campaign 029,Webinar,Sent,False,2024-01-19,True,True,C00270
CM003997,L00409,Lead,CAM0025,Event Campaign 025,Event,Sent,False,2023-03-01,True,True,C00270
CM003998,L00409,Lead,CAM0024,Advertisement Campaign 024,Advertisement,Sent,False,2024-03-17,False,True,C00270
CM003999,L00409,Lead,CAM0008,Email Campaign 008,Email,Sent,False,2023-05-10,True,False,C00270
CM004000,L00409,Lead,CAM0048,Event Campaign 048,Event,Sent,False,2025-07-30,True,True,C00270
CM004001,L00409,Lead,CAM0052,Advertisement Campaign 052,Advertisement,Sent,False,2025-04-27,True,True,C00270
CM004002,L00409,Lead,CAM0002,Telemarketing Campaign 002,Telemarketing,Sent,False,2023-03-06,True,False,C00270
CM004003,L00409,Lead,CAM0025,Event Campaign 025,Event,Sent,False,2023-02-28,True,False,C00270
CM004004,L00409,Lead,CAM0041,Email Campaign 041,Email,Sent,False,2025-05-10,True,True,C00270
CM004005,L00572,Lead,CAM0027,Advertisement Campaign 027,Advertisement,Sent,False,2024-04-10,False,True,C00057
CM004006,L00572,Lead,CAM0046,Webinar Campaign 046,Webinar,Sent,False,2026-01-03,True,True,C00057
CM004007,L00572,Lead,CAM0007,Advertisement Campaign 007,Advertisement,Sent,False,2023-11-24,True,True,C00057
CM004008,L00572,Lead,CAM0029,Webinar Campaign 029,Webinar,Sent,False,2024-02-04,True,True,C00057
CM004009,L00572,Lead,CAM0032,Webinar Campaign 032,Webinar,Sent,False,2023-06-07,True,True,C00057
CM004010,L00572,Lead,CAM0056,Webinar Campaign 056,Webinar,Sent,False,2026-04-25,True,True,C00057
CM004011,L00572,Lead,CAM0059,Content Syndication Campaign 059,Content Syndication,Sent,False,2026-05-03,True,True,C00057
CM004012,L00572,Lead,CAM0037,Email Campaign 037,Email,Sent,False,2024-03-19,True,True,C00057
CM004013,L00572,Lead,CAM0013,Content Syndication Campaign 013,Content Syndication,Sent,False,2023-04-25,True,True,C00057
CM004014,L00572,Lead,CAM0013,Content Syndication Campaign 013,Content Syndication,Clicked,True,2023-05-20,False,True,C00057
CM004015,L00361,Lead,CAM0058,Webinar Campaign 058,Webinar,No Show,True,2026-05-17,False,True,L00361
CM004016,L00361,Lead,CAM0017,Content Syndication Campaign 017,Content Syndication,Clicked,True,2023-11-11,False,True,L00361
CM004017,L00361,Lead,CAM0008,Email Campaign 008,Email,Clicked,True,2023-04-26,False,True,L00361
CM004018,L00501,Lead,CAM0030,Event Campaign 030,Event,Sent,False,2023-09-12,True,True,C00118
CM004019,L00501,Lead,CAM0030,Event Campaign 030,Event,Sent,False,2023-09-21,True,False,C00118
CM004020,L00501,Lead,CAM0029,Webinar Campaign 029,Webinar,Sent,False,2024-01-28,True,True,C00118
CM004021,L00501,Lead,CAM0039,Advertisement Campaign 039,Advertisement,Clicked,True,2025-01-06,False,True,C00118
CM004022,L00501,Lead,CAM0013,Content Syndication Campaign 013,Content Syndication,Sent,False,2023-05-17,True,True,C00118
CM004023,L00501,Lead,CAM0052,Advertisement Campaign 052,Advertisement,Sent,False,2025-04-23,True,True,C00118
CM004024,L00501,Lead,CAM0051,Webinar Campaign 051,Webinar,Sent,False,2025-03-06,True,True,C00118
CM004025,L00501,Lead,CAM0028,Telemarketing Campaign 028,Telemarketing,Sent,False,2024-12-22,True,False,C00118
CM004026,L00501,Lead,CAM0055,Advertisement Campaign 055,Advertisement,Sent,False,2025-09-21,True,True,C00118
CM004027,L00501,Lead,CAM0017,Content Syndication Campaign 017,Content Syndication,Sent,False,2023-11-24,True,False,C00118
CM004028,L00501,Lead,CAM0013,Content Syndication Campaign 013,Content Syndication,Sent,False,2023-05-11,True,True,C00118
CM004029,L00501,Lead,CAM0017,Content Syndication Campaign 017,Content Syndication,Clicked,True,2023-10-31,False,True,C00118
CM004030,L00501,Lead,CAM0047,Advertisement Campaign 047,Advertisement,Sent,False,2025-07-08,True,True,C00118
CM004031,C00278,Contact,CAM0030,Event Campaign 030,Event,Sent,False,2023-09-21,True,True,C00278
CM004032,C00278,Contact,CAM0019,Webinar Campaign 019,Webinar,Sent,False,2024-06-11,True,False,C00278
CM004033,C00278,Contact,CAM0007,Advertisement Campaign 007,Advertisement,Sent,False,2023-11-25,True,True,C00278
CM004034,C00278,Contact,CAM0059,Content Syndication Campaign 059,Content Syndication,Responded,True,2026-05-01,False,True,C00278
CM004035,C00278,Contact,CAM0049,Webinar Campaign 049,Webinar,Sent,False,2025-10-11,True,True,C00278
CM004036,C00278,Contact,CAM0049,Webinar Campaign 049,Webinar,Sent,False,2025-10-12,True,True,C00278
CM004037,C00278,Contact,CAM0055,Advertisement Campaign 055,Advertisement,Sent,False,2025-10-12,True,True,C00278
CM004038,C00278,Contact,CAM0037,Email Campaign 037,Email,Sent,False,2024-03-17,True,True,C00278
CM004039,C00278,Contact,CAM0060,Event Campaign 060,Event,Sent,False,2026-05-08,True,True,C00278
CM004040,C00278,Contact,CAM0060,Event Campaign 060,Event,Sent,False,2026-05-13,True,True,C00278
CM004041,C00278,Contact,CAM0015,Advertisement Campaign 015,Advertisement,Sent,False,2024-05-05,True,True,C00278
CM004042,L00272,Lead,CAM0060,Event Campaign 060,Event,Attended,True,2026-05-11,False,True,L00272
CM004043,L00272,Lead,CAM0041,Email Campaign 041,Email,Clicked,True,2025-04-16,False,True,L00272
CM004044,L00272,Lead,CAM0026,Telemarketing Campaign 026,Telemarketing,Responded,True,2023-12-14,False,True,L00272
CM004045,C00199,Contact,CAM0022,Event Campaign 022,Event,Attended,True,2024-05-02,False,True,C00199
CM004046,L00304,Lead,CAM0026,Telemarketing Campaign 026,Telemarketing,Responded,True,2024-01-03,False,True,L00304
CM004047,L00218,Lead,CAM0029,Webinar Campaign 029,Webinar,Registered,True,2024-01-22,False,True,L00218
CM004048,L00218,Lead,CAM0016,Content Syndication Campaign 016,Content Syndication,Responded,True,2023-09-10,False,True,L00218
CM004049,L00106,Lead,CAM0008,Email Campaign 008,Email,Sent,False,2023-04-28,True,True,C00234
CM004050,L00106,Lead,CAM0058,Webinar Campaign 058,Webinar,Registered,True,2026-05-27,False,True,C00234
CM004051,C00088,Contact,CAM0018,Content Syndication Campaign 018,Content Syndication,Sent,False,2024-06-21,True,True,C00088
CM004052,C00088,Contact,CAM0058,Webinar Campaign 058,Webinar,Sent,False,2026-05-24,True,True,C00088
CM004053,C00088,Contact,CAM0030,Event Campaign 030,Event,Sent,False,2023-09-12,True,True,C00088
CM004054,C00088,Contact,CAM0051,Webinar Campaign 051,Webinar,Sent,False,2025-04-01,True,True,C00088
CM004055,C00088,Contact,CAM0050,Webinar Campaign 050,Webinar,Sent,False,2025-09-07,True,True,C00088
CM004056,C00088,Contact,CAM0039,Advertisement Campaign 039,Advertisement,Sent,False,2025-01-11,True,True,C00088
CM004057,C00088,Contact,CAM0058,Webinar Campaign 058,Webinar,Sent,False,2026-05-08,True,True,C00088
CM004058,C00088,Contact,CAM0041,Email Campaign 041,Email,Sent,False,2025-05-06,True,True,C00088
CM004059,C00088,Contact,CAM0037,Email Campaign 037,Email,Sent,False,2024-03-26,True,False,C00088
CM004060,C00088,Contact,CAM0016,Content Syndication Campaign 016,Content Syndication,Sent,False,2023-09-08,True,True,C00088
CM004061,C00088,Contact,CAM0023,Webinar Campaign 023,Webinar,Sent,False,2024-04-29,True,True,C00088
CM004062,C00088,Contact,CAM0001,Email Campaign 001,Email,Sent,False,2024-10-16,True,True,C00088
CM004063,C00088,Contact,CAM0044,Event Campaign 044,Event,Sent,False,2025-10-23,True,True,C00088
CM004064,C00088,Contact,CAM0037,Email Campaign 037,Email,Sent,False,2024-03-22,True,True,C00088
CM004065,C00088,Contact,CAM0042,Advertisement Campaign 042,Advertisement,Sent,False,2025-12-08,True,False,C00088
CM004066,C00088,Contact,CAM0038,Email Campaign 038,Email,Clicked,True,2023-02-06,False,True,C00088
CM004067,L00460,Lead,CAM0022,Event Campaign 022,Event,Sent,False,2024-05-14,True,True,C00367
CM004068,L00460,Lead,CAM0054,Email Campaign 054,Email,Sent,False,2025-12-26,True,True,C00367
CM004069,L00460,Lead,CAM0011,Webinar Campaign 011,Webinar,Sent,False,2024-01-11,True,True,C00367
CM004070,L00460,Lead,CAM0008,Email Campaign 008,Email,Clicked,True,2023-04-24,False,True,C00367
CM004071,L00460,Lead,CAM0030,Event Campaign 030,Event,Sent,False,2023-09-12,True,True,C00367
CM004072,L00460,Lead,CAM0017,Content Syndication Campaign 017,Content Syndication,Sent,False,2023-11-25,True,True,C00367
CM004073,L00460,Lead,CAM0014,Content Syndication Campaign 014,Content Syndication,Sent,False,2024-11-26,True,True,C00367
CM004074,L00460,Lead,CAM0038,Email Campaign 038,Email,Sent,False,2023-02-19,True,True,C00367
CM004075,L00460,Lead,CAM0019,Webinar Campaign 019,Webinar,Sent,False,2024-07-06,True,True,C00367
CM004076,L00460,Lead,CAM0036,Advertisement Campaign 036,Advertisement,Sent,False,2024-10-08,True,True,C00367
CM004077,L00460,Lead,CAM0035,Event Campaign 035,Event,Sent,False,2024-12-27,True,True,C00367
CM004078,L00460,Lead,CAM0048,Event Campaign 048,Event,Sent,False,2025-07-15,True,True,C00367
CM004079,L00460,Lead,CAM0059,Content Syndication Campaign 059,Content Syndication,Sent,False,2026-04-16,True,True,C00367
CM004080,C00154,Contact,CAM0021,Advertisement Campaign 021,Advertisement,Clicked,True,2023-09-02,False,True,C00154
CM004081,C00154,Contact,CAM0055,Advertisement Campaign 055,Advertisement,Sent,False,2025-09-26,False,True,C00154
CM004082,L00174,Lead,CAM0059,Content Syndication Campaign 059,Content Syndication,Responded,True,2026-05-01,False,True,L00174
CM004083,L00174,Lead,CAM0018,Content Syndication Campaign 018,Content Syndication,Clicked,True,2024-06-25,False,True,L00174
CM004084,L00174,Lead,CAM0021,Advertisement Campaign 021,Advertisement,Clicked,True,2023-09-04,False,True,L00174
CM004085,C00001,Contact,CAM0055,Advertisement Campaign 055,Advertisement,Sent,False,2025-09-24,True,True,C00001
CM004086,C00001,Contact,CAM0011,Webinar Campaign 011,Webinar,Sent,False,2024-01-04,True,True,C00001
CM004087,C00001,Contact,CAM0026,Telemarketing Campaign 026,Telemarketing,Clicked,True,2024-01-06,False,True,C00001
CM004088,C00001,Contact,CAM0003,Event Campaign 003,Event,Sent,False,2023-10-18,True,True,C00001
CM004089,C00001,Contact,CAM0022,Event Campaign 022,Event,Sent,False,2024-05-12,True,True,C00001
CM004090,C00001,Contact,CAM0036,Advertisement Campaign 036,Advertisement,Sent,False,2024-09-30,True,True,C00001
CM004091,C00001,Contact,CAM0048,Event Campaign 048,Event,Attended,True,2025-07-19,False,True,C00001
CM004092,C00001,Contact,CAM0051,Webinar Campaign 051,Webinar,Registered,True,2025-03-23,False,True,C00001
CM004093,C00001,Contact,CAM0001,Email Campaign 001,Email,Sent,False,2024-10-11,True,True,C00001
CM004094,C00001,Contact,CAM0053,Email Campaign 053,Email,Sent,False,2025-05-14,True,True,C00001
CM004095,C00001,Contact,CAM0042,Advertisement Campaign 042,Advertisement,Sent,False,2025-12-06,True,True,C00001
CM004096,L00015,Lead,CAM0031,Email Campaign 031,Email,Responded,True,2024-02-13,False,True,L00015
CM004097,L00015,Lead,CAM0001,Email Campaign 001,Email,Sent,False,2024-10-10,True,True,L00015
CM004098,L00015,Lead,CAM0021,Advertisement Campaign 021,Advertisement,Sent,False,2023-08-24,False,True,L00015
CM004099,L00267,Lead,CAM0060,Event Campaign 060,Event,Attended,True,2026-04-30,False,True,L00267
CM004100,C00006,Contact,CAM0012,Telemarketing Campaign 012,Telemarketing,Sent,False,2023-11-11,True,True,C00006
CM004101,C00006,Contact,CAM0006,Telemarketing Campaign 006,Telemarketing,Sent,False,2023-05-02,True,True,C00006
CM004102,C00006,Contact,CAM0044,Event Campaign 044,Event,Sent,False,2025-10-08,True,True,C00006
CM004103,C00006,Contact,CAM0006,Telemarketing Campaign 006,Telemarketing,Sent,False,2023-04-08,True,False,C00006
CM004104,C00006,Contact,CAM0035,Event Campaign 035,Event,Sent,False,2025-01-02,True,True,C00006
CM004105,C00006,Contact,CAM0016,Content Syndication Campaign 016,Content Syndication,Sent,False,2023-09-09,True,True,C00006
CM004106,C00006,Contact,CAM0044,Event Campaign 044,Event,Sent,False,2025-10-05,True,True,C00006
CM004107,C00006,Contact,CAM0056,Webinar Campaign 056,Webinar,Attended,True,2026-04-20,False,True,C00006
CM004108,C00006,Contact,CAM0051,Webinar Campaign 051,Webinar,Registered,True,2025-03-28,False,True,C00006
CM004109,C00006,Contact,CAM0045,Email Campaign 045,Email,Sent,False,2025-05-03,True,True,C00006
CM004110,C00006,Contact,CAM0039,Advertisement Campaign 039,Advertisement,Sent,False,2025-01-01,False,True,C00006
CM004111,C00006,Contact,CAM0005,Telemarketing Campaign 005,Telemarketing,Sent,False,2024-08-26,True,True,C00006
CM004112,L00075,Lead,CAM0008,Email Campaign 008,Email,Sent,False,2023-05-08,True,True,C00353
CM004113,L00075,Lead,CAM0008,Email Campaign 008,Email,Responded,True,2023-04-22,False,True,C00353
CM004114,L00075,Lead,CAM0007,Advertisement Campaign 007,Advertisement,Sent,False,2023-11-23,False,True,C00353
CM004115,L00418,Lead,CAM0023,Webinar Campaign 023,Webinar,Sent,False,2024-04-30,True,True,L00418
CM004116,L00418,Lead,CAM0004,Advertisement Campaign 004,Advertisement,Clicked,True,2023-12-19,False,True,L00418
CM004117,L00418,Lead,CAM0045,Email Campaign 045,Email,Sent,False,2025-05-01,True,True,L00418
CM004118,L00418,Lead,CAM0019,Webinar Campaign 019,Webinar,Sent,False,2024-06-10,True,True,L00418
CM004119,L00418,Lead,CAM0028,Telemarketing Campaign 028,Telemarketing,Clicked,True,2024-12-06,False,True,L00418
CM004120,L00418,Lead,CAM0002,Telemarketing Campaign 002,Telemarketing,Sent,False,2023-02-24,True,True,L00418
CM004121,L00418,Lead,CAM0045,Email Campaign 045,Email,Sent,False,2025-04-25,True,True,L00418
CM004122,L00418,Lead,CAM0055,Advertisement Campaign 055,Advertisement,Sent,False,2025-10-16,True,True,L00418
CM004123,L00418,Lead,CAM0053,Email Campaign 053,Email,Sent,False,2025-06-04,True,True,L00418
CM004124,L00418,Lead,CAM0019,Webinar Campaign 019,Webinar,Sent,False,2024-06-15,True,True,L00418
CM004125,L00418,Lead,CAM0006,Telemarketing Campaign 006,Telemarketing,Clicked,True,2023-04-29,False,True,L00418
CM004126,L00418,Lead,CAM0006,Telemarketing Campaign 006,Telemarketing,Clicked,True,2023-04-29,False,True,L00418
CM004127,L00418,Lead,CAM0023,Webinar Campaign 023,Webinar,Sent,False,2024-05-04,True,True,L00418
CM004128,L00418,Lead,CAM0001,Email Campaign 001,Email,Sent,False,2024-10-12,True,True,L00418
CM004129,L00583,Lead,CAM0007,Advertisement Campaign 007,Advertisement,Sent,False,2023-12-03,True,True,C00345
CM004130,L00583,Lead,CAM0050,Webinar Campaign 050,Webinar,Sent,False,2025-09-13,True,True,C00345
CM004131,L00583,Lead,CAM0056,Webinar Campaign 056,Webinar,Sent,False,2026-04-13,True,True,C00345
CM004132,L00583,Lead,CAM0039,Advertisement Campaign 039,Advertisement,Sent,False,2025-01-13,True,True,C00345
CM004133,L00583,Lead,CAM0008,Email Campaign 008,Email,Sent,False,2023-05-01,True,True,C00345
CM004134,L00583,Lead,CAM0006,Telemarketing Campaign 006,Telemarketing,Responded,True,2023-04-30,False,True,C00345
CM004135,L00583,Lead,CAM0045,Email Campaign 045,Email,Sent,False,2025-04-20,True,True,C00345
CM004136,L00583,Lead,CAM0008,Email Campaign 008,Email,Sent,False,2023-05-21,True,True,C00345
CM004137,L00583,Lead,CAM0005,Telemarketing Campaign 005,Telemarketing,Sent,False,2024-08-25,True,True,C00345
CM004138,L00583,Lead,CAM0054,Email Campaign 054,Email,Sent,False,2025-12-29,True,True,C00345
CM004139,L00583,Lead,CAM0032,Webinar Campaign 032,Webinar,Sent,False,2023-05-27,True,True,C00345
CM004140,L00583,Lead,CAM0036,Advertisement Campaign 036,Advertisement,Sent,False,2024-10-05,False,True,C00345
CM004141,C00121,Contact,CAM0019,Webinar Campaign 019,Webinar,Registered,True,2024-06-10,False,True,C00121
CM004142,C00097,Contact,CAM0057,Event Campaign 057,Event,Attended,True,2026-05-06,False,True,C00097
CM004143,C00097,Contact,CAM0017,Content Syndication Campaign 017,Content Syndication,Clicked,True,2023-11-26,False,True,C00097
CM004144,L00181,Lead,CAM0008,Email Campaign 008,Email,Clicked,True,2023-05-04,False,True,C00268
CM004145,L00202,Lead,CAM0055,Advertisement Campaign 055,Advertisement,Sent,False,2025-10-12,True,True,C00309
CM004146,L00263,Lead,CAM0055,Advertisement Campaign 055,Advertisement,Sent,False,2025-10-12,True,True,L00263
CM004147,L00266,Lead,CAM0055,Advertisement Campaign 055,Advertisement,Sent,False,2025-10-12,True,True,L00266
CM004148,L00519,Lead,CAM0055,Advertisement Campaign 055,Advertisement,Sent,False,2025-10-12,True,True,C00388
CM004149,L00527,Lead,CAM0055,Advertisement Campaign 055,Advertisement,Sent,False,2025-10-12,True,True,C00245
CM004150,C00245,Contact,CAM0055,Advertisement Campaign 055,Advertisement,Sent,False,2025-10-12,True,True,C00245
CM004151,C00309,Contact,CAM0055,Advertisement Campaign 055,Advertisement,Sent,False,2025-10-12,True,True,C00309
CM004152,C00388,Contact,CAM0055,Advertisement Campaign 055,Advertisement,Sent,False,2025-10-12,True,True,C00388
CM004153,L00202,Lead,CAM0033,Advertisement Campaign 033,Advertisement,Sent,False,2023-04-01,True,True,C00309
CM004154,L00263,Lead,CAM0033,Advertisement Campaign 033,Advertisement,Sent,False,2023-04-01,True,True,L00263
CM004155,L00266,Lead,CAM0033,Advertisement Campaign 033,Advertisement,Sent,False,2023-04-01,True,True,L00266
CM004156,L00519,Lead,CAM0033,Advertisement Campaign 033,Advertisement,Sent,False,2023-04-01,True,True,C00388
CM004157,L00527,Lead,CAM0033,Advertisement Campaign 033,Advertisement,Sent,False,2023-04-01,True,True,C00245
CM004158,C00245,Contact,CAM0033,Advertisement Campaign 033,Advertisement,Sent,False,2023-04-01,True,False,C00245
CM004159,C00309,Contact,CAM0033,Advertisement Campaign 033,Advertisement,Sent,False,2023-04-01,True,True,C00309
CM004160,C00388,Contact,CAM0033,Advertisement Campaign 033,Advertisement,Sent,False,2023-04-01,True,False,C00388
CM004161,L00202,Lead,CAM0004,Advertisement Campaign 004,Advertisement,Sent,False,2023-12-12,False,True,C00309
CM004162,L00263,Lead,CAM0004,Advertisement Campaign 004,Advertisement,Sent,False,2023-12-12,False,True,L00263
CM004163,L00266,Lead,CAM0004,Advertisement Campaign 004,Advertisement,Sent,False,2023-12-12,False,True,L00266
CM004164,L00519,Lead,CAM0004,Advertisement Campaign 004,Advertisement,Sent,False,2023-12-12,False,True,C00388
CM004165,L00527,Lead,CAM0004,Advertisement Campaign 004,Advertisement,Sent,False,2023-12-12,False,True,C00245
CM004166,C00245,Contact,CAM0004,Advertisement Campaign 004,Advertisement,Sent,False,2023-12-12,False,True,C00245
CM004167,C00309,Contact,CAM0004,Advertisement Campaign 004,Advertisement,Sent,False,2023-12-12,False,True,C00309
CM004168,C00388,Contact,CAM0004,Advertisement Campaign 004,Advertisement,Sent,False,2023-12-12,False,True,C00388
CM004169,L00202,Lead,CAM0051,Webinar Campaign 051,Webinar,Sent,False,2025-03-11,True,True,C00309
CM004170,L00263,Lead,CAM0051,Webinar Campaign 051,Webinar,Sent,False,2025-03-11,True,True,L00263
CM004171,L00266,Lead,CAM0051,Webinar Campaign 051,Webinar,Sent,False,2025-03-11,True,True,L00266
CM004172,L00519,Lead,CAM0051,Webinar Campaign 051,Webinar,Sent,False,2025-03-11,True,True,C00388
CM004173,L00527,Lead,CAM0051,Webinar Campaign 051,Webinar,Sent,False,2025-03-11,True,True,C00245
CM004174,C00245,Contact,CAM0051,Webinar Campaign 051,Webinar,Sent,False,2025-03-11,True,True,C00245
CM004175,C00309,Contact,CAM0051,Webinar Campaign 051,Webinar,Sent,False,2025-03-11,True,True,C00309
CM004176,C00388,Contact,CAM0051,Webinar Campaign 051,Webinar,Sent,False,2025-03-11,True,True,C00388
CM004177,L00202,Lead,CAM0012,Telemarketing Campaign 012,Telemarketing,Sent,False,2023-11-03,True,False,C00309
CM004178,L00263,Lead,CAM0012,Telemarketing Campaign 012,Telemarketing,Sent,False,2023-11-03,True,True,L00263
CM004179,L00266,Lead,CAM0012,Telemarketing Campaign 012,Telemarketing,Sent,False,2023-11-03,True,False,L00266
CM004180,L00519,Lead,CAM0012,Telemarketing Campaign 012,Telemarketing,Sent,False,2023-11-03,True,True,C00388
CM004181,L00527,Lead,CAM0012,Telemarketing Campaign 012,Telemarketing,Sent,False,2023-11-03,True,False,C00245
CM004182,C00245,Contact,CAM0012,Telemarketing Campaign 012,Telemarketing,Sent,False,2023-11-03,True,True,C00245
CM004183,C00309,Contact,CAM0012,Telemarketing Campaign 012,Telemarketing,Sent,False,2023-11-03,True,True,C00309
CM004184,C00388,Contact,CAM0012,Telemarketing Campaign 012,Telemarketing,Sent,False,2023-11-03,True,True,C00388
CM004185,L00202,Lead,CAM0041,Email Campaign 041,Email,Clicked,True,2025-05-11,False,True,C00309
CM004186,L00263,Lead,CAM0041,Email Campaign 041,Email,Clicked,True,2025-05-11,False,True,L00263
CM004187,L00266,Lead,CAM0041,Email Campaign 041,Email,Clicked,True,2025-05-11,False,True,L00266
CM004188,L00519,Lead,CAM0041,Email Campaign 041,Email,Clicked,True,2025-05-11,False,True,C00388
CM004189,L00527,Lead,CAM0041,Email Campaign 041,Email,Clicked,True,2025-05-11,False,True,C00245
CM004190,C00245,Contact,CAM0041,Email Campaign 041,Email,Clicked,True,2025-05-11,False,True,C00245
CM004191,C00309,Contact,CAM0041,Email Campaign 041,Email,Clicked,True,2025-05-11,False,True,C00309
CM004192,C00388,Contact,CAM0041,Email Campaign 041,Email,Clicked,True,2025-05-11,False,True,C00388
CM004193,L00202,Lead,CAM0041,Email Campaign 041,Email,Sent,False,2025-04-22,True,True,C00309
CM004194,L00263,Lead,CAM0041,Email Campaign 041,Email,Sent,False,2025-04-22,True,True,L00263
CM004195,L00266,Lead,CAM0041,Email Campaign 041,Email,Sent,False,2025-04-22,True,True,L00266
CM004196,L00519,Lead,CAM0041,Email Campaign 041,Email,Sent,False,2025-04-22,True,False,C00388
CM004197,L00527,Lead,CAM0041,Email Campaign 041,Email,Sent,False,2025-04-22,True,True,C00245
CM004198,C00245,Contact,CAM0041,Email Campaign 041,Email,Sent,False,2025-04-22,True,True,C00245
CM004199,C00309,Contact,CAM0041,Email Campaign 041,Email,Sent,False,2025-04-22,True,True,C00309
CM004200,C00388,Contact,CAM0041,Email Campaign 041,Email,Sent,False,2025-04-22,True,True,C00388
CM004201,C00019,Contact,CAM0019,Webinar Campaign 019,Webinar,Registered,True,2024-06-20,False,True,C00019
CM004202,C00295,Contact,CAM0019,Webinar Campaign 019,Webinar,Registered,True,2024-06-20,False,True,C00295
CM004203,C00019,Contact,CAM0001,Email Campaign 001,Email,Sent,False,2024-10-26,True,True,C00019
CM004204,C00295,Contact,CAM0001,Email Campaign 001,Email,Sent,False,2024-10-26,True,True,C00295
CM004205,C00019,Contact,CAM0006,Telemarketing Campaign 006,Telemarketing,Sent,False,2023-04-18,True,True,C00019
CM004206,C00295,Contact,CAM0006,Telemarketing Campaign 006,Telemarketing,Sent,False,2023-04-18,True,True,C00295
CM004207,C00019,Contact,CAM0055,Advertisement Campaign 055,Advertisement,Sent,False,2025-09-29,True,True,C00019
CM004208,C00295,Contact,CAM0055,Advertisement Campaign 055,Advertisement,Sent,False,2025-09-29,True,True,C00295
CM004209,C00019,Contact,CAM0058,Webinar Campaign 058,Webinar,Sent,False,2026-05-22,True,True,C00019
CM004210,C00295,Contact,CAM0058,Webinar Campaign 058,Webinar,Sent,False,2026-05-22,True,False,C00295
CM004211,C00019,Contact,CAM0042,Advertisement Campaign 042,Advertisement,Sent,False,2025-12-13,False,False,C00019
CM004212,C00295,Contact,CAM0042,Advertisement Campaign 042,Advertisement,Sent,False,2025-12-13,False,True,C00295
CM004213,C00019,Contact,CAM0007,Advertisement Campaign 007,Advertisement,Sent,False,2023-12-11,False,True,C00019
CM004214,C00295,Contact,CAM0007,Advertisement Campaign 007,Advertisement,Sent,False,2023-12-11,False,True,C00295
CM004215,C00019,Contact,CAM0036,Advertisement Campaign 036,Advertisement,Sent,False,2024-09-27,True,False,C00019
CM004216,C00295,Contact,CAM0036,Advertisement Campaign 036,Advertisement,Sent,False,2024-09-27,True,True,C00295
CM004217,C00019,Contact,CAM0026,Telemarketing Campaign 026,Telemarketing,Sent,False,2023-12-20,True,True,C00019
CM004218,C00295,Contact,CAM0026,Telemarketing Campaign 026,Telemarketing,Sent,False,2023-12-20,True,True,C00295
CM004219,C00019,Contact,CAM0015,Advertisement Campaign 015,Advertisement,Sent,False,2024-05-03,True,True,C00019
CM004220,C00295,Contact,CAM0015,Advertisement Campaign 015,Advertisement,Sent,False,2024-05-03,True,True,C00295
CM004221,C00269,Contact,CAM0060,Event Campaign 060,Event,Registered,True,2026-04-24,False,False,C00269
CM004222,C00295,Contact,CAM0060,Event Campaign 060,Event,Registered,True,2026-04-24,False,True,C00295
CM004223,C00269,Contact,CAM0045,Email Campaign 045,Email,Sent,False,2025-04-15,True,True,C00269
CM004224,C00295,Contact,CAM0045,Email Campaign 045,Email,Sent,False,2025-04-15,True,True,C00295
CM004225,C00269,Contact,CAM0050,Webinar Campaign 050,Webinar,Attended,True,2025-08-30,False,False,C00269
CM004226,C00295,Contact,CAM0050,Webinar Campaign 050,Webinar,Attended,True,2025-08-30,False,True,C00295
CM004227,C00269,Contact,CAM0052,Advertisement Campaign 052,Advertisement,Clicked,True,2025-05-11,False,True,C00269
CM004228,C00295,Contact,CAM0052,Advertisement Campaign 052,Advertisement,Clicked,True,2025-05-11,False,True,C00295
CM004229,L00149,Lead,CAM0045,Email Campaign 045,Email,Sent,False,2025-04-26,True,True,L00149
CM004230,L00222,Lead,CAM0045,Email Campaign 045,Email,Sent,False,2025-04-26,True,True,L00222
CM004231,L00341,Lead,CAM0045,Email Campaign 045,Email,Sent,False,2025-04-26,True,True,C00059
CM004232,L00501,Lead,CAM0045,Email Campaign 045,Email,Sent,False,2025-04-26,True,True,C00118
CM004233,L00515,Lead,CAM0045,Email Campaign 045,Email,Sent,False,2025-04-26,True,True,L00515
CM004234,C00118,Contact,CAM0045,Email Campaign 045,Email,Sent,False,2025-04-26,True,True,C00118
CM004235,L00149,Lead,CAM0038,Email Campaign 038,Email,Sent,False,2023-02-18,True,True,L00149
CM004236,L00222,Lead,CAM0038,Email Campaign 038,Email,Sent,False,2023-02-18,True,True,L00222
CM004237,L00341,Lead,CAM0038,Email Campaign 038,Email,Sent,False,2023-02-18,True,True,C00059
CM004238,L00501,Lead,CAM0038,Email Campaign 038,Email,Sent,False,2023-02-18,True,True,C00118
CM004239,L00515,Lead,CAM0038,Email Campaign 038,Email,Sent,False,2023-02-18,True,True,L00515
CM004240,C00118,Contact,CAM0038,Email Campaign 038,Email,Sent,False,2023-02-18,True,True,C00118
CM004241,L00149,Lead,CAM0014,Content Syndication Campaign 014,Content Syndication,Sent,False,2024-11-10,True,True,L00149
CM004242,L00222,Lead,CAM0014,Content Syndication Campaign 014,Content Syndication,Sent,False,2024-11-10,True,True,L00222
CM004243,L00341,Lead,CAM0014,Content Syndication Campaign 014,Content Syndication,Sent,False,2024-11-10,True,True,C00059
CM004244,L00501,Lead,CAM0014,Content Syndication Campaign 014,Content Syndication,Sent,False,2024-11-10,True,True,C00118
CM004245,L00515,Lead,CAM0014,Content Syndication Campaign 014,Content Syndication,Sent,False,2024-11-10,True,True,L00515
CM004246,C00118,Contact,CAM0014,Content Syndication Campaign 014,Content Syndication,Sent,False,2024-11-10,True,True,C00118
CM004247,L00149,Lead,CAM0027,Advertisement Campaign 027,Advertisement,Sent,False,2024-04-05,True,True,L00149
CM004248,L00222,Lead,CAM0027,Advertisement Campaign 027,Advertisement,Sent,False,2024-04-05,True,True,L00222
CM004249,L00341,Lead,CAM0027,Advertisement Campaign 027,Advertisement,Sent,False,2024-04-05,True,True,C00059
CM004250,L00501,Lead,CAM0027,Advertisement Campaign 027,Advertisement,Sent,False,2024-04-05,True,True,C00118
CM004251,L00515,Lead,CAM0027,Advertisement Campaign 027,Advertisement,Sent,False,2024-04-05,True,True,L00515
CM004252,C00118,Contact,CAM0027,Advertisement Campaign 027,Advertisement,Sent,False,2024-04-05,True,True,C00118
CM004253,L00149,Lead,CAM0012,Telemarketing Campaign 012,Telemarketing,Sent,False,2023-11-02,True,False,L00149
CM004254,L00222,Lead,CAM0012,Telemarketing Campaign 012,Telemarketing,Sent,False,2023-11-02,True,True,L00222
CM004255,L00341,Lead,CAM0012,Telemarketing Campaign 012,Telemarketing,Sent,False,2023-11-02,True,True,C00059
CM004256,L00501,Lead,CAM0012,Telemarketing Campaign 012,Telemarketing,Sent,False,2023-11-02,True,True,C00118
CM004257,L00515,Lead,CAM0012,Telemarketing Campaign 012,Telemarketing,Sent,False,2023-11-02,True,True,L00515
CM004258,C00118,Contact,CAM0012,Telemarketing Campaign 012,Telemarketing,Sent,False,2023-11-02,True,True,C00118
CM004259,L00149,Lead,CAM0025,Event Campaign 025,Event,Sent,False,2023-03-10,True,True,L00149
CM004260,L00222,Lead,CAM0025,Event Campaign 025,Event,Sent,False,2023-03-10,True,True,L00222
CM004261,L00341,Lead,CAM0025,Event Campaign 025,Event,Sent,False,2023-03-10,True,True,C00059
CM004262,L00501,Lead,CAM0025,Event Campaign 025,Event,Sent,False,2023-03-10,True,True,C00118
CM004263,L00515,Lead,CAM0025,Event Campaign 025,Event,Sent,False,2023-03-10,True,True,L00515
CM004264,C00118,Contact,CAM0025,Event Campaign 025,Event,Sent,False,2023-03-10,True,True,C00118
CM004265,L00149,Lead,CAM0014,Content Syndication Campaign 014,Content Syndication,Sent,False,2024-11-26,True,True,L00149
CM004266,L00222,Lead,CAM0014,Content Syndication Campaign 014,Content Syndication,Sent,False,2024-11-26,True,False,L00222
CM004267,L00341,Lead,CAM0014,Content Syndication Campaign 014,Content Syndication,Sent,False,2024-11-26,True,True,C00059
CM004268,L00501,Lead,CAM0014,Content Syndication Campaign 014,Content Syndication,Sent,False,2024-11-26,True,True,C00118
CM004269,L00515,Lead,CAM0014,Content Syndication Campaign 014,Content Syndication,Sent,False,2024-11-26,True,True,L00515
CM004270,C00118,Contact,CAM0014,Content Syndication Campaign 014,Content Syndication,Sent,False,2024-11-26,True,True,C00118
CM004271,L00149,Lead,CAM0059,Content Syndication Campaign 059,Content Syndication,Sent,False,2026-05-07,True,False,L00149
CM004272,L00222,Lead,CAM0059,Content Syndication Campaign 059,Content Syndication,Sent,False,2026-05-07,True,True,L00222
CM004273,L00341,Lead,CAM0059,Content Syndication Campaign 059,Content Syndication,Sent,False,2026-05-07,True,True,C00059
CM004274,L00501,Lead,CAM0059,Content Syndication Campaign 059,Content Syndication,Sent,False,2026-05-07,True,True,C00118
CM004275,L00515,Lead,CAM0059,Content Syndication Campaign 059,Content Syndication,Sent,False,2026-05-07,True,True,L00515
CM004276,C00118,Contact,CAM0059,Content Syndication Campaign 059,Content Syndication,Sent,False,2026-05-07,True,False,C00118
CM004277,L00149,Lead,CAM0018,Content Syndication Campaign 018,Content Syndication,Sent,False,2024-07-12,True,True,L00149
CM004278,L00222,Lead,CAM0018,Content Syndication Campaign 018,Content Syndication,Sent,False,2024-07-12,True,True,L00222
CM004279,L00341,Lead,CAM0018,Content Syndication Campaign 018,Content Syndication,Sent,False,2024-07-12,True,True,C00059
CM004280,L00501,Lead,CAM0018,Content Syndication Campaign 018,Content Syndication,Sent,False,2024-07-12,True,True,C00118
CM004281,L00515,Lead,CAM0018,Content Syndication Campaign 018,Content Syndication,Sent,False,2024-07-12,True,True,L00515
CM004282,C00118,Contact,CAM0018,Content Syndication Campaign 018,Content Syndication,Sent,False,2024-07-12,True,True,C00118
CM004283,L00222,Lead,CAM0019,Webinar Campaign 019,Webinar,Sent,False,2024-06-24,True,True,L00222
CM004284,L00341,Lead,CAM0019,Webinar Campaign 019,Webinar,Sent,False,2024-06-24,True,True,C00059
CM004285,L00501,Lead,CAM0019,Webinar Campaign 019,Webinar,Sent,False,2024-06-24,True,True,C00118
CM004286,L00515,Lead,CAM0019,Webinar Campaign 019,Webinar,Sent,False,2024-06-24,True,True,L00515
CM004287,C00059,Contact,CAM0019,Webinar Campaign 019,Webinar,Sent,False,2024-06-24,True,True,C00059
CM004288,C00118,Contact,CAM0019,Webinar Campaign 019,Webinar,Sent,False,2024-06-24,True,True,C00118
CM004289,L00222,Lead,CAM0053,Email Campaign 053,Email,Sent,False,2025-05-26,True,False,L00222
CM004290,L00341,Lead,CAM0053,Email Campaign 053,Email,Sent,False,2025-05-26,True,False,C00059
CM004291,L00501,Lead,CAM0053,Email Campaign 053,Email,Sent,False,2025-05-26,True,True,C00118
CM004292,L00515,Lead,CAM0053,Email Campaign 053,Email,Sent,False,2025-05-26,True,True,L00515
CM004293,C00059,Contact,CAM0053,Email Campaign 053,Email,Sent,False,2025-05-26,True,True,C00059
CM004294,C00118,Contact,CAM0053,Email Campaign 053,Email,Sent,False,2025-05-26,True,True,C00118
CM004295,L00222,Lead,CAM0005,Telemarketing Campaign 005,Telemarketing,Sent,False,2024-08-16,True,True,L00222
CM004296,L00341,Lead,CAM0005,Telemarketing Campaign 005,Telemarketing,Sent,False,2024-08-16,True,False,C00059
CM004297,L00501,Lead,CAM0005,Telemarketing Campaign 005,Telemarketing,Sent,False,2024-08-16,True,True,C00118
CM004298,L00515,Lead,CAM0005,Telemarketing Campaign 005,Telemarketing,Sent,False,2024-08-16,True,True,L00515
CM004299,C00059,Contact,CAM0005,Telemarketing Campaign 005,Telemarketing,Sent,False,2024-08-16,True,False,C00059
CM004300,C00118,Contact,CAM0005,Telemarketing Campaign 005,Telemarketing,Sent,False,2024-08-16,True,True,C00118
CM004301,L00222,Lead,CAM0016,Content Syndication Campaign 016,Content Syndication,Sent,False,2023-09-11,True,True,L00222
CM004302,L00341,Lead,CAM0016,Content Syndication Campaign 016,Content Syndication,Sent,False,2023-09-11,True,True,C00059
CM004303,L00501,Lead,CAM0016,Content Syndication Campaign 016,Content Syndication,Sent,False,2023-09-11,True,True,C00118
CM004304,L00515,Lead,CAM0016,Content Syndication Campaign 016,Content Syndication,Sent,False,2023-09-11,True,True,L00515
CM004305,C00059,Contact,CAM0016,Content Syndication Campaign 016,Content Syndication,Sent,False,2023-09-11,True,True,C00059
CM004306,C00118,Contact,CAM0016,Content Syndication Campaign 016,Content Syndication,Sent,False,2023-09-11,True,True,C00118
CM004307,L00222,Lead,CAM0052,Advertisement Campaign 052,Advertisement,Sent,False,2025-04-26,True,True,L00222
CM004308,L00341,Lead,CAM0052,Advertisement Campaign 052,Advertisement,Sent,False,2025-04-26,True,True,C00059
CM004309,L00501,Lead,CAM0052,Advertisement Campaign 052,Advertisement,Sent,False,2025-04-26,True,True,C00118
CM004310,L00515,Lead,CAM0052,Advertisement Campaign 052,Advertisement,Sent,False,2025-04-26,True,False,L00515
CM004311,C00059,Contact,CAM0052,Advertisement Campaign 052,Advertisement,Sent,False,2025-04-26,True,True,C00059
CM004312,C00118,Contact,CAM0052,Advertisement Campaign 052,Advertisement,Sent,False,2025-04-26,True,True,C00118
CM004313,L00222,Lead,CAM0046,Webinar Campaign 046,Webinar,Sent,False,2026-01-09,True,True,L00222
CM004314,L00341,Lead,CAM0046,Webinar Campaign 046,Webinar,Sent,False,2026-01-09,True,True,C00059
CM004315,L00501,Lead,CAM0046,Webinar Campaign 046,Webinar,Sent,False,2026-01-09,True,True,C00118
CM004316,L00515,Lead,CAM0046,Webinar Campaign 046,Webinar,Sent,False,2026-01-09,True,False,L00515
CM004317,C00059,Contact,CAM0046,Webinar Campaign 046,Webinar,Sent,False,2026-01-09,True,True,C00059
CM004318,C00118,Contact,CAM0046,Webinar Campaign 046,Webinar,Sent,False,2026-01-09,True,True,C00118
CM004319,L00222,Lead,CAM0026,Telemarketing Campaign 026,Telemarketing,Sent,False,2023-12-21,True,True,L00222
CM004320,L00341,Lead,CAM0026,Telemarketing Campaign 026,Telemarketing,Sent,False,2023-12-21,True,True,C00059
CM004321,L00501,Lead,CAM0026,Telemarketing Campaign 026,Telemarketing,Sent,False,2023-12-21,True,True,C00118
CM004322,L00515,Lead,CAM0026,Telemarketing Campaign 026,Telemarketing,Sent,False,2023-12-21,True,True,L00515
CM004323,C00059,Contact,CAM0026,Telemarketing Campaign 026,Telemarketing,Sent,False,2023-12-21,True,True,C00059
CM004324,C00118,Contact,CAM0026,Telemarketing Campaign 026,Telemarketing,Sent,False,2023-12-21,True,True,C00118
CM004325,L00222,Lead,CAM0059,Content Syndication Campaign 059,Content Syndication,Sent,False,2026-05-10,True,True,L00222
CM004326,L00341,Lead,CAM0059,Content Syndication Campaign 059,Content Syndication,Sent,False,2026-05-10,True,True,C00059
CM004327,L00501,Lead,CAM0059,Content Syndication Campaign 059,Content Syndication,Sent,False,2026-05-10,True,True,C00118
CM004328,L00515,Lead,CAM0059,Content Syndication Campaign 059,Content Syndication,Sent,False,2026-05-10,True,False,L00515
CM004329,C00059,Contact,CAM0059,Content Syndication Campaign 059,Content Syndication,Sent,False,2026-05-10,True,True,C00059
CM004330,C00118,Contact,CAM0059,Content Syndication Campaign 059,Content Syndication,Sent,False,2026-05-10,True,True,C00118
CM004331,L00222,Lead,CAM0035,Event Campaign 035,Event,Sent,False,2024-12-30,True,True,L00222
CM004332,L00341,Lead,CAM0035,Event Campaign 035,Event,Sent,False,2024-12-30,True,True,C00059
CM004333,L00501,Lead,CAM0035,Event Campaign 035,Event,Sent,False,2024-12-30,True,True,C00118
CM004334,L00515,Lead,CAM0035,Event Campaign 035,Event,Sent,False,2024-12-30,True,True,L00515
CM004335,C00059,Contact,CAM0035,Event Campaign 035,Event,Sent,False,2024-12-30,True,True,C00059
CM004336,C00118,Contact,CAM0035,Event Campaign 035,Event,Sent,False,2024-12-30,True,True,C00118
CM004337,L00222,Lead,CAM0045,Email Campaign 045,Email,Sent,False,2025-05-10,True,True,L00222
CM004338,L00341,Lead,CAM0045,Email Campaign 045,Email,Sent,False,2025-05-10,True,True,C00059
CM004339,L00501,Lead,CAM0045,Email Campaign 045,Email,Sent,False,2025-05-10,True,True,C00118
CM004340,L00515,Lead,CAM0045,Email Campaign 045,Email,Sent,False,2025-05-10,True,True,L00515
CM004341,C00059,Contact,CAM0045,Email Campaign 045,Email,Sent,False,2025-05-10,True,True,C00059
CM004342,C00118,Contact,CAM0045,Email Campaign 045,Email,Sent,False,2025-05-10,True,True,C00118
CM004343,L00222,Lead,CAM0060,Event Campaign 060,Event,Sent,False,2026-05-12,True,True,L00222
CM004344,L00341,Lead,CAM0060,Event Campaign 060,Event,Sent,False,2026-05-12,True,True,C00059
CM004345,L00501,Lead,CAM0060,Event Campaign 060,Event,Sent,False,2026-05-12,True,True,C00118
CM004346,L00515,Lead,CAM0060,Event Campaign 060,Event,Sent,False,2026-05-12,True,True,L00515
CM004347,C00059,Contact,CAM0060,Event Campaign 060,Event,Sent,False,2026-05-12,True,True,C00059
CM004348,C00118,Contact,CAM0060,Event Campaign 060,Event,Sent,False,2026-05-12,True,False,C00118
CM004349,L00014,Lead,CAM0027,Advertisement Campaign 027,Advertisement,Clicked,True,2024-04-21,False,True,L00014
CM004350,L00066,Lead,CAM0027,Advertisement Campaign 027,Advertisement,Clicked,True,2024-04-21,False,True,C00260
CM004351,L00249,Lead,CAM0027,Advertisement Campaign 027,Advertisement,Clicked,True,2024-04-21,False,True,L00249
CM004352,C00008,Contact,CAM0027,Advertisement Campaign 027,Advertisement,Clicked,True,2024-04-21,False,True,C00008
CM004353,C00218,Contact,CAM0027,Advertisement Campaign 027,Advertisement,Clicked,True,2024-04-21,False,True,C00218
CM004354,C00260,Contact,CAM0027,Advertisement Campaign 027,Advertisement,Clicked,True,2024-04-21,False,True,C00260
CM004355,L00014,Lead,CAM0018,Content Syndication Campaign 018,Content Syndication,Responded,True,2024-07-04,False,True,L00014
CM004356,L00066,Lead,CAM0018,Content Syndication Campaign 018,Content Syndication,Responded,True,2024-07-04,False,True,C00260
CM004357,L00249,Lead,CAM0018,Content Syndication Campaign 018,Content Syndication,Responded,True,2024-07-04,False,True,L00249
CM004358,C00008,Contact,CAM0018,Content Syndication Campaign 018,Content Syndication,Responded,True,2024-07-04,False,True,C00008
CM004359,C00218,Contact,CAM0018,Content Syndication Campaign 018,Content Syndication,Responded,True,2024-07-04,False,True,C00218
CM004360,C00260,Contact,CAM0018,Content Syndication Campaign 018,Content Syndication,Responded,True,2024-07-04,False,True,C00260
CM004361,L00034,Lead,CAM0025,Event Campaign 025,Event,Attended,True,2023-03-20,False,True,C00093
CM004362,L00493,Lead,CAM0025,Event Campaign 025,Event,Attended,True,2023-03-20,False,True,C00335
CM004363,C00093,Contact,CAM0025,Event Campaign 025,Event,Attended,True,2023-03-20,False,True,C00093
CM004364,C00335,Contact,CAM0025,Event Campaign 025,Event,Attended,True,2023-03-20,False,True,C00335
CM004365,L00202,Lead,CAM0060,Event Campaign 060,Event,Registered,True,2026-05-13,False,True,C00309
CM004366,L00263,Lead,CAM0060,Event Campaign 060,Event,Registered,True,2026-05-13,False,True,L00263
CM004367,L00266,Lead,CAM0060,Event Campaign 060,Event,Registered,True,2026-05-13,False,True,L00266
CM004368,L00374,Lead,CAM0060,Event Campaign 060,Event,Registered,True,2026-05-13,False,True,L00374
CM004369,L00519,Lead,CAM0060,Event Campaign 060,Event,Registered,True,2026-05-13,False,True,C00388
CM004370,L00527,Lead,CAM0060,Event Campaign 060,Event,Registered,True,2026-05-13,False,True,C00245
CM004371,C00245,Contact,CAM0060,Event Campaign 060,Event,Registered,True,2026-05-13,False,True,C00245
CM004372,C00309,Contact,CAM0060,Event Campaign 060,Event,Registered,True,2026-05-13,False,True,C00309
CM004373,L00022,Lead,CAM0060,Event Campaign 060,Event,No Show,True,2026-05-12,False,True,L00022
CM004374,L00104,Lead,CAM0060,Event Campaign 060,Event,No Show,True,2026-05-12,False,True,L00104
CM004375,L00383,Lead,CAM0060,Event Campaign 060,Event,No Show,True,2026-05-12,False,False,L00383
CM004376,L00022,Lead,CAM0059,Content Syndication Campaign 059,Content Syndication,Sent,False,2026-04-14,True,True,L00022
CM004377,L00104,Lead,CAM0059,Content Syndication Campaign 059,Content Syndication,Sent,False,2026-04-14,True,True,L00104
CM004378,L00383,Lead,CAM0059,Content Syndication Campaign 059,Content Syndication,Sent,False,2026-04-14,True,True,L00383
CM004379,L00022,Lead,CAM0059,Content Syndication Campaign 059,Content Syndication,Sent,False,2026-05-07,True,False,L00022
CM004380,L00104,Lead,CAM0059,Content Syndication Campaign 059,Content Syndication,Sent,False,2026-05-07,True,True,L00104
CM004381,L00383,Lead,CAM0059,Content Syndication Campaign 059,Content Syndication,Sent,False,2026-05-07,True,True,L00383
CM004382,L00022,Lead,CAM0060,Event Campaign 060,Event,Sent,False,2026-04-16,True,True,L00022
CM004383,L00104,Lead,CAM0060,Event Campaign 060,Event,Sent,False,2026-04-16,True,True,L00104
CM004384,L00383,Lead,CAM0060,Event Campaign 060,Event,Sent,False,2026-04-16,True,True,L00383
CM004385,L00022,Lead,CAM0059,Content Syndication Campaign 059,Content Syndication,Sent,False,2026-04-23,True,True,L00022
CM004386,L00104,Lead,CAM0059,Content Syndication Campaign 059,Content Syndication,Sent,False,2026-04-23,True,True,L00104
CM004387,L00383,Lead,CAM0059,Content Syndication Campaign 059,Content Syndication,Sent,False,2026-04-23,True,True,L00383
CM004388,L00022,Lead,CAM0056,Webinar Campaign 056,Webinar,Registered,True,2026-04-18,False,True,L00022
CM004389,L00104,Lead,CAM0056,Webinar Campaign 056,Webinar,Registered,True,2026-04-18,False,True,L00104
CM004390,L00383,Lead,CAM0056,Webinar Campaign 056,Webinar,Registered,True,2026-04-18,False,True,L00383
CM004391,L00022,Lead,CAM0046,Webinar Campaign 046,Webinar,No Show,True,2026-01-08,False,False,L00022
CM004392,L00104,Lead,CAM0046,Webinar Campaign 046,Webinar,No Show,True,2026-01-08,False,True,L00104
CM004393,L00383,Lead,CAM0046,Webinar Campaign 046,Webinar,No Show,True,2026-01-08,False,False,L00383
CM004394,L00022,Lead,CAM0050,Webinar Campaign 050,Webinar,Sent,False,2025-09-09,True,True,L00022
CM004395,L00104,Lead,CAM0050,Webinar Campaign 050,Webinar,Sent,False,2025-09-09,True,True,L00104
CM004396,L00383,Lead,CAM0050,Webinar Campaign 050,Webinar,Sent,False,2025-09-09,True,False,L00383
CM004397,L00022,Lead,CAM0041,Email Campaign 041,Email,Sent,False,2025-04-24,True,True,L00022
CM004398,L00104,Lead,CAM0041,Email Campaign 041,Email,Sent,False,2025-04-24,True,True,L00104
CM004399,L00383,Lead,CAM0041,Email Campaign 041,Email,Sent,False,2025-04-24,True,False,L00383
CM004400,L00022,Lead,CAM0009,Webinar Campaign 009,Webinar,Sent,False,2024-08-08,True,True,L00022
CM004401,L00104,Lead,CAM0009,Webinar Campaign 009,Webinar,Sent,False,2024-08-08,True,True,L00104
CM004402,L00383,Lead,CAM0009,Webinar Campaign 009,Webinar,Sent,False,2024-08-08,True,True,L00383
CM004403,L00022,Lead,CAM0029,Webinar Campaign 029,Webinar,Sent,False,2024-02-11,True,True,L00022
CM004404,L00104,Lead,CAM0029,Webinar Campaign 029,Webinar,Sent,False,2024-02-11,True,True,L00104
CM004405,L00383,Lead,CAM0029,Webinar Campaign 029,Webinar,Sent,False,2024-02-11,True,True,L00383
CM004406,L00022,Lead,CAM0003,Event Campaign 003,Event,Sent,False,2023-10-22,True,True,L00022
CM004407,L00104,Lead,CAM0003,Event Campaign 003,Event,Sent,False,2023-10-22,True,False,L00104
CM004408,L00383,Lead,CAM0003,Event Campaign 003,Event,Sent,False,2023-10-22,True,True,L00383
CM004409,L00022,Lead,CAM0043,Webinar Campaign 043,Webinar,No Show,True,2025-10-29,False,True,L00022
CM004410,L00104,Lead,CAM0043,Webinar Campaign 043,Webinar,No Show,True,2025-10-29,False,True,L00104
CM004411,L00383,Lead,CAM0043,Webinar Campaign 043,Webinar,No Show,True,2025-10-29,False,True,L00383
CM004412,L00014,Lead,CAM0060,Event Campaign 060,Event,Attended,True,2026-04-15,False,True,L00014
CM004413,L00066,Lead,CAM0060,Event Campaign 060,Event,Attended,True,2026-04-15,False,True,C00260
CM004414,C00008,Contact,CAM0060,Event Campaign 060,Event,Attended,True,2026-04-15,False,True,C00008
CM004415,C00218,Contact,CAM0060,Event Campaign 060,Event,Attended,True,2026-04-15,False,True,C00218
CM004416,C00260,Contact,CAM0060,Event Campaign 060,Event,Attended,True,2026-04-15,False,True,C00260
CM004417,C00262,Contact,CAM0060,Event Campaign 060,Event,Attended,True,2026-04-15,False,True,C00262
CM004418,L00202,Lead,CAM0006,Telemarketing Campaign 006,Telemarketing,Sent,False,2023-04-07,True,True,C00309
CM004419,L00263,Lead,CAM0006,Telemarketing Campaign 006,Telemarketing,Sent,False,2023-04-07,True,True,L00263
CM004420,L00266,Lead,CAM0006,Telemarketing Campaign 006,Telemarketing,Sent,False,2023-04-07,True,True,L00266
CM004421,L00374,Lead,CAM0006,Telemarketing Campaign 006,Telemarketing,Sent,False,2023-04-07,True,True,L00374
CM004422,L00527,Lead,CAM0006,Telemarketing Campaign 006,Telemarketing,Sent,False,2023-04-07,True,True,C00245
CM004423,C00245,Contact,CAM0006,Telemarketing Campaign 006,Telemarketing,Sent,False,2023-04-07,True,False,C00245
CM004424,C00309,Contact,CAM0006,Telemarketing Campaign 006,Telemarketing,Sent,False,2023-04-07,True,True,C00309
CM004425,C00388,Contact,CAM0006,Telemarketing Campaign 006,Telemarketing,Sent,False,2023-04-07,True,True,C00388
CM004426,L00202,Lead,CAM0015,Advertisement Campaign 015,Advertisement,Sent,False,2024-05-01,False,True,C00309
CM004427,L00263,Lead,CAM0015,Advertisement Campaign 015,Advertisement,Sent,False,2024-05-01,False,True,L00263
CM004428,L00266,Lead,CAM0015,Advertisement Campaign 015,Advertisement,Sent,False,2024-05-01,False,True,L00266
CM004429,L00374,Lead,CAM0015,Advertisement Campaign 015,Advertisement,Sent,False,2024-05-01,False,True,L00374
CM004430,L00527,Lead,CAM0015,Advertisement Campaign 015,Advertisement,Sent,False,2024-05-01,False,True,C00245
CM004431,C00245,Contact,CAM0015,Advertisement Campaign 015,Advertisement,Sent,False,2024-05-01,False,True,C00245
CM004432,C00309,Contact,CAM0015,Advertisement Campaign 015,Advertisement,Sent,False,2024-05-01,False,True,C00309
CM004433,C00388,Contact,CAM0015,Advertisement Campaign 015,Advertisement,Sent,False,2024-05-01,False,True,C00388
CM004434,L00202,Lead,CAM0009,Webinar Campaign 009,Webinar,Sent,False,2024-08-03,True,True,C00309
CM004435,L00263,Lead,CAM0009,Webinar Campaign 009,Webinar,Sent,False,2024-08-03,True,True,L00263
CM004436,L00266,Lead,CAM0009,Webinar Campaign 009,Webinar,Sent,False,2024-08-03,True,True,L00266
CM004437,L00374,Lead,CAM0009,Webinar Campaign 009,Webinar,Sent,False,2024-08-03,True,True,L00374
CM004438,L00527,Lead,CAM0009,Webinar Campaign 009,Webinar,Sent,False,2024-08-03,True,True,C00245
CM004439,C00245,Contact,CAM0009,Webinar Campaign 009,Webinar,Sent,False,2024-08-03,True,True,C00245
CM004440,C00309,Contact,CAM0009,Webinar Campaign 009,Webinar,Sent,False,2024-08-03,True,True,C00309
CM004441,C00388,Contact,CAM0009,Webinar Campaign 009,Webinar,Sent,False,2024-08-03,True,True,C00388
CM004442,L00202,Lead,CAM0012,Telemarketing Campaign 012,Telemarketing,Sent,False,2023-10-15,True,True,C00309
CM004443,L00263,Lead,CAM0012,Telemarketing Campaign 012,Telemarketing,Sent,False,2023-10-15,True,True,L00263
CM004444,L00266,Lead,CAM0012,Telemarketing Campaign 012,Telemarketing,Sent,False,2023-10-15,True,True,L00266
CM004445,L00374,Lead,CAM0012,Telemarketing Campaign 012,Telemarketing,Sent,False,2023-10-15,True,True,L00374
CM004446,L00527,Lead,CAM0012,Telemarketing Campaign 012,Telemarketing,Sent,False,2023-10-15,True,True,C00245
CM004447,C00245,Contact,CAM0012,Telemarketing Campaign 012,Telemarketing,Sent,False,2023-10-15,True,True,C00245
CM004448,C00309,Contact,CAM0012,Telemarketing Campaign 012,Telemarketing,Sent,False,2023-10-15,True,True,C00309
CM004449,C00388,Contact,CAM0012,Telemarketing Campaign 012,Telemarketing,Sent,False,2023-10-15,True,True,C00388
CM004450,L00202,Lead,CAM0001,Email Campaign 001,Email,Sent,False,2024-10-11,True,True,C00309
CM004451,L00263,Lead,CAM0001,Email Campaign 001,Email,Sent,False,2024-10-11,True,True,L00263
CM004452,L00266,Lead,CAM0001,Email Campaign 001,Email,Sent,False,2024-10-11,True,True,L00266
CM004453,L00374,Lead,CAM0001,Email Campaign 001,Email,Sent,False,2024-10-11,True,True,L00374
CM004454,L00527,Lead,CAM0001,Email Campaign 001,Email,Sent,False,2024-10-11,True,True,C00245
CM004455,C00245,Contact,CAM0001,Email Campaign 001,Email,Sent,False,2024-10-11,True,True,C00245
CM004456,C00309,Contact,CAM0001,Email Campaign 001,Email,Sent,False,2024-10-11,True,True,C00309
CM004457,C00388,Contact,CAM0001,Email Campaign 001,Email,Sent,False,2024-10-11,True,True,C00388
CM004458,L00202,Lead,CAM0059,Content Syndication Campaign 059,Content Syndication,Sent,False,2026-04-18,True,True,C00309
CM004459,L00263,Lead,CAM0059,Content Syndication Campaign 059,Content Syndication,Sent,False,2026-04-18,True,True,L00263
CM004460,L00266,Lead,CAM0059,Content Syndication Campaign 059,Content Syndication,Sent,False,2026-04-18,True,True,L00266
CM004461,L00374,Lead,CAM0059,Content Syndication Campaign 059,Content Syndication,Sent,False,2026-04-18,True,True,L00374
CM004462,L00527,Lead,CAM0059,Content Syndication Campaign 059,Content Syndication,Sent,False,2026-04-18,True,True,C00245
CM004463,C00245,Contact,CAM0059,Content Syndication Campaign 059,Content Syndication,Sent,False,2026-04-18,True,False,C00245
CM004464,C00309,Contact,CAM0059,Content Syndication Campaign 059,Content Syndication,Sent,False,2026-04-18,True,True,C00309
CM004465,C00388,Contact,CAM0059,Content Syndication Campaign 059,Content Syndication,Sent,False,2026-04-18,True,False,C00388
CM004466,L00202,Lead,CAM0027,Advertisement Campaign 027,Advertisement,Sent,False,2024-04-06,False,False,C00309
CM004467,L00263,Lead,CAM0027,Advertisement Campaign 027,Advertisement,Sent,False,2024-04-06,False,True,L00263
CM004468,L00266,Lead,CAM0027,Advertisement Campaign 027,Advertisement,Sent,False,2024-04-06,False,True,L00266
CM004469,L00374,Lead,CAM0027,Advertisement Campaign 027,Advertisement,Sent,False,2024-04-06,False,True,L00374
CM004470,L00527,Lead,CAM0027,Advertisement Campaign 027,Advertisement,Sent,False,2024-04-06,False,True,C00245
CM004471,C00245,Contact,CAM0027,Advertisement Campaign 027,Advertisement,Sent,False,2024-04-06,False,False,C00245
CM004472,C00309,Contact,CAM0027,Advertisement Campaign 027,Advertisement,Sent,False,2024-04-06,False,True,C00309
CM004473,C00388,Contact,CAM0027,Advertisement Campaign 027,Advertisement,Sent,False,2024-04-06,False,False,C00388
CM004474,L00202,Lead,CAM0010,Content Syndication Campaign 010,Content Syndication,Sent,False,2024-04-09,True,True,C00309
CM004475,L00263,Lead,CAM0010,Content Syndication Campaign 010,Content Syndication,Sent,False,2024-04-09,True,True,L00263
CM004476,L00266,Lead,CAM0010,Content Syndication Campaign 010,Content Syndication,Sent,False,2024-04-09,True,True,L00266
CM004477,L00374,Lead,CAM0010,Content Syndication Campaign 010,Content Syndication,Sent,False,2024-04-09,True,True,L00374
CM004478,L00527,Lead,CAM0010,Content Syndication Campaign 010,Content Syndication,Sent,False,2024-04-09,True,True,C00245
CM004479,C00245,Contact,CAM0010,Content Syndication Campaign 010,Content Syndication,Sent,False,2024-04-09,True,True,C00245
CM004480,C00309,Contact,CAM0010,Content Syndication Campaign 010,Content Syndication,Sent,False,2024-04-09,True,True,C00309
CM004481,C00388,Contact,CAM0010,Content Syndication Campaign 010,Content Syndication,Sent,False,2024-04-09,True,True,C00388
CM004482,L00202,Lead,CAM0021,Advertisement Campaign 021,Advertisement,Sent,False,2023-09-08,True,True,C00309
CM004483,L00263,Lead,CAM0021,Advertisement Campaign 021,Advertisement,Sent,False,2023-09-08,True,True,L00263
CM004484,L00266,Lead,CAM0021,Advertisement Campaign 021,Advertisement,Sent,False,2023-09-08,True,True,L00266
CM004485,L00374,Lead,CAM0021,Advertisement Campaign 021,Advertisement,Sent,False,2023-09-08,True,True,L00374
CM004486,L00527,Lead,CAM0021,Advertisement Campaign 021,Advertisement,Sent,False,2023-09-08,True,True,C00245
CM004487,C00245,Contact,CAM0021,Advertisement Campaign 021,Advertisement,Sent,False,2023-09-08,True,True,C00245
CM004488,C00309,Contact,CAM0021,Advertisement Campaign 021,Advertisement,Sent,False,2023-09-08,True,True,C00309
CM004489,C00388,Contact,CAM0021,Advertisement Campaign 021,Advertisement,Sent,False,2023-09-08,True,True,C00388
CM004490,L00202,Lead,CAM0045,Email Campaign 045,Email,Sent,False,2025-04-21,True,True,C00309
CM004491,L00263,Lead,CAM0045,Email Campaign 045,Email,Sent,False,2025-04-21,True,True,L00263
CM004492,L00266,Lead,CAM0045,Email Campaign 045,Email,Sent,False,2025-04-21,True,True,L00266
CM004493,L00374,Lead,CAM0045,Email Campaign 045,Email,Sent,False,2025-04-21,True,True,L00374
CM004494,L00527,Lead,CAM0045,Email Campaign 045,Email,Sent,False,2025-04-21,True,True,C00245
CM004495,C00245,Contact,CAM0045,Email Campaign 045,Email,Sent,False,2025-04-21,True,True,C00245
CM004496,C00309,Contact,CAM0045,Email Campaign 045,Email,Sent,False,2025-04-21,True,False,C00309
CM004497,C00388,Contact,CAM0045,Email Campaign 045,Email,Sent,False,2025-04-21,True,True,C00388
CM004498,L00202,Lead,CAM0038,Email Campaign 038,Email,Sent,False,2023-02-05,True,True,C00309
CM004499,L00263,Lead,CAM0038,Email Campaign 038,Email,Sent,False,2023-02-05,True,True,L00263
CM004500,L00266,Lead,CAM0038,Email Campaign 038,Email,Sent,False,2023-02-05,True,True,L00266
CM004501,L00374,Lead,CAM0038,Email Campaign 038,Email,Sent,False,2023-02-05,True,True,L00374
CM004502,L00527,Lead,CAM0038,Email Campaign 038,Email,Sent,False,2023-02-05,True,True,C00245
CM004503,C00245,Contact,CAM0038,Email Campaign 038,Email,Sent,False,2023-02-05,True,True,C00245
CM004504,C00309,Contact,CAM0038,Email Campaign 038,Email,Sent,False,2023-02-05,True,True,C00309
CM004505,C00388,Contact,CAM0038,Email Campaign 038,Email,Sent,False,2023-02-05,True,True,C00388
CM004506,L00202,Lead,CAM0004,Advertisement Campaign 004,Advertisement,Sent,False,2023-12-26,True,True,C00309
CM004507,L00263,Lead,CAM0004,Advertisement Campaign 004,Advertisement,Sent,False,2023-12-26,True,False,L00263
CM004508,L00266,Lead,CAM0004,Advertisement Campaign 004,Advertisement,Sent,False,2023-12-26,True,True,L00266
CM004509,L00374,Lead,CAM0004,Advertisement Campaign 004,Advertisement,Sent,False,2023-12-26,True,False,L00374
CM004510,L00527,Lead,CAM0004,Advertisement Campaign 004,Advertisement,Sent,False,2023-12-26,True,True,C00245
CM004511,C00245,Contact,CAM0004,Advertisement Campaign 004,Advertisement,Sent,False,2023-12-26,True,True,C00245
CM004512,C00309,Contact,CAM0004,Advertisement Campaign 004,Advertisement,Sent,False,2023-12-26,True,True,C00309
CM004513,C00388,Contact,CAM0004,Advertisement Campaign 004,Advertisement,Sent,False,2023-12-26,True,True,C00388
CM004514,L00202,Lead,CAM0009,Webinar Campaign 009,Webinar,Sent,False,2024-08-07,True,True,C00309
CM004515,L00263,Lead,CAM0009,Webinar Campaign 009,Webinar,Sent,False,2024-08-07,True,True,L00263
CM004516,L00266,Lead,CAM0009,Webinar Campaign 009,Webinar,Sent,False,2024-08-07,True,True,L00266
CM004517,L00374,Lead,CAM0009,Webinar Campaign 009,Webinar,Sent,False,2024-08-07,True,False,L00374
CM004518,L00527,Lead,CAM0009,Webinar Campaign 009,Webinar,Sent,False,2024-08-07,True,True,C00245
CM004519,C00245,Contact,CAM0009,Webinar Campaign 009,Webinar,Sent,False,2024-08-07,True,True,C00245
CM004520,C00309,Contact,CAM0009,Webinar Campaign 009,Webinar,Sent,False,2024-08-07,True,False,C00309
CM004521,C00388,Contact,CAM0009,Webinar Campaign 009,Webinar,Sent,False,2024-08-07,True,True,C00388
CM004522,L00202,Lead,CAM0033,Advertisement Campaign 033,Advertisement,Clicked,True,2023-03-18,False,True,C00309
CM004523,L00263,Lead,CAM0033,Advertisement Campaign 033,Advertisement,Clicked,True,2023-03-18,False,True,L00263
CM004524,L00266,Lead,CAM0033,Advertisement Campaign 033,Advertisement,Clicked,True,2023-03-18,False,True,L00266
CM004525,L00374,Lead,CAM0033,Advertisement Campaign 033,Advertisement,Clicked,True,2023-03-18,False,True,L00374
CM004526,L00527,Lead,CAM0033,Advertisement Campaign 033,Advertisement,Clicked,True,2023-03-18,False,True,C00245
CM004527,C00245,Contact,CAM0033,Advertisement Campaign 033,Advertisement,Clicked,True,2023-03-18,False,True,C00245
CM004528,C00309,Contact,CAM0033,Advertisement Campaign 033,Advertisement,Clicked,True,2023-03-18,False,True,C00309
CM004529,C00388,Contact,CAM0033,Advertisement Campaign 033,Advertisement,Clicked,True,2023-03-18,False,True,C00388
CM004530,L00202,Lead,CAM0059,Content Syndication Campaign 059,Content Syndication,Sent,False,2026-05-02,True,True,C00309
CM004531,L00263,Lead,CAM0059,Content Syndication Campaign 059,Content Syndication,Sent,False,2026-05-02,True,True,L00263
CM004532,L00266,Lead,CAM0059,Content Syndication Campaign 059,Content Syndication,Sent,False,2026-05-02,True,True,L00266
CM004533,L00374,Lead,CAM0059,Content Syndication Campaign 059,Content Syndication,Sent,False,2026-05-02,True,True,L00374
CM004534,L00527,Lead,CAM0059,Content Syndication Campaign 059,Content Syndication,Sent,False,2026-05-02,True,True,C00245
CM004535,C00245,Contact,CAM0059,Content Syndication Campaign 059,Content Syndication,Sent,False,2026-05-02,True,True,C00245
CM004536,C00309,Contact,CAM0059,Content Syndication Campaign 059,Content Syndication,Sent,False,2026-05-02,True,True,C00309
CM004537,C00388,Contact,CAM0059,Content Syndication Campaign 059,Content Syndication,Sent,False,2026-05-02,True,True,C00388
CM004538,L00014,Lead,CAM0059,Content Syndication Campaign 059,Content Syndication,Clicked,True,2026-05-01,False,True,L00014
CM004539,L00066,Lead,CAM0059,Content Syndication Campaign 059,Content Syndication,Clicked,True,2026-05-01,False,True,C00260
CM004540,L00249,Lead,CAM0059,Content Syndication Campaign 059,Content Syndication,Clicked,True,2026-05-01,False,True,L00249
CM004541,C00008,Contact,CAM0059,Content Syndication Campaign 059,Content Syndication,Clicked,True,2026-05-01,False,False,C00008
CM004542,C00218,Contact,CAM0059,Content Syndication Campaign 059,Content Syndication,Clicked,True,2026-05-01,False,True,C00218
CM004543,C00262,Contact,CAM0059,Content Syndication Campaign 059,Content Syndication,Clicked,True,2026-05-01,False,True,C00262
CM004544,L00014,Lead,CAM0045,Email Campaign 045,Email,Sent,False,2025-04-15,True,True,L00014
CM004545,L00066,Lead,CAM0045,Email Campaign 045,Email,Sent,False,2025-04-15,True,True,C00260
CM004546,L00249,Lead,CAM0045,Email Campaign 045,Email,Sent,False,2025-04-15,True,True,L00249
CM004547,C00218,Contact,CAM0045,Email Campaign 045,Email,Sent,False,2025-04-15,True,True,C00218
CM004548,C00260,Contact,CAM0045,Email Campaign 045,Email,Sent,False,2025-04-15,True,True,C00260
CM004549,C00262,Contact,CAM0045,Email Campaign 045,Email,Sent,False,2025-04-15,True,True,C00262
CM004550,L00014,Lead,CAM0022,Event Campaign 022,Event,Sent,False,2024-05-14,True,True,L00014
CM004551,L00066,Lead,CAM0022,Event Campaign 022,Event,Sent,False,2024-05-14,True,True,C00260
CM004552,L00249,Lead,CAM0022,Event Campaign 022,Event,Sent,False,2024-05-14,True,True,L00249
CM004553,C00218,Contact,CAM0022,Event Campaign 022,Event,Sent,False,2024-05-14,True,True,C00218
CM004554,C00260,Contact,CAM0022,Event Campaign 022,Event,Sent,False,2024-05-14,True,True,C00260
CM004555,C00262,Contact,CAM0022,Event Campaign 022,Event,Sent,False,2024-05-14,True,True,C00262
CM004556,L00014,Lead,CAM0002,Telemarketing Campaign 002,Telemarketing,Sent,False,2023-02-23,True,True,L00014
CM004557,L00066,Lead,CAM0002,Telemarketing Campaign 002,Telemarketing,Sent,False,2023-02-23,True,False,C00260
CM004558,L00249,Lead,CAM0002,Telemarketing Campaign 002,Telemarketing,Sent,False,2023-02-23,True,True,L00249
CM004559,C00218,Contact,CAM0002,Telemarketing Campaign 002,Telemarketing,Sent,False,2023-02-23,True,True,C00218
CM004560,C00260,Contact,CAM0002,Telemarketing Campaign 002,Telemarketing,Sent,False,2023-02-23,True,True,C00260
CM004561,C00262,Contact,CAM0002,Telemarketing Campaign 002,Telemarketing,Sent,False,2023-02-23,True,True,C00262
CM004562,L00014,Lead,CAM0048,Event Campaign 048,Event,Sent,False,2025-07-18,True,True,L00014
CM004563,L00066,Lead,CAM0048,Event Campaign 048,Event,Sent,False,2025-07-18,True,True,C00260
CM004564,L00249,Lead,CAM0048,Event Campaign 048,Event,Sent,False,2025-07-18,True,True,L00249
CM004565,C00218,Contact,CAM0048,Event Campaign 048,Event,Sent,False,2025-07-18,True,True,C00218
CM004566,C00260,Contact,CAM0048,Event Campaign 048,Event,Sent,False,2025-07-18,True,True,C00260
CM004567,C00262,Contact,CAM0048,Event Campaign 048,Event,Sent,False,2025-07-18,True,True,C00262
CM004568,L00014,Lead,CAM0017,Content Syndication Campaign 017,Content Syndication,Responded,True,2023-11-15,False,True,L00014
CM004569,L00066,Lead,CAM0017,Content Syndication Campaign 017,Content Syndication,Responded,True,2023-11-15,False,True,C00260
CM004570,L00249,Lead,CAM0017,Content Syndication Campaign 017,Content Syndication,Responded,True,2023-11-15,False,True,L00249
CM004571,C00218,Contact,CAM0017,Content Syndication Campaign 017,Content Syndication,Responded,True,2023-11-15,False,True,C00218
CM004572,C00260,Contact,CAM0017,Content Syndication Campaign 017,Content Syndication,Responded,True,2023-11-15,False,True,C00260
CM004573,C00262,Contact,CAM0017,Content Syndication Campaign 017,Content Syndication,Responded,True,2023-11-15,False,True,C00262
CM004574,L00014,Lead,CAM0041,Email Campaign 041,Email,Clicked,True,2025-04-23,False,False,L00014
CM004575,L00066,Lead,CAM0041,Email Campaign 041,Email,Clicked,True,2025-04-23,False,False,C00260
CM004576,L00249,Lead,CAM0041,Email Campaign 041,Email,Clicked,True,2025-04-23,False,True,L00249
CM004577,C00218,Contact,CAM0041,Email Campaign 041,Email,Clicked,True,2025-04-23,False,True,C00218
CM004578,C00260,Contact,CAM0041,Email Campaign 041,Email,Clicked,True,2025-04-23,False,True,C00260
CM004579,C00262,Contact,CAM0041,Email Campaign 041,Email,Clicked,True,2025-04-23,False,True,C00262
CM004580,L00014,Lead,CAM0034,Webinar Campaign 034,Webinar,Sent,False,2024-05-30,True,True,L00014
CM004581,L00066,Lead,CAM0034,Webinar Campaign 034,Webinar,Sent,False,2024-05-30,True,True,C00260
CM004582,L00249,Lead,CAM0034,Webinar Campaign 034,Webinar,Sent,False,2024-05-30,True,True,L00249
CM004583,C00218,Contact,CAM0034,Webinar Campaign 034,Webinar,Sent,False,2024-05-30,True,True,C00218
CM004584,C00260,Contact,CAM0034,Webinar Campaign 034,Webinar,Sent,False,2024-05-30,True,True,C00260
CM004585,C00262,Contact,CAM0034,Webinar Campaign 034,Webinar,Sent,False,2024-05-30,True,False,C00262
CM004586,L00324,Lead,CAM0060,Event Campaign 060,Event,Registered,True,2026-05-02,False,True,C00174
CM004587,L00567,Lead,CAM0060,Event Campaign 060,Event,Registered,True,2026-05-02,False,True,L00567
CM004588,C00174,Contact,CAM0060,Event Campaign 060,Event,Registered,True,2026-05-02,False,True,C00174
CM004589,L00367,Lead,CAM0051,Webinar Campaign 051,Webinar,Sent,False,2025-03-05,True,True,L00367
CM004590,L00412,Lead,CAM0051,Webinar Campaign 051,Webinar,Sent,False,2025-03-05,True,True,C00358
CM004591,L00486,Lead,CAM0051,Webinar Campaign 051,Webinar,Sent,False,2025-03-05,True,False,L00486
CM004592,C00136,Contact,CAM0051,Webinar Campaign 051,Webinar,Sent,False,2025-03-05,True,True,C00136
CM004593,C00358,Contact,CAM0051,Webinar Campaign 051,Webinar,Sent,False,2025-03-05,True,True,C00358
CM004594,L00367,Lead,CAM0006,Telemarketing Campaign 006,Telemarketing,Sent,False,2023-04-25,True,True,L00367
CM004595,L00412,Lead,CAM0006,Telemarketing Campaign 006,Telemarketing,Sent,False,2023-04-25,True,False,C00358
CM004596,L00486,Lead,CAM0006,Telemarketing Campaign 006,Telemarketing,Sent,False,2023-04-25,True,True,L00486
CM004597,C00136,Contact,CAM0006,Telemarketing Campaign 006,Telemarketing,Sent,False,2023-04-25,True,False,C00136
CM004598,C00358,Contact,CAM0006,Telemarketing Campaign 006,Telemarketing,Sent,False,2023-04-25,True,True,C00358
CM004599,L00367,Lead,CAM0004,Advertisement Campaign 004,Advertisement,Sent,False,2023-12-26,False,False,L00367
CM004600,L00412,Lead,CAM0004,Advertisement Campaign 004,Advertisement,Sent,False,2023-12-26,False,True,C00358
CM004601,L00486,Lead,CAM0004,Advertisement Campaign 004,Advertisement,Sent,False,2023-12-26,False,True,L00486
CM004602,C00136,Contact,CAM0004,Advertisement Campaign 004,Advertisement,Sent,False,2023-12-26,False,True,C00136
CM004603,C00358,Contact,CAM0004,Advertisement Campaign 004,Advertisement,Sent,False,2023-12-26,False,True,C00358
CM004604,L00367,Lead,CAM0055,Advertisement Campaign 055,Advertisement,Sent,False,2025-10-10,True,True,L00367
CM004605,L00412,Lead,CAM0055,Advertisement Campaign 055,Advertisement,Sent,False,2025-10-10,True,True,C00358
CM004606,L00486,Lead,CAM0055,Advertisement Campaign 055,Advertisement,Sent,False,2025-10-10,True,True,L00486
CM004607,C00136,Contact,CAM0055,Advertisement Campaign 055,Advertisement,Sent,False,2025-10-10,True,True,C00136
CM004608,C00358,Contact,CAM0055,Advertisement Campaign 055,Advertisement,Sent,False,2025-10-10,True,True,C00358
CM004609,L00367,Lead,CAM0007,Advertisement Campaign 007,Advertisement,Sent,False,2023-11-15,True,True,L00367
CM004610,L00412,Lead,CAM0007,Advertisement Campaign 007,Advertisement,Sent,False,2023-11-15,True,True,C00358
CM004611,L00486,Lead,CAM0007,Advertisement Campaign 007,Advertisement,Sent,False,2023-11-15,True,True,L00486
CM004612,C00136,Contact,CAM0007,Advertisement Campaign 007,Advertisement,Sent,False,2023-11-15,True,True,C00136
CM004613,C00358,Contact,CAM0007,Advertisement Campaign 007,Advertisement,Sent,False,2023-11-15,True,True,C00358
CM004614,L00367,Lead,CAM0025,Event Campaign 025,Event,Attended,True,2023-03-02,False,True,L00367
CM004615,L00412,Lead,CAM0025,Event Campaign 025,Event,Attended,True,2023-03-02,False,True,C00358
CM004616,L00486,Lead,CAM0025,Event Campaign 025,Event,Attended,True,2023-03-02,False,True,L00486
CM004617,C00136,Contact,CAM0025,Event Campaign 025,Event,Attended,True,2023-03-02,False,True,C00136
CM004618,C00358,Contact,CAM0025,Event Campaign 025,Event,Attended,True,2023-03-02,False,True,C00358
CM004619,L00367,Lead,CAM0053,Email Campaign 053,Email,Sent,False,2025-05-21,True,True,L00367
CM004620,L00412,Lead,CAM0053,Email Campaign 053,Email,Sent,False,2025-05-21,True,True,C00358
CM004621,L00486,Lead,CAM0053,Email Campaign 053,Email,Sent,False,2025-05-21,True,False,L00486
CM004622,C00136,Contact,CAM0053,Email Campaign 053,Email,Sent,False,2025-05-21,True,True,C00136
CM004623,C00358,Contact,CAM0053,Email Campaign 053,Email,Sent,False,2025-05-21,True,True,C00358
CM004624,L00367,Lead,CAM0021,Advertisement Campaign 021,Advertisement,Sent,False,2023-09-07,True,True,L00367
CM004625,L00412,Lead,CAM0021,Advertisement Campaign 021,Advertisement,Sent,False,2023-09-07,True,True,C00358
CM004626,L00486,Lead,CAM0021,Advertisement Campaign 021,Advertisement,Sent,False,2023-09-07,True,True,L00486
CM004627,C00136,Contact,CAM0021,Advertisement Campaign 021,Advertisement,Sent,False,2023-09-07,True,True,C00136
CM004628,C00358,Contact,CAM0021,Advertisement Campaign 021,Advertisement,Sent,False,2023-09-07,True,True,C00358
CM004629,L00367,Lead,CAM0019,Webinar Campaign 019,Webinar,Sent,False,2024-07-02,True,False,L00367
CM004630,L00412,Lead,CAM0019,Webinar Campaign 019,Webinar,Sent,False,2024-07-02,True,True,C00358
CM004631,L00486,Lead,CAM0019,Webinar Campaign 019,Webinar,Sent,False,2024-07-02,True,True,L00486
CM004632,C00136,Contact,CAM0019,Webinar Campaign 019,Webinar,Sent,False,2024-07-02,True,True,C00136
CM004633,C00358,Contact,CAM0019,Webinar Campaign 019,Webinar,Sent,False,2024-07-02,True,False,C00358
CM004634,L00324,Lead,CAM0059,Content Syndication Campaign 059,Content Syndication,Sent,False,2026-05-07,False,True,C00174
CM004635,L00567,Lead,CAM0059,Content Syndication Campaign 059,Content Syndication,Sent,False,2026-05-07,False,True,L00567
CM004636,C00395,Contact,CAM0059,Content Syndication Campaign 059,Content Syndication,Sent,False,2026-05-07,False,True,C00395
CM004637,L00183,Lead,CAM0006,Telemarketing Campaign 006,Telemarketing,Responded,True,2023-04-05,False,True,L00183
CM004638,L00367,Lead,CAM0006,Telemarketing Campaign 006,Telemarketing,Responded,True,2023-04-05,False,True,L00367
CM004639,L00412,Lead,CAM0006,Telemarketing Campaign 006,Telemarketing,Responded,True,2023-04-05,False,True,C00358
CM004640,L00486,Lead,CAM0006,Telemarketing Campaign 006,Telemarketing,Responded,True,2023-04-05,False,True,L00486
CM004641,C00358,Contact,CAM0006,Telemarketing Campaign 006,Telemarketing,Responded,True,2023-04-05,False,False,C00358
CM004642,L00567,Lead,CAM0056,Webinar Campaign 056,Webinar,Registered,True,2026-05-03,False,True,L00567
CM004643,C00174,Contact,CAM0056,Webinar Campaign 056,Webinar,Registered,True,2026-05-03,False,True,C00174
CM004644,C00395,Contact,CAM0056,Webinar Campaign 056,Webinar,Registered,True,2026-05-03,False,True,C00395
CM004645,L00567,Lead,CAM0016,Content Syndication Campaign 016,Content Syndication,Clicked,True,2023-09-17,False,True,L00567
CM004646,C00174,Contact,CAM0016,Content Syndication Campaign 016,Content Syndication,Clicked,True,2023-09-17,False,True,C00174
CM004647,C00395,Contact,CAM0016,Content Syndication Campaign 016,Content Syndication,Clicked,True,2023-09-17,False,True,C00395
CM004648,L00567,Lead,CAM0021,Advertisement Campaign 021,Advertisement,Sent,False,2023-08-20,False,True,L00567
CM004649,C00174,Contact,CAM0021,Advertisement Campaign 021,Advertisement,Sent,False,2023-08-20,False,False,C00174
CM004650,C00395,Contact,CAM0021,Advertisement Campaign 021,Advertisement,Sent,False,2023-08-20,False,True,C00395
CM004651,L00066,Lead,CAM0019,Webinar Campaign 019,Webinar,Registered,True,2024-07-04,False,True,C00260
CM004652,L00249,Lead,CAM0019,Webinar Campaign 019,Webinar,Registered,True,2024-07-04,False,True,L00249
CM004653,C00008,Contact,CAM0019,Webinar Campaign 019,Webinar,Registered,True,2024-07-04,False,True,C00008
CM004654,C00218,Contact,CAM0019,Webinar Campaign 019,Webinar,Registered,True,2024-07-04,False,True,C00218
CM004655,C00260,Contact,CAM0019,Webinar Campaign 019,Webinar,Registered,True,2024-07-04,False,True,C00260
CM004656,C00262,Contact,CAM0019,Webinar Campaign 019,Webinar,Registered,True,2024-07-04,False,True,C00262
CM004657,L00066,Lead,CAM0006,Telemarketing Campaign 006,Telemarketing,Responded,True,2023-04-27,False,True,C00260
CM004658,L00249,Lead,CAM0006,Telemarketing Campaign 006,Telemarketing,Responded,True,2023-04-27,False,True,L00249
CM004659,C00008,Contact,CAM0006,Telemarketing Campaign 006,Telemarketing,Responded,True,2023-04-27,False,True,C00008
CM004660,C00218,Contact,CAM0006,Telemarketing Campaign 006,Telemarketing,Responded,True,2023-04-27,False,True,C00218
CM004661,C00260,Contact,CAM0006,Telemarketing Campaign 006,Telemarketing,Responded,True,2023-04-27,False,True,C00260
CM004662,C00262,Contact,CAM0006,Telemarketing Campaign 006,Telemarketing,Responded,True,2023-04-27,False,True,C00262
CM004663,L00034,Lead,CAM0004,Advertisement Campaign 004,Advertisement,Sent,False,2023-12-24,False,True,C00093
CM004664,L00493,Lead,CAM0004,Advertisement Campaign 004,Advertisement,Sent,False,2023-12-24,False,True,C00335
CM004665,C00335,Contact,CAM0004,Advertisement Campaign 004,Advertisement,Sent,False,2023-12-24,False,True,C00335
CM004666,C00336,Contact,CAM0004,Advertisement Campaign 004,Advertisement,Sent,False,2023-12-24,False,True,C00336
CM004667,L00034,Lead,CAM0059,Content Syndication Campaign 059,Content Syndication,Sent,False,2026-04-21,True,True,C00093
CM004668,L00493,Lead,CAM0059,Content Syndication Campaign 059,Content Syndication,Sent,False,2026-04-21,True,True,C00335
CM004669,C00335,Contact,CAM0059,Content Syndication Campaign 059,Content Syndication,Sent,False,2026-04-21,True,True,C00335
CM004670,C00336,Contact,CAM0059,Content Syndication Campaign 059,Content Syndication,Sent,False,2026-04-21,True,True,C00336
CM004671,L00034,Lead,CAM0055,Advertisement Campaign 055,Advertisement,Sent,False,2025-10-08,True,False,C00093
CM004672,L00493,Lead,CAM0055,Advertisement Campaign 055,Advertisement,Sent,False,2025-10-08,True,True,C00335
CM004673,C00335,Contact,CAM0055,Advertisement Campaign 055,Advertisement,Sent,False,2025-10-08,True,True,C00335
CM004674,C00336,Contact,CAM0055,Advertisement Campaign 055,Advertisement,Sent,False,2025-10-08,True,True,C00336
CM004675,L00034,Lead,CAM0053,Email Campaign 053,Email,Sent,False,2025-06-09,True,True,C00093
CM004676,L00493,Lead,CAM0053,Email Campaign 053,Email,Sent,False,2025-06-09,True,True,C00335
CM004677,C00335,Contact,CAM0053,Email Campaign 053,Email,Sent,False,2025-06-09,True,True,C00335
CM004678,C00336,Contact,CAM0053,Email Campaign 053,Email,Sent,False,2025-06-09,True,True,C00336
CM004679,L00034,Lead,CAM0011,Webinar Campaign 011,Webinar,Sent,False,2024-01-04,True,True,C00093
CM004680,L00493,Lead,CAM0011,Webinar Campaign 011,Webinar,Sent,False,2024-01-04,True,True,C00335
CM004681,C00335,Contact,CAM0011,Webinar Campaign 011,Webinar,Sent,False,2024-01-04,True,True,C00335
CM004682,C00336,Contact,CAM0011,Webinar Campaign 011,Webinar,Sent,False,2024-01-04,True,True,C00336
CM004683,L00034,Lead,CAM0043,Webinar Campaign 043,Webinar,Sent,False,2025-10-22,True,True,C00093
CM004684,L00493,Lead,CAM0043,Webinar Campaign 043,Webinar,Sent,False,2025-10-22,True,True,C00335
CM004685,C00335,Contact,CAM0043,Webinar Campaign 043,Webinar,Sent,False,2025-10-22,True,True,C00335
CM004686,C00336,Contact,CAM0043,Webinar Campaign 043,Webinar,Sent,False,2025-10-22,True,True,C00336
CM004687,L00034,Lead,CAM0001,Email Campaign 001,Email,Sent,False,2024-10-18,True,True,C00093
CM004688,L00493,Lead,CAM0001,Email Campaign 001,Email,Sent,False,2024-10-18,True,True,C00335
CM004689,C00335,Contact,CAM0001,Email Campaign 001,Email,Sent,False,2024-10-18,True,True,C00335
CM004690,C00336,Contact,CAM0001,Email Campaign 001,Email,Sent,False,2024-10-18,True,True,C00336
CM004691,L00034,Lead,CAM0044,Event Campaign 044,Event,Sent,False,2025-10-09,True,True,C00093
CM004692,L00493,Lead,CAM0044,Event Campaign 044,Event,Sent,False,2025-10-09,True,True,C00335
CM004693,C00335,Contact,CAM0044,Event Campaign 044,Event,Sent,False,2025-10-09,True,True,C00335
CM004694,C00336,Contact,CAM0044,Event Campaign 044,Event,Sent,False,2025-10-09,True,True,C00336
CM004695,L00014,Lead,CAM0042,Advertisement Campaign 042,Advertisement,Sent,False,2025-11-30,False,True,L00014
CM004696,L00066,Lead,CAM0042,Advertisement Campaign 042,Advertisement,Sent,False,2025-11-30,False,True,C00260
CM004697,L00249,Lead,CAM0042,Advertisement Campaign 042,Advertisement,Sent,False,2025-11-30,False,True,L00249
CM004698,C00008,Contact,CAM0042,Advertisement Campaign 042,Advertisement,Sent,False,2025-11-30,False,True,C00008
CM004699,C00260,Contact,CAM0042,Advertisement Campaign 042,Advertisement,Sent,False,2025-11-30,False,True,C00260
CM004700,C00262,Contact,CAM0042,Advertisement Campaign 042,Advertisement,Sent,False,2025-11-30,False,True,C00262
CM004701,L00014,Lead,CAM0002,Telemarketing Campaign 002,Telemarketing,Clicked,True,2023-03-15,False,False,L00014
CM004702,L00066,Lead,CAM0002,Telemarketing Campaign 002,Telemarketing,Clicked,True,2023-03-15,False,True,C00260
CM004703,L00249,Lead,CAM0002,Telemarketing Campaign 002,Telemarketing,Clicked,True,2023-03-15,False,True,L00249
CM004704,C00008,Contact,CAM0002,Telemarketing Campaign 002,Telemarketing,Clicked,True,2023-03-15,False,True,C00008
CM004705,C00260,Contact,CAM0002,Telemarketing Campaign 002,Telemarketing,Clicked,True,2023-03-15,False,True,C00260
CM004706,C00262,Contact,CAM0002,Telemarketing Campaign 002,Telemarketing,Clicked,True,2023-03-15,False,True,C00262
CM004707,L00183,Lead,CAM0017,Content Syndication Campaign 017,Content Syndication,Sent,False,2023-11-22,True,True,L00183
CM004708,L00367,Lead,CAM0017,Content Syndication Campaign 017,Content Syndication,Sent,False,2023-11-22,True,True,L00367
CM004709,L00412,Lead,CAM0017,Content Syndication Campaign 017,Content Syndication,Sent,False,2023-11-22,True,True,C00358
CM004710,C00136,Contact,CAM0017,Content Syndication Campaign 017,Content Syndication,Sent,False,2023-11-22,True,True,C00136
CM004711,C00358,Contact,CAM0017,Content Syndication Campaign 017,Content Syndication,Sent,False,2023-11-22,True,True,C00358
CM004712,L00183,Lead,CAM0026,Telemarketing Campaign 026,Telemarketing,Sent,False,2023-12-19,True,True,L00183
CM004713,L00367,Lead,CAM0026,Telemarketing Campaign 026,Telemarketing,Sent,False,2023-12-19,True,True,L00367
CM004714,L00412,Lead,CAM0026,Telemarketing Campaign 026,Telemarketing,Sent,False,2023-12-19,True,True,C00358
CM004715,C00136,Contact,CAM0026,Telemarketing Campaign 026,Telemarketing,Sent,False,2023-12-19,True,True,C00136
CM004716,C00358,Contact,CAM0026,Telemarketing Campaign 026,Telemarketing,Sent,False,2023-12-19,True,True,C00358
CM004717,L00183,Lead,CAM0029,Webinar Campaign 029,Webinar,Sent,False,2024-01-20,True,True,L00183
CM004718,L00367,Lead,CAM0029,Webinar Campaign 029,Webinar,Sent,False,2024-01-20,True,True,L00367
CM004719,L00412,Lead,CAM0029,Webinar Campaign 029,Webinar,Sent,False,2024-01-20,True,True,C00358
CM004720,C00136,Contact,CAM0029,Webinar Campaign 029,Webinar,Sent,False,2024-01-20,True,True,C00136
CM004721,C00358,Contact,CAM0029,Webinar Campaign 029,Webinar,Sent,False,2024-01-20,True,True,C00358
CM004722,L00183,Lead,CAM0024,Advertisement Campaign 024,Advertisement,Sent,False,2024-04-02,True,True,L00183
CM004723,L00367,Lead,CAM0024,Advertisement Campaign 024,Advertisement,Sent,False,2024-04-02,True,True,L00367
CM004724,L00412,Lead,CAM0024,Advertisement Campaign 024,Advertisement,Sent,False,2024-04-02,True,False,C00358
CM004725,C00136,Contact,CAM0024,Advertisement Campaign 024,Advertisement,Sent,False,2024-04-02,True,True,C00136
CM004726,C00358,Contact,CAM0024,Advertisement Campaign 024,Advertisement,Sent,False,2024-04-02,True,True,C00358
CM004727,L00183,Lead,CAM0059,Content Syndication Campaign 059,Content Syndication,Sent,False,2026-04-20,True,True,L00183
CM004728,L00367,Lead,CAM0059,Content Syndication Campaign 059,Content Syndication,Sent,False,2026-04-20,True,True,L00367
CM004729,L00412,Lead,CAM0059,Content Syndication Campaign 059,Content Syndication,Sent,False,2026-04-20,True,False,C00358
CM004730,C00136,Contact,CAM0059,Content Syndication Campaign 059,Content Syndication,Sent,False,2026-04-20,True,True,C00136
CM004731,C00358,Contact,CAM0059,Content Syndication Campaign 059,Content Syndication,Sent,False,2026-04-20,True,False,C00358
CM004732,L00183,Lead,CAM0057,Event Campaign 057,Event,Sent,False,2026-05-15,True,True,L00183
CM004733,L00367,Lead,CAM0057,Event Campaign 057,Event,Sent,False,2026-05-15,True,True,L00367
CM004734,L00412,Lead,CAM0057,Event Campaign 057,Event,Sent,False,2026-05-15,True,False,C00358
CM004735,C00136,Contact,CAM0057,Event Campaign 057,Event,Sent,False,2026-05-15,True,True,C00136
CM004736,C00358,Contact,CAM0057,Event Campaign 057,Event,Sent,False,2026-05-15,True,True,C00358
CM004737,L00183,Lead,CAM0060,Event Campaign 060,Event,Sent,False,2026-04-30,True,True,L00183
CM004738,L00367,Lead,CAM0060,Event Campaign 060,Event,Sent,False,2026-04-30,True,True,L00367
CM004739,L00412,Lead,CAM0060,Event Campaign 060,Event,Sent,False,2026-04-30,True,True,C00358
CM004740,C00136,Contact,CAM0060,Event Campaign 060,Event,Sent,False,2026-04-30,True,True,C00136
CM004741,C00358,Contact,CAM0060,Event Campaign 060,Event,Sent,False,2026-04-30,True,True,C00358
CM004742,L00183,Lead,CAM0026,Telemarketing Campaign 026,Telemarketing,Sent,False,2024-01-06,True,True,L00183
CM004743,L00367,Lead,CAM0026,Telemarketing Campaign 026,Telemarketing,Sent,False,2024-01-06,True,True,L00367
CM004744,L00412,Lead,CAM0026,Telemarketing Campaign 026,Telemarketing,Sent,False,2024-01-06,True,True,C00358
CM004745,C00136,Contact,CAM0026,Telemarketing Campaign 026,Telemarketing,Sent,False,2024-01-06,True,True,C00136
CM004746,C00358,Contact,CAM0026,Telemarketing Campaign 026,Telemarketing,Sent,False,2024-01-06,True,True,C00358
CM004747,L00183,Lead,CAM0048,Event Campaign 048,Event,Sent,False,2025-07-31,True,True,L00183
CM004748,L00367,Lead,CAM0048,Event Campaign 048,Event,Sent,False,2025-07-31,True,True,L00367
CM004749,L00412,Lead,CAM0048,Event Campaign 048,Event,Sent,False,2025-07-31,True,False,C00358
CM004750,C00136,Contact,CAM0048,Event Campaign 048,Event,Sent,False,2025-07-31,True,True,C00136
CM004751,C00358,Contact,CAM0048,Event Campaign 048,Event,Sent,False,2025-07-31,True,True,C00358
CM004752,L00183,Lead,CAM0045,Email Campaign 045,Email,Sent,False,2025-04-27,True,True,L00183
CM004753,L00367,Lead,CAM0045,Email Campaign 045,Email,Sent,False,2025-04-27,True,True,L00367
CM004754,L00412,Lead,CAM0045,Email Campaign 045,Email,Sent,False,2025-04-27,True,True,C00358
CM004755,C00136,Contact,CAM0045,Email Campaign 045,Email,Sent,False,2025-04-27,True,True,C00136
CM004756,C00358,Contact,CAM0045,Email Campaign 045,Email,Sent,False,2025-04-27,True,True,C00358
CM004757,L00183,Lead,CAM0048,Event Campaign 048,Event,Attended,True,2025-07-20,False,True,L00183
CM004758,L00367,Lead,CAM0048,Event Campaign 048,Event,Attended,True,2025-07-20,False,True,L00367
CM004759,L00412,Lead,CAM0048,Event Campaign 048,Event,Attended,True,2025-07-20,False,True,C00358
CM004760,C00136,Contact,CAM0048,Event Campaign 048,Event,Attended,True,2025-07-20,False,True,C00136
CM004761,C00358,Contact,CAM0048,Event Campaign 048,Event,Attended,True,2025-07-20,False,True,C00358
CM004762,L00183,Lead,CAM0010,Content Syndication Campaign 010,Content Syndication,Sent,False,2024-05-04,False,True,L00183
CM004763,L00367,Lead,CAM0010,Content Syndication Campaign 010,Content Syndication,Sent,False,2024-05-04,False,True,L00367
CM004764,L00412,Lead,CAM0010,Content Syndication Campaign 010,Content Syndication,Sent,False,2024-05-04,False,True,C00358
CM004765,C00136,Contact,CAM0010,Content Syndication Campaign 010,Content Syndication,Sent,False,2024-05-04,False,True,C00136
CM004766,C00358,Contact,CAM0010,Content Syndication Campaign 010,Content Syndication,Sent,False,2024-05-04,False,True,C00358
CM004767,L00183,Lead,CAM0057,Event Campaign 057,Event,Registered,True,2026-05-28,False,True,L00183
CM004768,L00367,Lead,CAM0057,Event Campaign 057,Event,Registered,True,2026-05-28,False,True,L00367
CM004769,L00412,Lead,CAM0057,Event Campaign 057,Event,Registered,True,2026-05-28,False,True,C00358
CM004770,C00136,Contact,CAM0057,Event Campaign 057,Event,Registered,True,2026-05-28,False,True,C00136
CM004771,C00358,Contact,CAM0057,Event Campaign 057,Event,Registered,True,2026-05-28,False,True,C00358
CM004772,L00183,Lead,CAM0057,Event Campaign 057,Event,Sent,False,2026-05-11,True,True,L00183
CM004773,L00367,Lead,CAM0057,Event Campaign 057,Event,Sent,False,2026-05-11,True,True,L00367
CM004774,L00412,Lead,CAM0057,Event Campaign 057,Event,Sent,False,2026-05-11,True,True,C00358
CM004775,C00136,Contact,CAM0057,Event Campaign 057,Event,Sent,False,2026-05-11,True,True,C00136
CM004776,C00358,Contact,CAM0057,Event Campaign 057,Event,Sent,False,2026-05-11,True,True,C00358
CM004777,L00022,Lead,CAM0006,Telemarketing Campaign 006,Telemarketing,Responded,True,2023-04-22,False,False,L00022
CM004778,L00104,Lead,CAM0006,Telemarketing Campaign 006,Telemarketing,Responded,True,2023-04-22,False,True,L00104
CM004779,C00222,Contact,CAM0006,Telemarketing Campaign 006,Telemarketing,Responded,True,2023-04-22,False,True,C00222
CM004780,L00022,Lead,CAM0047,Advertisement Campaign 047,Advertisement,Sent,False,2025-07-03,False,True,L00022
CM004781,L00104,Lead,CAM0047,Advertisement Campaign 047,Advertisement,Sent,False,2025-07-03,False,True,L00104
CM004782,C00222,Contact,CAM0047,Advertisement Campaign 047,Advertisement,Sent,False,2025-07-03,False,True,C00222
CM004783,L00022,Lead,CAM0006,Telemarketing Campaign 006,Telemarketing,Responded,True,2023-04-22,False,True,L00022
CM004784,L00104,Lead,CAM0006,Telemarketing Campaign 006,Telemarketing,Responded,True,2023-04-22,False,True,L00104
CM004785,C00222,Contact,CAM0006,Telemarketing Campaign 006,Telemarketing,Responded,True,2023-04-22,False,True,C00222
CM004786,L00183,Lead,CAM0040,Webinar Campaign 040,Webinar,Attended,True,2023-12-16,False,True,L00183
CM004787,L00412,Lead,CAM0040,Webinar Campaign 040,Webinar,Attended,True,2023-12-16,False,True,C00358
CM004788,L00486,Lead,CAM0040,Webinar Campaign 040,Webinar,Attended,True,2023-12-16,False,True,L00486
CM004789,C00136,Contact,CAM0040,Webinar Campaign 040,Webinar,Attended,True,2023-12-16,False,False,C00136
CM004790,C00358,Contact,CAM0040,Webinar Campaign 040,Webinar,Attended,True,2023-12-16,False,True,C00358
CM004791,L00183,Lead,CAM0008,Email Campaign 008,Email,Sent,False,2023-04-25,True,True,L00183
CM004792,L00412,Lead,CAM0008,Email Campaign 008,Email,Sent,False,2023-04-25,True,True,C00358
CM004793,L00486,Lead,CAM0008,Email Campaign 008,Email,Sent,False,2023-04-25,True,False,L00486
CM004794,C00136,Contact,CAM0008,Email Campaign 008,Email,Sent,False,2023-04-25,True,True,C00136
CM004795,C00358,Contact,CAM0008,Email Campaign 008,Email,Sent,False,2023-04-25,True,True,C00358
CM004796,L00183,Lead,CAM0036,Advertisement Campaign 036,Advertisement,Sent,False,2024-09-10,True,True,L00183
CM004797,L00412,Lead,CAM0036,Advertisement Campaign 036,Advertisement,Sent,False,2024-09-10,True,True,C00358
CM004798,L00486,Lead,CAM0036,Advertisement Campaign 036,Advertisement,Sent,False,2024-09-10,True,True,L00486
CM004799,C00136,Contact,CAM0036,Advertisement Campaign 036,Advertisement,Sent,False,2024-09-10,True,False,C00136
CM004800,C00358,Contact,CAM0036,Advertisement Campaign 036,Advertisement,Sent,False,2024-09-10,True,True,C00358
CM004801,L00183,Lead,CAM0011,Webinar Campaign 011,Webinar,Sent,False,2024-01-04,True,True,L00183
CM004802,L00412,Lead,CAM0011,Webinar Campaign 011,Webinar,Sent,False,2024-01-04,True,True,C00358
CM004803,L00486,Lead,CAM0011,Webinar Campaign 011,Webinar,Sent,False,2024-01-04,True,True,L00486
CM004804,C00136,Contact,CAM0011,Webinar Campaign 011,Webinar,Sent,False,2024-01-04,True,True,C00136
CM004805,C00358,Contact,CAM0011,Webinar Campaign 011,Webinar,Sent,False,2024-01-04,True,True,C00358
CM004806,L00183,Lead,CAM0054,Email Campaign 054,Email,Sent,False,2025-12-27,True,True,L00183
CM004807,L00412,Lead,CAM0054,Email Campaign 054,Email,Sent,False,2025-12-27,True,True,C00358
CM004808,L00486,Lead,CAM0054,Email Campaign 054,Email,Sent,False,2025-12-27,True,True,L00486
CM004809,C00136,Contact,CAM0054,Email Campaign 054,Email,Sent,False,2025-12-27,True,True,C00136
CM004810,C00358,Contact,CAM0054,Email Campaign 054,Email,Sent,False,2025-12-27,True,True,C00358
CM004811,L00183,Lead,CAM0028,Telemarketing Campaign 028,Telemarketing,Sent,False,2024-12-18,True,True,L00183
CM004812,L00412,Lead,CAM0028,Telemarketing Campaign 028,Telemarketing,Sent,False,2024-12-18,True,True,C00358
CM004813,L00486,Lead,CAM0028,Telemarketing Campaign 028,Telemarketing,Sent,False,2024-12-18,True,True,L00486
CM004814,C00136,Contact,CAM0028,Telemarketing Campaign 028,Telemarketing,Sent,False,2024-12-18,True,True,C00136
CM004815,C00358,Contact,CAM0028,Telemarketing Campaign 028,Telemarketing,Sent,False,2024-12-18,True,True,C00358
CM004816,L00183,Lead,CAM0001,Email Campaign 001,Email,Sent,False,2024-10-31,True,True,L00183
CM004817,L00412,Lead,CAM0001,Email Campaign 001,Email,Sent,False,2024-10-31,True,True,C00358
CM004818,L00486,Lead,CAM0001,Email Campaign 001,Email,Sent,False,2024-10-31,True,True,L00486
CM004819,C00136,Contact,CAM0001,Email Campaign 001,Email,Sent,False,2024-10-31,True,True,C00136
CM004820,C00358,Contact,CAM0001,Email Campaign 001,Email,Sent,False,2024-10-31,True,True,C00358
CM004821,L00183,Lead,CAM0004,Advertisement Campaign 004,Advertisement,Sent,False,2023-12-11,True,True,L00183
CM004822,L00412,Lead,CAM0004,Advertisement Campaign 004,Advertisement,Sent,False,2023-12-11,True,True,C00358
CM004823,L00486,Lead,CAM0004,Advertisement Campaign 004,Advertisement,Sent,False,2023-12-11,True,True,L00486
CM004824,C00136,Contact,CAM0004,Advertisement Campaign 004,Advertisement,Sent,False,2023-12-11,True,True,C00136
CM004825,C00358,Contact,CAM0004,Advertisement Campaign 004,Advertisement,Sent,False,2023-12-11,True,True,C00358
CM004826,L00183,Lead,CAM0033,Advertisement Campaign 033,Advertisement,Sent,False,2023-03-30,True,True,L00183
CM004827,L00412,Lead,CAM0033,Advertisement Campaign 033,Advertisement,Sent,False,2023-03-30,True,True,C00358
CM004828,L00486,Lead,CAM0033,Advertisement Campaign 033,Advertisement,Sent,False,2023-03-30,True,True,L00486
CM004829,C00136,Contact,CAM0033,Advertisement Campaign 033,Advertisement,Sent,False,2023-03-30,True,False,C00136
CM004830,C00358,Contact,CAM0033,Advertisement Campaign 033,Advertisement,Sent,False,2023-03-30,True,True,C00358
CM004831,L00183,Lead,CAM0032,Webinar Campaign 032,Webinar,Sent,False,2023-05-27,True,False,L00183
CM004832,L00412,Lead,CAM0032,Webinar Campaign 032,Webinar,Sent,False,2023-05-27,True,True,C00358
CM004833,L00486,Lead,CAM0032,Webinar Campaign 032,Webinar,Sent,False,2023-05-27,True,False,L00486
CM004834,C00136,Contact,CAM0032,Webinar Campaign 032,Webinar,Sent,False,2023-05-27,True,False,C00136
CM004835,C00358,Contact,CAM0032,Webinar Campaign 032,Webinar,Sent,False,2023-05-27,True,True,C00358
CM004836,L00183,Lead,CAM0020,Event Campaign 020,Event,Sent,False,2023-12-21,True,True,L00183
CM004837,L00412,Lead,CAM0020,Event Campaign 020,Event,Sent,False,2023-12-21,True,True,C00358
CM004838,L00486,Lead,CAM0020,Event Campaign 020,Event,Sent,False,2023-12-21,True,True,L00486
CM004839,C00136,Contact,CAM0020,Event Campaign 020,Event,Sent,False,2023-12-21,True,True,C00136
CM004840,C00358,Contact,CAM0020,Event Campaign 020,Event,Sent,False,2023-12-21,True,True,C00358
CM004841,L00183,Lead,CAM0037,Email Campaign 037,Email,Sent,False,2024-03-27,True,True,L00183
CM004842,L00412,Lead,CAM0037,Email Campaign 037,Email,Sent,False,2024-03-27,True,True,C00358
CM004843,L00486,Lead,CAM0037,Email Campaign 037,Email,Sent,False,2024-03-27,True,True,L00486
CM004844,C00136,Contact,CAM0037,Email Campaign 037,Email,Sent,False,2024-03-27,True,True,C00136
CM004845,C00358,Contact,CAM0037,Email Campaign 037,Email,Sent,False,2024-03-27,True,True,C00358
CM004846,L00183,Lead,CAM0048,Event Campaign 048,Event,Sent,False,2025-08-03,True,True,L00183
CM004847,L00412,Lead,CAM0048,Event Campaign 048,Event,Sent,False,2025-08-03,True,True,C00358
CM004848,L00486,Lead,CAM0048,Event Campaign 048,Event,Sent,False,2025-08-03,True,True,L00486
CM004849,C00136,Contact,CAM0048,Event Campaign 048,Event,Sent,False,2025-08-03,True,True,C00136
CM004850,C00358,Contact,CAM0048,Event Campaign 048,Event,Sent,False,2025-08-03,True,True,C00358
CM004851,L00022,Lead,CAM0056,Webinar Campaign 056,Webinar,Registered,True,2026-04-30,False,True,L00022
CM004852,L00383,Lead,CAM0056,Webinar Campaign 056,Webinar,Registered,True,2026-04-30,False,False,L00383
CM004853,C00222,Contact,CAM0056,Webinar Campaign 056,Webinar,Registered,True,2026-04-30,False,True,C00222
CM004854,L00022,Lead,CAM0045,Email Campaign 045,Email,Responded,True,2025-05-10,False,True,L00022
CM004855,L00383,Lead,CAM0045,Email Campaign 045,Email,Responded,True,2025-05-10,False,False,L00383
CM004856,C00222,Contact,CAM0045,Email Campaign 045,Email,Responded,True,2025-05-10,False,True,C00222
CM004857,L00022,Lead,CAM0019,Webinar Campaign 019,Webinar,Registered,True,2024-06-16,False,True,L00022
CM004858,L00383,Lead,CAM0019,Webinar Campaign 019,Webinar,Registered,True,2024-06-16,False,True,L00383
CM004859,C00222,Contact,CAM0019,Webinar Campaign 019,Webinar,Registered,True,2024-06-16,False,True,C00222
CM004860,L00324,Lead,CAM0057,Event Campaign 057,Event,Attended,True,2026-05-07,False,True,C00174
CM004861,C00174,Contact,CAM0057,Event Campaign 057,Event,Attended,True,2026-05-07,False,True,C00174
CM004862,C00395,Contact,CAM0057,Event Campaign 057,Event,Attended,True,2026-05-07,False,False,C00395
CM004863,L00324,Lead,CAM0006,Telemarketing Campaign 006,Telemarketing,Clicked,True,2023-04-14,False,True,C00174
CM004864,C00174,Contact,CAM0006,Telemarketing Campaign 006,Telemarketing,Clicked,True,2023-04-14,False,True,C00174
CM004865,C00395,Contact,CAM0006,Telemarketing Campaign 006,Telemarketing,Clicked,True,2023-04-14,False,True,C00395
CM004866,L00324,Lead,CAM0006,Telemarketing Campaign 006,Telemarketing,Clicked,True,2023-04-07,False,True,C00174
CM004867,C00174,Contact,CAM0006,Telemarketing Campaign 006,Telemarketing,Clicked,True,2023-04-07,False,False,C00174
CM004868,C00395,Contact,CAM0006,Telemarketing Campaign 006,Telemarketing,Clicked,True,2023-04-07,False,False,C00395
CM004869,L00324,Lead,CAM0015,Advertisement Campaign 015,Advertisement,Sent,False,2024-04-27,False,True,C00174
CM004870,C00174,Contact,CAM0015,Advertisement Campaign 015,Advertisement,Sent,False,2024-04-27,False,True,C00174
CM004871,C00395,Contact,CAM0015,Advertisement Campaign 015,Advertisement,Sent,False,2024-04-27,False,True,C00395
CM004872,L00149,Lead,CAM0041,Email Campaign 041,Email,Responded,True,2025-05-08,False,True,L00149
CM004873,L00222,Lead,CAM0041,Email Campaign 041,Email,Responded,True,2025-05-08,False,True,L00222
CM004874,L00501,Lead,CAM0041,Email Campaign 041,Email,Responded,True,2025-05-08,False,True,C00118
CM004875,L00515,Lead,CAM0041,Email Campaign 041,Email,Responded,True,2025-05-08,False,True,L00515
CM004876,C00059,Contact,CAM0041,Email Campaign 041,Email,Responded,True,2025-05-08,False,True,C00059
CM004877,C00118,Contact,CAM0041,Email Campaign 041,Email,Responded,True,2025-05-08,False,True,C00118
CM004878,L00183,Lead,CAM0030,Event Campaign 030,Event,Sent,False,2023-09-19,True,True,L00183
CM004879,L00367,Lead,CAM0030,Event Campaign 030,Event,Sent,False,2023-09-19,True,True,L00367
CM004880,L00412,Lead,CAM0030,Event Campaign 030,Event,Sent,False,2023-09-19,True,True,C00358
CM004881,L00486,Lead,CAM0030,Event Campaign 030,Event,Sent,False,2023-09-19,True,True,L00486
CM004882,C00136,Contact,CAM0030,Event Campaign 030,Event,Sent,False,2023-09-19,True,False,C00136
CM004883,L00183,Lead,CAM0048,Event Campaign 048,Event,Sent,False,2025-07-29,True,True,L00183
CM004884,L00367,Lead,CAM0048,Event Campaign 048,Event,Sent,False,2025-07-29,True,True,L00367
CM004885,L00412,Lead,CAM0048,Event Campaign 048,Event,Sent,False,2025-07-29,True,True,C00358
CM004886,L00486,Lead,CAM0048,Event Campaign 048,Event,Sent,False,2025-07-29,True,True,L00486
CM004887,C00136,Contact,CAM0048,Event Campaign 048,Event,Sent,False,2025-07-29,True,True,C00136
CM004888,L00183,Lead,CAM0007,Advertisement Campaign 007,Advertisement,Sent,False,2023-12-06,True,False,L00183
CM004889,L00367,Lead,CAM0007,Advertisement Campaign 007,Advertisement,Sent,False,2023-12-06,True,False,L00367
CM004890,L00412,Lead,CAM0007,Advertisement Campaign 007,Advertisement,Sent,False,2023-12-06,True,True,C00358
CM004891,L00486,Lead,CAM0007,Advertisement Campaign 007,Advertisement,Sent,False,2023-12-06,True,True,L00486
CM004892,C00136,Contact,CAM0007,Advertisement Campaign 007,Advertisement,Sent,False,2023-12-06,True,True,C00136
CM004893,L00183,Lead,CAM0015,Advertisement Campaign 015,Advertisement,Sent,False,2024-04-23,True,True,L00183
CM004894,L00367,Lead,CAM0015,Advertisement Campaign 015,Advertisement,Sent,False,2024-04-23,True,True,L00367
CM004895,L00412,Lead,CAM0015,Advertisement Campaign 015,Advertisement,Sent,False,2024-04-23,True,True,C00358
CM004896,L00486,Lead,CAM0015,Advertisement Campaign 015,Advertisement,Sent,False,2024-04-23,True,True,L00486
CM004897,C00136,Contact,CAM0015,Advertisement Campaign 015,Advertisement,Sent,False,2024-04-23,True,True,C00136
CM004898,L00183,Lead,CAM0010,Content Syndication Campaign 010,Content Syndication,Sent,False,2024-04-17,True,False,L00183
CM004899,L00367,Lead,CAM0010,Content Syndication Campaign 010,Content Syndication,Sent,False,2024-04-17,True,True,L00367
CM004900,L00412,Lead,CAM0010,Content Syndication Campaign 010,Content Syndication,Sent,False,2024-04-17,True,False,C00358
CM004901,L00486,Lead,CAM0010,Content Syndication Campaign 010,Content Syndication,Sent,False,2024-04-17,True,True,L00486
CM004902,C00136,Contact,CAM0010,Content Syndication Campaign 010,Content Syndication,Sent,False,2024-04-17,True,False,C00136
CM004903,L00183,Lead,CAM0030,Event Campaign 030,Event,No Show,True,2023-09-26,False,True,L00183
CM004904,L00367,Lead,CAM0030,Event Campaign 030,Event,No Show,True,2023-09-26,False,False,L00367
CM004905,L00412,Lead,CAM0030,Event Campaign 030,Event,No Show,True,2023-09-26,False,True,C00358
CM004906,L00486,Lead,CAM0030,Event Campaign 030,Event,No Show,True,2023-09-26,False,True,L00486
CM004907,C00136,Contact,CAM0030,Event Campaign 030,Event,No Show,True,2023-09-26,False,True,C00136
CM004908,L00149,Lead,CAM0023,Webinar Campaign 023,Webinar,No Show,True,2024-05-05,False,True,L00149
CM004909,L00222,Lead,CAM0023,Webinar Campaign 023,Webinar,No Show,True,2024-05-05,False,True,L00222
CM004910,L00341,Lead,CAM0023,Webinar Campaign 023,Webinar,No Show,True,2024-05-05,False,True,C00059
CM004911,L00501,Lead,CAM0023,Webinar Campaign 023,Webinar,No Show,True,2024-05-05,False,True,C00118
CM004912,L00515,Lead,CAM0023,Webinar Campaign 023,Webinar,No Show,True,2024-05-05,False,True,L00515
CM004913,C00059,Contact,CAM0023,Webinar Campaign 023,Webinar,No Show,True,2024-05-05,False,True,C00059
CM004914,L00149,Lead,CAM0025,Event Campaign 025,Event,No Show,True,2023-03-24,False,True,L00149
CM004915,L00222,Lead,CAM0025,Event Campaign 025,Event,No Show,True,2023-03-24,False,True,L00222
CM004916,L00341,Lead,CAM0025,Event Campaign 025,Event,No Show,True,2023-03-24,False,True,C00059
CM004917,L00501,Lead,CAM0025,Event Campaign 025,Event,No Show,True,2023-03-24,False,True,C00118
CM004918,L00515,Lead,CAM0025,Event Campaign 025,Event,No Show,True,2023-03-24,False,True,L00515
CM004919,C00059,Contact,CAM0025,Event Campaign 025,Event,No Show,True,2023-03-24,False,True,C00059
CM004920,L00112,Lead,CAM0045,Email Campaign 045,Email,Sent,False,2025-04-22,True,True,L00112
CM004921,L00591,Lead,CAM0045,Email Campaign 045,Email,Sent,False,2025-04-22,True,True,L00591
CM004922,L00183,Lead,CAM0059,Content Syndication Campaign 059,Content Syndication,Sent,False,2026-04-15,True,True,L00183
CM004923,L00367,Lead,CAM0059,Content Syndication Campaign 059,Content Syndication,Sent,False,2026-04-15,True,True,L00367
CM004924,L00486,Lead,CAM0059,Content Syndication Campaign 059,Content Syndication,Sent,False,2026-04-15,True,False,L00486
CM004925,C00136,Contact,CAM0059,Content Syndication Campaign 059,Content Syndication,Sent,False,2026-04-15,True,True,C00136
CM004926,C00358,Contact,CAM0059,Content Syndication Campaign 059,Content Syndication,Sent,False,2026-04-15,True,True,C00358
CM004927,L00183,Lead,CAM0006,Telemarketing Campaign 006,Telemarketing,Sent,False,2023-04-10,True,True,L00183
CM004928,L00367,Lead,CAM0006,Telemarketing Campaign 006,Telemarketing,Sent,False,2023-04-10,True,True,L00367
CM004929,L00486,Lead,CAM0006,Telemarketing Campaign 006,Telemarketing,Sent,False,2023-04-10,True,True,L00486
CM004930,C00136,Contact,CAM0006,Telemarketing Campaign 006,Telemarketing,Sent,False,2023-04-10,True,True,C00136
CM004931,C00358,Contact,CAM0006,Telemarketing Campaign 006,Telemarketing,Sent,False,2023-04-10,True,True,C00358
CM004932,L00183,Lead,CAM0056,Webinar Campaign 056,Webinar,Sent,False,2026-04-26,True,True,L00183
CM004933,L00367,Lead,CAM0056,Webinar Campaign 056,Webinar,Sent,False,2026-04-26,True,True,L00367
CM004934,L00486,Lead,CAM0056,Webinar Campaign 056,Webinar,Sent,False,2026-04-26,True,True,L00486
CM004935,C00136,Contact,CAM0056,Webinar Campaign 056,Webinar,Sent,False,2026-04-26,True,False,C00136
CM004936,C00358,Contact,CAM0056,Webinar Campaign 056,Webinar,Sent,False,2026-04-26,True,True,C00358
CM004937,L00183,Lead,CAM0055,Advertisement Campaign 055,Advertisement,Sent,False,2025-10-05,False,True,L00183
CM004938,L00367,Lead,CAM0055,Advertisement Campaign 055,Advertisement,Sent,False,2025-10-05,False,True,L00367
CM004939,L00486,Lead,CAM0055,Advertisement Campaign 055,Advertisement,Sent,False,2025-10-05,False,False,L00486
CM004940,C00136,Contact,CAM0055,Advertisement Campaign 055,Advertisement,Sent,False,2025-10-05,False,True,C00136
CM004941,C00358,Contact,CAM0055,Advertisement Campaign 055,Advertisement,Sent,False,2025-10-05,False,True,C00358
CM004942,L00183,Lead,CAM0023,Webinar Campaign 023,Webinar,Sent,False,2024-05-20,True,True,L00183
CM004943,L00367,Lead,CAM0023,Webinar Campaign 023,Webinar,Sent,False,2024-05-20,True,True,L00367
CM004944,L00486,Lead,CAM0023,Webinar Campaign 023,Webinar,Sent,False,2024-05-20,True,True,L00486
CM004945,C00136,Contact,CAM0023,Webinar Campaign 023,Webinar,Sent,False,2024-05-20,True,True,C00136
CM004946,C00358,Contact,CAM0023,Webinar Campaign 023,Webinar,Sent,False,2024-05-20,True,True,C00358
CM004947,L00183,Lead,CAM0009,Webinar Campaign 009,Webinar,Sent,False,2024-08-12,True,True,L00183
CM004948,L00367,Lead,CAM0009,Webinar Campaign 009,Webinar,Sent,False,2024-08-12,True,True,L00367
CM004949,L00486,Lead,CAM0009,Webinar Campaign 009,Webinar,Sent,False,2024-08-12,True,True,L00486
CM004950,C00136,Contact,CAM0009,Webinar Campaign 009,Webinar,Sent,False,2024-08-12,True,True,C00136
CM004951,C00358,Contact,CAM0009,Webinar Campaign 009,Webinar,Sent,False,2024-08-12,True,True,C00358
CM004952,L00183,Lead,CAM0014,Content Syndication Campaign 014,Content Syndication,Sent,False,2024-11-27,True,True,L00183
CM004953,L00367,Lead,CAM0014,Content Syndication Campaign 014,Content Syndication,Sent,False,2024-11-27,True,False,L00367
CM004954,L00486,Lead,CAM0014,Content Syndication Campaign 014,Content Syndication,Sent,False,2024-11-27,True,False,L00486
CM004955,C00136,Contact,CAM0014,Content Syndication Campaign 014,Content Syndication,Sent,False,2024-11-27,True,True,C00136
CM004956,C00358,Contact,CAM0014,Content Syndication Campaign 014,Content Syndication,Sent,False,2024-11-27,True,True,C00358
CM004957,L00183,Lead,CAM0057,Event Campaign 057,Event,Sent,False,2026-05-29,True,True,L00183
CM004958,L00367,Lead,CAM0057,Event Campaign 057,Event,Sent,False,2026-05-29,True,True,L00367
CM004959,L00486,Lead,CAM0057,Event Campaign 057,Event,Sent,False,2026-05-29,True,True,L00486
CM004960,C00136,Contact,CAM0057,Event Campaign 057,Event,Sent,False,2026-05-29,True,True,C00136
CM004961,C00358,Contact,CAM0057,Event Campaign 057,Event,Sent,False,2026-05-29,True,True,C00358
CM004962,L00183,Lead,CAM0001,Email Campaign 001,Email,Sent,False,2024-10-09,True,False,L00183
CM004963,L00367,Lead,CAM0001,Email Campaign 001,Email,Sent,False,2024-10-09,True,True,L00367
CM004964,L00486,Lead,CAM0001,Email Campaign 001,Email,Sent,False,2024-10-09,True,True,L00486
CM004965,C00136,Contact,CAM0001,Email Campaign 001,Email,Sent,False,2024-10-09,True,True,C00136
CM004966,C00358,Contact,CAM0001,Email Campaign 001,Email,Sent,False,2024-10-09,True,True,C00358
CM004967,L00183,Lead,CAM0006,Telemarketing Campaign 006,Telemarketing,Sent,False,2023-04-15,True,False,L00183
CM004968,L00367,Lead,CAM0006,Telemarketing Campaign 006,Telemarketing,Sent,False,2023-04-15,True,True,L00367
CM004969,L00486,Lead,CAM0006,Telemarketing Campaign 006,Telemarketing,Sent,False,2023-04-15,True,True,L00486
CM004970,C00136,Contact,CAM0006,Telemarketing Campaign 006,Telemarketing,Sent,False,2023-04-15,True,True,C00136
CM004971,C00358,Contact,CAM0006,Telemarketing Campaign 006,Telemarketing,Sent,False,2023-04-15,True,True,C00358
CM004972,L00366,Lead,CAM0034,Webinar Campaign 034,Webinar,Sent,False,2024-06-04,True,True,C00380
CM004973,L00431,Lead,CAM0034,Webinar Campaign 034,Webinar,Sent,False,2024-06-04,True,True,L00431
CM004974,L00464,Lead,CAM0034,Webinar Campaign 034,Webinar,Sent,False,2024-06-04,True,True,L00464
CM004975,L00366,Lead,CAM0006,Telemarketing Campaign 006,Telemarketing,Sent,False,2023-04-28,True,True,C00380
CM004976,L00431,Lead,CAM0006,Telemarketing Campaign 006,Telemarketing,Sent,False,2023-04-28,True,True,L00431
CM004977,L00464,Lead,CAM0006,Telemarketing Campaign 006,Telemarketing,Sent,False,2023-04-28,True,True,L00464
CM004978,L00366,Lead,CAM0008,Email Campaign 008,Email,Sent,False,2023-05-04,True,True,C00380
CM004979,L00431,Lead,CAM0008,Email Campaign 008,Email,Sent,False,2023-05-04,True,True,L00431
CM004980,L00464,Lead,CAM0008,Email Campaign 008,Email,Sent,False,2023-05-04,True,True,L00464
CM004981,L00366,Lead,CAM0016,Content Syndication Campaign 016,Content Syndication,Sent,False,2023-09-10,True,True,C00380
CM004982,L00431,Lead,CAM0016,Content Syndication Campaign 016,Content Syndication,Sent,False,2023-09-10,True,True,L00431
CM004983,L00464,Lead,CAM0016,Content Syndication Campaign 016,Content Syndication,Sent,False,2023-09-10,True,True,L00464
CM004984,L00366,Lead,CAM0016,Content Syndication Campaign 016,Content Syndication,Clicked,True,2023-08-31,False,False,C00380
CM004985,L00431,Lead,CAM0016,Content Syndication Campaign 016,Content Syndication,Clicked,True,2023-08-31,False,True,L00431
CM004986,L00464,Lead,CAM0016,Content Syndication Campaign 016,Content Syndication,Clicked,True,2023-08-31,False,True,L00464
CM004987,L00366,Lead,CAM0007,Advertisement Campaign 007,Advertisement,Sent,False,2023-11-26,True,False,C00380
CM004988,L00431,Lead,CAM0007,Advertisement Campaign 007,Advertisement,Sent,False,2023-11-26,True,True,L00431
CM004989,L00464,Lead,CAM0007,Advertisement Campaign 007,Advertisement,Sent,False,2023-11-26,True,True,L00464
CM004990,L00366,Lead,CAM0023,Webinar Campaign 023,Webinar,Sent,False,2024-05-06,True,True,C00380
CM004991,L00431,Lead,CAM0023,Webinar Campaign 023,Webinar,Sent,False,2024-05-06,True,True,L00431
CM004992,L00464,Lead,CAM0023,Webinar Campaign 023,Webinar,Sent,False,2024-05-06,True,True,L00464
CM004993,L00366,Lead,CAM0033,Advertisement Campaign 033,Advertisement,Sent,False,2023-04-05,True,True,C00380
CM004994,L00431,Lead,CAM0033,Advertisement Campaign 033,Advertisement,Sent,False,2023-04-05,True,True,L00431
CM004995,L00464,Lead,CAM0033,Advertisement Campaign 033,Advertisement,Sent,False,2023-04-05,True,True,L00464
CM004996,L00366,Lead,CAM0019,Webinar Campaign 019,Webinar,Sent,False,2024-06-10,True,False,C00380
CM004997,L00431,Lead,CAM0019,Webinar Campaign 019,Webinar,Sent,False,2024-06-10,True,True,L00431
CM004998,L00464,Lead,CAM0019,Webinar Campaign 019,Webinar,Sent,False,2024-06-10,True,True,L00464
CM004999,L00366,Lead,CAM0041,Email Campaign 041,Email,Sent,False,2025-05-11,True,True,C00380
CM005000,L00431,Lead,CAM0041,Email Campaign 041,Email,Sent,False,2025-05-11,True,True,L00431
CM005001,L00464,Lead,CAM0041,Email Campaign 041,Email,Sent,False,2025-05-11,True,True,L00464
CM005002,L00366,Lead,CAM0043,Webinar Campaign 043,Webinar,No Show,True,2025-10-15,False,True,C00380
CM005003,L00431,Lead,CAM0043,Webinar Campaign 043,Webinar,No Show,True,2025-10-15,False,True,L00431
CM005004,L00464,Lead,CAM0043,Webinar Campaign 043,Webinar,No Show,True,2025-10-15,False,True,L00464
CM005005,L00366,Lead,CAM0024,Advertisement Campaign 024,Advertisement,Sent,False,2024-03-27,True,True,C00380
CM005006,L00431,Lead,CAM0024,Advertisement Campaign 024,Advertisement,Sent,False,2024-03-27,True,True,L00431
CM005007,L00464,Lead,CAM0024,Advertisement Campaign 024,Advertisement,Sent,False,2024-03-27,True,True,L00464
CM005008,L00366,Lead,CAM0005,Telemarketing Campaign 005,Telemarketing,Sent,False,2024-08-30,True,False,C00380
CM005009,L00431,Lead,CAM0005,Telemarketing Campaign 005,Telemarketing,Sent,False,2024-08-30,True,True,L00431
CM005010,L00464,Lead,CAM0005,Telemarketing Campaign 005,Telemarketing,Sent,False,2024-08-30,True,True,L00464
CM005011,L00366,Lead,CAM0019,Webinar Campaign 019,Webinar,Sent,False,2024-06-30,True,True,C00380
CM005012,L00431,Lead,CAM0019,Webinar Campaign 019,Webinar,Sent,False,2024-06-30,True,True,L00431
CM005013,L00464,Lead,CAM0019,Webinar Campaign 019,Webinar,Sent,False,2024-06-30,True,True,L00464
CM005014,L00366,Lead,CAM0037,Email Campaign 037,Email,Sent,False,2024-03-03,True,False,C00380
CM005015,L00431,Lead,CAM0037,Email Campaign 037,Email,Sent,False,2024-03-03,True,True,L00431
CM005016,L00464,Lead,CAM0037,Email Campaign 037,Email,Sent,False,2024-03-03,True,True,L00464
CM005017,L00366,Lead,CAM0024,Advertisement Campaign 024,Advertisement,Sent,False,2024-03-21,False,True,C00380
CM005018,L00431,Lead,CAM0024,Advertisement Campaign 024,Advertisement,Sent,False,2024-03-21,False,True,L00431
CM005019,L00464,Lead,CAM0024,Advertisement Campaign 024,Advertisement,Sent,False,2024-03-21,False,True,L00464
CM005020,L00366,Lead,CAM0035,Event Campaign 035,Event,Sent,False,2025-01-03,True,True,C00380
CM005021,L00431,Lead,CAM0035,Event Campaign 035,Event,Sent,False,2025-01-03,True,True,L00431
CM005022,L00464,Lead,CAM0035,Event Campaign 035,Event,Sent,False,2025-01-03,True,True,L00464
CM005023,L00149,Lead,CAM0029,Webinar Campaign 029,Webinar,Sent,False,2024-02-13,True,True,L00149
CM005024,L00222,Lead,CAM0029,Webinar Campaign 029,Webinar,Sent,False,2024-02-13,True,False,L00222
CM005025,L00341,Lead,CAM0029,Webinar Campaign 029,Webinar,Sent,False,2024-02-13,True,True,C00059
CM005026,L00501,Lead,CAM0029,Webinar Campaign 029,Webinar,Sent,False,2024-02-13,True,True,C00118
CM005027,C00059,Contact,CAM0029,Webinar Campaign 029,Webinar,Sent,False,2024-02-13,True,True,C00059
CM005028,C00118,Contact,CAM0029,Webinar Campaign 029,Webinar,Sent,False,2024-02-13,True,False,C00118
CM005029,L00149,Lead,CAM0047,Advertisement Campaign 047,Advertisement,Sent,False,2025-06-15,True,True,L00149
CM005030,L00222,Lead,CAM0047,Advertisement Campaign 047,Advertisement,Sent,False,2025-06-15,True,True,L00222
CM005031,L00341,Lead,CAM0047,Advertisement Campaign 047,Advertisement,Sent,False,2025-06-15,True,True,C00059
CM005032,L00501,Lead,CAM0047,Advertisement Campaign 047,Advertisement,Sent,False,2025-06-15,True,True,C00118
CM005033,C00059,Contact,CAM0047,Advertisement Campaign 047,Advertisement,Sent,False,2025-06-15,True,True,C00059
CM005034,C00118,Contact,CAM0047,Advertisement Campaign 047,Advertisement,Sent,False,2025-06-15,True,True,C00118
CM005035,L00149,Lead,CAM0048,Event Campaign 048,Event,Sent,False,2025-07-25,True,True,L00149
CM005036,L00222,Lead,CAM0048,Event Campaign 048,Event,Sent,False,2025-07-25,True,True,L00222
CM005037,L00341,Lead,CAM0048,Event Campaign 048,Event,Sent,False,2025-07-25,True,True,C00059
CM005038,L00501,Lead,CAM0048,Event Campaign 048,Event,Sent,False,2025-07-25,True,True,C00118
CM005039,C00059,Contact,CAM0048,Event Campaign 048,Event,Sent,False,2025-07-25,True,True,C00059
CM005040,C00118,Contact,CAM0048,Event Campaign 048,Event,Sent,False,2025-07-25,True,True,C00118
CM005041,L00149,Lead,CAM0046,Webinar Campaign 046,Webinar,Sent,False,2026-01-17,True,True,L00149
CM005042,L00222,Lead,CAM0046,Webinar Campaign 046,Webinar,Sent,False,2026-01-17,True,True,L00222
CM005043,L00341,Lead,CAM0046,Webinar Campaign 046,Webinar,Sent,False,2026-01-17,True,True,C00059
CM005044,L00501,Lead,CAM0046,Webinar Campaign 046,Webinar,Sent,False,2026-01-17,True,True,C00118
CM005045,C00059,Contact,CAM0046,Webinar Campaign 046,Webinar,Sent,False,2026-01-17,True,True,C00059
CM005046,C00118,Contact,CAM0046,Webinar Campaign 046,Webinar,Sent,False,2026-01-17,True,True,C00118
CM005047,L00149,Lead,CAM0049,Webinar Campaign 049,Webinar,Sent,False,2025-10-31,True,True,L00149
CM005048,L00222,Lead,CAM0049,Webinar Campaign 049,Webinar,Sent,False,2025-10-31,True,True,L00222
CM005049,L00341,Lead,CAM0049,Webinar Campaign 049,Webinar,Sent,False,2025-10-31,True,True,C00059
CM005050,L00501,Lead,CAM0049,Webinar Campaign 049,Webinar,Sent,False,2025-10-31,True,True,C00118
CM005051,C00059,Contact,CAM0049,Webinar Campaign 049,Webinar,Sent,False,2025-10-31,True,True,C00059
CM005052,C00118,Contact,CAM0049,Webinar Campaign 049,Webinar,Sent,False,2025-10-31,True,True,C00118
CM005053,L00149,Lead,CAM0047,Advertisement Campaign 047,Advertisement,Sent,False,2025-07-09,True,True,L00149
CM005054,L00222,Lead,CAM0047,Advertisement Campaign 047,Advertisement,Sent,False,2025-07-09,True,True,L00222
CM005055,L00341,Lead,CAM0047,Advertisement Campaign 047,Advertisement,Sent,False,2025-07-09,True,True,C00059
CM005056,L00501,Lead,CAM0047,Advertisement Campaign 047,Advertisement,Sent,False,2025-07-09,True,True,C00118
CM005057,C00059,Contact,CAM0047,Advertisement Campaign 047,Advertisement,Sent,False,2025-07-09,True,True,C00059
CM005058,C00118,Contact,CAM0047,Advertisement Campaign 047,Advertisement,Sent,False,2025-07-09,True,True,C00118
CM005059,L00014,Lead,CAM0056,Webinar Campaign 056,Webinar,Attended,True,2026-04-30,False,True,L00014
CM005060,L00249,Lead,CAM0056,Webinar Campaign 056,Webinar,Attended,True,2026-04-30,False,True,L00249
CM005061,C00008,Contact,CAM0056,Webinar Campaign 056,Webinar,Attended,True,2026-04-30,False,True,C00008
CM005062,C00218,Contact,CAM0056,Webinar Campaign 056,Webinar,Attended,True,2026-04-30,False,False,C00218
CM005063,C00260,Contact,CAM0056,Webinar Campaign 056,Webinar,Attended,True,2026-04-30,False,True,C00260
CM005064,C00262,Contact,CAM0056,Webinar Campaign 056,Webinar,Attended,True,2026-04-30,False,True,C00262
CM005065,L00014,Lead,CAM0022,Event Campaign 022,Event,Attended,True,2024-05-05,False,True,L00014
CM005066,L00249,Lead,CAM0022,Event Campaign 022,Event,Attended,True,2024-05-05,False,True,L00249
CM005067,C00008,Contact,CAM0022,Event Campaign 022,Event,Attended,True,2024-05-05,False,False,C00008
CM005068,C00218,Contact,CAM0022,Event Campaign 022,Event,Attended,True,2024-05-05,False,True,C00218
CM005069,C00260,Contact,CAM0022,Event Campaign 022,Event,Attended,True,2024-05-05,False,True,C00260
CM005070,C00262,Contact,CAM0022,Event Campaign 022,Event,Attended,True,2024-05-05,False,True,C00262
CM005071,L00493,Lead,CAM0053,Email Campaign 053,Email,Responded,True,2025-05-12,False,True,C00335
CM005072,C00093,Contact,CAM0053,Email Campaign 053,Email,Responded,True,2025-05-12,False,True,C00093
CM005073,C00335,Contact,CAM0053,Email Campaign 053,Email,Responded,True,2025-05-12,False,True,C00335
CM005074,C00336,Contact,CAM0053,Email Campaign 053,Email,Responded,True,2025-05-12,False,False,C00336
CM005075,L00493,Lead,CAM0046,Webinar Campaign 046,Webinar,Attended,True,2026-01-23,False,True,C00335
CM005076,C00093,Contact,CAM0046,Webinar Campaign 046,Webinar,Attended,True,2026-01-23,False,True,C00093
CM005077,C00335,Contact,CAM0046,Webinar Campaign 046,Webinar,Attended,True,2026-01-23,False,True,C00335
CM005078,C00336,Contact,CAM0046,Webinar Campaign 046,Webinar,Attended,True,2026-01-23,False,True,C00336
CM005079,L00493,Lead,CAM0028,Telemarketing Campaign 028,Telemarketing,Sent,False,2024-12-22,False,True,C00335
CM005080,C00093,Contact,CAM0028,Telemarketing Campaign 028,Telemarketing,Sent,False,2024-12-22,False,True,C00093
CM005081,C00335,Contact,CAM0028,Telemarketing Campaign 028,Telemarketing,Sent,False,2024-12-22,False,True,C00335
CM005082,C00336,Contact,CAM0028,Telemarketing Campaign 028,Telemarketing,Sent,False,2024-12-22,False,True,C00336
CM005083,L00263,Lead,CAM0047,Advertisement Campaign 047,Advertisement,Sent,False,2025-06-16,False,True,L00263
CM005084,L00266,Lead,CAM0047,Advertisement Campaign 047,Advertisement,Sent,False,2025-06-16,False,True,L00266
CM005085,L00374,Lead,CAM0047,Advertisement Campaign 047,Advertisement,Sent,False,2025-06-16,False,True,L00374
CM005086,L00519,Lead,CAM0047,Advertisement Campaign 047,Advertisement,Sent,False,2025-06-16,False,False,C00388
CM005087,L00527,Lead,CAM0047,Advertisement Campaign 047,Advertisement,Sent,False,2025-06-16,False,True,C00245
CM005088,C00245,Contact,CAM0047,Advertisement Campaign 047,Advertisement,Sent,False,2025-06-16,False,True,C00245
CM005089,C00309,Contact,CAM0047,Advertisement Campaign 047,Advertisement,Sent,False,2025-06-16,False,True,C00309
CM005090,C00388,Contact,CAM0047,Advertisement Campaign 047,Advertisement,Sent,False,2025-06-16,False,False,C00388
CM005091,L00263,Lead,CAM0028,Telemarketing Campaign 028,Telemarketing,Sent,False,2024-12-20,False,True,L00263
CM005092,L00266,Lead,CAM0028,Telemarketing Campaign 028,Telemarketing,Sent,False,2024-12-20,False,True,L00266
CM005093,L00374,Lead,CAM0028,Telemarketing Campaign 028,Telemarketing,Sent,False,2024-12-20,False,True,L00374
CM005094,L00519,Lead,CAM0028,Telemarketing Campaign 028,Telemarketing,Sent,False,2024-12-20,False,True,C00388
CM005095,L00527,Lead,CAM0028,Telemarketing Campaign 028,Telemarketing,Sent,False,2024-12-20,False,False,C00245
CM005096,C00245,Contact,CAM0028,Telemarketing Campaign 028,Telemarketing,Sent,False,2024-12-20,False,True,C00245
CM005097,C00309,Contact,CAM0028,Telemarketing Campaign 028,Telemarketing,Sent,False,2024-12-20,False,True,C00309
CM005098,C00388,Contact,CAM0028,Telemarketing Campaign 028,Telemarketing,Sent,False,2024-12-20,False,False,C00388
CM005099,L00263,Lead,CAM0023,Webinar Campaign 023,Webinar,Registered,True,2024-04-25,False,True,L00263
CM005100,L00266,Lead,CAM0023,Webinar Campaign 023,Webinar,Registered,True,2024-04-25,False,True,L00266
CM005101,L00374,Lead,CAM0023,Webinar Campaign 023,Webinar,Registered,True,2024-04-25,False,True,L00374
CM005102,L00519,Lead,CAM0023,Webinar Campaign 023,Webinar,Registered,True,2024-04-25,False,True,C00388
CM005103,L00527,Lead,CAM0023,Webinar Campaign 023,Webinar,Registered,True,2024-04-25,False,True,C00245
CM005104,C00245,Contact,CAM0023,Webinar Campaign 023,Webinar,Registered,True,2024-04-25,False,True,C00245
CM005105,C00309,Contact,CAM0023,Webinar Campaign 023,Webinar,Registered,True,2024-04-25,False,True,C00309
CM005106,C00388,Contact,CAM0023,Webinar Campaign 023,Webinar,Registered,True,2024-04-25,False,False,C00388
CM005107,L00149,Lead,CAM0030,Event Campaign 030,Event,Sent,False,2023-09-12,True,True,L00149
CM005108,L00222,Lead,CAM0030,Event Campaign 030,Event,Sent,False,2023-09-12,True,True,L00222
CM005109,L00341,Lead,CAM0030,Event Campaign 030,Event,Sent,False,2023-09-12,True,True,C00059
CM005110,L00515,Lead,CAM0030,Event Campaign 030,Event,Sent,False,2023-09-12,True,True,L00515
CM005111,C00059,Contact,CAM0030,Event Campaign 030,Event,Sent,False,2023-09-12,True,True,C00059
CM005112,C00118,Contact,CAM0030,Event Campaign 030,Event,Sent,False,2023-09-12,True,True,C00118
CM005113,L00149,Lead,CAM0030,Event Campaign 030,Event,Sent,False,2023-09-21,True,True,L00149
CM005114,L00222,Lead,CAM0030,Event Campaign 030,Event,Sent,False,2023-09-21,True,True,L00222
CM005115,L00341,Lead,CAM0030,Event Campaign 030,Event,Sent,False,2023-09-21,True,True,C00059
CM005116,L00515,Lead,CAM0030,Event Campaign 030,Event,Sent,False,2023-09-21,True,True,L00515
CM005117,C00059,Contact,CAM0030,Event Campaign 030,Event,Sent,False,2023-09-21,True,True,C00059
CM005118,C00118,Contact,CAM0030,Event Campaign 030,Event,Sent,False,2023-09-21,True,True,C00118
CM005119,L00149,Lead,CAM0029,Webinar Campaign 029,Webinar,Sent,False,2024-01-28,True,True,L00149
CM005120,L00222,Lead,CAM0029,Webinar Campaign 029,Webinar,Sent,False,2024-01-28,True,True,L00222
CM005121,L00341,Lead,CAM0029,Webinar Campaign 029,Webinar,Sent,False,2024-01-28,True,True,C00059
CM005122,L00515,Lead,CAM0029,Webinar Campaign 029,Webinar,Sent,False,2024-01-28,True,True,L00515
CM005123,C00059,Contact,CAM0029,Webinar Campaign 029,Webinar,Sent,False,2024-01-28,True,True,C00059
CM005124,C00118,Contact,CAM0029,Webinar Campaign 029,Webinar,Sent,False,2024-01-28,True,True,C00118
CM005125,L00149,Lead,CAM0039,Advertisement Campaign 039,Advertisement,Clicked,True,2025-01-06,False,False,L00149
CM005126,L00222,Lead,CAM0039,Advertisement Campaign 039,Advertisement,Clicked,True,2025-01-06,False,True,L00222
CM005127,L00341,Lead,CAM0039,Advertisement Campaign 039,Advertisement,Clicked,True,2025-01-06,False,True,C00059
CM005128,L00515,Lead,CAM0039,Advertisement Campaign 039,Advertisement,Clicked,True,2025-01-06,False,True,L00515
CM005129,C00059,Contact,CAM0039,Advertisement Campaign 039,Advertisement,Clicked,True,2025-01-06,False,True,C00059
CM005130,C00118,Contact,CAM0039,Advertisement Campaign 039,Advertisement,Clicked,True,2025-01-06,False,False,C00118
CM005131,L00149,Lead,CAM0013,Content Syndication Campaign 013,Content Syndication,Sent,False,2023-05-17,True,False,L00149
CM005132,L00222,Lead,CAM0013,Content Syndication Campaign 013,Content Syndication,Sent,False,2023-05-17,True,True,L00222
CM005133,L00341,Lead,CAM0013,Content Syndication Campaign 013,Content Syndication,Sent,False,2023-05-17,True,True,C00059
CM005134,L00515,Lead,CAM0013,Content Syndication Campaign 013,Content Syndication,Sent,False,2023-05-17,True,False,L00515
CM005135,C00059,Contact,CAM0013,Content Syndication Campaign 013,Content Syndication,Sent,False,2023-05-17,True,True,C00059
CM005136,C00118,Contact,CAM0013,Content Syndication Campaign 013,Content Syndication,Sent,False,2023-05-17,True,True,C00118
CM005137,L00149,Lead,CAM0052,Advertisement Campaign 052,Advertisement,Sent,False,2025-04-23,True,True,L00149
CM005138,L00222,Lead,CAM0052,Advertisement Campaign 052,Advertisement,Sent,False,2025-04-23,True,True,L00222
CM005139,L00341,Lead,CAM0052,Advertisement Campaign 052,Advertisement,Sent,False,2025-04-23,True,True,C00059
CM005140,L00515,Lead,CAM0052,Advertisement Campaign 052,Advertisement,Sent,False,2025-04-23,True,True,L00515
CM005141,C00059,Contact,CAM0052,Advertisement Campaign 052,Advertisement,Sent,False,2025-04-23,True,True,C00059
CM005142,C00118,Contact,CAM0052,Advertisement Campaign 052,Advertisement,Sent,False,2025-04-23,True,True,C00118
CM005143,L00149,Lead,CAM0051,Webinar Campaign 051,Webinar,Sent,False,2025-03-06,True,True,L00149
CM005144,L00222,Lead,CAM0051,Webinar Campaign 051,Webinar,Sent,False,2025-03-06,True,True,L00222
CM005145,L00341,Lead,CAM0051,Webinar Campaign 051,Webinar,Sent,False,2025-03-06,True,True,C00059
CM005146,L00515,Lead,CAM0051,Webinar Campaign 051,Webinar,Sent,False,2025-03-06,True,True,L00515
CM005147,C00059,Contact,CAM0051,Webinar Campaign 051,Webinar,Sent,False,2025-03-06,True,True,C00059
CM005148,C00118,Contact,CAM0051,Webinar Campaign 051,Webinar,Sent,False,2025-03-06,True,True,C00118
CM005149,L00149,Lead,CAM0028,Telemarketing Campaign 028,Telemarketing,Sent,False,2024-12-22,True,True,L00149
CM005150,L00222,Lead,CAM0028,Telemarketing Campaign 028,Telemarketing,Sent,False,2024-12-22,True,False,L00222
CM005151,L00341,Lead,CAM0028,Telemarketing Campaign 028,Telemarketing,Sent,False,2024-12-22,True,True,C00059
CM005152,L00515,Lead,CAM0028,Telemarketing Campaign 028,Telemarketing,Sent,False,2024-12-22,True,True,L00515
CM005153,C00059,Contact,CAM0028,Telemarketing Campaign 028,Telemarketing,Sent,False,2024-12-22,True,True,C00059
CM005154,C00118,Contact,CAM0028,Telemarketing Campaign 028,Telemarketing,Sent,False,2024-12-22,True,True,C00118
CM005155,L00149,Lead,CAM0055,Advertisement Campaign 055,Advertisement,Sent,False,2025-09-21,True,True,L00149
CM005156,L00222,Lead,CAM0055,Advertisement Campaign 055,Advertisement,Sent,False,2025-09-21,True,True,L00222
CM005157,L00341,Lead,CAM0055,Advertisement Campaign 055,Advertisement,Sent,False,2025-09-21,True,True,C00059
CM005158,L00515,Lead,CAM0055,Advertisement Campaign 055,Advertisement,Sent,False,2025-09-21,True,True,L00515
CM005159,C00059,Contact,CAM0055,Advertisement Campaign 055,Advertisement,Sent,False,2025-09-21,True,True,C00059
CM005160,C00118,Contact,CAM0055,Advertisement Campaign 055,Advertisement,Sent,False,2025-09-21,True,True,C00118
CM005161,L00149,Lead,CAM0017,Content Syndication Campaign 017,Content Syndication,Sent,False,2023-11-24,True,True,L00149
CM005162,L00222,Lead,CAM0017,Content Syndication Campaign 017,Content Syndication,Sent,False,2023-11-24,True,True,L00222
CM005163,L00341,Lead,CAM0017,Content Syndication Campaign 017,Content Syndication,Sent,False,2023-11-24,True,True,C00059
CM005164,L00515,Lead,CAM0017,Content Syndication Campaign 017,Content Syndication,Sent,False,2023-11-24,True,True,L00515
CM005165,C00059,Contact,CAM0017,Content Syndication Campaign 017,Content Syndication,Sent,False,2023-11-24,True,False,C00059
CM005166,C00118,Contact,CAM0017,Content Syndication Campaign 017,Content Syndication,Sent,False,2023-11-24,True,True,C00118
CM005167,L00149,Lead,CAM0013,Content Syndication Campaign 013,Content Syndication,Sent,False,2023-05-11,True,True,L00149
CM005168,L00222,Lead,CAM0013,Content Syndication Campaign 013,Content Syndication,Sent,False,2023-05-11,True,False,L00222
CM005169,L00341,Lead,CAM0013,Content Syndication Campaign 013,Content Syndication,Sent,False,2023-05-11,True,True,C00059
CM005170,L00515,Lead,CAM0013,Content Syndication Campaign 013,Content Syndication,Sent,False,2023-05-11,True,True,L00515
CM005171,C00059,Contact,CAM0013,Content Syndication Campaign 013,Content Syndication,Sent,False,2023-05-11,True,True,C00059
CM005172,C00118,Contact,CAM0013,Content Syndication Campaign 013,Content Syndication,Sent,False,2023-05-11,True,False,C00118
CM005173,L00149,Lead,CAM0017,Content Syndication Campaign 017,Content Syndication,Clicked,True,2023-10-31,False,True,L00149
CM005174,L00222,Lead,CAM0017,Content Syndication Campaign 017,Content Syndication,Clicked,True,2023-10-31,False,False,L00222
CM005175,L00341,Lead,CAM0017,Content Syndication Campaign 017,Content Syndication,Clicked,True,2023-10-31,False,True,C00059
CM005176,L00515,Lead,CAM0017,Content Syndication Campaign 017,Content Syndication,Clicked,True,2023-10-31,False,True,L00515
CM005177,C00059,Contact,CAM0017,Content Syndication Campaign 017,Content Syndication,Clicked,True,2023-10-31,False,True,C00059
CM005178,C00118,Contact,CAM0017,Content Syndication Campaign 017,Content Syndication,Clicked,True,2023-10-31,False,True,C00118
CM005179,L00149,Lead,CAM0047,Advertisement Campaign 047,Advertisement,Sent,False,2025-07-08,True,True,L00149
CM005180,L00222,Lead,CAM0047,Advertisement Campaign 047,Advertisement,Sent,False,2025-07-08,True,True,L00222
CM005181,L00341,Lead,CAM0047,Advertisement Campaign 047,Advertisement,Sent,False,2025-07-08,True,True,C00059
CM005182,L00515,Lead,CAM0047,Advertisement Campaign 047,Advertisement,Sent,False,2025-07-08,True,True,L00515
CM005183,C00059,Contact,CAM0047,Advertisement Campaign 047,Advertisement,Sent,False,2025-07-08,True,True,C00059
CM005184,C00118,Contact,CAM0047,Advertisement Campaign 047,Advertisement,Sent,False,2025-07-08,True,True,C00118
CM005185,L00014,Lead,CAM0056,,Webinar,Attended,,2026-04-18,False,,L00014
CM005186,L00014,Lead,CAM0057,,Event,Attended,,2026-05-09,False,,L00014
CM005187,L00014,Lead,CAM0058,,Webinar,Attended,,2026-05-11,False,,L00014
CM005188,L00014,Lead,CAM0059,,Content Syndication,Clicked,,2026-04-19,False,,L00014
CM005189,L00014,Lead,CAM0060,,Event,Attended,,2026-04-21,False,,L00014
CM005190,C00002,Contact,CAM0056,,Webinar,Attended,,2026-04-15,False,,C00002
CM005191,C00002,Contact,CAM0057,,Event,Attended,,2026-05-05,False,,C00002
CM005192,C00002,Contact,CAM0058,,Webinar,Attended,,2026-05-05,False,,C00002
CM005193,C00002,Contact,CAM0059,,Content Syndication,Clicked,,2026-04-15,False,,C00002
